{
    "N": 50000,
    "arms": [
        0.5312831389183457,
        0.4305408271474019,
        0.3647932131495228,
        0.3404029692470838,
        0.3117709437963945,
        0.2799575821845175,
        0.2788971367974549,
        0.2704135737009544,
        0.24602332979851538,
        0.24602332979851538
    ],
    "boltzmann": {
        "it-43": {
            "args": {
                "alpha_seed": 261,
                "random_arm_seed": 586,
                "reward_seed": 43,
                "sigma_seed": 585,
                "tau": 0.06
            },
            "gen-distributed": {
                "reward": 24971,
                "time": 9.096714938990772,
                "time_by_components": {
                    "R0": 0.861382425762713,
                    "R1": 0.534319490659982,
                    "R2": 0.48970638308674097,
                    "R3": 0.48180731385946274,
                    "R4": 0.4773446684703231,
                    "R5": 0.48070037737488747,
                    "R6": 0.47718632128089666,
                    "R7": 0.4811746017076075,
                    "R8": 0.47307666577398777,
                    "R9": 0.4717037407681346,
                    "as": 2.169545221142471,
                    "comp": 0.784869471564889,
                    "dc": 0
                }
            },
            "gen-secure": {
                "reward": 24971,
                "time": 49.48213701462373,
                "time_by_components": {
                    "R0": 3.2308119372464716,
                    "R1": 2.719047595281154,
                    "R2": 2.602155555970967,
                    "R3": 2.5570246526040137,
                    "R4": 2.513451898470521,
                    "R5": 2.515714345499873,
                    "R6": 2.536133585497737,
                    "R7": 2.4990249061957,
                    "R8": 2.5045648445375264,
                    "R9": 2.4944415972568095,
                    "as": 2.605186867993325,
                    "comp": 19.3623522487469,
                    "dc": 0.033084961120039225
                }
            },
            "std": {
                "reward": 24971,
                "time": 3.2929930686950684
            }
        }
    },
    "e-greedy": {
        "it-43": {
            "args": {
                "alpha_seed": 679,
                "epsilon": 0.1,
                "epsilon_seed": 50,
                "random_arm_seed": 399,
                "reward_seed": 43,
                "sigma_seed": 674
            },
            "gen-distributed": {
                "reward": 25434,
                "time": 8.180068735964596,
                "time_by_components": {
                    "R0": 0.8228764100931585,
                    "R1": 0.43472811952233315,
                    "R2": 0.4172429037280381,
                    "R3": 0.41597669618204236,
                    "R4": 0.41535501135513186,
                    "R5": 0.4154886556789279,
                    "R6": 0.416450135409832,
                    "R7": 0.4165234751999378,
                    "R8": 0.4152737697586417,
                    "R9": 0.41615888150408864,
                    "as": 2.1222655726596713,
                    "comp": 0.2045173291116953,
                    "dc": 0
                }
            },
            "gen-secure": {
                "reward": 25434,
                "time": 45.83677074080333,
                "time_by_components": {
                    "R0": 2.9961555483751,
                    "R1": 2.4483168073929846,
                    "R2": 2.363744229078293,
                    "R3": 2.344607336912304,
                    "R4": 2.3138497439213097,
                    "R5": 2.3137818318791687,
                    "R6": 2.3056963025592268,
                    "R7": 2.301742280833423,
                    "R8": 2.2970527298748493,
                    "R9": 2.2946078036911786,
                    "as": 2.5391528657637537,
                    "comp": 17.614548542071134,
                    "dc": 0.031454456970095634
                }
            },
            "std": {
                "reward": 25434,
                "time": 3.060175657272339
            }
        }
    },
    "e-greedy-decreasing": {
        "it-43": {
            "args": {
                "alpha_seed": 581,
                "epsilon_seed": 261,
                "random_arm_seed": 586,
                "reward_seed": 43,
                "sigma_seed": 773
            },
            "gen-distributed": {
                "reward": 25879,
                "time": 7.534216942731291,
                "time_by_components": {
                    "R0": 0.7750940737314522,
                    "R1": 0.4007045845501125,
                    "R2": 0.3876230539754033,
                    "R3": 0.3873816388659179,
                    "R4": 0.38646015292033553,
                    "R5": 0.3863279945217073,
                    "R6": 0.3869096618145704,
                    "R7": 0.38814904261380434,
                    "R8": 0.387064216658473,
                    "R9": 0.38585283420979977,
                    "as": 1.91902561718598,
                    "comp": 0.17347897728905082,
                    "dc": 0
                }
            },
            "gen-secure": {
                "reward": 25879,
                "time": 47.395189139992,
                "time_by_components": {
                    "R0": 3.1458324040286243,
                    "R1": 2.5326390312984586,
                    "R2": 2.4482502164319158,
                    "R3": 2.418919407762587,
                    "R4": 2.3946846975013614,
                    "R5": 2.3921163794584572,
                    "R6": 2.387081258930266,
                    "R7": 2.3733192975632846,
                    "R8": 2.3699291604571044,
                    "R9": 2.37957768375054,
                    "as": 2.572392299771309,
                    "comp": 18.18239186843857,
                    "dc": 0.03329224465414882
                }
            },
            "std": {
                "reward": 25879,
                "time": 2.727598190307617
            }
        }
    },
    "nb_iterations": 50,
    "pursuit": {
        "it-43": {
            "args": {
                "alpha_seed": 261,
                "beta": 0.1,
                "random_arm_seed": 586,
                "reward_seed": 43,
                "sigma_seed": 773
            },
            "gen-distributed": {
                "reward": 26686,
                "time": 16.710958587005734,
                "time_by_components": {
                    "R0": 1.4546954152174294,
                    "R1": 0.951392789836973,
                    "R2": 0.9375399276614189,
                    "R3": 0.9319097679108381,
                    "R4": 0.9303512624464929,
                    "R5": 0.9323720135726035,
                    "R6": 0.9338066698983312,
                    "R7": 0.9304348221048713,
                    "R8": 0.9309563534334302,
                    "R9": 0.9313550530932844,
                    "as": 4.244240537285805,
                    "comp": 0.874992364551872,
                    "dc": 0
                }
            },
            "gen-secure": {
                "reward": 26686,
                "time": 95.60104894684628,
                "time_by_components": {
                    "R0": 5.953965629450977,
                    "R1": 5.2210234720259905,
                    "R2": 5.0346411392092705,
                    "R3": 4.95329868234694,
                    "R4": 4.9285510503686965,
                    "R5": 4.901374804787338,
                    "R6": 4.856092276517302,
                    "R7": 4.8804361005313694,
                    "R8": 4.837153415661305,
                    "R9": 4.862124751321971,
                    "as": 5.080813032574952,
                    "comp": 37.55553983617574,
                    "dc": 0.03330125520005822
                }
            },
            "std": {
                "reward": 26686,