{
    "N": 100000,
    "arms": [
        0.5312831389183457,
        0.4305408271474019,
        0.3647932131495228,
        0.3404029692470838,
        0.3117709437963945,
        0.2799575821845175,
        0.2788971367974549,
        0.2704135737009544,
        0.24602332979851538,
        0.24602332979851538,
        0.23966065747614,
        0.23860021208907742,
        0.23223753976670203,
        0.22375397667020147,
        0.21208907741251326,
        0.19936373276776245,
        0.17709437963944857,
        0.17709437963944857,
        0.17179215270413573,
        0.16861081654294804
    ],
    "boltzmann": {
        "it-28": {
            "args": {
                "alpha_seed": 542,
                "random_arm_seed": 486,
                "reward_seed": 28,
                "sigma_seed": 442,
                "tau": 0.06
            },
            "gen-distributed": {
                "reward": 48249,
                "time": 30.073811365291476,
                "time_by_components": {
                    "R0": 1.6820334140211344,
                    "R1": 1.0869222963228822,
                    "R10": 0.9501503733918071,
                    "R11": 0.9460212136618793,
                    "R12": 0.944035611115396,
                    "R13": 0.946824699640274,
                    "R14": 0.9480879595503211,
                    "R15": 0.9428471312858164,
                    "R16": 0.9448652761057019,
                    "R17": 0.9435569480992854,
                    "R18": 0.9448640262708068,
                    "R19": 0.9442501608282328,
                    "R2": 1.0027363575063646,
                    "R3": 0.973823725245893,
                    "R4": 0.9570150570943952,
                    "R5": 0.963503239210695,
                    "R6": 0.9489448070526123,
                    "R7": 0.9585642199963331,
                    "R8": 0.9465639311820269,
                    "R9": 0.9524972825311124,
                    "as": 5.256800995673984,
                    "comp": 1.7165183769538999,
                    "dc": 0
                }
            },
            "gen-secure": {
                "reward": 48249,
                "time": 184.06906498316675,
                "time_by_components": {
                    "R0": 6.403975352179259,
                    "R1": 5.342134579550475,
                    "R10": 4.859510655049235,
                    "R11": 4.82158977817744,
                    "R12": 4.821844650898129,
                    "R13": 4.824603734072298,
                    "R14": 4.816021698527038,
                    "R15": 4.8180070971138775,
                    "R16": 4.824657762423158,
                    "R17": 4.832416733261198,
                    "R18": 4.813974364195019,
                    "R19": 4.80269392253831,
                    "R2": 5.089298798702657,
                    "R3": 5.020681366790086,
                    "R4": 4.931541888043284,
                    "R5": 4.90695952065289,
                    "R6": 4.884899927303195,
                    "R7": 4.8673726306296885,
                    "R8": 4.847424493171275,
                    "R9": 4.9340714402496815,
                    "as": 6.297985820565373,
                    "comp": 73.75738285342231,
                    "dc": 0.03313905792310834
                }
            },
            "std": {
                "reward": 48249,
                "time": 7.782796144485474
            }
        }
    },
    "e-greedy": {
        "it-28": {
            "args": {
                "alpha_seed": 534,
                "epsilon": 0.1,
                "epsilon_seed": 512,
                "random_arm_seed": 186,
                "reward_seed": 28,
                "sigma_seed": 668
            },
            "gen-distributed": {
                "reward": 50300,
                "time": 26.172338192816824,
                "time_by_components": {
                    "R0": 1.6397253526374698,
                    "R1": 0.8319742134772241,
                    "R10": 0.8111938028596342,
                    "R11": 0.8098757257685065,
                    "R12": 0.8090757899917662,
                    "R13": 0.8102659722790122,
                    "R14": 0.8104561753571033,
                    "R15": 0.8102984568104148,
                    "R16": 0.8151587485335767,
                    "R17": 0.8116653771139681,
                    "R18": 0.8093116153031588,
                    "R19": 0.8089216630905867,
                    "R2": 0.8239833144471049,
                    "R3": 0.8133157300762832,
                    "R4": 0.8139988542534411,
                    "R5": 0.8135283389128745,
                    "R6": 0.8114891913719475,
                    "R7": 0.8115965714678168,
                    "R8": 0.8125477563589811,
                    "R9": 0.8130833967588842,
                    "as": 4.982253023888916,
                    "comp": 0.4902275721542537,
                    "dc": 0
                }
            },
            "gen-secure": {
                "reward": 50300,
                "time": 172.58116189623252,
                "time_by_components": {
                    "R0": 6.10397679079324,
                    "R1": 4.854639576282352,
                    "R10": 4.4981150375679135,
                    "R11": 4.492686554323882,
                    "R12": 4.487423856277019,
                    "R13": 4.485663207713515,
                    "R14": 4.485962640494108,
                    "R15": 4.4882824793457985,
                    "R16": 4.477242782246321,
                    "R17": 4.4748293263837695,
                    "R18": 4.5233643925748765,
                    "R19": 4.4882040289230645,
                    "R2": 4.747708845883608,
                    "R3": 4.6234858012758195,
                    "R4": 4.547814927063882,
                    "R5": 4.594032533932477,
                    "R6": 4.527282211463898,
                    "R7": 4.531576099339873,
                    "R8": 4.570608625654131,
                    "R9": 4.503036623355001,
                    "as": 6.11974907759577,
                    "comp": 68.75776059506461,
                    "dc": 0.03328012116253376
                }
            },
            "std": {
                "reward": 50300,
                "time": 7.071377992630005
            }
        }
    },
    "e-greedy-decreasing": {
        "it-28": {
            "args": {
                "alpha_seed": 465,
                "epsilon_seed": 542,
                "random_arm_seed": 486,
                "reward_seed": 28,
                "sigma_seed": 554
            },
            "gen-distributed": {
                "reward": 51501,
                "time": 27.54504369897768,
                "time_by_components": {
                    "R0": 1.7500548493117094,
                    "R1": 0.872623706702143,
                    "R10": 0.8609427674673498,
                    "R11": 0.85879883216694,
                    "R12": 0.8572394051589072,
                    "R13": 0.858605407178402,
                    "R14": 0.8572889403440058,
                    "R15": 0.8582674339413643,
                    "R16": 0.8560847449116409,
                    "R17": 0.858015083707869,
                    "R18": 0.8566876463592052,
                    "R19": 0.8552840305492282,
                    "R2": 0.8629036536440253,
                    "R3": 0.8595560258254409,
                    "R4": 0.8588738013058901,
                    "R5": 0.8640354862436652,
                    "R6": 0.8622540608048439,
                    "R7": 0.8584447805769742,
                    "R8": 0.8593121287412941,
                    "R9": 0.8601436484605074,
                    "as": 5.141860589850694,
                    "comp": 0.475278346799314,
                    "dc": 0
                }
            },
            "gen-secure": {
                "reward": 51501,
                "time": 174.42468303488567,
                "time_by_components": {
                    "R0": 6.207375310361385,