{
    "N": 90000,
    "arms": [
        0.5312831389183457,
        0.4305408271474019,
        0.3647932131495228,
        0.3404029692470838,
        0.3117709437963945,
        0.2799575821845175,
        0.2788971367974549,
        0.2704135737009544,
        0.24602332979851538,
        0.24602332979851538
    ],
    "boltzmann": {
        "it-6": {
            "args": {
                "alpha_seed": 223,
                "random_arm_seed": 300,
                "reward_seed": 6,
                "sigma_seed": 881,
                "tau": 0.06
            },
            "gen-distributed": {
                "reward": 45322,
                "time": 16.39760325010866,
                "time_by_components": {
                    "R0": 1.5768354535102844,
                    "R1": 0.9927749959751964,
                    "R2": 0.8574239751324058,
                    "R3": 0.8715959098190069,
                    "R4": 0.8555760402232409,
                    "R5": 0.851090619340539,
                    "R6": 0.858623631298542,
                    "R7": 0.8627659692429006,
                    "R8": 0.8499407060444355,
                    "R9": 0.85580218071118,
                    "as": 3.9087138241156936,
                    "comp": 1.4177263197489083,
                    "dc": 0
                }
            },
            "gen-secure": {
                "reward": 45322,
                "time": 87.57813462801278,
                "time_by_components": {
                    "R0": 5.680080230347812,
                    "R1": 4.790131244342774,
                    "R2": 4.5368737038224936,
                    "R3": 4.484995529986918,
                    "R4": 4.415128565393388,
                    "R5": 4.40513725252822,
                    "R6": 4.399361136369407,
                    "R7": 4.4029511525295675,
                    "R8": 4.38486689934507,
                    "R9": 4.367433223407716,
                    "as": 4.584915046580136,
                    "comp": 34.66004313342273,
                    "dc": 0.03316008532419801
                }
            },
            "std": {
                "reward": 45322,
                "time": 5.940790414810181
            }
        }
    },
    "e-greedy": {
        "it-6": {
            "args": {
                "alpha_seed": 389,
                "epsilon": 0.1,
                "epsilon_seed": 71,
                "random_arm_seed": 924,
                "reward_seed": 6,
                "sigma_seed": 401
            },
            "gen-distributed": {
                "reward": 45854,
                "time": 14.489470160100609,
                "time_by_components": {
                    "R0": 1.486303678713739,
                    "R1": 0.7726051560603082,
                    "R2": 0.7449351618997753,
                    "R3": 0.7416044119745493,
                    "R4": 0.744477859698236,
                    "R5": 0.7434988762252033,
                    "R6": 0.7423186176456511,
                    "R7": 0.7422620728611946,
                    "R8": 0.7456010244786739,
                    "R9": 0.7427155282348394,
                    "as": 3.7173623819835484,
                    "comp": 0.3543320279568434,
                    "dc": 0
                }
            },
            "gen-secure": {
                "reward": 45854,
                "time": 80.06861135130748,
                "time_by_components": {
                    "R0": 5.23143171845004,
                    "R1": 4.245573909487575,
                    "R2": 4.099287338089198,
                    "R3": 4.049972083419561,
                    "R4": 4.003906897734851,
                    "R5": 3.9947052323259413,
                    "R6": 3.9892218858003616,
                    "R7": 3.994493495672941,
                    "R8": 3.9804160706698895,
                    "R9": 3.973098668269813,
                    "as": 4.361793539952487,
                    "comp": 31.105449113529176,
                    "dc": 0.030124023091048002
                }
            },
            "std": {
                "reward": 45854,
                "time": 5.461323499679565
            }
        }
    },
    "e-greedy-decreasing": {
        "it-6": {
            "args": {
                "alpha_seed": 389,
                "epsilon_seed": 71,
                "random_arm_seed": 924,
                "reward_seed": 6,
                "sigma_seed": 401
            },
            "gen-distributed": {
                "reward": 46669,
                "time": 14.940958519931883,
                "time_by_components": {
                    "R0": 1.556061771698296,
                    "R1": 0.7751772725023329,
                    "R2": 0.7671910184435546,
                    "R3": 0.7656062738969922,
                    "R4": 0.7667576689273119,
                    "R5": 0.7678151032887399,
                    "R6": 0.766357853077352,
                    "R7": 0.766812645830214,
                    "R8": 0.76495043002069,
                    "R9": 0.7657005623914301,
                    "as": 3.824290250428021,
                    "comp": 0.3406155174598098,
                    "dc": 0
                }
            },
            "gen-secure": {
                "reward": 46669,
                "time": 83.35837234091014,
                "time_by_components": {
                    "R0": 5.499384286813438,
                    "R1": 4.430081650149077,
                    "R2": 4.2928948742337525,
                    "R3": 4.241356410551816,
                    "R4": 4.190462908241898,
                    "R5": 4.178779278881848,
                    "R6": 4.184605323243886,
                    "R7": 4.181812707800418,
                    "R8": 4.161273933947086,
                    "R9": 4.178700416348875,
                    "as": 4.524557297118008,
                    "comp": 32.167594365309924,
                    "dc": 0.03314516507089138
                }
            },
            "std": {
                "reward": 46669,
                "time": 5.434088230133057
            }
        }
    },
    "nb_iterations": 30,
    "pursuit": {
        "it-6": {
            "args": {
                "alpha_seed": 223,
                "beta": 0.1,
                "random_arm_seed": 300,
                "reward_seed": 6,
                "sigma_seed": 434
            },
            "gen-distributed": {
                "reward": 47896,
                "time": 30.448664701078087,
                "time_by_components": {
                    "R0": 2.669536178931594,
                    "R1": 1.7357747917994857,
                    "R2": 1.7077366630546749,
                    "R3": 1.698566862847656,
                    "R4": 1.6921611577272415,
                    "R5": 1.6993843503296375,
                    "R6": 1.6975086848251522,
                    "R7": 1.692889234982431,
                    "R8": 1.6895211888477206,
                    "R9": 1.6887934524565935,
                    "as": 7.749650010839105,
                    "comp": 1.6054270812310278,
                    "dc": 0
                }
            },
            "gen-secure": {
                "reward": 47896,
                "time": 173.03120856778696,
                "time_by_components": {
                    "R0": 10.94349426170811,
                    "R1": 9.419497197959572,
                    "R2": 9.004301588982344,
                    "R3": 8.974911361467093,
                    "R4": 8.827914888970554,
                    "R5": 8.72014014935121,
                    "R6": 8.780861571896821,
                    "R7": 8.788790718652308,
                    "R8": 8.681872508022934,
                    "R9": 8.652052990626544,
                    "as": 9.386625771876425,
                    "comp": 68.09884846536443,
                    "dc": 0.03384470893070102
                }
            },
            "std": {
                "reward": 47896,
                "time": 9.623392820358276
            }
        }
    },