{
    "N": 100000,
    "arms": [
        0.5312831389183457,
        0.4305408271474019,
        0.3647932131495228,
        0.3404029692470838,
        0.3117709437963945,
        0.2799575821845175,
        0.2788971367974549,
        0.2704135737009544,
        0.24602332979851538,
        0.24602332979851538,
        0.23966065747614,
        0.23860021208907742,
        0.23223753976670203,
        0.22375397667020147,
        0.21208907741251326,
        0.19936373276776245,
        0.17709437963944857,
        0.17709437963944857,
        0.17179215270413573,
        0.16861081654294804
    ],
    "boltzmann": {
        "it-41": {
            "args": {
                "alpha_seed": 412,
                "random_arm_seed": 313,
                "reward_seed": 41,
                "sigma_seed": 423,
                "tau": 0.06
            },
            "gen-distributed": {
                "reward": 49327,
                "time": 30.108652430120856,
                "time_by_components": {
                    "R0": 1.7315413989126682,
                    "R1": 1.0900717643089592,
                    "R10": 0.9491967284120619,
                    "R11": 0.9476902317255735,
                    "R12": 0.9422678821720183,
                    "R13": 0.9497986738570035,
                    "R14": 0.9424041146412492,
                    "R15": 0.9480809243395925,
                    "R16": 0.9519610605202615,
                    "R17": 0.945720374584198,
                    "R18": 0.9421337954699993,
                    "R19": 0.9433146538212895,
                    "R2": 0.9657715456560254,
                    "R3": 0.9798260941170156,
                    "R4": 0.9433494196273386,
                    "R5": 0.9568576845340431,
                    "R6": 0.9554160330444574,
                    "R7": 0.9574653771705925,
                    "R8": 0.9554619598202407,
                    "R9": 0.9523566197603941,
                    "as": 5.2478733654133976,
                    "comp": 1.7159159891307354,
                    "dc": 0
                }
            },
            "gen-secure": {
                "reward": 49327,
                "time": 184.9744395799935,
                "time_by_components": {
                    "R0": 6.496269314084202,
                    "R1": 5.385805832687765,
                    "R10": 4.871073802933097,
                    "R11": 4.86738919140771,
                    "R12": 4.856434072833508,
                    "R13": 4.851033853366971,
                    "R14": 4.844664234668016,
                    "R15": 4.855203164275736,
                    "R16": 4.841346850153059,
                    "R17": 4.8416109951213,
                    "R18": 4.837049541994929,
                    "R19": 4.8323774160817266,
                    "R2": 5.103146059438586,
                    "R3": 5.031026201322675,
                    "R4": 4.939950889907777,
                    "R5": 4.927739736158401,
                    "R6": 4.9051151177845895,
                    "R7": 4.892317763995379,
                    "R8": 4.873123965226114,
                    "R9": 4.876143408473581,
                    "as": 6.3428034372627735,
                    "comp": 74.10887777293101,
                    "dc": 0.033238889183849096
                }
            },
            "std": {
                "reward": 49327,
                "time": 7.921960115432739
            }
        }
    },
    "e-greedy": {
        "it-41": {
            "args": {
                "alpha_seed": 433,
                "epsilon": 0.1,
                "epsilon_seed": 552,
                "random_arm_seed": 580,
                "reward_seed": 41,
                "sigma_seed": 890
            },
            "gen-distributed": {
                "reward": 49388,
                "time": 26.861173456069082,
                "time_by_components": {
                    "R0": 1.5845897258259356,
                    "R1": 0.9625700013712049,
                    "R10": 0.8313837759196758,
                    "R11": 0.8309800866991282,
                    "R12": 0.8301055859774351,
                    "R13": 0.8314287718385458,
                    "R14": 0.83031672751531,
                    "R15": 0.8327285028062761,
                    "R16": 0.8308960953727365,
                    "R17": 0.8297870066016912,
                    "R18": 0.8299295203760266,
                    "R19": 0.8303379435092211,
                    "R2": 0.8493388551287353,
                    "R3": 0.8385623954236507,
                    "R4": 0.8329331465065479,
                    "R5": 0.8324981308542192,
                    "R6": 0.8313548909500241,
                    "R7": 0.832283625844866,
                    "R8": 0.830907694529742,
                    "R9": 0.8316309438087046,
                    "as": 5.10317264823243,
                    "comp": 0.503924198448658,
                    "dc": 0
                }
            },
            "gen-secure": {
                "reward": 49388,
                "time": 174.4488316839561,
                "time_by_components": {
                    "R0": 6.116279021836817,
                    "R1": 5.042065926361829,
                    "R10": 4.553164680954069,
                    "R11": 4.560688096564263,
                    "R12": 4.5505689163692296,
                    "R13": 4.538731657899916,
                    "R14": 4.535290921572596,
                    "R15": 4.539664207957685,
                    "R16": 4.531682920176536,
                    "R17": 4.587722834199667,
                    "R18": 4.544463635887951,
                    "R19": 4.52500713756308,
                    "R2": 4.744105466641486,
                    "R3": 4.668380376882851,
                    "R4": 4.607220113277435,
                    "R5": 4.586333493236452,
                    "R6": 4.570844617206603,
                    "R7": 4.562002957798541,
                    "R8": 4.552897144574672,
                    "R9": 4.550320309586823,
                    "as": 6.19517129054293,
                    "comp": 69.52104941010475,
                    "dc": 0.03336552809923887
                }
            },
            "std": {
                "reward": 49388,
                "time": 7.162757396697998
            }
        }
    },
    "e-greedy-decreasing": {
        "it-41": {
            "args": {
                "alpha_seed": 737,
                "epsilon_seed": 412,
                "random_arm_seed": 313,
                "reward_seed": 41,
                "sigma_seed": 11
            },
            "gen-distributed": {
                "reward": 51433,
                "time": 27.58701404510066,
                "time_by_components": {
                    "R0": 1.7517598061822355,
                    "R1": 0.8742781830951571,
                    "R10": 0.8583082733675838,
                    "R11": 0.8579998924396932,
                    "R12": 0.8578121881000698,
                    "R13": 0.8566365600563586,
                    "R14": 0.8576086070388556,
                    "R15": 0.858941565733403,
                    "R16": 0.8584697172045708,
                    "R17": 0.8571702986955643,
                    "R18": 0.858678596559912,
                    "R19": 0.8587437337264419,
                    "R2": 0.861753351520747,
                    "R3": 0.8616109266877174,
                    "R4": 0.8586720949970186,
                    "R5": 0.864959335885942,
                    "R6": 0.8621703628450632,
                    "R7": 0.8608239791356027,
                    "R8": 0.858695799484849,
                    "R9": 0.8663154426030815,
                    "as": 5.150726180523634,
                    "comp": 0.47913947608321905,
                    "dc": 0
                }
            },
            "gen-secure": {
                "reward": 51433,
                "time": 175.9549251422286,
                "time_by_components": {
                    "R0": 6.29632276436314,