{
    "N": 100000,
    "arms": [
        0.5312831389183457,
        0.4305408271474019,
        0.3647932131495228,
        0.3404029692470838,
        0.3117709437963945,
        0.2799575821845175,
        0.2788971367974549,
        0.2704135737009544,
        0.24602332979851538,
        0.24602332979851538
    ],
    "boltzmann": {
        "it-7": {
            "args": {
                "alpha_seed": 316,
                "random_arm_seed": 785,
                "reward_seed": 7,
                "sigma_seed": 861,
                "tau": 0.06
            },
            "gen-distributed": {
                "reward": 50040,
                "time": 18.127668207045645,
                "time_by_components": {
                    "R0": 1.7634022869169712,
                    "R1": 1.0294823423027992,
                    "R2": 0.9636769653297961,
                    "R3": 0.9701005103997886,
                    "R4": 0.9541225391440094,
                    "R5": 0.9615635387599468,
                    "R6": 0.957977257668972,
                    "R7": 0.946725923102349,
                    "R8": 0.9414474996738136,
                    "R9": 0.9472588878124952,
                    "as": 4.326275295112282,
                    "comp": 1.564354301430285,
                    "dc": 0
                }
            },
            "gen-secure": {
                "reward": 50040,
                "time": 98.448616348207,
                "time_by_components": {
                    "R0": 6.413190668914467,
                    "R1": 5.303696131333709,
                    "R2": 5.125665267929435,
                    "R3": 5.055077319033444,
                    "R4": 5.017082393169403,
                    "R5": 4.964220185764134,
                    "R6": 4.949946055188775,
                    "R7": 4.927665050141513,
                    "R8": 4.915547469630837,
                    "R9": 4.906429012306035,
                    "as": 5.213979676365852,
                    "comp": 38.886742995586246,
                    "dc": 0.03320539742708206
                }
            },
            "std": {
                "reward": 50040,
                "time": 6.567528009414673
            }
        }
    },
    "e-greedy": {
        "it-7": {
            "args": {
                "alpha_seed": 72,
                "epsilon": 0.1,
                "epsilon_seed": 765,
                "random_arm_seed": 504,
                "reward_seed": 7,
                "sigma_seed": 572
            },
            "gen-distributed": {
                "reward": 51171,
                "time": 16.47717548115179,
                "time_by_components": {
                    "R0": 1.6933786333538592,
                    "R1": 0.8494992447085679,
                    "R2": 0.8409271519631147,
                    "R3": 0.8433458097279072,
                    "R4": 0.8395897820591927,
                    "R5": 0.8390271402895451,
                    "R6": 0.8384244260378182,
                    "R7": 0.8388186073862016,
                    "R8": 0.8378628180362284,
                    "R9": 0.8390326588414609,
                    "as": 4.289707912132144,
                    "comp": 0.4095060075633228,
                    "dc": 0
                }
            },
            "gen-secure": {
                "reward": 51171,
                "time": 91.61481055803597,
                "time_by_components": {
                    "R0": 5.99728454137221,
                    "R1": 4.820868109352887,
                    "R2": 4.681955872103572,
                    "R3": 4.62844039266929,
                    "R4": 4.58768962835893,
                    "R5": 4.559751148801297,
                    "R6": 4.544156034011394,
                    "R7": 4.537785787135363,
                    "R8": 4.54383349744603,
                    "R9": 4.562275202944875,
                    "as": 5.071160416584462,
                    "comp": 35.596084624063224,
                    "dc": 0.03315742360427976
                }
            },
            "std": {
                "reward": 51171,
                "time": 6.050237655639648
            }
        }
    },
    "e-greedy-decreasing": {
        "it-7": {
            "args": {
                "alpha_seed": 72,
                "epsilon_seed": 765,
                "random_arm_seed": 504,
                "reward_seed": 7,
                "sigma_seed": 572
            },
            "gen-distributed": {
                "reward": 51881,
                "time": 16.636089363135397,
                "time_by_components": {
                    "R0": 1.7344511109404266,
                    "R1": 0.8650145945139229,
                    "R2": 0.856669679749757,
                    "R3": 0.8548510833643377,
                    "R4": 0.8546313922852278,
                    "R5": 0.8562582968734205,
                    "R6": 0.8559998162090778,
                    "R7": 0.8554362170398235,
                    "R8": 0.8554435553960502,
                    "R9": 0.8543301848694682,
                    "as": 4.245842954609543,
                    "comp": 0.3737087841145694,
                    "dc": 0
                }
            },
            "gen-secure": {
                "reward": 51881,
                "time": 92.18579391529784,
                "time_by_components": {
                    "R0": 6.065648658201098,
                    "R1": 4.872860802337527,
                    "R2": 4.740509547293186,
                    "R3": 4.719753190875053,
                    "R4": 4.617877540178597,
                    "R5": 4.603135525714606,
                    "R6": 4.590532690752298,
                    "R7": 4.577745680231601,
                    "R8": 4.572764405980706,
                    "R9": 4.579926183912903,
                    "as": 4.967712583485991,
                    "comp": 35.801466058474034,
                    "dc": 0.029367856215685606
                }
            },
            "std": {
                "reward": 51881,
                "time": 6.137972116470337
            }
        }
    },
    "nb_iterations": 30,
    "pursuit": {
        "it-7": {
            "args": {
                "alpha_seed": 316,
                "beta": 0.1,
                "random_arm_seed": 785,
                "reward_seed": 7,
                "sigma_seed": 755
            },
            "gen-distributed": {
                "reward": 53253,
                "time": 33.38546868087724,
                "time_by_components": {
                    "R0": 2.9180571283213794,
                    "R1": 1.8944335728883743,
                    "R2": 1.8626303430646658,
                    "R3": 1.8581175617873669,
                    "R4": 1.8615907933562994,
                    "R5": 1.8640050659887493,
                    "R6": 1.8651760537177324,
                    "R7": 1.8588452260009944,
                    "R8": 1.8522224267944694,
                    "R9": 1.858016106300056,
                    "as": 8.533564168494195,
                    "comp": 1.7639232710935175,
                    "dc": 0
                }
            },
            "gen-secure": {
                "reward": 53253,
                "time": 191.27361241402104,
                "time_by_components": {
                    "R0": 12.056839910335839,
                    "R1": 10.313545417506248,
                    "R2": 9.906362888868898,
                    "R3": 9.786780783906579,
                    "R4": 9.650939086917788,
                    "R5": 9.760296412743628,
                    "R6": 9.712851936463267,
                    "R7": 9.678470033220947,
                    "R8": 9.579172759316862,
                    "R9": 9.659426516387612,
                    "as": 10.392639636527747,
                    "comp": 75.55247136345133,
                    "dc": 0.03319324227049947
                }
            },
            "std": {
                "reward": 53253,