{
    "N": 100000,
    "arms": [
        0.5312831389183457,
        0.4305408271474019,
        0.3647932131495228,
        0.3404029692470838,
        0.3117709437963945,
        0.2799575821845175,
        0.2788971367974549,
        0.2704135737009544,
        0.24602332979851538,
        0.24602332979851538
    ],
    "boltzmann": {
        "it-30": {
            "args": {
                "alpha_seed": 295,
                "random_arm_seed": 549,
                "reward_seed": 30,
                "sigma_seed": 400,
                "tau": 0.06
            },
            "gen-distributed": {
                "reward": 49801,
                "time": 19.20860187523067,
                "time_by_components": {
                    "R0": 1.7439370243810117,
                    "R1": 1.1091529442928731,
                    "R2": 0.9863977860659361,
                    "R3": 0.9784672292880714,
                    "R4": 0.9601033171638846,
                    "R5": 0.9537853975780308,
                    "R6": 0.9558417410589755,
                    "R7": 0.9553791997022927,
                    "R8": 0.9555031899362803,
                    "R9": 0.9529415033757687,
                    "as": 5.18489022180438,
                    "comp": 1.6124443095177412,
                    "dc": 0
                }
            },
            "gen-secure": {
                "reward": 49801,
                "time": 100.19099672418088,
                "time_by_components": {
                    "R0": 6.595533722545952,
                    "R1": 5.399292417336255,
                    "R2": 5.116032368503511,
                    "R3": 5.066668644081801,
                    "R4": 4.997738377656788,
                    "R5": 4.964133463334292,
                    "R6": 4.940280803013593,
                    "R7": 4.932326548732817,
                    "R8": 4.929860702715814,
                    "R9": 4.925873871892691,
                    "as": 6.270334353204817,
                    "comp": 39.227420546580106,
                    "dc": 0.037768558133393526
                }
            },
            "std": {
                "reward": 49801,
                "time": 6.6281633377075195
            }
        }
    },
    "e-greedy": {
        "it-30": {
            "args": {
                "alpha_seed": 176,
                "epsilon": 0.1,
                "epsilon_seed": 452,
                "random_arm_seed": 160,
                "reward_seed": 30,
                "sigma_seed": 462
            },
            "gen-distributed": {
                "reward": 51262,
                "time": 16.257723404094577,
                "time_by_components": {
                    "R0": 1.6816274896264076,
                    "R1": 0.8468303494155407,
                    "R2": 0.8342300266958773,
                    "R3": 0.830439378041774,
                    "R4": 0.8299143286421895,
                    "R5": 0.8312676446512341,
                    "R6": 0.8350232648663223,
                    "R7": 0.834107703063637,
                    "R8": 0.8292179359123111,
                    "R9": 0.8292559375986457,
                    "as": 4.1585878459736705,
                    "comp": 0.4032947006635368,
                    "dc": 0
                }
            },
            "gen-secure": {
                "reward": 51262,
                "time": 90.83396577881649,
                "time_by_components": {
                    "R0": 5.951750157866627,
                    "R1": 4.820345834363252,
                    "R2": 4.6444918611086905,
                    "R3": 4.590156481601298,
                    "R4": 4.538077391218394,
                    "R5": 4.52601189725101,
                    "R6": 4.548852691426873,
                    "R7": 4.503351653460413,
                    "R8": 4.512902380898595,
                    "R9": 4.514732216950506,
                    "as": 4.927699344232678,
                    "comp": 35.28661122871563,
                    "dc": 0.033289773389697075
                }
            },
            "std": {
                "reward": 51262,
                "time": 6.129941940307617
            }
        }
    },
    "e-greedy-decreasing": {
        "it-30": {
            "args": {
                "alpha_seed": 176,
                "epsilon_seed": 452,
                "random_arm_seed": 160,
                "reward_seed": 30,
                "sigma_seed": 462
            },
            "gen-distributed": {
                "reward": 51957,
                "time": 16.634383026044816,
                "time_by_components": {
                    "R0": 1.736397956032306,
                    "R1": 0.8661105521023273,
                    "R2": 0.8590154913254082,
                    "R3": 0.8547445642761886,
                    "R4": 0.8600163431838155,
                    "R5": 0.8595822523348033,
                    "R6": 0.8558799414895475,
                    "R7": 0.8540955511853099,
                    "R8": 0.8555055921897292,
                    "R9": 0.8551470027305186,
                    "as": 4.228213042486459,
                    "comp": 0.37666974775493145,
                    "dc": 0
                }
            },
            "gen-secure": {
                "reward": 51957,
                "time": 91.75926058366895,
                "time_by_components": {
                    "R0": 6.027595432475209,
                    "R1": 4.856681825593114,
                    "R2": 4.709218339063227,
                    "R3": 4.671299909707159,
                    "R4": 4.610586897935718,
                    "R5": 4.598874118644744,
                    "R6": 4.578953310847282,
                    "R7": 4.569948961492628,
                    "R8": 4.558461316861212,
                    "R9": 4.557548784650862,
                    "as": 4.957321556750685,
                    "comp": 35.6164765204303,
                    "dc": 0.0331988800317049
                }
            },
            "std": {
                "reward": 51957,
                "time": 6.049664258956909
            }
        }
    },
    "nb_iterations": 30,
    "pursuit": {
        "it-30": {
            "args": {
                "alpha_seed": 295,
                "beta": 0.1,
                "random_arm_seed": 549,
                "reward_seed": 30,
                "sigma_seed": 838
            },
            "gen-distributed": {
                "reward": 53251,
                "time": 33.71020623808727,
                "time_by_components": {
                    "R0": 2.947556336876005,
                    "R1": 1.9178022099658847,
                    "R2": 1.8896825150586665,
                    "R3": 1.8793539409525692,
                    "R4": 1.8798758429475129,
                    "R5": 1.8846478248015046,
                    "R6": 1.88242794200778,
                    "R7": 1.8750545694492757,
                    "R8": 1.8751351526007056,
                    "R9": 1.8740262486971915,
                    "as": 8.561497524380684,
                    "comp": 1.7831139527261257,
                    "dc": 0
                }
            },
            "gen-secure": {
                "reward": 53251,
                "time": 194.94966217316687,
                "time_by_components": {
                    "R0": 12.406692809425294,
                    "R1": 10.494028092827648,
                    "R2": 10.008468973450363,
                    "R3": 9.81925481557846,
                    "R4": 9.69348162645474,
                    "R5": 9.6726015759632,
                    "R6": 9.643137795850635,
                    "R7": 9.6834348118864,
                    "R8": 9.771399918012321,
                    "R9": 9.665815630927682,
                    "as": 12.512883651070297,
                    "comp": 76.23304285574704,
                    "dc": 0.03316382085904479
                }
            },
            "std": {
                "reward": 53251,