{
    "N": 100000,
    "arms": [
        0.5312831389183457,
        0.4305408271474019,
        0.3647932131495228,
        0.3404029692470838,
        0.3117709437963945,
        0.2799575821845175,
        0.2788971367974549,
        0.2704135737009544,
        0.24602332979851538,
        0.24602332979851538
    ],
    "boltzmann": {
        "it-23": {
            "args": {
                "alpha_seed": 406,
                "random_arm_seed": 992,
                "reward_seed": 23,
                "sigma_seed": 598,
                "tau": 0.06
            },
            "gen-distributed": {
                "reward": 49305,
                "time": 17.459168422967196,
                "time_by_components": {
                    "R0": 1.6405995613895357,
                    "R1": 1.0425048796460032,
                    "R2": 0.9555045659653842,
                    "R3": 0.931967478711158,
                    "R4": 0.9251616387628019,
                    "R5": 0.9099539997987449,
                    "R6": 0.9116146718151867,
                    "R7": 0.915265470277518,
                    "R8": 0.9100469243712723,
                    "R9": 0.9084456479176879,
                    "as": 4.153907107654959,
                    "comp": 1.5087522477842867,
                    "dc": 0
                }
            },
            "gen-secure": {
                "reward": 49305,
                "time": 94.6724558272399,
                "time_by_components": {
                    "R0": 6.09375942312181,
                    "R1": 5.160976074170321,
                    "R2": 4.941883325576782,
                    "R3": 4.855301732197404,
                    "R4": 4.800644179806113,
                    "R5": 4.803819193039089,
                    "R6": 4.75668537337333,
                    "R7": 4.7433176301419735,
                    "R8": 4.727569938171655,
                    "R9": 4.718749695923179,
                    "as": 4.989120303653181,
                    "comp": 37.416022673249245,
                    "dc": 0.033167445100843906
                }
            },
            "std": {
                "reward": 49305,
                "time": 6.133143424987793
            }
        }
    },
    "e-greedy": {
        "it-23": {
            "args": {
                "alpha_seed": 718,
                "epsilon": 0.1,
                "epsilon_seed": 412,
                "random_arm_seed": 855,
                "reward_seed": 23,
                "sigma_seed": 685
            },
            "gen-distributed": {
                "reward": 50693,
                "time": 16.343925713095814,
                "time_by_components": {
                    "R0": 1.6457325867377222,
                    "R1": 0.8976396359503269,
                    "R2": 0.8425239813514054,
                    "R3": 0.8352462849579751,
                    "R4": 0.8356858268380165,
                    "R5": 0.8367891632951796,
                    "R6": 0.8357784245163202,
                    "R7": 0.833388761151582,
                    "R8": 0.8345194412395358,
                    "R9": 0.8346010856330395,
                    "as": 4.199442544486374,
                    "comp": 0.4039332866668701,
                    "dc": 0
                }
            },
            "gen-secure": {
                "reward": 50693,
                "time": 92.23424411891028,
                "time_by_components": {
                    "R0": 6.000708631705493,
                    "R1": 4.918993762694299,
                    "R2": 4.740166630130261,
                    "R3": 4.674218981526792,
                    "R4": 4.6244497750885785,
                    "R5": 4.598753923550248,
                    "R6": 4.58760802866891,
                    "R7": 4.579854513052851,
                    "R8": 4.573086312506348,
                    "R9": 4.568519887980074,
                    "as": 5.0247064721770585,
                    "comp": 35.843135840725154,
                    "dc": 0.03308570012450218
                }
            },
            "std": {
                "reward": 50693,
                "time": 6.051860332489014
            }
        }
    },
    "e-greedy-decreasing": {
        "it-23": {
            "args": {
                "alpha_seed": 718,
                "epsilon_seed": 412,
                "random_arm_seed": 855,
                "reward_seed": 23,
                "sigma_seed": 685
            },
            "gen-distributed": {
                "reward": 51917,
                "time": 15.833198279608041,
                "time_by_components": {
                    "R0": 1.65595577750355,
                    "R1": 0.8194618239067495,
                    "R2": 0.8115962650626898,
                    "R3": 0.8098210119642317,
                    "R4": 0.8097255644388497,
                    "R5": 0.8091881773434579,
                    "R6": 0.8094984893687069,
                    "R7": 0.8077001357451081,
                    "R8": 0.8087038993835449,
                    "R9": 0.8100691982544959,
                    "as": 4.058089761529118,
                    "comp": 0.3592479471117258,
                    "dc": 0
                }
            },
            "gen-secure": {
                "reward": 51917,
                "time": 94.44876145105809,
                "time_by_components": {
                    "R0": 6.189831288997084,
                    "R1": 4.994539029430598,
                    "R2": 4.846283200196922,
                    "R3": 4.8243370722047985,
                    "R4": 4.743050283752382,
                    "R5": 4.738777040503919,
                    "R6": 4.7151420610025525,
                    "R7": 4.7146920301020145,
                    "R8": 4.723873144481331,
                    "R9": 4.70680946810171,
                    "as": 5.072889249306172,
                    "comp": 36.6491665369831,
                    "dc": 0.030723953153938055
                }
            },
            "std": {
                "reward": 51917,
                "time": 5.765592813491821
            }
        }
    },
    "nb_iterations": 30,
    "pursuit": {
        "it-23": {
            "args": {
                "alpha_seed": 406,
                "beta": 0.1,
                "random_arm_seed": 992,
                "reward_seed": 23,
                "sigma_seed": 248
            },
            "gen-distributed": {
                "reward": 42949,
                "time": 33.69392698490992,
                "time_by_components": {
                    "R0": 2.0376065792515874,
                    "R1": 2.8258972647599876,
                    "R2": 1.8951911595650017,
                    "R3": 1.8786773961037397,
                    "R4": 1.8756266068667173,
                    "R5": 1.8783851568587124,
                    "R6": 1.8768733781762421,
                    "R7": 1.8745232038199902,
                    "R8": 1.8705599028617144,
                    "R9": 1.8724090866744518,
                    "as": 8.571180195081979,
                    "comp": 1.772020983044058,
                    "dc": 0
                }
            },
            "gen-secure": {
                "reward": 42949,
                "time": 188.5100468969904,
                "time_by_components": {
                    "R0": 10.75896917283535,
                    "R1": 11.143568365834653,
                    "R2": 9.930626273620874,
                    "R3": 9.667814929969609,
                    "R4": 9.635230721905828,
                    "R5": 9.527563987765461,
                    "R6": 9.475312546361238,
                    "R7": 9.566462798509747,
                    "R8": 9.547754589933902,
                    "R9": 9.441739270929247,
                    "as": 10.145911445841193,
                    "comp": 74.52404387574643,
                    "dc": 0.03332250099629164
                }
            },
            "std": {
                "reward": 42949,