{
    "N": 100000,
    "arms": [
        0.5312831389183457,
        0.4305408271474019,
        0.3647932131495228,
        0.3404029692470838,
        0.3117709437963945,
        0.2799575821845175,
        0.2788971367974549,
        0.2704135737009544,
        0.24602332979851538,
        0.24602332979851538
    ],
    "boltzmann": {
        "it-28": {
            "args": {
                "alpha_seed": 542,
                "random_arm_seed": 486,
                "reward_seed": 28,
                "sigma_seed": 442,
                "tau": 0.06
            },
            "gen-distributed": {
                "reward": 48305,
                "time": 16.661117936018854,
                "time_by_components": {
                    "R0": 1.5075885523110628,
                    "R1": 1.0161936501972377,
                    "R2": 0.9267278425395489,
                    "R3": 0.8962066764943302,
                    "R4": 0.8829205585643649,
                    "R5": 0.877579977735877,
                    "R6": 0.8808949030935764,
                    "R7": 0.8745482270605862,
                    "R8": 0.8723134561441839,
                    "R9": 0.8675186010077596,
                    "as": 3.965403577312827,
                    "comp": 1.4363846038468182,
                    "dc": 0
                }
            },
            "gen-secure": {
                "reward": 48305,
                "time": 90.47453999705613,
                "time_by_components": {
                    "R0": 5.768761680461466,
                    "R1": 4.946849561762065,
                    "R2": 4.735196816269308,
                    "R3": 4.65271319495514,
                    "R4": 4.578123860061169,
                    "R5": 4.567898576147854,
                    "R6": 4.571818586904556,
                    "R7": 4.527356647420675,
                    "R8": 4.52318378444761,
                    "R9": 4.514335078187287,
                    "as": 4.756246421020478,
                    "comp": 35.77930061193183,
                    "dc": 0.033093325793743134
                }
            },
            "std": {
                "reward": 48305,
                "time": 6.132841348648071
            }
        }
    },
    "e-greedy": {
        "it-28": {
            "args": {
                "alpha_seed": 534,
                "epsilon": 0.1,
                "epsilon_seed": 512,
                "random_arm_seed": 186,
                "reward_seed": 28,
                "sigma_seed": 668
            },
            "gen-distributed": {
                "reward": 51155,
                "time": 16.39530886337161,
                "time_by_components": {
                    "R0": 1.7006151326932013,
                    "R1": 0.8495828900486231,
                    "R2": 0.8407378741540015,
                    "R3": 0.838322700932622,
                    "R4": 0.8349944842047989,
                    "R5": 0.8369203698821366,
                    "R6": 0.8354189028032124,
                    "R7": 0.8331079334020615,
                    "R8": 0.8335535046644509,
                    "R9": 0.8346705413423479,
                    "as": 4.222288986667991,
                    "comp": 0.40720111317932606,
                    "dc": 0
                }
            },
            "gen-secure": {
                "reward": 51155,
                "time": 92.5622756946832,
                "time_by_components": {
                    "R0": 6.081422290764749,
                    "R1": 4.86336874961853,
                    "R2": 4.724084570072591,
                    "R3": 4.6805662414990366,
                    "R4": 4.6411640788428485,
                    "R5": 4.6144866263493896,
                    "R6": 4.598223480861634,
                    "R7": 4.66675407346338,
                    "R8": 4.585627719759941,
                    "R9": 4.59181515686214,
                    "as": 4.934386373031884,
                    "comp": 36.063744304701686,
                    "dc": 0.03299975208938122
                }
            },
            "std": {
                "reward": 51155,
                "time": 5.685542583465576
            }
        }
    },
    "e-greedy-decreasing": {
        "it-28": {
            "args": {
                "alpha_seed": 534,
                "epsilon_seed": 512,
                "random_arm_seed": 186,
                "reward_seed": 28,
                "sigma_seed": 668
            },
            "gen-distributed": {
                "reward": 51869,
                "time": 16.572035420220345,
                "time_by_components": {
                    "R0": 1.7359646609984338,
                    "R1": 0.8629500675015152,
                    "R2": 0.8569403658621013,
                    "R3": 0.854236779268831,
                    "R4": 0.852712482213974,
                    "R5": 0.8526916834525764,
                    "R6": 0.853181419428438,
                    "R7": 0.8534757154993713,
                    "R8": 0.8533184244297445,
                    "R9": 0.8529237466864288,
                    "as": 4.212694371119142,
                    "comp": 0.3735957364551723,
                    "dc": 0
                }
            },
            "gen-secure": {
                "reward": 51869,
                "time": 93.79865588620305,
                "time_by_components": {
                    "R0": 6.2021928038448095,
                    "R1": 4.948383012320846,
                    "R2": 4.799308622721583,
                    "R3": 4.779885295778513,
                    "R4": 4.708880285732448,
                    "R5": 4.71917591476813,
                    "R6": 4.676858727354556,
                    "R7": 4.671597921755165,
                    "R8": 4.665338961407542,
                    "R9": 4.648815268650651,
                    "as": 5.113596742972732,
                    "comp": 36.33767366735265,
                    "dc": 0.03306560916826129
                }
            },
            "std": {
                "reward": 51869,
                "time": 6.05031418800354
            }
        }
    },
    "nb_iterations": 30,
    "pursuit": {
        "it-28": {
            "args": {
                "alpha_seed": 542,
                "beta": 0.1,
                "random_arm_seed": 486,
                "reward_seed": 28,
                "sigma_seed": 554
            },
            "gen-distributed": {
                "reward": 33923,
                "time": 33.79293455416337,
                "time_by_components": {
                    "R0": 2.0411238092929125,
                    "R1": 1.9046484800055623,
                    "R2": 1.8851969689130783,
                    "R3": 2.8017554292455316,
                    "R4": 1.882766358088702,
                    "R5": 1.8803779198788106,
                    "R6": 1.878466181922704,
                    "R7": 1.8801368777640164,
                    "R8": 1.8734209146350622,
                    "R9": 1.878885657992214,
                    "as": 8.628649923019111,
                    "comp": 1.7831094469875097,
                    "dc": 0
                }
            },
            "gen-secure": {
                "reward": 33923,
                "time": 187.1824592971243,
                "time_by_components": {
                    "R0": 10.764418947510421,
                    "R1": 10.030037973541766,
                    "R2": 9.744737148750573,
                    "R3": 10.670886056963354,
                    "R4": 9.511447810102254,
                    "R5": 9.509903867263347,
                    "R6": 9.407911852002144,
                    "R7": 9.371749894693494,
                    "R8": 9.358193030580878,
                    "R9": 9.456989997066557,
                    "as": 10.027705155778676,
                    "comp": 74.21917046699673,
                    "dc": 0.03143324377015233
                }
            },
            "std": {
                "reward": 33923,