{
    "N": 70000,
    "arms": [
        0.5312831389183457,
        0.4305408271474019,
        0.3647932131495228,
        0.3404029692470838,
        0.3117709437963945,
        0.2799575821845175,
        0.2788971367974549,
        0.2704135737009544,
        0.24602332979851538,
        0.24602332979851538
    ],
    "boltzmann": {
        "it-40": {
            "args": {
                "alpha_seed": 216,
                "random_arm_seed": 536,
                "reward_seed": 40,
                "sigma_seed": 489,
                "tau": 0.06
            },
            "gen-distributed": {
                "reward": 35190,
                "time": 12.303167404141277,
                "time_by_components": {
                    "R0": 1.1707415082491934,
                    "R1": 0.7252804827876389,
                    "R2": 0.6672033756040037,
                    "R3": 0.6465205284766853,
                    "R4": 0.6474351501092315,
                    "R5": 0.6456899135373533,
                    "R6": 0.6412922167219222,
                    "R7": 0.6406162516213953,
                    "R8": 0.6418031505309045,
                    "R9": 0.6394322784617543,
                    "as": 2.927487311884761,
                    "comp": 1.0564212389290333,
                    "dc": 0
                }
            },
            "gen-secure": {
                "reward": 35190,
                "time": 68.67975655710325,
                "time_by_components": {
                    "R0": 4.45145408809185,
                    "R1": 3.7739263675175607,
                    "R2": 3.5948917069472373,
                    "R3": 3.5299035045318305,
                    "R4": 3.4861244168132544,
                    "R5": 3.4783992497250438,
                    "R6": 3.480701869353652,
                    "R7": 3.467358933761716,
                    "R8": 3.4649219275452197,
                    "R9": 3.4728425350040197,
                    "as": 3.591117155738175,
                    "comp": 27.034264472778887,
                    "dc": 0.03322189021855593
                }
            },
            "std": {
                "reward": 35190,
                "time": 4.596680164337158
            }
        }
    },
    "e-greedy": {
        "it-40": {
            "args": {
                "alpha_seed": 664,
                "epsilon": 0.1,
                "epsilon_seed": 851,
                "random_arm_seed": 62,
                "reward_seed": 40,
                "sigma_seed": 308
            },
            "gen-distributed": {
                "reward": 35921,
                "time": 11.45738326292485,
                "time_by_components": {
                    "R0": 1.1736815869808197,
                    "R1": 0.5913099721074104,
                    "R2": 0.5860275872983038,
                    "R3": 0.585006644949317,
                    "R4": 0.5832881797105074,
                    "R5": 0.5826006578281522,
                    "R6": 0.5828654295764863,
                    "R7": 0.5825711176730692,
                    "R8": 0.5830406555905938,
                    "R9": 0.5825400552712381,
                    "as": 2.947432261426002,
                    "comp": 0.2842438775114715,
                    "dc": 0
                }
            },
            "gen-secure": {
                "reward": 35921,
                "time": 64.69162257900462,
                "time_by_components": {
                    "R0": 4.229957570787519,
                    "R1": 3.438790949061513,
                    "R2": 3.3329844609834254,
                    "R3": 3.2953623537905514,
                    "R4": 3.2521344614215195,
                    "R5": 3.2523190081119537,
                    "R6": 3.2410236466675997,
                    "R7": 3.2260816930793226,
                    "R8": 3.2212117691524327,
                    "R9": 3.2209850884974003,
                    "as": 3.5567112807184458,
                    "comp": 25.026687750592828,
                    "dc": 0.03139364207163453
                }
            },
            "std": {
                "reward": 35921,
                "time": 4.220512628555298
            }
        }
    },
    "e-greedy-decreasing": {
        "it-40": {
            "args": {
                "alpha_seed": 578,
                "epsilon_seed": 216,
                "random_arm_seed": 536,
                "reward_seed": 40,
                "sigma_seed": 247
            },
            "gen-distributed": {
                "reward": 36386,
                "time": 11.682092167902738,
                "time_by_components": {
                    "R0": 1.2119041057303548,
                    "R1": 0.6073965826071799,
                    "R2": 0.6010087272152305,
                    "R3": 0.6000647568143904,
                    "R4": 0.5991318230517209,
                    "R5": 0.6002699271775782,
                    "R6": 0.5991970994509757,
                    "R7": 0.5990107040852308,
                    "R8": 0.5980967469513416,
                    "R9": 0.5986438086256385,
                    "as": 2.970170439686626,
                    "comp": 0.26657324517145753,
                    "dc": 0
                }
            },
            "gen-secure": {
                "reward": 36386,
                "time": 64.98922795290127,
                "time_by_components": {
                    "R0": 4.302397891879082,
                    "R1": 3.471834560390562,
                    "R2": 3.356828266289085,
                    "R3": 3.314195068087429,
                    "R4": 3.274644789285958,
                    "R5": 3.264458148740232,
                    "R6": 3.2568512349389493,
                    "R7": 3.25742750428617,
                    "R8": 3.2459007878787816,
                    "R9": 3.242325026076287,
                    "as": 3.5299316169694066,
                    "comp": 25.020008265506476,
                    "dc": 0.03335944004356861
                }
            },
            "std": {
                "reward": 36386,
                "time": 4.446566104888916
            }
        }
    },
    "nb_iterations": 50,
    "pursuit": {
        "it-40": {
            "args": {
                "alpha_seed": 216,
                "beta": 0.1,
                "random_arm_seed": 536,
                "reward_seed": 40,
                "sigma_seed": 247
            },
            "gen-distributed": {
                "reward": 37363,
                "time": 23.101865072268993,
                "time_by_components": {
                    "R0": 2.0083042215555906,
                    "R1": 1.3117611734196544,
                    "R2": 1.2885690620169044,
                    "R3": 1.2818354521878064,
                    "R4": 1.2825291641056538,
                    "R5": 1.289732052013278,
                    "R6": 1.287241043522954,
                    "R7": 1.2816587132401764,
                    "R8": 1.2798540401272476,
                    "R9": 1.2822682135738432,
                    "as": 5.877006016205996,
                    "comp": 1.2169540938921273,
                    "dc": 0
                }
            },
            "gen-secure": {
                "reward": 37363,
                "time": 133.65685945516452,
                "time_by_components": {
                    "R0": 8.340899276547134,
                    "R1": 7.2371142017655075,
                    "R2": 7.0467707444913685,
                    "R3": 6.939986272249371,
                    "R4": 6.8693581013940275,
                    "R5": 6.783635314553976,
                    "R6": 6.754026702139527,
                    "R7": 6.734694451559335,
                    "R8": 6.799631291534752,
                    "R9": 6.781302578281611,
                    "as": 7.168638832401484,
                    "comp": 52.63778097368777,
                    "dc": 0.03317556018009782
                }
            },
            "std": {
                "reward": 37363,