{
    "N": 80000,
    "arms": [
        0.5312831389183457,
        0.4305408271474019,
        0.3647932131495228,
        0.3404029692470838,
        0.3117709437963945,
        0.2799575821845175,
        0.2788971367974549,
        0.2704135737009544,
        0.24602332979851538,
        0.24602332979851538
    ],
    "boltzmann": {
        "it-20": {
            "args": {
                "alpha_seed": 812,
                "random_arm_seed": 747,
                "reward_seed": 20,
                "sigma_seed": 98,
                "tau": 0.06
            },
            "gen-distributed": {
                "reward": 39891,
                "time": 14.480888565070927,
                "time_by_components": {
                    "R0": 1.3764313939027488,
                    "R1": 0.8668912290595472,
                    "R2": 0.7802130784839392,
                    "R3": 0.7637627264484763,
                    "R4": 0.762992856092751,
                    "R5": 0.7660406343638897,
                    "R6": 0.7565603614784777,
                    "R7": 0.7637680596671999,
                    "R8": 0.7553474749438465,
                    "R9": 0.753154989797622,
                    "as": 3.4463703515939415,
                    "comp": 1.2459056046791375,
                    "dc": 0
                }
            },
            "gen-secure": {
                "reward": 39891,
                "time": 76.57079541217536,
                "time_by_components": {
                    "R0": 4.958417488727719,
                    "R1": 4.182652927469462,
                    "R2": 3.985833146609366,
                    "R3": 3.9210071112029254,
                    "R4": 3.8707001712173223,
                    "R5": 3.870981157757342,
                    "R6": 3.8532787184230983,
                    "R7": 3.8528091101907194,
                    "R8": 3.8341076551005244,
                    "R9": 3.8245240882970393,
                    "as": 4.005141060333699,
                    "comp": 30.259687938261777,
                    "dc": 0.033145817928016186
                }
            },
            "std": {
                "reward": 39891,
                "time": 5.268620491027832
            }
        }
    },
    "e-greedy": {
        "it-20": {
            "args": {
                "alpha_seed": 905,
                "epsilon": 0.1,
                "epsilon_seed": 431,
                "random_arm_seed": 336,
                "reward_seed": 20,
                "sigma_seed": 329
            },
            "gen-distributed": {
                "reward": 41077,
                "time": 13.037607034202665,
                "time_by_components": {
                    "R0": 1.3477508048526943,
                    "R1": 0.6743438788689673,
                    "R2": 0.6694995132274926,
                    "R3": 0.666383562143892,
                    "R4": 0.6662344560027122,
                    "R5": 0.6663817744702101,
                    "R6": 0.666500891558826,
                    "R7": 0.6657145083881915,
                    "R8": 0.6651104656048119,
                    "R9": 0.664818842895329,
                    "as": 3.3586265007033944,
                    "comp": 0.320855756290257,
                    "dc": 0
                }
            },
            "gen-secure": {
                "reward": 41077,
                "time": 73.7638640278019,
                "time_by_components": {
                    "R0": 4.867495293729007,
                    "R1": 3.8970131827518344,
                    "R2": 3.7864669081754982,
                    "R3": 3.741565066855401,
                    "R4": 3.7013454800471663,
                    "R5": 3.684496344998479,
                    "R6": 3.673475105315447,
                    "R7": 3.66995454672724,
                    "R8": 3.6641631638631225,
                    "R9": 3.6612537619657815,
                    "as": 4.036364282015711,
                    "comp": 28.571687725838274,
                    "dc": 0.03304111212491989
                }
            },
            "std": {
                "reward": 41077,
                "time": 4.819157123565674
            }
        }
    },
    "e-greedy-decreasing": {
        "it-20": {
            "args": {
                "alpha_seed": 538,
                "epsilon_seed": 15,
                "random_arm_seed": 436,
                "reward_seed": 20,
                "sigma_seed": 420
            },
            "gen-distributed": {
                "reward": 41464,
                "time": 13.364708004053682,
                "time_by_components": {
                    "R0": 1.3884161682799459,
                    "R1": 0.6959886900149286,
                    "R2": 0.6864604610018432,
                    "R3": 0.6872110138647258,
                    "R4": 0.6849707602523267,
                    "R5": 0.685528704430908,
                    "R6": 0.6873350334353745,
                    "R7": 0.6872943053022027,
                    "R8": 0.6846832484006882,
                    "R9": 0.6850200844928622,
                    "as": 3.4160717907361686,
                    "comp": 0.307195782661438,
                    "dc": 0
                }
            },
            "gen-secure": {
                "reward": 41464,
                "time": 73.22427571890876,
                "time_by_components": {
                    "R0": 4.830568879377097,
                    "R1": 3.8882758021354675,
                    "R2": 3.773454968817532,
                    "R3": 3.730545835569501,
                    "R4": 3.702178091276437,
                    "R5": 3.691610767506063,
                    "R6": 3.6727042593993247,
                    "R7": 3.6643243697471917,
                    "R8": 3.657573194243014,
                    "R9": 3.650246687233448,
                    "as": 3.9689725637435913,
                    "comp": 28.27044017240405,
                    "dc": 0.03305792296305299
                }
            },
            "std": {
                "reward": 41464,
                "time": 4.847211599349976
            }
        }
    },
    "nb_iterations": 30,
    "pursuit": {
        "it-20": {
            "args": {
                "alpha_seed": 812,
                "beta": 0.1,
                "random_arm_seed": 747,
                "reward_seed": 20,
                "sigma_seed": 230
            },
            "gen-distributed": {
                "reward": 42613,
                "time": 26.892386570107192,
                "time_by_components": {
                    "R0": 2.366964450571686,
                    "R1": 1.5303342216648161,
                    "R2": 1.5058743064291775,
                    "R3": 1.4973119394853711,
                    "R4": 1.492982491850853,
                    "R5": 1.4993450529873371,
                    "R6": 1.4979047933593392,
                    "R7": 1.497812248300761,
                    "R8": 1.4944140412844718,
                    "R9": 1.4975864537991583,
                    "as": 6.840810926631093,
                    "comp": 1.4243121836334467,
                    "dc": 0
                }
            },
            "gen-secure": {
                "reward": 42613,
                "time": 150.5868244767189,
                "time_by_components": {
                    "R0": 9.49856031499803,
                    "R1": 8.143415399361402,
                    "R2": 7.810780969914049,
                    "R3": 7.698079588357359,
                    "R4": 7.599768306594342,
                    "R5": 7.586529874242842,
                    "R6": 7.565528821200132,
                    "R7": 7.6644502291455865,
                    "R8": 7.654425856191665,
                    "R9": 7.556941425893456,
                    "as": 8.181527888868004,
                    "comp": 59.48784960526973,
                    "dc": 0.03302691504359245
                }
            },
            "std": {
                "reward": 42613,