{
    "N": 60000,
    "arms": [
        0.5312831389183457,
        0.4305408271474019,
        0.3647932131495228,
        0.3404029692470838,
        0.3117709437963945,
        0.2799575821845175,
        0.2788971367974549,
        0.2704135737009544,
        0.24602332979851538,
        0.24602332979851538
    ],
    "boltzmann": {
        "it-24": {
            "args": {
                "alpha_seed": 520,
                "random_arm_seed": 947,
                "reward_seed": 24,
                "sigma_seed": 647,
                "tau": 0.06
            },
            "gen-distributed": {
                "reward": 29906,
                "time": 10.92561306990683,
                "time_by_components": {
                    "R0": 1.0442220447584987,
                    "R1": 0.6348808654583991,
                    "R2": 0.5928579778410494,
                    "R3": 0.5751469694077969,
                    "R4": 0.5691060777753592,
                    "R5": 0.578425363637507,
                    "R6": 0.577370781917125,
                    "R7": 0.5778968301601708,
                    "R8": 0.5680505456402898,
                    "R9": 0.5690213358029723,
                    "as": 2.609745473600924,
                    "comp": 0.9387765489518642,
                    "dc": 0
                }
            },
            "gen-secure": {
                "reward": 29906,
                "time": 59.39292262075469,
                "time_by_components": {
                    "R0": 3.8679345990531147,
                    "R1": 3.2493767174892128,
                    "R2": 3.118654385674745,
                    "R3": 3.0659945849329233,
                    "R4": 3.01621502218768,
                    "R5": 3.0207903063856065,
                    "R6": 3.0117619023658335,
                    "R7": 3.003829812631011,
                    "R8": 2.994429081212729,
                    "R9": 2.990793605335057,
                    "as": 3.0983807910233736,
                    "comp": 23.282664756290615,
                    "dc": 0.033286858815699816
                }
            },
            "std": {
                "reward": 29906,
                "time": 3.9111955165863037
            }
        }
    },
    "e-greedy": {
        "it-24": {
            "args": {
                "alpha_seed": 773,
                "epsilon": 0.1,
                "epsilon_seed": 443,
                "random_arm_seed": 773,
                "reward_seed": 24,
                "sigma_seed": 579
            },
            "gen-distributed": {
                "reward": 30810,
                "time": 8.965282807126641,
                "time_by_components": {
                    "R0": 0.9327161125838757,
                    "R1": 0.46653857827186584,
                    "R2": 0.4624205259606242,
                    "R3": 0.46115032164379954,
                    "R4": 0.4610326294787228,
                    "R5": 0.46169290877878666,
                    "R6": 0.46114825503900647,
                    "R7": 0.46159608755260706,
                    "R8": 0.4628559537231922,
                    "R9": 0.4615433984436095,
                    "as": 2.299709836486727,
                    "comp": 0.2167500965297222,
                    "dc": 0
                }
            },
            "gen-secure": {
                "reward": 30810,
                "time": 54.39890178339556,
                "time_by_components": {
                    "R0": 3.5639144857414067,
                    "R1": 2.883218234870583,
                    "R2": 2.802633525803685,
                    "R3": 2.776199401821941,
                    "R4": 2.743479092605412,
                    "R5": 2.736912586260587,
                    "R6": 2.78155768988654,
                    "R7": 2.7245211275294423,
                    "R8": 2.721350877545774,
                    "R9": 2.7164232512004673,
                    "as": 2.945722389500588,
                    "comp": 20.94154758937657,
                    "dc": 0.03410373209044337
                }
            },
            "std": {
                "reward": 30810,
                "time": 3.6193716526031494
            }
        }
    },
    "e-greedy-decreasing": {
        "it-24": {
            "args": {
                "alpha_seed": 773,
                "epsilon_seed": 443,
                "random_arm_seed": 773,
                "reward_seed": 24,
                "sigma_seed": 579
            },
            "gen-distributed": {
                "reward": 31154,
                "time": 9.996193295810372,
                "time_by_components": {
                    "R0": 1.0396560751833022,
                    "R1": 0.5179008999839425,
                    "R2": 0.5125571866519749,
                    "R3": 0.5132275088690221,
                    "R4": 0.5107928225770593,
                    "R5": 0.5106771639548242,
                    "R6": 0.5114458217285573,
                    "R7": 0.5120109911076725,
                    "R8": 0.5116786728613079,
                    "R9": 0.5127763538621366,
                    "as": 2.5535959978587925,
                    "comp": 0.23115228582173586,
                    "dc": 0
                }
            },
            "gen-secure": {
                "reward": 31154,
                "time": 56.16970804706216,
                "time_by_components": {
                    "R0": 3.710124891716987,
                    "R1": 2.995699172373861,
                    "R2": 2.9079226907342672,
                    "R3": 2.8680379572324455,
                    "R4": 2.84017625823617,
                    "R5": 2.825929910875857,
                    "R6": 2.839488983619958,
                    "R7": 2.8411025148816407,
                    "R8": 2.8175889453850687,
                    "R9": 2.8185471040196717,
                    "as": 3.0558734317310154,
                    "comp": 21.54389906814322,
                    "dc": 0.03356671193614602
                }
            },
            "std": {
                "reward": 31154,
                "time": 3.624070644378662
            }
        }
    },
    "nb_iterations": 30,
    "pursuit": {
        "it-24": {
            "args": {
                "alpha_seed": 520,
                "beta": 0.1,
                "random_arm_seed": 947,
                "reward_seed": 24,
                "sigma_seed": 117
            },
            "gen-distributed": {
                "reward": 31982,
                "time": 20.16431872593239,
                "time_by_components": {
                    "R0": 1.7686407854780555,
                    "R1": 1.1504058483988047,
                    "R2": 1.1290741069242358,
                    "R3": 1.1252572890371084,
                    "R4": 1.1233326378278434,
                    "R5": 1.1277939467690885,
                    "R6": 1.1263656611554325,
                    "R7": 1.1237908438779414,
                    "R8": 1.1234308923594654,
                    "R9": 1.1233455194160342,
                    "as": 5.119912961963564,
                    "comp": 1.0596048147417605,
                    "dc": 0
                }
            },
            "gen-secure": {
                "reward": 31982,
                "time": 115.22992022475228,
                "time_by_components": {
                    "R0": 7.236292216926813,
                    "R1": 6.226775593589991,
                    "R2": 5.985925637651235,
                    "R3": 5.987740592099726,
                    "R4": 5.896394287236035,
                    "R5": 5.867630324326456,
                    "R6": 5.87760860985145,
                    "R7": 5.916881855111569,
                    "R8": 5.8156977025792,
                    "R9": 5.794247375335544,
                    "as": 6.146416558418423,
                    "comp": 45.328473845496774,
                    "dc": 0.03304254217073321
                }
            },
            "std": {
                "reward": 31982,