{
    "N": 90000,
    "arms": [
        0.5312831389183457,
        0.4305408271474019,
        0.3647932131495228,
        0.3404029692470838,
        0.3117709437963945,
        0.2799575821845175,
        0.2788971367974549,
        0.2704135737009544,
        0.24602332979851538,
        0.24602332979851538
    ],
    "boltzmann": {
        "it-18": {
            "args": {
                "alpha_seed": 285,
                "random_arm_seed": 49,
                "reward_seed": 18,
                "sigma_seed": 102,
                "tau": 0.06
            },
            "gen-distributed": {
                "reward": 44325,
                "time": 16.421112303156406,
                "time_by_components": {
                    "R0": 1.529951924458146,
                    "R1": 0.9859393332153559,
                    "R2": 0.9093563077040017,
                    "R3": 0.870935897808522,
                    "R4": 0.8545625247061253,
                    "R5": 0.8549635810777545,
                    "R6": 0.8542692731134593,
                    "R7": 0.8579597412608564,
                    "R8": 0.8494239365682006,
                    "R9": 0.855958532076329,
                    "as": 3.929181252140552,
                    "comp": 1.427551960106939,
                    "dc": 0
                }
            },
            "gen-secure": {
                "reward": 44325,
                "time": 88.91524618584663,
                "time_by_components": {
                    "R0": 5.702064387500286,
                    "R1": 4.862754687666893,
                    "R2": 4.661186792422086,
                    "R3": 4.5416842247359455,
                    "R4": 4.475537413731217,
                    "R5": 4.476343690417707,
                    "R6": 4.5119785512797534,
                    "R7": 4.4417328531853855,
                    "R8": 4.454573979601264,
                    "R9": 4.455482964403927,
                    "as": 4.669717733282596,
                    "comp": 35.16328814253211,
                    "dc": 0.03306196490302682
                }
            },
            "std": {
                "reward": 44325,
                "time": 5.960592746734619
            }
        }
    },
    "e-greedy": {
        "it-18": {
            "args": {
                "alpha_seed": 955,
                "epsilon": 0.1,
                "epsilon_seed": 177,
                "random_arm_seed": 142,
                "reward_seed": 18,
                "sigma_seed": 10
            },
            "gen-distributed": {
                "reward": 46055,
                "time": 14.653760408982635,
                "time_by_components": {
                    "R0": 1.5095874057151377,
                    "R1": 0.7570830592885613,
                    "R2": 0.7488920078612864,
                    "R3": 0.7467458229511976,
                    "R4": 0.7462916732765734,
                    "R5": 0.7471153046935797,
                    "R6": 0.7480819281190634,
                    "R7": 0.7462727101519704,
                    "R8": 0.7461564759723842,
                    "R9": 0.7466310984455049,
                    "as": 3.7967214211821556,
                    "comp": 0.3613599785603583,
                    "dc": 0
                }
            },
            "gen-secure": {
                "reward": 46055,
                "time": 82.09793064184487,
                "time_by_components": {
                    "R0": 5.327598519157618,
                    "R1": 4.3258087215945125,
                    "R2": 4.2209573169238865,
                    "R3": 4.169072763528675,
                    "R4": 4.1246050843037665,
                    "R5": 4.121425937395543,
                    "R6": 4.106038226280361,
                    "R7": 4.104304552543908,
                    "R8": 4.0872912597842515,
                    "R9": 4.085236540064216,
                    "as": 4.398732058703899,
                    "comp": 31.91768707940355,
                    "dc": 0.033394383266568184
                }
            },
            "std": {
                "reward": 46055,
                "time": 5.422111988067627
            }
        }
    },
    "e-greedy-decreasing": {
        "it-18": {
            "args": {
                "alpha_seed": 955,
                "epsilon_seed": 177,
                "random_arm_seed": 142,
                "reward_seed": 18,
                "sigma_seed": 10
            },
            "gen-distributed": {
                "reward": 46665,
                "time": 15.025177006144077,
                "time_by_components": {
                    "R0": 1.5667317751795053,
                    "R1": 0.7823468637652695,
                    "R2": 0.7741128536872566,
                    "R3": 0.7718677665106952,
                    "R4": 0.7715907860547304,
                    "R5": 0.7734302231110632,
                    "R6": 0.7726719221100211,
                    "R7": 0.7725074528716505,
                    "R8": 0.7723971954546869,
                    "R9": 0.7714016339741647,
                    "as": 3.8496610620059073,
                    "comp": 0.34033732721582055,
                    "dc": 0
                }
            },
            "gen-secure": {
                "reward": 46665,
                "time": 83.80455165309832,
                "time_by_components": {
                    "R0": 5.563589926343411,
                    "R1": 4.470522206276655,
                    "R2": 4.307353837415576,
                    "R3": 4.252134052570909,
                    "R4": 4.2209287523292005,
                    "R5": 4.202826032415032,
                    "R6": 4.195555129554123,
                    "R7": 4.16820954112336,
                    "R8": 4.15826534293592,
                    "R9": 4.170817576348782,
                    "as": 4.585234484169632,
                    "comp": 32.36136994231492,
                    "dc": 0.03329145489260554
                }
            },
            "std": {
                "reward": 46665,
                "time": 5.585910320281982
            }
        }
    },
    "nb_iterations": 30,
    "pursuit": {
        "it-18": {
            "args": {
                "alpha_seed": 285,
                "beta": 0.1,
                "random_arm_seed": 49,
                "reward_seed": 18,
                "sigma_seed": 19
            },
            "gen-distributed": {
                "reward": 32703,
                "time": 30.28681161114946,
                "time_by_components": {
                    "R0": 1.8442679466679692,
                    "R1": 1.7090203487314284,
                    "R2": 2.527804455719888,
                    "R3": 1.6996894972398877,
                    "R4": 1.6910633286461234,
                    "R5": 1.6909315092489123,
                    "R6": 1.6852900506928563,
                    "R7": 1.6822770843282342,
                    "R8": 1.678814641200006,
                    "R9": 1.6853762809187174,
                    "as": 7.699409227352589,
                    "comp": 1.6057704892009497,
                    "dc": 0
                }
            },
            "gen-secure": {
                "reward": 32703,
                "time": 171.95153001975268,
                "time_by_components": {
                    "R0": 9.874854412395507,
                    "R1": 9.16294574085623,
                    "R2": 9.967628363519907,
                    "R3": 8.879088340792805,
                    "R4": 8.819946196395904,
                    "R5": 8.711977476254106,
                    "R6": 8.661996788345277,
                    "R7": 8.651351264677942,
                    "R8": 8.647742013912648,
                    "R9": 8.738674785476178,
                    "as": 9.125422472599894,
                    "comp": 68.02690022531897,
                    "dc": 0.03307824023067951
                }
            },
            "std": {
                "reward": 32703,