{
    "N": 50000,
    "arms": [
        0.5312831389183457,
        0.4305408271474019,
        0.3647932131495228,
        0.3404029692470838,
        0.3117709437963945,
        0.2799575821845175,
        0.2788971367974549,
        0.2704135737009544,
        0.24602332979851538,
        0.24602332979851538
    ],
    "boltzmann": {
        "it-46": {
            "args": {
                "alpha_seed": 176,
                "random_arm_seed": 536,
                "reward_seed": 46,
                "sigma_seed": 151,
                "tau": 0.06
            },
            "gen-distributed": {
                "reward": 24835,
                "time": 9.248738213442266,
                "time_by_components": {
                    "R0": 0.8544884566217661,
                    "R1": 0.5567651768215001,
                    "R2": 0.4981524832546711,
                    "R3": 0.4885362139903009,
                    "R4": 0.48564091604202986,
                    "R5": 0.48408508440479636,
                    "R6": 0.4828200922347605,
                    "R7": 0.4800709360279143,
                    "R8": 0.48114914167672396,
                    "R9": 0.48281257692724466,
                    "as": 2.2200476052239537,
                    "comp": 0.7971122665330768,
                    "dc": 0
                }
            },
            "gen-secure": {
                "reward": 24835,
                "time": 49.145512321032584,
                "time_by_components": {
                    "R0": 3.188360915053636,
                    "R1": 2.7138042133301497,
                    "R2": 2.584900129586458,
                    "R3": 2.5457904618233442,
                    "R4": 2.5083502922207117,
                    "R5": 2.4974845238029957,
                    "R6": 2.483091165777296,
                    "R7": 2.4822626267559826,
                    "R8": 2.5050242240540683,
                    "R9": 2.4741294300183654,
                    "as": 2.5952833155170083,
                    "comp": 19.236681901849806,
                    "dc": 0.03339521074667573
                }
            },
            "std": {
                "reward": 24835,
                "time": 3.3071987628936768
            }
        }
    },
    "e-greedy": {
        "it-46": {
            "args": {
                "alpha_seed": 991,
                "epsilon": 0.1,
                "epsilon_seed": 838,
                "random_arm_seed": 141,
                "reward_seed": 46,
                "sigma_seed": 76
            },
            "gen-distributed": {
                "reward": 25632,
                "time": 8.160423377994448,
                "time_by_components": {
                    "R0": 0.8360009505413473,
                    "R1": 0.42275384441018105,
                    "R2": 0.41791787650436163,
                    "R3": 0.4182754005305469,
                    "R4": 0.41602753940969706,
                    "R5": 0.4170368053019047,
                    "R6": 0.41496201511472464,
                    "R7": 0.4148242720402777,
                    "R8": 0.4149876832962036,
                    "R9": 0.414549192879349,
                    "as": 2.108096220996231,
                    "comp": 0.20328340446576476,
                    "dc": 0
                }
            },
            "gen-secure": {
                "reward": 25632,
                "time": 46.60778224142268,
                "time_by_components": {
                    "R0": 3.052133733406663,
                    "R1": 2.480483520310372,
                    "R2": 2.4151509278453887,
                    "R3": 2.382198119536042,
                    "R4": 2.354495626874268,
                    "R5": 2.3567712791264057,
                    "R6": 2.353931938763708,
                    "R7": 2.3435141425579786,
                    "R8": 2.33758641872555,
                    "R9": 2.340434472542256,
                    "as": 2.5553414155729115,
                    "comp": 17.91073225811124,
                    "dc": 0.03326420206576586
                }
            },
            "std": {
                "reward": 25632,
                "time": 3.016177177429199
            }
        }
    },
    "e-greedy-decreasing": {
        "it-46": {
            "args": {
                "alpha_seed": 267,
                "epsilon_seed": 176,
                "random_arm_seed": 536,
                "reward_seed": 46,
                "sigma_seed": 751
            },
            "gen-distributed": {
                "reward": 25917,
                "time": 8.391253035981208,
                "time_by_components": {
                    "R0": 0.8699819077737629,
                    "R1": 0.4359288406558335,
                    "R2": 0.43272903095930815,
                    "R3": 0.4304496361874044,
                    "R4": 0.4297290067188442,
                    "R5": 0.42953458381816745,
                    "R6": 0.4294911213219166,
                    "R7": 0.43025182466953993,
                    "R8": 0.42909332597628236,
                    "R9": 0.4287266884930432,
                    "as": 2.144294921308756,
                    "comp": 0.19325676932930946,
                    "dc": 0
                }
            },
            "gen-secure": {
                "reward": 25917,
                "time": 46.17835723981261,
                "time_by_components": {
                    "R0": 3.0524304783903062,
                    "R1": 2.4744436223991215,
                    "R2": 2.3965261736884713,
                    "R3": 2.3696209480986,
                    "R4": 2.339497780892998,
                    "R5": 2.3534380458295345,
                    "R6": 2.324961885344237,
                    "R7": 2.321171277202666,
                    "R8": 2.3237856249324977,
                    "R9": 2.3141903402283788,
                    "as": 2.4914981462061405,
                    "comp": 17.684626503381878,
                    "dc": 0.03318973584100604
                }
            },
            "std": {
                "reward": 25917,
                "time": 3.0137054920196533
            }
        }
    },
    "nb_iterations": 50,
    "pursuit": {
        "it-46": {
            "args": {
                "alpha_seed": 176,
                "beta": 0.1,
                "random_arm_seed": 536,
                "reward_seed": 46,
                "sigma_seed": 751
            },
            "gen-distributed": {
                "reward": 26693,
                "time": 16.866563508287072,
                "time_by_components": {
                    "R0": 1.4624809036031365,
                    "R1": 0.9602248570881784,
                    "R2": 0.9460984393954277,
                    "R3": 0.9400400943122804,
                    "R4": 0.9386572912335396,
                    "R5": 0.9408136364072561,
                    "R6": 0.9406624180264771,
                    "R7": 0.9395676385611296,
                    "R8": 0.9387609330005944,
                    "R9": 0.9384332480840385,
                    "as": 4.2851187428459525,
                    "comp": 0.8794473139569163,
                    "dc": 0
                }
            },
            "gen-secure": {
                "reward": 26693,
                "time": 97.53259417787194,
                "time_by_components": {
                    "R0": 6.088303041178733,
                    "R1": 5.273832067847252,
                    "R2": 5.135553375352174,
                    "R3": 5.076657096855342,
                    "R4": 5.019916142337024,
                    "R5": 4.982728462200612,
                    "R6": 4.93703072424978,
                    "R7": 4.918150667566806,
                    "R8": 4.970027728937566,
                    "R9": 4.915708451997489,
                    "as": 5.239826571196318,
                    "comp": 38.38028400903568,
                    "dc": 0.033095463179051876
                }
            },
            "std": {
                "reward": 26693,