{
    "N": 90000,
    "arms": [
        0.5312831389183457,
        0.4305408271474019,
        0.3647932131495228,
        0.3404029692470838,
        0.3117709437963945,
        0.2799575821845175,
        0.2788971367974549,
        0.2704135737009544,
        0.24602332979851538,
        0.24602332979851538
    ],
    "boltzmann": {
        "it-8": {
            "args": {
                "alpha_seed": 622,
                "random_arm_seed": 636,
                "reward_seed": 8,
                "sigma_seed": 528,
                "tau": 0.06
            },
            "gen-distributed": {
                "reward": 45340,
                "time": 16.285845991689712,
                "time_by_components": {
                    "R0": 1.6041201381012797,
                    "R1": 0.9218487511388958,
                    "R2": 0.8599585294723511,
                    "R3": 0.8484676321968436,
                    "R4": 0.8644796735607088,
                    "R5": 0.8580350065603852,
                    "R6": 0.8578217858448625,
                    "R7": 0.8543770434334874,
                    "R8": 0.844756509643048,
                    "R9": 0.8509897361509502,
                    "as": 3.886103660799563,
                    "comp": 1.4057146380655468,
                    "dc": 0
                }
            },
            "gen-secure": {
                "reward": 45340,
                "time": 88.18471102323383,
                "time_by_components": {
                    "R0": 5.7628944353200495,
                    "R1": 4.757225320208818,
                    "R2": 4.560870091896504,
                    "R3": 4.488699838053435,
                    "R4": 4.469256473239511,
                    "R5": 4.45053034555167,
                    "R6": 4.436547765042633,
                    "R7": 4.4223116165958345,
                    "R8": 4.410245425067842,
                    "R9": 4.462320718448609,
                    "as": 4.6105567323975265,
                    "comp": 34.839497262146324,
                    "dc": 0.04860438406467438
                }
            },
            "std": {
                "reward": 45340,
                "time": 5.911790609359741
            }
        }
    },
    "e-greedy": {
        "it-8": {
            "args": {
                "alpha_seed": 656,
                "epsilon": 0.1,
                "epsilon_seed": 227,
                "random_arm_seed": 417,
                "reward_seed": 8,
                "sigma_seed": 357
            },
            "gen-distributed": {
                "reward": 46067,
                "time": 14.727477320935577,
                "time_by_components": {
                    "R0": 1.5223384778946638,
                    "R1": 0.7603217852301896,
                    "R2": 0.7528910036198795,
                    "R3": 0.750162968877703,
                    "R4": 0.7499552653171122,
                    "R5": 0.7503764997236431,
                    "R6": 0.7518656942993402,
                    "R7": 0.7490842952392995,
                    "R8": 0.7488327529281378,
                    "R9": 0.7491382420994341,
                    "as": 3.803836565464735,
                    "comp": 0.36561177112162113,
                    "dc": 0
                }
            },
            "gen-secure": {
                "reward": 46067,
                "time": 81.76940799877048,
                "time_by_components": {
                    "R0": 5.335153600201011,
                    "R1": 4.312107538804412,
                    "R2": 4.196038123685867,
                    "R3": 4.149517789948732,
                    "R4": 4.104351986199617,
                    "R5": 4.087342612911016,
                    "R6": 4.0783902746625245,
                    "R7": 4.071003677323461,
                    "R8": 4.081764922011644,
                    "R9": 4.064011648762971,
                    "as": 4.436174100730568,
                    "comp": 31.738448375836015,
                    "dc": 0.03312140190973878
                }
            },
            "std": {
                "reward": 46067,
                "time": 5.443392753601074
            }
        }
    },
    "e-greedy-decreasing": {
        "it-8": {
            "args": {
                "alpha_seed": 656,
                "epsilon_seed": 227,
                "random_arm_seed": 417,
                "reward_seed": 8,
                "sigma_seed": 357
            },
            "gen-distributed": {
                "reward": 46680,
                "time": 14.900708965025842,
                "time_by_components": {
                    "R0": 1.5537379020825028,
                    "R1": 0.7789841219782829,
                    "R2": 0.766899969894439,
                    "R3": 0.7654239521361887,
                    "R4": 0.7634423421695828,
                    "R5": 0.7644660123623908,
                    "R6": 0.7637311890721321,
                    "R7": 0.7619999079033732,
                    "R8": 0.7645995896309614,
                    "R9": 0.761602827347815,
                    "as": 3.808321052696556,
                    "comp": 0.3400642089545727,
                    "dc": 0
                }
            },
            "gen-secure": {
                "reward": 46680,
                "time": 83.62905930541456,
                "time_by_components": {
                    "R0": 5.494501716922969,
                    "R1": 4.440640524961054,
                    "R2": 4.320372730027884,
                    "R3": 4.265434519853443,
                    "R4": 4.214034725911915,
                    "R5": 4.199347642250359,
                    "R6": 4.185031037777662,
                    "R7": 4.182196355890483,
                    "R8": 4.175181542523205,
                    "R9": 4.184005961287767,
                    "as": 4.502426655497402,
                    "comp": 32.34491707198322,
                    "dc": 0.03314263932406902
                }
            },
            "std": {
                "reward": 46680,
                "time": 5.467184543609619
            }
        }
    },
    "nb_iterations": 30,
    "pursuit": {
        "it-8": {
            "args": {
                "alpha_seed": 622,
                "beta": 0.1,
                "random_arm_seed": 636,
                "reward_seed": 8,
                "sigma_seed": 543
            },
            "gen-distributed": {
                "reward": 47893,
                "time": 29.674429716076702,
                "time_by_components": {
                    "R0": 2.5956131806597114,
                    "R1": 1.684292960446328,
                    "R2": 1.6616015490144491,
                    "R3": 1.6518398597836494,
                    "R4": 1.65088903112337,
                    "R5": 1.6533241048455238,
                    "R6": 1.6572469677776098,
                    "R7": 1.6522186831571162,
                    "R8": 1.6480545061640441,
                    "R9": 1.6500055100768805,
                    "as": 7.5801871083676815,
                    "comp": 1.563979544211179,
                    "dc": 0
                }
            },
            "gen-secure": {
                "reward": 47893,
                "time": 172.81529728788882,
                "time_by_components": {
                    "R0": 10.899144783150405,
                    "R1": 9.375492362305522,
                    "R2": 8.946356619242579,
                    "R3": 8.808215662837029,
                    "R4": 8.818237223196775,
                    "R5": 8.793688726145774,
                    "R6": 8.741722240578383,
                    "R7": 8.656473678071052,
                    "R8": 8.633843565825373,
                    "R9": 8.715781396720558,
                    "as": 9.37450674828142,
                    "comp": 68.32891414267942,
                    "dc": 0.03359472285956144
                }
            },
            "std": {
                "reward": 47893,