{
    "N": 80000,
    "arms": [
        0.5312831389183457,
        0.4305408271474019,
        0.3647932131495228,
        0.3404029692470838,
        0.3117709437963945,
        0.2799575821845175,
        0.2788971367974549,
        0.2704135737009544,
        0.24602332979851538,
        0.24602332979851538
    ],
    "boltzmann": {
        "it-16": {
            "args": {
                "alpha_seed": 264,
                "random_arm_seed": 732,
                "reward_seed": 16,
                "sigma_seed": 723,
                "tau": 0.06
            },
            "gen-distributed": {
                "reward": 40164,
                "time": 14.601063014008105,
                "time_by_components": {
                    "R0": 1.393059185706079,
                    "R1": 0.8695243177935481,
                    "R2": 0.7794831907376647,
                    "R3": 0.7836789810098708,
                    "R4": 0.7706941468641162,
                    "R5": 0.7624569428153336,
                    "R6": 0.7621842436492443,
                    "R7": 0.759112018160522,
                    "R8": 0.7588124107569456,
                    "R9": 0.7560355328023434,
                    "as": 3.4713998907245696,
                    "comp": 1.2629255424253643,
                    "dc": 0
                }
            },
            "gen-secure": {
                "reward": 40164,
                "time": 78.83438631426543,
                "time_by_components": {
                    "R0": 5.1458097086288035,
                    "R1": 4.304382169619203,
                    "R2": 4.10656347963959,
                    "R3": 4.052660071756691,
                    "R4": 3.994914590381086,
                    "R5": 3.9815205400809646,
                    "R6": 3.9658443927764893,
                    "R7": 3.9591221758164465,
                    "R8": 3.9506734246388078,
                    "R9": 3.943812577519566,
                    "as": 4.094936267938465,
                    "comp": 31.121991782914847,
                    "dc": 0.03324716538190842
                }
            },
            "std": {
                "reward": 40164,
                "time": 5.22990083694458
            }
        }
    },
    "e-greedy": {
        "it-16": {
            "args": {
                "alpha_seed": 574,
                "epsilon": 0.1,
                "epsilon_seed": 321,
                "random_arm_seed": 374,
                "reward_seed": 16,
                "sigma_seed": 681
            },
            "gen-distributed": {
                "reward": 40985,
                "time": 12.964129288680851,
                "time_by_components": {
                    "R0": 1.3408165834844112,
                    "R1": 0.6724533215165138,
                    "R2": 0.6660520271398127,
                    "R3": 0.6651847972534597,
                    "R4": 0.6639179848134518,
                    "R5": 0.6633418621495366,
                    "R6": 0.6631348836235702,
                    "R7": 0.66257537715137,
                    "R8": 0.6625123010016978,
                    "R9": 0.6647015865892172,
                    "as": 3.346973430365324,
                    "comp": 0.31697155721485615,
                    "dc": 0
                }
            },
            "gen-secure": {
                "reward": 40985,
                "time": 73.42822747398168,
                "time_by_components": {
                    "R0": 4.803660171572119,
                    "R1": 3.8758235624991357,
                    "R2": 3.7774895885959268,
                    "R3": 3.7264952096156776,
                    "R4": 3.702611609362066,
                    "R5": 3.6654602964408696,
                    "R6": 3.660574246197939,
                    "R7": 3.65661803772673,
                    "R8": 3.650519439019263,
                    "R9": 3.6526014036498964,
                    "as": 3.9741518604569137,
                    "comp": 28.506859014276415,
                    "dc": 0.033159418031573296
                }
            },
            "std": {
                "reward": 40985,
                "time": 4.69304895401001
            }
        }
    },
    "e-greedy-decreasing": {
        "it-16": {
            "args": {
                "alpha_seed": 574,
                "epsilon_seed": 321,
                "random_arm_seed": 374,
                "reward_seed": 16,
                "sigma_seed": 681
            },
            "gen-distributed": {
                "reward": 41480,
                "time": 13.346322565339506,
                "time_by_components": {
                    "R0": 1.3859677957370877,
                    "R1": 0.6935553662478924,
                    "R2": 0.6855845279060304,
                    "R3": 0.6842994745820761,
                    "R4": 0.6844859551638365,
                    "R5": 0.6844948413781822,
                    "R6": 0.6842720434069633,
                    "R7": 0.6836655796505511,
                    "R8": 0.6843439168296754,
                    "R9": 0.6844653100706637,
                    "as": 3.4250603280961514,
                    "comp": 0.3068567318841815,
                    "dc": 0
                }
            },
            "gen-secure": {
                "reward": 41480,
                "time": 75.79893648484722,
                "time_by_components": {
                    "R0": 4.987570200581104,
                    "R1": 4.01243914058432,
                    "R2": 3.898585392627865,
                    "R3": 3.8476300961337984,
                    "R4": 3.8197731506079435,
                    "R5": 3.807121349964291,
                    "R6": 3.789567180443555,
                    "R7": 3.7818331783637404,
                    "R8": 3.775390174239874,
                    "R9": 3.7733037043362856,
                    "as": 4.140339974779636,
                    "comp": 29.320924887433648,
                    "dc": 0.0331180808134377
                }
            },
            "std": {
                "reward": 41480,
                "time": 4.855165719985962
            }
        }
    },
    "nb_iterations": 30,
    "pursuit": {
        "it-16": {
            "args": {
                "alpha_seed": 264,
                "beta": 0.1,
                "random_arm_seed": 732,
                "reward_seed": 16,
                "sigma_seed": 690
            },
            "gen-distributed": {
                "reward": 42616,
                "time": 27.108482991345227,
                "time_by_components": {
                    "R0": 2.3744051959365606,
                    "R1": 1.5439169011078775,
                    "R2": 1.5160561418160796,
                    "R3": 1.5040941475890577,
                    "R4": 1.5051734317094088,
                    "R5": 1.5045588281936944,
                    "R6": 1.5008313623256981,
                    "R7": 1.4972014813683927,
                    "R8": 1.500981261022389,
                    "R9": 1.501169681083411,
                    "as": 6.8987770224921405,
                    "comp": 1.4373429692350328,
                    "dc": 0
                }
            },
            "gen-secure": {
                "reward": 42616,
                "time": 153.4425962739624,
                "time_by_components": {
                    "R0": 9.585046514868736,
                    "R1": 8.356613230891526,
                    "R2": 8.007744915317744,
                    "R3": 7.880895264446735,
                    "R4": 7.87385283363983,
                    "R5": 7.762782771605998,
                    "R6": 7.756388340611011,
                    "R7": 7.720120833721012,
                    "R8": 7.803004335612059,
                    "R9": 7.70526906568557,
                    "as": 7.9960435051470995,
                    "comp": 60.822255126200616,
                    "dc": 0.03335373243317008
                }
            },
            "std": {
                "reward": 42616,