{
    "N": 60000,
    "arms": [
        0.5312831389183457,
        0.4305408271474019,
        0.3647932131495228,
        0.3404029692470838,
        0.3117709437963945,
        0.2799575821845175,
        0.2788971367974549,
        0.2704135737009544,
        0.24602332979851538,
        0.24602332979851538
    ],
    "boltzmann": {
        "it-18": {
            "args": {
                "alpha_seed": 344,
                "random_arm_seed": 611,
                "reward_seed": 18,
                "sigma_seed": 157,
                "tau": 0.06
            },
            "gen-distributed": {
                "reward": 29363,
                "time": 10.880250154994428,
                "time_by_components": {
                    "R0": 1.005184912122786,
                    "R1": 0.6489230412989855,
                    "R2": 0.6005092873238027,
                    "R3": 0.5942292641848326,
                    "R4": 0.5703715682029724,
                    "R5": 0.5708455755375326,
                    "R6": 0.5697502973489463,
                    "R7": 0.5681708049960434,
                    "R8": 0.5651417253538966,
                    "R9": 0.5729836733080447,
                    "as": 2.601010881830007,
                    "comp": 0.9362068260088563,
                    "dc": 0
                }
            },
            "gen-secure": {
                "reward": 29363,
                "time": 59.56281540635973,
                "time_by_components": {
                    "R0": 3.8590178322046995,
                    "R1": 3.271464880090207,
                    "R2": 3.1382796145044267,
                    "R3": 3.0822460213676095,
                    "R4": 3.0250613926909864,
                    "R5": 3.0179629120975733,
                    "R6": 3.004710190463811,
                    "R7": 3.049899142701179,
                    "R8": 2.9973606690764427,
                    "R9": 3.007964505814016,
                    "as": 3.129515479784459,
                    "comp": 23.30669326055795,
                    "dc": 0.033077540807425976
                }
            },
            "std": {
                "reward": 29363,
                "time": 3.7529234886169434
            }
        }
    },
    "e-greedy": {
        "it-18": {
            "args": {
                "alpha_seed": 925,
                "epsilon": 0.1,
                "epsilon_seed": 560,
                "random_arm_seed": 967,
                "reward_seed": 18,
                "sigma_seed": 523
            },
            "gen-distributed": {
                "reward": 30782,
                "time": 9.74501319322735,
                "time_by_components": {
                    "R0": 1.0065347733907402,
                    "R1": 0.5056301280856133,
                    "R2": 0.5004786290228367,
                    "R3": 0.5012881113216281,
                    "R4": 0.4992737262509763,
                    "R5": 0.5032249568030238,
                    "R6": 0.5020418372005224,
                    "R7": 0.49844003235921264,
                    "R8": 0.4979477212764323,
                    "R9": 0.49711484275758266,
                    "as": 2.501547954045236,
                    "comp": 0.23671293072402477,
                    "dc": 0
                }
            },
            "gen-secure": {
                "reward": 30782,
                "time": 54.010036431252956,
                "time_by_components": {
                    "R0": 3.5467667705379426,
                    "R1": 2.866560144815594,
                    "R2": 2.7900931644253433,
                    "R3": 2.7601560978218913,
                    "R4": 2.7309991088695824,
                    "R5": 2.720845283474773,
                    "R6": 2.7117099124006927,
                    "R7": 2.7117236093617976,
                    "R8": 2.7069098874926567,
                    "R9": 2.7015098379924893,
                    "as": 2.924504103139043,
                    "comp": 20.796786808408797,
                    "dc": 0.033239579759538174
                }
            },
            "std": {
                "reward": 30782,
                "time": 3.6185076236724854
            }
        }
    },
    "e-greedy-decreasing": {
        "it-18": {
            "args": {
                "alpha_seed": 925,
                "epsilon_seed": 560,
                "random_arm_seed": 967,
                "reward_seed": 18,
                "sigma_seed": 523
            },
            "gen-distributed": {
                "reward": 31177,
                "time": 9.905597146134824,
                "time_by_components": {
                    "R0": 1.0343027100898325,
                    "R1": 0.5155406640842557,
                    "R2": 0.5098632709123194,
                    "R3": 0.510218923445791,
                    "R4": 0.5085819913074374,
                    "R5": 0.509032275993377,
                    "R6": 0.5095469579100609,
                    "R7": 0.5085971225053072,
                    "R8": 0.507733712438494,
                    "R9": 0.5091213085688651,
                    "as": 2.5233368524350226,
                    "comp": 0.22546863555908203,
                    "dc": 0
                }
            },
            "gen-secure": {
                "reward": 31177,
                "time": 55.84601086936891,
                "time_by_components": {
                    "R0": 3.700071545317769,
                    "R1": 2.9709366923198104,
                    "R2": 2.8861082727089524,
                    "R3": 2.8587836883962154,
                    "R4": 2.8289113994687796,
                    "R5": 2.812601123470813,
                    "R6": 2.804529643151909,
                    "R7": 2.796517421025783,
                    "R8": 2.790188180282712,
                    "R9": 2.7954852315597236,
                    "as": 2.9936177213676274,
                    "comp": 21.51600496098399,
                    "dc": 0.030384915880858898
                }
            },
            "std": {
                "reward": 31177,
                "time": 3.6068060398101807
            }
        }
    },
    "nb_iterations": 30,
    "pursuit": {
        "it-18": {
            "args": {
                "alpha_seed": 344,
                "beta": 0.1,
                "random_arm_seed": 611,
                "reward_seed": 18,
                "sigma_seed": 137
            },
            "gen-distributed": {
                "reward": 25845,
                "time": 20.259893941227347,
                "time_by_components": {
                    "R0": 1.2236092807725072,
                    "R1": 1.7016591867431998,
                    "R2": 1.137329451739788,
                    "R3": 1.1290292739868164,
                    "R4": 1.126217385288328,
                    "R5": 1.131741770543158,
                    "R6": 1.1287614493630826,
                    "R7": 1.1251094220206141,
                    "R8": 1.1258279499597847,
                    "R9": 1.128154260572046,
                    "as": 5.158610282000154,
                    "comp": 1.060113460291177,
                    "dc": 0
                }
            },
            "gen-secure": {
                "reward": 25845,
                "time": 114.91985193127766,
                "time_by_components": {
                    "R0": 6.625132680870593,
                    "R1": 6.805440899450332,
                    "R2": 6.076976903248578,
                    "R3": 5.934968540910631,
                    "R4": 5.811544696800411,
                    "R5": 5.85776753583923,
                    "R6": 5.847768192645162,
                    "R7": 5.83259550947696,
                    "R8": 5.771915095392615,
                    "R9": 5.82654912956059,
                    "as": 6.237911616452038,
                    "comp": 45.141286465805024,
                    "dc": 0.033647785894572735
                }
            },
            "std": {
                "reward": 25845,