{
    "N": 50000,
    "arms": [
        0.5312831389183457,
        0.4305408271474019,
        0.3647932131495228,
        0.3404029692470838,
        0.3117709437963945,
        0.2799575821845175,
        0.2788971367974549,
        0.2704135737009544,
        0.24602332979851538,
        0.24602332979851538
    ],
    "boltzmann": {
        "it-44": {
            "args": {
                "alpha_seed": 235,
                "random_arm_seed": 967,
                "reward_seed": 44,
                "sigma_seed": 943,
                "tau": 0.06
            },
            "gen-distributed": {
                "reward": 24658,
                "time": 9.247168330010027,
                "time_by_components": {
                    "R0": 0.8580046561546624,
                    "R1": 0.5396697735413909,
                    "R2": 0.5016855741851032,
                    "R3": 0.48869083169847727,
                    "R4": 0.49048689426854253,
                    "R5": 0.4839985752478242,
                    "R6": 0.48686735006049275,
                    "R7": 0.4841675292700529,
                    "R8": 0.47857136791571975,
                    "R9": 0.476071834564209,
                    "as": 2.215779681224376,
                    "comp": 0.8007593094371259,
                    "dc": 0
                }
            },
            "gen-secure": {
                "reward": 24658,
                "time": 49.59831500984728,
                "time_by_components": {
                    "R0": 3.2458657254464924,
                    "R1": 2.733397257514298,
                    "R2": 2.6118575441651046,
                    "R3": 2.56521710800007,
                    "R4": 2.53557605156675,
                    "R5": 2.5221864199265838,
                    "R6": 2.5143404700793326,
                    "R7": 2.5055730524472892,
                    "R8": 2.5215137787163258,
                    "R9": 2.503026533871889,
                    "as": 2.606104471720755,
                    "comp": 19.392087161540985,
                    "dc": 0.03314981097355485
                }
            },
            "std": {
                "reward": 24658,
                "time": 3.325552225112915
            }
        }
    },
    "e-greedy": {
        "it-44": {
            "args": {
                "alpha_seed": 581,
                "epsilon": 0.1,
                "epsilon_seed": 261,
                "random_arm_seed": 586,
                "reward_seed": 44,
                "sigma_seed": 773
            },
            "gen-distributed": {
                "reward": 25679,
                "time": 8.273827895987779,
                "time_by_components": {
                    "R0": 0.8474389906041324,
                    "R1": 0.4250586088746786,
                    "R2": 0.42075275955721736,
                    "R3": 0.4202292957343161,
                    "R4": 0.4199564843438566,
                    "R5": 0.4206540328450501,
                    "R6": 0.4201007531955838,
                    "R7": 0.4194624526426196,
                    "R8": 0.4194007767364383,
                    "R9": 0.42012860625982285,
                    "as": 2.1503187459893525,
                    "comp": 0.20870352955535054,
                    "dc": 0
                }
            },
            "gen-secure": {
                "reward": 25679,
                "time": 45.83917262405157,
                "time_by_components": {
                    "R0": 3.0124702444300056,
                    "R1": 2.4673714102245867,
                    "R2": 2.3881635144352913,
                    "R3": 2.350848427042365,
                    "R4": 2.3192083020694554,
                    "R5": 2.3187223342247307,
                    "R6": 2.3119905972853303,
                    "R7": 2.3061592783778906,
                    "R8": 2.3015452390536666,
                    "R9": 2.2999272281304,
                    "as": 2.4980526380240917,
                    "comp": 17.577492916956544,
                    "dc": 0.03331909514963627
                }
            },
            "std": {
                "reward": 25679,
                "time": 2.99776291847229
            }
        }
    },
    "e-greedy-decreasing": {
        "it-44": {
            "args": {
                "alpha_seed": 109,
                "epsilon_seed": 235,
                "random_arm_seed": 967,
                "reward_seed": 44,
                "sigma_seed": 161
            },
            "gen-distributed": {
                "reward": 25930,
                "time": 8.336207936052233,
                "time_by_components": {
                    "R0": 0.8659319472499192,
                    "R1": 0.43214878533035517,
                    "R2": 0.42768887523561716,
                    "R3": 0.4279927331954241,
                    "R4": 0.42698101606220007,
                    "R5": 0.42860615672543645,
                    "R6": 0.42909169709309936,
                    "R7": 0.4266530037857592,
                    "R8": 0.4269189708866179,
                    "R9": 0.4274637857452035,
                    "as": 2.1297886529937387,
                    "comp": 0.19296509586274624,
                    "dc": 0
                }
            },
            "gen-secure": {
                "reward": 25930,
                "time": 46.62427698913962,
                "time_by_components": {
                    "R0": 3.0932064349763095,
                    "R1": 2.512213650159538,
                    "R2": 2.44702225131914,
                    "R3": 2.388631940819323,
                    "R4": 2.3584011583589017,
                    "R5": 2.407849745824933,
                    "R6": 2.345244526397437,
                    "R7": 2.3395223799161613,
                    "R8": 2.33559232018888,
                    "R9": 2.3332645990885794,
                    "as": 2.4967570300213993,
                    "comp": 17.815822418779135,
                    "dc": 0.03372708288952708
                }
            },
            "std": {
                "reward": 25930,
                "time": 3.101793050765991
            }
        }
    },
    "nb_iterations": 50,
    "pursuit": {
        "it-44": {
            "args": {
                "alpha_seed": 235,
                "beta": 0.1,
                "random_arm_seed": 967,
                "reward_seed": 44,
                "sigma_seed": 161
            },
            "gen-distributed": {
                "reward": 26696,
                "time": 17.026249981019646,
                "time_by_components": {
                    "R0": 1.4721218096092343,
                    "R1": 0.9627211890183389,
                    "R2": 0.9481747676618397,
                    "R3": 0.9454319509677589,
                    "R4": 0.9413569429889321,
                    "R5": 0.9451432726345956,
                    "R6": 0.943070855922997,
                    "R7": 0.9444973552599549,
                    "R8": 0.9424782264977694,
                    "R9": 0.9403584161773324,
                    "as": 4.364518986549228,
                    "comp": 0.9020668538287282,
                    "dc": 0
                }
            },
            "gen-secure": {
                "reward": 26696,
                "time": 95.12820217525586,
                "time_by_components": {
                    "R0": 5.966796014457941,
                    "R1": 5.184374249540269,
                    "R2": 5.011767513118684,
                    "R3": 4.928233287297189,
                    "R4": 4.897572684567422,
                    "R5": 4.888772309292108,
                    "R6": 4.880433263722807,
                    "R7": 4.817057770676911,
                    "R8": 4.806089949328452,
                    "R9": 4.796139414422214,
                    "as": 5.1353483707644045,
                    "comp": 37.2877991264686,
                    "dc": 0.03313428023830056
                }
            },
            "std": {
                "reward": 26696,