{
    "N": 80000,
    "arms": [
        0.5312831389183457,
        0.4305408271474019,
        0.3647932131495228,
        0.3404029692470838,
        0.3117709437963945,
        0.2799575821845175,
        0.2788971367974549,
        0.2704135737009544,
        0.24602332979851538,
        0.24602332979851538
    ],
    "boltzmann": {
        "it-44": {
            "args": {
                "alpha_seed": 603,
                "random_arm_seed": 26,
                "reward_seed": 44,
                "sigma_seed": 426,
                "tau": 0.06
            },
            "gen-distributed": {
                "reward": 40178,
                "time": 14.583565997891128,
                "time_by_components": {
                    "R0": 1.4087435100227594,
                    "R1": 0.8014484355226159,
                    "R2": 0.7948633749037981,
                    "R3": 0.7712573390454054,
                    "R4": 0.7705838154070079,
                    "R5": 0.7640721835196018,
                    "R6": 0.7713223965838552,
                    "R7": 0.7575881090015173,
                    "R8": 0.754677027463913,
                    "R9": 0.7554251998662949,
                    "as": 3.506704029161483,
                    "comp": 1.2528845621272922,
                    "dc": 0
                }
            },
            "gen-secure": {
                "reward": 40178,
                "time": 78.4041319261305,
                "time_by_components": {
                    "R0": 5.128756743390113,
                    "R1": 4.237296327482909,
                    "R2": 4.102115911897272,
                    "R3": 4.023953123018146,
                    "R4": 3.9674808997660875,
                    "R5": 3.9545844956301153,
                    "R6": 3.940304910298437,
                    "R7": 3.945587777066976,
                    "R8": 3.9249785784631968,
                    "R9": 3.929703263565898,
                    "as": 4.175622224807739,
                    "comp": 30.956492266152054,
                    "dc": 0.03319918690249324
                }
            },
            "std": {
                "reward": 40178,
                "time": 5.330678701400757
            }
        }
    },
    "e-greedy": {
        "it-44": {
            "args": {
                "alpha_seed": 893,
                "epsilon": 0.1,
                "epsilon_seed": 922,
                "random_arm_seed": 736,
                "reward_seed": 44,
                "sigma_seed": 481
            },
            "gen-distributed": {
                "reward": 40958,
                "time": 13.148509488906711,
                "time_by_components": {
                    "R0": 1.3501104800961912,
                    "R1": 0.6746186334639788,
                    "R2": 0.6692897141911089,
                    "R3": 0.671555926091969,
                    "R4": 0.6647739275358617,
                    "R5": 0.6660493495874107,
                    "R6": 0.6658499580807984,
                    "R7": 0.6645379182882607,
                    "R8": 0.6642369641922414,
                    "R9": 0.6640223721042275,
                    "as": 3.428116322029382,
                    "comp": 0.3283294988796115,
                    "dc": 0
                }
            },
            "gen-secure": {
                "reward": 40958,
                "time": 72.8806645940058,
                "time_by_components": {
                    "R0": 4.7663742722943425,
                    "R1": 3.8471504487097263,
                    "R2": 3.737753758672625,
                    "R3": 3.7089269277639687,
                    "R4": 3.6581174666061997,
                    "R5": 3.6396247264929116,
                    "R6": 3.628327142447233,
                    "R7": 3.6345177250914276,
                    "R8": 3.618861256632954,
                    "R9": 3.6166330534033477,
                    "as": 4.006769409868866,
                    "comp": 28.308013955131173,
                    "dc": 0.029322235379368067
                }
            },
            "std": {
                "reward": 40958,
                "time": 4.874696969985962
            }
        }
    },
    "e-greedy-decreasing": {
        "it-44": {
            "args": {
                "alpha_seed": 582,
                "epsilon_seed": 603,
                "random_arm_seed": 26,
                "reward_seed": 44,
                "sigma_seed": 37
            },
            "gen-distributed": {
                "reward": 41513,
                "time": 13.347583689261228,
                "time_by_components": {
                    "R0": 1.3861354286782444,
                    "R1": 0.691111667547375,
                    "R2": 0.6845601876266301,
                    "R3": 0.6828153836540878,
                    "R4": 0.6824528314173222,
                    "R5": 0.6825175364501774,
                    "R6": 0.6845533978193998,
                    "R7": 0.6833216659724712,
                    "R8": 0.6841410892084241,
                    "R9": 0.6841728030703962,
                    "as": 3.4268901217728853,
                    "comp": 0.3042706991545856,
                    "dc": 0
                }
            },
            "gen-secure": {
                "reward": 41513,
                "time": 73.99061546986923,
                "time_by_components": {
                    "R0": 4.8899618606083095,
                    "R1": 3.9167465162463486,
                    "R2": 3.8088028263300657,
                    "R3": 3.781963249668479,
                    "R4": 3.7181777684018016,
                    "R5": 3.7188990777358413,
                    "R6": 3.697924703359604,
                    "R7": 3.6905645322985947,
                    "R8": 3.683638267684728,
                    "R9": 3.6890310174785554,
                    "as": 4.023674468509853,
                    "comp": 28.59022939298302,
                    "dc": 0.033220284152776
                }
            },
            "std": {
                "reward": 41513,
                "time": 4.879835367202759
            }
        }
    },
    "nb_iterations": 50,
    "pursuit": {
        "it-44": {
            "args": {
                "alpha_seed": 603,
                "beta": 0.1,
                "random_arm_seed": 26,
                "reward_seed": 44,
                "sigma_seed": 37
            },
            "gen-distributed": {
                "reward": 42611,
                "time": 27.04158938024193,
                "time_by_components": {
                    "R0": 2.3403841839171946,
                    "R1": 1.5294731725007296,
                    "R2": 1.5030776052735746,
                    "R3": 1.5007411581464112,
                    "R4": 1.4926168802194297,
                    "R5": 1.500411064364016,
                    "R6": 1.4984132568351924,
                    "R7": 1.4964730483479798,
                    "R8": 1.4938349891453981,
                    "R9": 1.497898613102734,
                    "as": 6.945152642671019,
                    "comp": 1.4185585621744394,
                    "dc": 0
                }
            },
            "gen-secure": {
                "reward": 42611,
                "time": 151.38615683000535,
                "time_by_components": {
                    "R0": 9.448593437206,
                    "R1": 8.22647068835795,
                    "R2": 7.924958889372647,
                    "R3": 7.801418106537312,
                    "R4": 7.72665754519403,
                    "R5": 7.7140095410868526,
                    "R6": 7.704541998915374,
                    "R7": 7.660331862512976,
                    "R8": 7.612544837407768,
                    "R9": 7.599902314133942,
                    "as": 8.257330307736993,
                    "comp": 59.64368448406458,
                    "dc": 0.033532775938510895
                }
            },
            "std": {
                "reward": 42611,