{
    "N": 100000,
    "arms": [
        0.5312831389183457,
        0.4305408271474019,
        0.3647932131495228,
        0.3404029692470838,
        0.3117709437963945,
        0.2799575821845175,
        0.2788971367974549,
        0.2704135737009544,
        0.24602332979851538,
        0.24602332979851538,
        0.23966065747614,
        0.23860021208907742,
        0.23223753976670203,
        0.22375397667020147,
        0.21208907741251326,
        0.19936373276776245,
        0.17709437963944857,
        0.17709437963944857,
        0.17179215270413573,
        0.16861081654294804
    ],
    "boltzmann": {
        "it-18": {
            "args": {
                "alpha_seed": 370,
                "random_arm_seed": 167,
                "reward_seed": 18,
                "sigma_seed": 886,
                "tau": 0.06
            },
            "gen-distributed": {
                "reward": 48199,
                "time": 30.02149611385539,
                "time_by_components": {
                    "R0": 1.687090584076941,
                    "R1": 1.073523947969079,
                    "R10": 0.9483750252984464,
                    "R11": 0.9424647018313408,
                    "R12": 0.9484340902417898,
                    "R13": 0.9526614216156304,
                    "R14": 0.9485832233913243,
                    "R15": 0.9485525819472969,
                    "R16": 0.9476669174619019,
                    "R17": 0.9439602168276906,
                    "R18": 0.9425718910060823,
                    "R19": 0.9420973877422512,
                    "R2": 0.995415358338505,
                    "R3": 0.9634867985732853,
                    "R4": 0.9529007864184678,
                    "R5": 0.9597931602038443,
                    "R6": 0.9645882188342512,
                    "R7": 0.95130605250597,
                    "R8": 0.9529737797565758,
                    "R9": 0.9525928269140422,
                    "as": 5.238607749342918,
                    "comp": 1.71496775560081,
                    "dc": 0
                }
            },
            "gen-secure": {
                "reward": 48199,
                "time": 183.7660672608763,
                "time_by_components": {
                    "R0": 6.399842626415193,
                    "R1": 5.338998099789023,
                    "R10": 4.854634096380323,
                    "R11": 4.839505175128579,
                    "R12": 4.834841830190271,
                    "R13": 4.857047628611326,
                    "R14": 4.825636420398951,
                    "R15": 4.819635097868741,
                    "R16": 4.818829107098281,
                    "R17": 4.835172786843032,
                    "R18": 4.838103069923818,
                    "R19": 4.821569513063878,
                    "R2": 5.098481521010399,
                    "R3": 4.998569632414728,
                    "R4": 4.912989930715412,
                    "R5": 4.905218412633985,
                    "R6": 4.884789614006877,
                    "R7": 4.863061711657792,
                    "R8": 4.85657799243927,
                    "R9": 4.849923446774483,
                    "as": 6.247108032926917,
                    "comp": 73.4755571167916,
                    "dc": 0.03320438973605633
                }
            },
            "std": {
                "reward": 48199,
                "time": 7.835898160934448
            }
        }
    },
    "e-greedy": {
        "it-18": {
            "args": {
                "alpha_seed": 219,
                "epsilon": 0.1,
                "epsilon_seed": 98,
                "random_arm_seed": 868,
                "reward_seed": 18,
                "sigma_seed": 955
            },
            "gen-distributed": {
                "reward": 50529,
                "time": 26.902367684058845,
                "time_by_components": {
                    "R0": 1.693472933024168,
                    "R1": 0.8534691883251071,
                    "R10": 0.8317410638555884,
                    "R11": 0.831298706587404,
                    "R12": 0.8315839190036058,
                    "R13": 0.8312365836463869,
                    "R14": 0.830847145523876,
                    "R15": 0.8310638759285212,
                    "R16": 0.8332370542921126,
                    "R17": 0.8308194843120873,
                    "R18": 0.8320113965310156,
                    "R19": 0.8306794590316713,
                    "R2": 0.8350481423549354,
                    "R3": 0.8325993716716766,
                    "R4": 0.8313981257379055,
                    "R5": 0.8396313679404557,
                    "R6": 0.8359233275987208,
                    "R7": 0.8342693392187357,
                    "R8": 0.8404065556824207,
                    "R9": 0.83187610283494,
                    "as": 5.137616852298379,
                    "comp": 0.5009501986205578,
                    "dc": 0
                }
            },
            "gen-secure": {
                "reward": 50529,
                "time": 172.586035259068,
                "time_by_components": {
                    "R0": 6.157800744753331,
                    "R1": 4.857963738963008,
                    "R10": 4.503265195991844,
                    "R11": 4.499006920028478,
                    "R12": 4.492913889233023,
                    "R13": 4.487720889039338,
                    "R14": 4.4856410273350775,
                    "R15": 4.494330703280866,
                    "R16": 4.484487866517156,
                    "R17": 4.484918967355043,
                    "R18": 4.4820790737867355,
                    "R19": 4.493177228607237,
                    "R2": 4.688924063928425,
                    "R3": 4.62557880859822,
                    "R4": 4.5555371548980474,
                    "R5": 4.553288475610316,
                    "R6": 4.540333261713386,
                    "R7": 4.525761746801436,
                    "R8": 4.51729533681646,
                    "R9": 4.511586450971663,
                    "as": 6.1407848806120455,
                    "comp": 68.74791979743168,
                    "dc": 0.033238156232982874
                }
            },
            "std": {
                "reward": 50529,
                "time": 7.106677770614624
            }
        }
    },
    "e-greedy-decreasing": {
        "it-18": {
            "args": {
                "alpha_seed": 272,
                "epsilon_seed": 370,
                "random_arm_seed": 167,
                "reward_seed": 18,
                "sigma_seed": 930
            },
            "gen-distributed": {
                "reward": 51431,
                "time": 27.72788186883554,
                "time_by_components": {
                    "R0": 1.7550625251606107,
                    "R1": 0.8770457999780774,
                    "R10": 0.8631362714804709,
                    "R11": 0.8634909158572555,
                    "R12": 0.8631048812530935,
                    "R13": 0.8617533221840858,
                    "R14": 0.8625076711177826,
                    "R15": 0.8640201641246676,
                    "R16": 0.8616485437378287,
                    "R17": 0.8624354628846049,
                    "R18": 0.8640937930904329,
                    "R19": 0.8618411980569363,
                    "R2": 0.8684014277532697,
                    "R3": 0.8641586722806096,
                    "R4": 0.8624923410825431,
                    "R5": 0.8670189236290753,
                    "R6": 0.8637129589915276,
                    "R7": 0.8648055191151798,
                    "R8": 0.8628923152573407,
                    "R9": 0.8668611301109195,
                    "as": 5.207360848318785,
                    "comp": 0.4848992223851383,
                    "dc": 0
                }
            },
            "gen-secure": {
                "reward": 51431,
                "time": 175.79678301513195,
                "time_by_components": {
                    "R0": 6.259272547438741,