{
    "N": 80000,
    "arms": [
        0.5312831389183457,
        0.4305408271474019,
        0.3647932131495228,
        0.3404029692470838,
        0.3117709437963945,
        0.2799575821845175,
        0.2788971367974549,
        0.2704135737009544,
        0.24602332979851538,
        0.24602332979851538
    ],
    "boltzmann": {
        "it-2": {
            "args": {
                "alpha_seed": 724,
                "random_arm_seed": 64,
                "reward_seed": 2,
                "sigma_seed": 522,
                "tau": 0.06
            },
            "gen-distributed": {
                "reward": 40153,
                "time": 14.48863486200571,
                "time_by_components": {
                    "R0": 1.3755492083728313,
                    "R1": 0.8848807644098997,
                    "R2": 0.7828076025471091,
                    "R3": 0.7616081391461194,
                    "R4": 0.7585701486095786,
                    "R5": 0.7681531454436481,
                    "R6": 0.7551661035977304,
                    "R7": 0.758930685929954,
                    "R8": 0.7544942852109671,
                    "R9": 0.7542788507416844,
                    "as": 3.4459153218194842,
                    "comp": 1.2374145411886275,
                    "dc": 0
                }
            },
            "gen-secure": {
                "reward": 40153,
                "time": 76.27256104676053,
                "time_by_components": {
                    "R0": 4.9447919158264995,
                    "R1": 4.17979065515101,
                    "R2": 3.9839314119890332,
                    "R3": 3.9065156299620867,
                    "R4": 3.851980058476329,
                    "R5": 3.848770521581173,
                    "R6": 3.82611469598487,
                    "R7": 3.83020983915776,
                    "R8": 3.8228711136616766,
                    "R9": 3.809081920888275,
                    "as": 3.971399719361216,
                    "comp": 30.14106923993677,
                    "dc": 0.03311280766502023
                }
            },
            "std": {
                "reward": 40153,
                "time": 5.224606513977051
            }
        }
    },
    "e-greedy": {
        "it-2": {
            "args": {
                "alpha_seed": 111,
                "epsilon": 0.1,
                "epsilon_seed": 720,
                "random_arm_seed": 236,
                "reward_seed": 2,
                "sigma_seed": 109
            },
            "gen-distributed": {
                "reward": 41061,
                "time": 13.09993599075824,
                "time_by_components": {
                    "R0": 1.3501108838245273,
                    "R1": 0.6776980850845575,
                    "R2": 0.6719939075410366,
                    "R3": 0.6684039090760052,
                    "R4": 0.6690521715208888,
                    "R5": 0.6687790267169476,
                    "R6": 0.6703023398295045,
                    "R7": 0.669702464248985,
                    "R8": 0.6680971710011363,
                    "R9": 0.6678478298708797,
                    "as": 3.3725144038908184,
                    "comp": 0.3236816502176225,
                    "dc": 0
                }
            },
            "gen-secure": {
                "reward": 41061,
                "time": 73.05791249405593,
                "time_by_components": {
                    "R0": 4.774812336079776,
                    "R1": 3.8555395477451384,
                    "R2": 3.7463701786473393,
                    "R3": 3.71442340221256,
                    "R4": 3.6630381010472775,
                    "R5": 3.6481541134417057,
                    "R6": 3.6392524777911603,
                    "R7": 3.6578800762072206,
                    "R8": 3.642566729336977,
                    "R9": 3.6222873888909817,
                    "as": 3.9630742124281824,
                    "comp": 28.339968861546367,
                    "dc": 0.033149297814816236
                }
            },
            "std": {
                "reward": 41061,
                "time": 4.807881593704224
            }
        }
    },
    "e-greedy-decreasing": {
        "it-2": {
            "args": {
                "alpha_seed": 111,
                "epsilon_seed": 720,
                "random_arm_seed": 236,
                "reward_seed": 2,
                "sigma_seed": 109
            },
            "gen-distributed": {
                "reward": 41545,
                "time": 13.461422638967633,
                "time_by_components": {
                    "R0": 1.3967687669210136,
                    "R1": 0.6974469823762774,
                    "R2": 0.6929304981604218,
                    "R3": 0.6883730860427022,
                    "R4": 0.6894123046658933,
                    "R5": 0.6935168206691742,
                    "R6": 0.6903421133756638,
                    "R7": 0.6878328868187964,
                    "R8": 0.6882587275467813,
                    "R9": 0.6899659121409059,
                    "as": 3.4297950845211744,
                    "comp": 0.30613692523911595,
                    "dc": 0
                }
            },
            "gen-secure": {
                "reward": 41545,
                "time": 74.07211462594569,
                "time_by_components": {
                    "R0": 4.895238360390067,
                    "R1": 3.942785706371069,
                    "R2": 3.819188905879855,
                    "R3": 3.7751381499692798,
                    "R4": 3.7296314076520503,
                    "R5": 3.7143457564525306,
                    "R6": 3.722568978089839,
                    "R7": 3.702782331034541,
                    "R8": 3.694797736592591,
                    "R9": 3.6921794968657196,
                    "as": 4.030844056978822,
                    "comp": 28.55669347057119,
                    "dc": 0.033651439007371664
                }
            },
            "std": {
                "reward": 41545,
                "time": 4.82913613319397
            }
        }
    },
    "nb_iterations": 30,
    "pursuit": {
        "it-2": {
            "args": {
                "alpha_seed": 724,
                "beta": 0.1,
                "random_arm_seed": 64,
                "reward_seed": 2,
                "sigma_seed": 833
            },
            "gen-distributed": {
                "reward": 42613,
                "time": 26.86212192615494,
                "time_by_components": {
                    "R0": 2.353626772761345,
                    "R1": 1.5308571234345436,
                    "R2": 1.505952104460448,
                    "R3": 1.49958898127079,
                    "R4": 1.4958477304317057,
                    "R5": 1.50091732153669,
                    "R6": 1.499380934983492,
                    "R7": 1.4983773077838123,
                    "R8": 1.496020633727312,
                    "R9": 1.4973689992912114,
                    "as": 6.812723007518798,
                    "comp": 1.4119739746674895,
                    "dc": 0
                }
            },
            "gen-secure": {
                "reward": 42613,
                "time": 151.35213664593175,
                "time_by_components": {
                    "R0": 9.49513808498159,
                    "R1": 8.265483353752643,
                    "R2": 7.908206682186574,
                    "R3": 7.770528165623546,
                    "R4": 7.6553870504722,
                    "R5": 7.716869642958045,
                    "R6": 7.6174476044252515,
                    "R7": 7.672806795686483,
                    "R8": 7.598243299406022,
                    "R9": 7.583733818959445,
                    "as": 8.13635483942926,
                    "comp": 59.76308523397893,
                    "dc": 0.033052381593734026
                }
            },
            "std": {
                "reward": 42613,