{
    "N": 100000,
    "arms": [
        0.5312831389183457,
        0.4305408271474019,
        0.3647932131495228,
        0.3404029692470838,
        0.3117709437963945,
        0.2799575821845175,
        0.2788971367974549,
        0.2704135737009544,
        0.24602332979851538,
        0.24602332979851538,
        0.23966065747614,
        0.23860021208907742,
        0.23223753976670203,
        0.22375397667020147,
        0.21208907741251326,
        0.19936373276776245,
        0.17709437963944857,
        0.17709437963944857,
        0.17179215270413573,
        0.16861081654294804
    ],
    "boltzmann": {
        "it-5": {
            "args": {
                "alpha_seed": 757,
                "random_arm_seed": 757,
                "reward_seed": 5,
                "sigma_seed": 433,
                "tau": 0.06
            },
            "gen-distributed": {
                "reward": 48895,
                "time": 30.068718760740012,
                "time_by_components": {
                    "R0": 1.7054731650277972,
                    "R1": 1.075381962582469,
                    "R10": 0.946200430393219,
                    "R11": 0.9447348709218204,
                    "R12": 0.9483956731855869,
                    "R13": 0.9494257848709822,
                    "R14": 0.9443976683542132,
                    "R15": 0.9442037791013718,
                    "R16": 0.9451237404718995,
                    "R17": 0.9466926017776132,
                    "R18": 0.945551058743149,
                    "R19": 0.9417796079069376,
                    "R2": 0.9906324781477451,
                    "R3": 0.9784200466237962,
                    "R4": 0.9570944970473647,
                    "R5": 0.9587777024134994,
                    "R6": 0.9614366795867682,
                    "R7": 0.9619272770360112,
                    "R8": 0.9475687607191503,
                    "R9": 0.9503415543586016,
                    "as": 5.251889402978122,
                    "comp": 1.7271676464006305,
                    "dc": 0
                }
            },
            "gen-secure": {
                "reward": 48895,
                "time": 185.3092036289163,
                "time_by_components": {
                    "R0": 6.493933943100274,
                    "R1": 5.410283493343741,
                    "R10": 4.872117608785629,
                    "R11": 4.870184488594532,
                    "R12": 4.864391838666052,
                    "R13": 4.85601589968428,
                    "R14": 4.859992457088083,
                    "R15": 4.860224185977131,
                    "R16": 4.855815144255757,
                    "R17": 4.850033111404628,
                    "R18": 4.892935470677912,
                    "R19": 4.8597574988380075,
                    "R2": 5.121880700811744,
                    "R3": 5.032223564572632,
                    "R4": 4.933066050987691,
                    "R5": 4.942067457828671,
                    "R6": 4.938916128594428,
                    "R7": 4.893215311225504,
                    "R8": 4.8823771039023995,
                    "R9": 4.8905086955055594,
                    "as": 6.332561376970261,
                    "comp": 74.21505859307945,
                    "dc": 0.03319271095097065
                }
            },
            "std": {
                "reward": 48895,
                "time": 7.857575416564941
            }
        }
    },
    "e-greedy": {
        "it-5": {
            "args": {
                "alpha_seed": 315,
                "epsilon": 0.1,
                "epsilon_seed": 10,
                "random_arm_seed": 767,
                "reward_seed": 5,
                "sigma_seed": 44
            },
            "gen-distributed": {
                "reward": 50140,
                "time": 26.86518167005852,
                "time_by_components": {
                    "R0": 1.6709281983785331,
                    "R1": 0.8707423149608076,
                    "R10": 0.83029530569911,
                    "R11": 0.8301382544450462,
                    "R12": 0.8303044177591801,
                    "R13": 0.831120980437845,
                    "R14": 0.8325118841603398,
                    "R15": 0.8288292833603919,
                    "R16": 0.8282700278796256,
                    "R17": 0.8284399919211864,
                    "R18": 0.8311963891610503,
                    "R19": 0.8287889678031206,
                    "R2": 0.8427832862362266,
                    "R3": 0.8400766337290406,
                    "R4": 0.8331493982113898,
                    "R5": 0.8353484789840877,
                    "R6": 0.8308660197071731,
                    "R7": 0.8321657180786133,
                    "R8": 0.8300046366639435,
                    "R9": 0.831786404363811,
                    "as": 5.110354410018772,
                    "comp": 0.4984955987893045,
                    "dc": 0
                }
            },
            "gen-secure": {
                "reward": 50140,
                "time": 173.1269120182842,
                "time_by_components": {
                    "R0": 6.141068582888693,
                    "R1": 4.893602689728141,
                    "R10": 4.507243008818477,
                    "R11": 4.500598731916398,
                    "R12": 4.502176229842007,
                    "R13": 4.498039186000824,
                    "R14": 4.496137458831072,
                    "R15": 4.491320845670998,
                    "R16": 4.523329470306635,
                    "R17": 4.504140852484852,
                    "R18": 4.491903365589678,
                    "R19": 4.501658482011408,
                    "R2": 4.701609948184341,
                    "R3": 4.627827174495906,
                    "R4": 4.557846270035952,
                    "R5": 4.571262356825173,
                    "R6": 4.548407142516226,
                    "R7": 4.534200440626591,
                    "R8": 4.521527030970901,
                    "R9": 4.515584582462907,
                    "as": 6.1780904908664525,
                    "comp": 69.10948467999697,
                    "dc": 0.03332369029521942
                }
            },
            "std": {
                "reward": 50140,
                "time": 7.3016135692596436
            }
        }
    },
    "e-greedy-decreasing": {
        "it-5": {
            "args": {
                "alpha_seed": 78,
                "epsilon_seed": 757,
                "random_arm_seed": 757,
                "reward_seed": 5,
                "sigma_seed": 939
            },
            "gen-distributed": {
                "reward": 51026,
                "time": 27.445848596747965,
                "time_by_components": {
                    "R0": 1.712928667664528,
                    "R1": 0.9063052460551262,
                    "R10": 0.8599006924778223,
                    "R11": 0.8571839053183794,
                    "R12": 0.8539180820807815,
                    "R13": 0.8585035195574164,
                    "R14": 0.855742032174021,
                    "R15": 0.8564152806065977,
                    "R16": 0.855100508313626,
                    "R17": 0.8562746993266046,
                    "R18": 0.856562037486583,
                    "R19": 0.8558311644010246,
                    "R2": 0.8591355187818408,
                    "R3": 0.8582763108424842,
                    "R4": 0.8561173416674137,
                    "R5": 0.8604222321882844,
                    "R6": 0.8578363475389779,
                    "R7": 0.8576943445950747,
                    "R8": 0.8562190132215619,
                    "R9": 0.8579888250678778,
                    "as": 5.113171981181949,
                    "comp": 0.4695111569017172,
                    "dc": 0
                }
            },
            "gen-secure": {
                "reward": 51026,
                "time": 173.79420124320313,
                "time_by_components": {
                    "R0": 6.118961226195097,