{
    "N": 50000,
    "arms": [
        0.5312831389183457,
        0.4305408271474019,
        0.3647932131495228,
        0.3404029692470838,
        0.3117709437963945,
        0.2799575821845175,
        0.2788971367974549,
        0.2704135737009544,
        0.24602332979851538,
        0.24602332979851538
    ],
    "boltzmann": {
        "it-8": {
            "args": {
                "alpha_seed": 52,
                "random_arm_seed": 475,
                "reward_seed": 8,
                "sigma_seed": 866,
                "tau": 0.06
            },
            "gen-distributed": {
                "reward": 25242,
                "time": 9.107574003282934,
                "time_by_components": {
                    "R0": 0.8931544320657849,
                    "R1": 0.5077547850087285,
                    "R2": 0.48328322591260076,
                    "R3": 0.4889125404879451,
                    "R4": 0.48220855090767145,
                    "R5": 0.4820450386032462,
                    "R6": 0.4735412751324475,
                    "R7": 0.47230555675923824,
                    "R8": 0.4731330187059939,
                    "R9": 0.47759660007432103,
                    "as": 2.1811786014586687,
                    "comp": 0.7876652567647398,
                    "dc": 0
                }
            },
            "gen-secure": {
                "reward": 25242,
                "time": 49.273899373132735,
                "time_by_components": {
                    "R0": 3.2158292732201517,
                    "R1": 2.6665263306349516,
                    "R2": 2.5923561030067503,
                    "R3": 2.579391268081963,
                    "R4": 2.5695820744149387,
                    "R5": 2.5013452023267746,
                    "R6": 2.4845976503565907,
                    "R7": 2.4805442793294787,
                    "R8": 2.50245649414137,
                    "R9": 2.52477122657001,
                    "as": 2.5201175725087523,
                    "comp": 19.26334155211225,
                    "dc": 0.03333073202520609
                }
            },
            "std": {
                "reward": 25242,
                "time": 3.179236650466919
            }
        }
    },
    "e-greedy": {
        "it-8": {
            "args": {
                "alpha_seed": 717,
                "epsilon": 0.1,
                "epsilon_seed": 447,
                "random_arm_seed": 56,
                "reward_seed": 8,
                "sigma_seed": 127
            },
            "gen-distributed": {
                "reward": 25626,
                "time": 8.186430378817022,
                "time_by_components": {
                    "R0": 0.8463587919250131,
                    "R1": 0.42490724427625537,
                    "R2": 0.41955219116061926,
                    "R3": 0.41805475670844316,
                    "R4": 0.41799365309998393,
                    "R5": 0.41792356921359897,
                    "R6": 0.4196140873245895,
                    "R7": 0.4175546979531646,
                    "R8": 0.41689934162423015,
                    "R9": 0.41605326207354665,
                    "as": 2.1071690008975565,
                    "comp": 0.20261727971956134,
                    "dc": 0
                }
            },
            "gen-secure": {
                "reward": 25626,
                "time": 46.83985948981717,
                "time_by_components": {
                    "R0": 3.093941048718989,
                    "R1": 2.4905200242064893,
                    "R2": 2.4281526929698884,
                    "R3": 2.3988367589190602,
                    "R4": 2.3717361027374864,
                    "R5": 2.3626447170972824,
                    "R6": 2.3580044312402606,
                    "R7": 2.353307684417814,
                    "R8": 2.350790839176625,
                    "R9": 2.397253348492086,
                    "as": 2.5332747562788427,
                    "comp": 17.91351203294471,
                    "dc": 0.033076333813369274
                }
            },
            "std": {
                "reward": 25626,
                "time": 2.9849770069122314
            }
        }
    },
    "e-greedy-decreasing": {
        "it-8": {
            "args": {
                "alpha_seed": 717,
                "epsilon_seed": 447,
                "random_arm_seed": 56,
                "reward_seed": 8,
                "sigma_seed": 127
            },
            "gen-distributed": {
                "reward": 25921,
                "time": 8.331006526947021,
                "time_by_components": {
                    "R0": 0.8661122606135905,
                    "R1": 0.4323024838231504,
                    "R2": 0.42735451832413673,
                    "R3": 0.42645443277433515,
                    "R4": 0.427845511585474,
                    "R5": 0.4272532812319696,
                    "R6": 0.4278285475447774,
                    "R7": 0.4271744997240603,
                    "R8": 0.4258737778291106,
                    "R9": 0.42633851198479533,
                    "as": 2.1308254934847355,
                    "comp": 0.1918892441317439,
                    "dc": 0
                }
            },
            "gen-secure": {
                "reward": 25921,
                "time": 46.82250622101128,
                "time_by_components": {
                    "R0": 3.100817744154483,
                    "R1": 2.5344975953921676,
                    "R2": 2.434511948376894,
                    "R3": 2.3970362385734916,
                    "R4": 2.4004230233840644,
                    "R5": 2.3846154706552625,
                    "R6": 2.3553723292425275,
                    "R7": 2.360760514624417,
                    "R8": 2.3491223361343145,
                    "R9": 2.345689758192748,
                    "as": 2.5387847861275077,
                    "comp": 17.87009394587949,
                    "dc": 0.03317815903574228
                }
            },
            "std": {
                "reward": 25921,
                "time": 3.04219126701355
            }
        }
    },
    "nb_iterations": 30,
    "pursuit": {
        "it-8": {
            "args": {
                "alpha_seed": 52,
                "beta": 0.1,
                "random_arm_seed": 475,
                "reward_seed": 8,
                "sigma_seed": 244
            },
            "gen-distributed": {
                "reward": 26690,
                "time": 16.80180907063186,
                "time_by_components": {
                    "R0": 1.4706205283291638,
                    "R1": 0.9567983574233949,
                    "R2": 0.9404874718748033,
                    "R3": 0.9375760238617659,
                    "R4": 0.9354382175952196,
                    "R5": 0.9383846540004015,
                    "R6": 0.9373975768685341,
                    "R7": 0.9356382032856345,
                    "R8": 0.93601577822119,
                    "R9": 0.9377314695157111,
                    "as": 4.276539747137576,
                    "comp": 0.8807265153154731,
                    "dc": 0
                }
            },
            "gen-secure": {
                "reward": 26690,
                "time": 96.04715013504028,
                "time_by_components": {
                    "R0": 6.028452697675675,
                    "R1": 5.202372309751809,
                    "R2": 5.055583900306374,
                    "R3": 4.9407535013742745,
                    "R4": 4.927293094806373,
                    "R5": 4.919740856159478,
                    "R6": 4.858615186531097,
                    "R7": 4.8874088898301125,
                    "R8": 4.85824758047238,
                    "R9": 4.912534883711487,
                    "as": 5.129576473962516,
                    "comp": 37.712183880619705,
                    "dc": 0.0330516928806901
                }
            },
            "std": {
                "reward": 26690,