{
    "N": 90000,
    "arms": [
        0.5312831389183457,
        0.4305408271474019,
        0.3647932131495228,
        0.3404029692470838,
        0.3117709437963945,
        0.2799575821845175,
        0.2788971367974549,
        0.2704135737009544,
        0.24602332979851538,
        0.24602332979851538
    ],
    "boltzmann": {
        "it-5": {
            "args": {
                "alpha_seed": 71,
                "random_arm_seed": 924,
                "reward_seed": 5,
                "sigma_seed": 383,
                "tau": 0.06
            },
            "gen-distributed": {
                "reward": 43928,
                "time": 16.318279621656984,
                "time_by_components": {
                    "R0": 1.4869587612338364,
                    "R1": 1.0102650048211217,
                    "R2": 0.9004852455109358,
                    "R3": 0.8763181399554014,
                    "R4": 0.861792822368443,
                    "R5": 0.8522413754835725,
                    "R6": 0.8533498360775411,
                    "R7": 0.8514876854605973,
                    "R8": 0.8532428769394755,
                    "R9": 0.8461889578029513,
                    "as": 3.8922597495839,
                    "comp": 1.4067709329538047,
                    "dc": 0
                }
            },
            "gen-secure": {
                "reward": 43928,
                "time": 87.96961862500757,
                "time_by_components": {
                    "R0": 5.615297868382186,
                    "R1": 4.845415808260441,
                    "R2": 4.627892432268709,
                    "R3": 4.521068400237709,
                    "R4": 4.4448755630292,
                    "R5": 4.443611349444836,
                    "R6": 4.418058261740953,
                    "R7": 4.401543447282165,
                    "R8": 4.395856256596744,
                    "R9": 4.388368809595704,
                    "as": 4.645897447597235,
                    "comp": 34.73314289469272,
                    "dc": 0.03321224823594093
                }
            },
            "std": {
                "reward": 43928,
                "time": 5.879988670349121
            }
        }
    },
    "e-greedy": {
        "it-5": {
            "args": {
                "alpha_seed": 499,
                "epsilon": 0.1,
                "epsilon_seed": 429,
                "random_arm_seed": 473,
                "reward_seed": 5,
                "sigma_seed": 264
            },
            "gen-distributed": {
                "reward": 46002,
                "time": 14.739169722888619,
                "time_by_components": {
                    "R0": 1.5166603634133935,
                    "R1": 0.7613401818089187,
                    "R2": 0.7523286808282137,
                    "R3": 0.751503502484411,
                    "R4": 0.7516235262155533,
                    "R5": 0.7523417584598064,
                    "R6": 0.7519087949767709,
                    "R7": 0.7533254716545343,
                    "R8": 0.7511188737116754,
                    "R9": 0.7496957471594214,
                    "as": 3.8009869740344584,
                    "comp": 0.3656756435520947,
                    "dc": 0
                }
            },
            "gen-secure": {
                "reward": 46002,
                "time": 82.31019111489877,
                "time_by_components": {
                    "R0": 5.384323567617685,
                    "R1": 4.337736254092306,
                    "R2": 4.248462081886828,
                    "R3": 4.162495872937143,
                    "R4": 4.118204888887703,
                    "R5": 4.112123805563897,
                    "R6": 4.094384966883808,
                    "R7": 4.089099875185639,
                    "R8": 4.084812211338431,
                    "R9": 4.088649861514568,
                    "as": 4.478926066774875,
                    "comp": 31.968173916917294,
                    "dc": 0.033481146674603224
                }
            },
            "std": {
                "reward": 46002,
                "time": 5.057602405548096
            }
        }
    },
    "e-greedy-decreasing": {
        "it-5": {
            "args": {
                "alpha_seed": 499,
                "epsilon_seed": 429,
                "random_arm_seed": 473,
                "reward_seed": 5,
                "sigma_seed": 264
            },
            "gen-distributed": {
                "reward": 46617,
                "time": 14.89614453818649,
                "time_by_components": {
                    "R0": 1.556420317851007,
                    "R1": 0.7738152267411351,
                    "R2": 0.7683385536074638,
                    "R3": 0.7669012183323503,
                    "R4": 0.765620946418494,
                    "R5": 0.7654530466534197,
                    "R6": 0.7652192921377718,
                    "R7": 0.7645925981923938,
                    "R8": 0.7652425817213953,
                    "R9": 0.766158533282578,
                    "as": 3.7958904071711004,
                    "comp": 0.33762251073494554,
                    "dc": 0
                }
            },
            "gen-secure": {
                "reward": 46617,
                "time": 83.72434403793886,
                "time_by_components": {
                    "R0": 5.4824539721012115,
                    "R1": 4.443740083370358,
                    "R2": 4.308319540694356,
                    "R3": 4.270665540359914,
                    "R4": 4.226198805496097,
                    "R5": 4.216413676738739,
                    "R6": 4.218236665707082,
                    "R7": 4.187184188514948,
                    "R8": 4.179432291071862,
                    "R9": 4.19636029843241,
                    "as": 4.455014585517347,
                    "comp": 32.41083606798202,
                    "dc": 0.03313061501830816
                }
            },
            "std": {
                "reward": 46617,
                "time": 5.399493932723999
            }
        }
    },
    "nb_iterations": 30,
    "pursuit": {
        "it-5": {
            "args": {
                "alpha_seed": 71,
                "beta": 0.1,
                "random_arm_seed": 924,
                "reward_seed": 5,
                "sigma_seed": 401
            },
            "gen-distributed": {
                "reward": 47883,
                "time": 30.399680600035936,
                "time_by_components": {
                    "R0": 2.6638259990140796,
                    "R1": 1.7374380105175078,
                    "R2": 1.7034736000932753,
                    "R3": 1.6971168643794954,
                    "R4": 1.6926039634272456,
                    "R5": 1.6976456134580076,
                    "R6": 1.6975333546288311,
                    "R7": 1.6970393783412874,
                    "R8": 1.690552075393498,
                    "R9": 1.688580909743905,
                    "as": 7.71295412350446,
                    "comp": 1.6019381387159228,
                    "dc": 0
                }
            },
            "gen-secure": {
                "reward": 47883,
                "time": 172.3828664328903,
                "time_by_components": {
                    "R0": 10.83372489688918,
                    "R1": 9.393296212889254,
                    "R2": 9.025992535054684,
                    "R3": 8.856395162642002,
                    "R4": 8.829322440549731,
                    "R5": 8.720641789026558,
                    "R6": 8.653606048319489,
                    "R7": 8.735530461650342,
                    "R8": 8.712136088404804,
                    "R9": 8.622784504201263,
                    "as": 9.235567372757941,
                    "comp": 68.02440456673503,
                    "dc": 0.033102891873568296
                }
            },
            "std": {
                "reward": 47883,
                "time": 9.693198204040527
            }
        }
    },