{
    "N": 90000,
    "arms": [
        0.5312831389183457,
        0.4305408271474019,
        0.3647932131495228,
        0.3404029692470838,
        0.3117709437963945,
        0.2799575821845175,
        0.2788971367974549,
        0.2704135737009544,
        0.24602332979851538,
        0.24602332979851538
    ],
    "boltzmann": {
        "it-26": {
            "args": {
                "alpha_seed": 622,
                "random_arm_seed": 258,
                "reward_seed": 26,
                "sigma_seed": 896,
                "tau": 0.06
            },
            "gen-distributed": {
                "reward": 44100,
                "time": 16.373641941230744,
                "time_by_components": {
                    "R0": 1.4899512291885912,
                    "R1": 1.0318611338734627,
                    "R2": 0.8802107572555542,
                    "R3": 0.8702768003568053,
                    "R4": 0.8632517396472394,
                    "R5": 0.8617588127963245,
                    "R6": 0.850994729436934,
                    "R7": 0.8472112389281392,
                    "R8": 0.8601627694442868,
                    "R9": 0.8488958077505231,
                    "as": 3.910795090254396,
                    "comp": 1.4198146513663232,
                    "dc": 0
                }
            },
            "gen-secure": {
                "reward": 44100,
                "time": 88.50663804914802,
                "time_by_components": {
                    "R0": 5.652152405586094,
                    "R1": 4.886667227372527,
                    "R2": 4.607025222387165,
                    "R3": 4.532766287215054,
                    "R4": 4.4772545741871,
                    "R5": 4.465558744035661,
                    "R6": 4.450531954411417,
                    "R7": 4.4499983955174685,
                    "R8": 4.446870997082442,
                    "R9": 4.421276933979243,
                    "as": 4.652960568200797,
                    "comp": 34.98161391913891,
                    "dc": 0.03314578905701637
                }
            },
            "std": {
                "reward": 44100,
                "time": 5.994126558303833
            }
        }
    },
    "e-greedy": {
        "it-26": {
            "args": {
                "alpha_seed": 145,
                "epsilon": 0.1,
                "epsilon_seed": 182,
                "random_arm_seed": 508,
                "reward_seed": 26,
                "sigma_seed": 588
            },
            "gen-distributed": {
                "reward": 46071,
                "time": 14.576819617766887,
                "time_by_components": {
                    "R0": 1.5063685709610581,
                    "R1": 0.756263479590416,
                    "R2": 0.7484899116680026,
                    "R3": 0.7487297398038208,
                    "R4": 0.7459040954709053,
                    "R5": 0.747400158084929,
                    "R6": 0.7464913865551353,
                    "R7": 0.7458343054167926,
                    "R8": 0.7438451605848968,
                    "R9": 0.7457885812036693,
                    "as": 3.748859778046608,
                    "comp": 0.35562263429164886,
                    "dc": 0
                }
            },
            "gen-secure": {
                "reward": 46071,
                "time": 81.22800716711208,
                "time_by_components": {
                    "R0": 5.300051886588335,
                    "R1": 4.289218348450959,
                    "R2": 4.169480134733021,
                    "R3": 4.12634650664404,
                    "R4": 4.074008970987052,
                    "R5": 4.073347929865122,
                    "R6": 4.055487641133368,
                    "R7": 4.046698098536581,
                    "R8": 4.040288500953466,
                    "R9": 4.0478463135659695,
                    "as": 4.422918232157826,
                    "comp": 31.487274839077145,
                    "dc": 0.0331621072255075
                }
            },
            "std": {
                "reward": 46071,
                "time": 5.4690797328948975
            }
        }
    },
    "e-greedy-decreasing": {
        "it-26": {
            "args": {
                "alpha_seed": 145,
                "epsilon_seed": 182,
                "random_arm_seed": 508,
                "reward_seed": 26,
                "sigma_seed": 588
            },
            "gen-distributed": {
                "reward": 46659,
                "time": 14.839081053156406,
                "time_by_components": {
                    "R0": 1.5511770765297115,
                    "R1": 0.7738431063480675,
                    "R2": 0.7670155400410295,
                    "R3": 0.7651082021184266,
                    "R4": 0.7643551421351731,
                    "R5": 0.7649017469957471,
                    "R6": 0.7662479360587895,
                    "R7": 0.7653323570266366,
                    "R8": 0.7648786590434611,
                    "R9": 0.7651703171432018,
                    "as": 3.769205486867577,
                    "comp": 0.3314352398738265,
                    "dc": 0
                }
            },
            "gen-secure": {
                "reward": 46659,
                "time": 82.96007455606014,
                "time_by_components": {
                    "R0": 5.464507116004825,
                    "R1": 4.399734881706536,
                    "R2": 4.260193126741797,
                    "R3": 4.227454935200512,
                    "R4": 4.167045081965625,
                    "R5": 4.18952896585688,
                    "R6": 4.152524537872523,
                    "R7": 4.134652780834585,
                    "R8": 4.127663781866431,
                    "R9": 4.145154751371592,
                    "as": 4.506484263110906,
                    "comp": 32.072920048143715,
                    "dc": 0.03313335683196783
                }
            },
            "std": {
                "reward": 46659,
                "time": 5.411874294281006
            }
        }
    },
    "nb_iterations": 30,
    "pursuit": {
        "it-26": {
            "args": {
                "alpha_seed": 622,
                "beta": 0.1,
                "random_arm_seed": 258,
                "reward_seed": 26,
                "sigma_seed": 420
            },
            "gen-distributed": {
                "reward": 47880,
                "time": 30.285426684189588,
                "time_by_components": {
                    "R0": 2.6535052838735282,
                    "R1": 1.7290533273480833,
                    "R2": 1.7001185514964163,
                    "R3": 1.694261698052287,
                    "R4": 1.6912497919984162,
                    "R5": 1.6949687278829515,
                    "R6": 1.6903655310161412,
                    "R7": 1.6896549444645643,
                    "R8": 1.690468851942569,
                    "R9": 1.6891679563559592,
                    "as": 7.673666015267372,
                    "comp": 1.5961432834155858,
                    "dc": 0
                }
            },
            "gen-secure": {
                "reward": 47880,
                "time": 171.3426707056351,
                "time_by_components": {
                    "R0": 10.784485455136746,
                    "R1": 9.327476833481342,
                    "R2": 8.924455623142421,
                    "R3": 8.77226662542671,
                    "R4": 8.755036524496973,
                    "R5": 8.733444401994348,
                    "R6": 8.628059370443225,
                    "R7": 8.609291376546025,
                    "R8": 8.680228288285434,
                    "R9": 8.570635961834341,
                    "as": 9.238090129569173,
                    "comp": 67.6199213960208,
                    "dc": 0.03311309311538935
                }
            },
            "std": {
                "reward": 47880,