{
    "N": 100000,
    "arms": [
        0.5312831389183457,
        0.4305408271474019,
        0.3647932131495228,
        0.3404029692470838,
        0.3117709437963945,
        0.2799575821845175,
        0.2788971367974549,
        0.2704135737009544,
        0.24602332979851538,
        0.24602332979851538
    ],
    "boltzmann": {
        "it-32": {
            "args": {
                "alpha_seed": 346,
                "random_arm_seed": 520,
                "reward_seed": 32,
                "sigma_seed": 135,
                "tau": 0.06
            },
            "gen-distributed": {
                "reward": 49115,
                "time": 18.234371174126863,
                "time_by_components": {
                    "R0": 1.6822206689976156,
                    "R1": 1.074805066920817,
                    "R2": 0.9759706244803965,
                    "R3": 0.9721040716394782,
                    "R4": 0.9636404076591134,
                    "R5": 0.9567933836951852,
                    "R6": 0.9655132493935525,
                    "R7": 0.9586670948192477,
                    "R8": 0.9461569772101939,
                    "R9": 0.9501417186111212,
                    "as": 4.401243729516864,
                    "comp": 1.5557754072360694,
                    "dc": 0
                }
            },
            "gen-secure": {
                "reward": 49115,
                "time": 98.56126509560272,
                "time_by_components": {
                    "R0": 6.353717267047614,
                    "R1": 5.422443083953112,
                    "R2": 5.115966880694032,
                    "R3": 5.039304495323449,
                    "R4": 4.9633158929646015,
                    "R5": 4.9463938707485795,
                    "R6": 4.928230878897011,
                    "R7": 4.90558393439278,
                    "R8": 4.905900070909411,
                    "R9": 4.895635161083192,
                    "as": 5.273955451790243,
                    "comp": 39.14394837152213,
                    "dc": 0.03393520135432482
                }
            },
            "std": {
                "reward": 49115,
                "time": 6.655599355697632
            }
        }
    },
    "e-greedy": {
        "it-32": {
            "args": {
                "alpha_seed": 892,
                "epsilon": 0.1,
                "epsilon_seed": 794,
                "random_arm_seed": 797,
                "reward_seed": 32,
                "sigma_seed": 135
            },
            "gen-distributed": {
                "reward": 51163,
                "time": 16.395440940745175,
                "time_by_components": {
                    "R0": 1.6781986616551876,
                    "R1": 0.8417052305303514,
                    "R2": 0.8364437711425126,
                    "R3": 0.8319965568371117,
                    "R4": 0.83174306480214,
                    "R5": 0.8327623484656215,
                    "R6": 0.8327904026955366,
                    "R7": 0.8318179016932845,
                    "R8": 0.832491503097117,
                    "R9": 0.831346464343369,
                    "as": 4.260315179359168,
                    "comp": 0.41118826949968934,
                    "dc": 0
                }
            },
            "gen-secure": {
                "reward": 51163,
                "time": 91.01729602832347,
                "time_by_components": {
                    "R0": 5.941076381132007,
                    "R1": 4.804745773319155,
                    "R2": 4.66855530673638,
                    "R3": 4.613937023561448,
                    "R4": 4.556685793679208,
                    "R5": 4.555434314068407,
                    "R6": 4.537714046426117,
                    "R7": 4.527088070753962,
                    "R8": 4.516319730784744,
                    "R9": 4.526752885431051,
                    "as": 5.029860265552998,
                    "comp": 35.35169979324564,
                    "dc": 0.03322920622304082
                }
            },
            "std": {
                "reward": 51163,
                "time": 6.023777961730957
            }
        }
    },
    "e-greedy-decreasing": {
        "it-32": {
            "args": {
                "alpha_seed": 789,
                "epsilon_seed": 346,
                "random_arm_seed": 520,
                "reward_seed": 32,
                "sigma_seed": 389
            },
            "gen-distributed": {
                "reward": 51857,
                "time": 16.70685100276023,
                "time_by_components": {
                    "R0": 1.7390417004935443,
                    "R1": 0.868138583842665,
                    "R2": 0.858668499160558,
                    "R3": 0.8595548463054001,
                    "R4": 0.856847838498652,
                    "R5": 0.8585201497189701,
                    "R6": 0.8580501182004809,
                    "R7": 0.8569381292909384,
                    "R8": 0.8563482314348221,
                    "R9": 0.8562805578112602,
                    "as": 4.274832759052515,
                    "comp": 0.3811002573929727,
                    "dc": 0
                }
            },
            "gen-secure": {
                "reward": 51857,
                "time": 93.353522261139,
                "time_by_components": {
                    "R0": 6.1457088850438595,
                    "R1": 4.942551867105067,
                    "R2": 4.809417883399874,
                    "R3": 4.746977417729795,
                    "R4": 4.672853231895715,
                    "R5": 4.6847745375707746,
                    "R6": 4.65113974083215,
                    "R7": 4.656823666300625,
                    "R8": 4.630735901650041,
                    "R9": 4.626768801826984,
                    "as": 5.080356158316135,
                    "comp": 36.19785259012133,
                    "dc": 0.0333140566945076
                }
            },
            "std": {
                "reward": 51857,
                "time": 6.047928094863892
            }
        }
    },
    "nb_iterations": 50,
    "pursuit": {
        "it-32": {
            "args": {
                "alpha_seed": 346,
                "beta": 0.1,
                "random_arm_seed": 520,
                "reward_seed": 32,
                "sigma_seed": 389
            },
            "gen-distributed": {
                "reward": 53250,
                "time": 33.756066773086786,
                "time_by_components": {
                    "R0": 2.908229196444154,
                    "R1": 1.9030527486465871,
                    "R2": 1.8700903207063675,
                    "R3": 1.8628730783239007,
                    "R4": 1.862227724865079,
                    "R5": 1.8640519282780588,
                    "R6": 1.8604425764642656,
                    "R7": 1.8609091094695032,
                    "R8": 1.8576945359818637,
                    "R9": 1.8592019360512495,
                    "as": 8.733536697924137,
                    "comp": 1.767351407557726,
                    "dc": 0
                }
            },
            "gen-secure": {
                "reward": 53250,
                "time": 189.5893647177145,
                "time_by_components": {
                    "R0": 11.769006362184882,
                    "R1": 10.219787958078086,
                    "R2": 9.846627292688936,
                    "R3": 9.852332765236497,
                    "R4": 9.585239482112229,
                    "R5": 9.545510318130255,
                    "R6": 9.633113848045468,
                    "R7": 9.536374445538968,
                    "R8": 9.619107523467392,
                    "R9": 9.605452093761414,
                    "as": 10.327209287788719,
                    "comp": 74.99596708081663,
                    "dc": 0.0332725802436471
                }
            },
            "std": {
                "reward": 53250,