{
    "N": 100000,
    "arms": [
        0.5312831389183457,
        0.4305408271474019,
        0.3647932131495228,
        0.3404029692470838,
        0.3117709437963945,
        0.2799575821845175,
        0.2788971367974549,
        0.2704135737009544,
        0.24602332979851538,
        0.24602332979851538
    ],
    "boltzmann": {
        "it-50": {
            "args": {
                "alpha_seed": 341,
                "random_arm_seed": 489,
                "reward_seed": 50,
                "sigma_seed": 690,
                "tau": 0.06
            },
            "gen-distributed": {
                "reward": 49457,
                "time": 18.13783468492329,
                "time_by_components": {
                    "R0": 1.7260633655823767,
                    "R1": 1.0264867008663714,
                    "R2": 0.9724270971491933,
                    "R3": 0.9696702514775097,
                    "R4": 0.9665428190492094,
                    "R5": 0.9498307853937149,
                    "R6": 0.9611085797660053,
                    "R7": 0.9530755956657231,
                    "R8": 0.9464734671637416,
                    "R9": 0.9412816227413714,
                    "as": 4.3419334455393255,
                    "comp": 1.5558804557658732,
                    "dc": 0
                }
            },
            "gen-secure": {
                "reward": 49457,
                "time": 99.00183894578367,
                "time_by_components": {
                    "R0": 6.377194703090936,
                    "R1": 5.3381521929986775,
                    "R2": 5.148107797373086,
                    "R3": 5.059408097527921,
                    "R4": 5.016185980755836,
                    "R5": 4.994129068683833,
                    "R6": 4.971379044000059,
                    "R7": 4.950848367530853,
                    "R8": 4.93827390531078,
                    "R9": 4.934586348943412,
                    "as": 5.219940725248307,
                    "comp": 39.299583298154175,
                    "dc": 0.033176715951412916
                }
            },
            "std": {
                "reward": 49457,
                "time": 6.643014669418335
            }
        }
    },
    "e-greedy": {
        "it-50": {
            "args": {
                "alpha_seed": 506,
                "epsilon": 0.1,
                "epsilon_seed": 789,
                "random_arm_seed": 147,
                "reward_seed": 50,
                "sigma_seed": 62
            },
            "gen-distributed": {
                "reward": 51274,
                "time": 16.367274757940322,
                "time_by_components": {
                    "R0": 1.684487414546311,
                    "R1": 0.8434198233298957,
                    "R2": 0.8337535550817847,
                    "R3": 0.8320814464241266,
                    "R4": 0.8324103588238358,
                    "R5": 0.8324759947136045,
                    "R6": 0.8322607153095305,
                    "R7": 0.83072116272524,
                    "R8": 0.8305172398686409,
                    "R9": 0.832190518733114,
                    "as": 4.230480355676264,
                    "comp": 0.4078999222256243,
                    "dc": 0
                }
            },
            "gen-secure": {
                "reward": 51274,
                "time": 91.02526764431968,
                "time_by_components": {
                    "R0": 5.940085280686617,
                    "R1": 4.8056339509785175,
                    "R2": 4.665090049151331,
                    "R3": 4.616962444037199,
                    "R4": 4.573813430033624,
                    "R5": 4.551506565883756,
                    "R6": 4.533562463242561,
                    "R7": 4.524827324785292,
                    "R8": 4.521500758361071,
                    "R9": 4.542091105133295,
                    "as": 4.977878187317401,
                    "comp": 35.38151768175885,
                    "dc": 0.0332290050573647
                }
            },
            "std": {
                "reward": 51274,
                "time": 6.077064752578735
            }
        }
    },
    "e-greedy-decreasing": {
        "it-50": {
            "args": {
                "alpha_seed": 526,
                "epsilon_seed": 341,
                "random_arm_seed": 489,
                "reward_seed": 50,
                "sigma_seed": 459
            },
            "gen-distributed": {
                "reward": 51905,
                "time": 16.107190933078527,
                "time_by_components": {
                    "R0": 1.6729696611873806,
                    "R1": 0.8367511611431837,
                    "R2": 0.8278363393619657,
                    "R3": 0.8239294365048409,
                    "R4": 0.8227849965915084,
                    "R5": 0.8246055198833346,
                    "R6": 0.8246423616074026,
                    "R7": 0.8265089974738657,
                    "R8": 0.8219580575823784,
                    "R9": 0.8234725664369762,
                    "as": 4.109781565610319,
                    "comp": 0.3627888453193009,
                    "dc": 0
                }
            },
            "gen-secure": {
                "reward": 51905,
                "time": 91.58421248290688,
                "time_by_components": {
                    "R0": 6.024923273827881,
                    "R1": 4.847665263339877,
                    "R2": 4.703087214846164,
                    "R3": 4.666333899833262,
                    "R4": 4.617490882985294,
                    "R5": 4.596758380997926,
                    "R6": 4.582896854262799,
                    "R7": 4.563654328230768,
                    "R8": 4.571649696677923,
                    "R9": 4.563451045192778,
                    "as": 4.942825425881892,
                    "comp": 35.4429459660314,
                    "dc": 0.03306639473885298
                }
            },
            "std": {
                "reward": 51905,
                "time": 5.957527160644531
            }
        }
    },
    "nb_iterations": 50,
    "pursuit": {
        "it-50": {
            "args": {
                "alpha_seed": 341,
                "beta": 0.1,
                "random_arm_seed": 489,
                "reward_seed": 50,
                "sigma_seed": 459
            },
            "gen-distributed": {
                "reward": 53246,
                "time": 33.170597083866596,
                "time_by_components": {
                    "R0": 2.8826667522080243,
                    "R1": 1.8845935869030654,
                    "R2": 1.8501423299312592,
                    "R3": 1.8431079997681081,
                    "R4": 1.8352147634141147,
                    "R5": 1.8441455559805036,
                    "R6": 1.843542743474245,
                    "R7": 1.843151165638119,
                    "R8": 1.8346346886828542,
                    "R9": 1.837767279241234,
                    "as": 8.44286713656038,
                    "comp": 1.7476119012571871,
                    "dc": 0
                }
            },
            "gen-secure": {
                "reward": 53246,
                "time": 187.25730968499556,
                "time_by_components": {
                    "R0": 11.680890040006489,
                    "R1": 10.112566227559,
                    "R2": 9.719739656895399,
                    "R3": 9.70484469877556,
                    "R4": 9.567973798140883,
                    "R5": 9.454852025955915,
                    "R6": 9.524699850473553,
                    "R7": 9.43098149029538,
                    "R8": 9.50908672902733,
                    "R9": 9.401894163805991,
                    "as": 10.109105673152953,
                    "comp": 74.05858370848,
                    "dc": 0.03328126110136509
                }
            },
            "std": {
                "reward": 53246,