{
    "N": 100000,
    "arms": [
        0.5312831389183457,
        0.4305408271474019,
        0.3647932131495228,
        0.3404029692470838,
        0.3117709437963945,
        0.2799575821845175,
        0.2788971367974549,
        0.2704135737009544,
        0.24602332979851538,
        0.24602332979851538,
        0.23966065747614,
        0.23860021208907742,
        0.23223753976670203,
        0.22375397667020147,
        0.21208907741251326,
        0.19936373276776245,
        0.17709437963944857,
        0.17709437963944857,
        0.17179215270413573,
        0.16861081654294804
    ],
    "boltzmann": {
        "it-30": {
            "args": {
                "alpha_seed": 295,
                "random_arm_seed": 549,
                "reward_seed": 30,
                "sigma_seed": 400,
                "tau": 0.06
            },
            "gen-distributed": {
                "reward": 49182,
                "time": 30.05667754029855,
                "time_by_components": {
                    "R0": 1.7053347607143223,
                    "R1": 1.0981805715709925,
                    "R10": 0.9475946268066764,
                    "R11": 0.9460273734293878,
                    "R12": 0.9465328184887767,
                    "R13": 0.9453112655319273,
                    "R14": 0.9473009305074811,
                    "R15": 0.9435884654521942,
                    "R16": 0.9441961687989533,
                    "R17": 0.9447745364159346,
                    "R18": 0.9445193121209741,
                    "R19": 0.9450771394185722,
                    "R2": 0.9886731170117855,
                    "R3": 0.964078979101032,
                    "R4": 0.9589158496819437,
                    "R5": 0.953674791380763,
                    "R6": 0.9579204749315977,
                    "R7": 0.950225590262562,
                    "R8": 0.9490894111804664,
                    "R9": 0.9463512673974037,
                    "as": 5.247891126666218,
                    "comp": 1.7253049071878195,
                    "dc": 0
                }
            },
            "gen-secure": {
                "reward": 49182,
                "time": 185.41390166524798,
                "time_by_components": {
                    "R0": 6.501711900811642,
                    "R1": 5.396139347925782,
                    "R10": 4.8680425668135285,
                    "R11": 4.860460761934519,
                    "R12": 4.8573975013569,
                    "R13": 4.857178824022412,
                    "R14": 4.852271563839167,
                    "R15": 4.877138121519238,
                    "R16": 4.8516673049889505,
                    "R17": 4.848511618562043,
                    "R18": 4.843038483988494,
                    "R19": 4.871310659684241,
                    "R2": 5.117538209538907,
                    "R3": 5.038363701663911,
                    "R4": 4.943298968486488,
                    "R5": 4.926890461705625,
                    "R6": 4.907733980100602,
                    "R7": 4.946429668460041,
                    "R8": 4.882933616172522,
                    "R9": 4.876239283010364,
                    "as": 6.396708700340241,
                    "comp": 74.29627559473738,
                    "dc": 0.03323166398331523
                }
            },
            "std": {
                "reward": 49182,
                "time": 8.022276878356934
            }
        }
    },
    "e-greedy": {
        "it-30": {
            "args": {
                "alpha_seed": 176,
                "epsilon": 0.1,
                "epsilon_seed": 452,
                "random_arm_seed": 160,
                "reward_seed": 30,
                "sigma_seed": 462
            },
            "gen-distributed": {
                "reward": 50559,
                "time": 26.91275180131197,
                "time_by_components": {
                    "R0": 1.6979798255488276,
                    "R1": 0.8548426143825054,
                    "R10": 0.8329144446179271,
                    "R11": 0.8306569922715425,
                    "R12": 0.8318689879961312,
                    "R13": 0.8303520563058555,
                    "R14": 0.8320499700494111,
                    "R15": 0.8331606439314783,
                    "R16": 0.8307994031347334,
                    "R17": 0.8306038514710963,
                    "R18": 0.8322844849899411,
                    "R19": 0.831823252607137,
                    "R2": 0.8364885998889804,
                    "R3": 0.8351071523502469,
                    "R4": 0.8336554034613073,
                    "R5": 0.8387989662587643,
                    "R6": 0.8390243561007082,
                    "R7": 0.8410864821635187,
                    "R8": 0.8326511844061315,
                    "R9": 0.8344690357334912,
                    "as": 5.119935424532741,
                    "comp": 0.5016323458403349,
                    "dc": 0
                }
            },
            "gen-secure": {
                "reward": 50559,
                "time": 172.64408074272797,
                "time_by_components": {
                    "R0": 6.134135021362454,
                    "R1": 4.8697545286268,
                    "R10": 4.502235864754766,
                    "R11": 4.494508591480553,
                    "R12": 4.504486013669521,
                    "R13": 4.502666322980076,
                    "R14": 4.50866678589955,
                    "R15": 4.491560227703303,
                    "R16": 4.48231068206951,
                    "R17": 4.48787718359381,
                    "R18": 4.48733272543177,
                    "R19": 4.4783428073860705,
                    "R2": 4.682454562280327,
                    "R3": 4.615951391868293,
                    "R4": 4.547685945406556,
                    "R5": 4.546566445380449,
                    "R6": 4.5330428085289896,
                    "R7": 4.586613979656249,
                    "R8": 4.51374357752502,
                    "R9": 4.50659543601796,
                    "as": 6.145038652699441,
                    "comp": 68.80347683653235,
                    "dc": 0.03324365522712469
                }
            },
            "std": {
                "reward": 50559,
                "time": 7.235207796096802
            }
        }
    },
    "e-greedy-decreasing": {
        "it-30": {
            "args": {
                "alpha_seed": 892,
                "epsilon_seed": 295,
                "random_arm_seed": 549,
                "reward_seed": 30,
                "sigma_seed": 838
            },
            "gen-distributed": {
                "reward": 51444,
                "time": 27.21825776202604,
                "time_by_components": {
                    "R0": 1.731410470791161,
                    "R1": 0.8628918840549886,
                    "R10": 0.8507649810053408,
                    "R11": 0.8495217701420188,
                    "R12": 0.8498804247938097,
                    "R13": 0.8513397830538452,
                    "R14": 0.8514193533919752,
                    "R15": 0.8503169431351125,
                    "R16": 0.8508792230859399,
                    "R17": 0.8505955804139376,
                    "R18": 0.8486390761099756,
                    "R19": 0.8496253350749612,
                    "R2": 0.8556580967269838,
                    "R3": 0.8541331966407597,
                    "R4": 0.8551992275752127,
                    "R5": 0.8565816562622786,
                    "R6": 0.8528391155414283,
                    "R7": 0.8513057767413557,
                    "R8": 0.853138551581651,
                    "R9": 0.851645992603153,
                    "as": 5.064980830997229,
                    "comp": 0.46668149111792445,
                    "dc": 0
                }
            },
            "gen-secure": {
                "reward": 51444,
                "time": 174.47711768792942,
                "time_by_components": {
                    "R0": 6.160520267672837,