{
    "N": 90000,
    "arms": [
        0.5312831389183457,
        0.4305408271474019,
        0.3647932131495228,
        0.3404029692470838,
        0.3117709437963945,
        0.2799575821845175,
        0.2788971367974549,
        0.2704135737009544,
        0.24602332979851538,
        0.24602332979851538
    ],
    "boltzmann": {
        "it-17": {
            "args": {
                "alpha_seed": 177,
                "random_arm_seed": 142,
                "reward_seed": 17,
                "sigma_seed": 863,
                "tau": 0.06
            },
            "gen-distributed": {
                "reward": 45187,
                "time": 16.473672668915242,
                "time_by_components": {
                    "R0": 1.6236891308799386,
                    "R1": 0.9187732869759202,
                    "R2": 0.8865670231170952,
                    "R3": 0.8944444856606424,
                    "R4": 0.8571958877146244,
                    "R5": 0.86409194720909,
                    "R6": 0.8640297497622669,
                    "R7": 0.8555468767881393,
                    "R8": 0.862876009196043,
                    "R9": 0.8572338838130236,
                    "as": 3.9287885650992393,
                    "comp": 1.4224106688052416,
                    "dc": 0
                }
            },
            "gen-secure": {
                "reward": 45187,
                "time": 89.34053601091728,
                "time_by_components": {
                    "R0": 5.865715046878904,
                    "R1": 4.839718744624406,
                    "R2": 4.638303861487657,
                    "R3": 4.586969213094562,
                    "R4": 4.5182069931179285,
                    "R5": 4.548361734487116,
                    "R6": 4.479831860400736,
                    "R7": 4.463862824253738,
                    "R8": 4.461818286217749,
                    "R9": 4.452425493858755,
                    "as": 4.70632687676698,
                    "comp": 35.27894363552332,
                    "dc": 0.03362215217202902
                }
            },
            "std": {
                "reward": 45187,
                "time": 5.906715154647827
            }
        }
    },
    "e-greedy": {
        "it-17": {
            "args": {
                "alpha_seed": 525,
                "epsilon": 0.1,
                "epsilon_seed": 38,
                "random_arm_seed": 517,
                "reward_seed": 17,
                "sigma_seed": 541
            },
            "gen-distributed": {
                "reward": 45942,
                "time": 14.733639353886247,
                "time_by_components": {
                    "R0": 1.5231592329218984,
                    "R1": 0.7582129910588264,
                    "R2": 0.7536681778728962,
                    "R3": 0.7513893749564886,
                    "R4": 0.7516552675515413,
                    "R5": 0.7548766122199595,
                    "R6": 0.7537669376470149,
                    "R7": 0.7512376289814711,
                    "R8": 0.7512598349712789,
                    "R9": 0.7549106860533357,
                    "as": 3.810473288875073,
                    "comp": 0.3620056021027267,
                    "dc": 0
                }
            },
            "gen-secure": {
                "reward": 45942,
                "time": 82.26892900979146,
                "time_by_components": {
                    "R0": 5.374336458742619,
                    "R1": 4.32938512833789,
                    "R2": 4.208271220326424,
                    "R3": 4.164361209142953,
                    "R4": 4.118009835947305,
                    "R5": 4.116347197908908,
                    "R6": 4.121370174456388,
                    "R7": 4.129582311026752,
                    "R8": 4.08615472400561,
                    "R9": 4.080402876250446,
                    "as": 4.499095789622515,
                    "comp": 31.925079714041203,
                    "dc": 0.03315321868285537
                }
            },
            "std": {
                "reward": 45942,
                "time": 5.399552345275879
            }
        }
    },
    "e-greedy-decreasing": {
        "it-17": {
            "args": {
                "alpha_seed": 985,
                "epsilon_seed": 148,
                "random_arm_seed": 985,
                "reward_seed": 17,
                "sigma_seed": 958
            },
            "gen-distributed": {
                "reward": 46593,
                "time": 14.847744199912995,
                "time_by_components": {
                    "R0": 1.5414423206821084,
                    "R1": 0.7697530183941126,
                    "R2": 0.7628237390890718,
                    "R3": 0.7618053741753101,
                    "R4": 0.7615695563144982,
                    "R5": 0.7628062814474106,
                    "R6": 0.7621686994098127,
                    "R7": 0.7629360528662801,
                    "R8": 0.762390686199069,
                    "R9": 0.7616818593814969,
                    "as": 3.8067070906981826,
                    "comp": 0.33995270915329456,
                    "dc": 0
                }
            },
            "gen-secure": {
                "reward": 46593,
                "time": 83.81056034425274,
                "time_by_components": {
                    "R0": 5.519327322021127,
                    "R1": 4.446558310184628,
                    "R2": 4.31256224680692,
                    "R3": 4.272532499860972,
                    "R4": 4.212556696031243,
                    "R5": 4.213572551961988,
                    "R6": 4.196907976642251,
                    "R7": 4.186662167776376,
                    "R8": 4.180781175382435,
                    "R9": 4.18871500948444,
                    "as": 4.5162572814151645,
                    "comp": 32.42496900912374,
                    "dc": 0.03309412905946374
                }
            },
            "std": {
                "reward": 46593,
                "time": 5.502581596374512
            }
        }
    },
    "nb_iterations": 30,
    "pursuit": {
        "it-17": {
            "args": {
                "alpha_seed": 177,
                "beta": 0.1,
                "random_arm_seed": 142,
                "reward_seed": 17,
                "sigma_seed": 10
            },
            "gen-distributed": {
                "reward": 47898,
                "time": 30.378845449071378,
                "time_by_components": {
                    "R0": 2.663964820560068,
                    "R1": 1.7268582759425044,
                    "R2": 1.7013018415309489,
                    "R3": 1.7025831332430243,
                    "R4": 1.6951548485085368,
                    "R5": 1.693801170680672,
                    "R6": 1.6903394451364875,
                    "R7": 1.6888940585777164,
                    "R8": 1.6899473103694618,
                    "R9": 1.6893521724268794,
                    "as": 7.746258212719113,
                    "comp": 1.5951962391845882,
                    "dc": 0
                }
            },
            "gen-secure": {
                "reward": 47898,
                "time": 172.08027269877493,
                "time_by_components": {
                    "R0": 10.809454728849232,
                    "R1": 9.297019190620631,
                    "R2": 8.917563893366605,
                    "R3": 8.919792507775128,
                    "R4": 8.707024320028722,
                    "R5": 8.769285355694592,
                    "R6": 8.665733294095844,
                    "R7": 8.650265695527196,
                    "R8": 8.72700444702059,
                    "R9": 8.65584782930091,
                    "as": 9.346175546757877,
                    "comp": 67.89773610047996,
                    "dc": 0.03329260600730777
                }
            },
            "std": {
                "reward": 47898,