{
    "N": 90000,
    "arms": [
        0.5312831389183457,
        0.4305408271474019,
        0.3647932131495228,
        0.3404029692470838,
        0.3117709437963945,
        0.2799575821845175,
        0.2788971367974549,
        0.2704135737009544,
        0.24602332979851538,
        0.24602332979851538
    ],
    "boltzmann": {
        "it-47": {
            "args": {
                "alpha_seed": 597,
                "random_arm_seed": 127,
                "reward_seed": 47,
                "sigma_seed": 124,
                "tau": 0.06
            },
            "gen-distributed": {
                "reward": 44429,
                "time": 16.42831221083179,
                "time_by_components": {
                    "R0": 1.535071536898613,
                    "R1": 0.9835942126810551,
                    "R2": 0.8622988229617476,
                    "R3": 0.8825642671436071,
                    "R4": 0.8551393412053585,
                    "R5": 0.8636331995949149,
                    "R6": 0.8594710445031524,
                    "R7": 0.8612410919740796,
                    "R8": 0.8592269192449749,
                    "R9": 0.8633562093600631,
                    "as": 3.928283786866814,
                    "comp": 1.4115543076768517,
                    "dc": 0
                }
            },
            "gen-secure": {
                "reward": 44429,
                "time": 87.87449379498139,
                "time_by_components": {
                    "R0": 5.683106981217861,
                    "R1": 4.815852397121489,
                    "R2": 4.559687645640224,
                    "R3": 4.514746631495655,
                    "R4": 4.426657582167536,
                    "R5": 4.440200048964471,
                    "R6": 4.41336235916242,
                    "R7": 4.398149718996137,
                    "R8": 4.389815808273852,
                    "R9": 4.403255278710276,
                    "as": 4.692517071962357,
                    "comp": 34.765633597038686,
                    "dc": 0.03352233814075589
                }
            },
            "std": {
                "reward": 44429,
                "time": 5.925616502761841
            }
        }
    },
    "e-greedy": {
        "it-47": {
            "args": {
                "alpha_seed": 157,
                "epsilon": 0.1,
                "epsilon_seed": 172,
                "random_arm_seed": 653,
                "reward_seed": 47,
                "sigma_seed": 668
            },
            "gen-distributed": {
                "reward": 45993,
                "time": 14.753619702998549,
                "time_by_components": {
                    "R0": 1.5130613618530333,
                    "R1": 0.7615535627119243,
                    "R2": 0.7518750624731183,
                    "R3": 0.7512159203179181,
                    "R4": 0.7499026726000011,
                    "R5": 0.7518983446061611,
                    "R6": 0.7503223987296224,
                    "R7": 0.7511496217921376,
                    "R8": 0.7491620657965541,
                    "R9": 0.7508074236102402,
                    "as": 3.8253377387300134,
                    "comp": 0.36830390337854624,
                    "dc": 0
                }
            },
            "gen-secure": {
                "reward": 45993,
                "time": 82.20984971802682,
                "time_by_components": {
                    "R0": 5.384907142724842,
                    "R1": 4.342354460153729,
                    "R2": 4.220775283873081,
                    "R3": 4.161089550238103,
                    "R4": 4.118249247781932,
                    "R5": 4.112711204215884,
                    "R6": 4.098859700374305,
                    "R7": 4.086178477387875,
                    "R8": 4.1000952031463385,
                    "R9": 4.092939986847341,
                    "as": 4.553490556310862,
                    "comp": 31.896224767435342,
                    "dc": 0.033569117076694965
                }
            },
            "std": {
                "reward": 45993,
                "time": 5.469212055206299
            }
        }
    },
    "e-greedy-decreasing": {
        "it-47": {
            "args": {
                "alpha_seed": 751,
                "epsilon_seed": 597,
                "random_arm_seed": 127,
                "reward_seed": 47,
                "sigma_seed": 813
            },
            "gen-distributed": {
                "reward": 46677,
                "time": 14.875839356798679,
                "time_by_components": {
                    "R0": 1.54579196870327,
                    "R1": 0.7726303040981293,
                    "R2": 0.7637773435562849,
                    "R3": 0.7619704562239349,
                    "R4": 0.7600855729542673,
                    "R5": 0.7637234879657626,
                    "R6": 0.7614067671820521,
                    "R7": 0.7607392170466483,
                    "R8": 0.7617803923785686,
                    "R9": 0.7622817144729197,
                    "as": 3.8005751511082053,
                    "comp": 0.3371420376934111,
                    "dc": 0
                }
            },
            "gen-secure": {
                "reward": 46677,
                "time": 82.83482682518661,
                "time_by_components": {
                    "R0": 5.496815571095794,
                    "R1": 4.405180952977389,
                    "R2": 4.267648430075496,
                    "R3": 4.206245546229184,
                    "R4": 4.154237132985145,
                    "R5": 4.137843448668718,
                    "R6": 4.130480008199811,
                    "R7": 4.127455061301589,
                    "R8": 4.117577578406781,
                    "R9": 4.11119757918641,
                    "as": 4.5602767104282975,
                    "comp": 31.99516142439097,
                    "dc": 0.03177167987450957
                }
            },
            "std": {
                "reward": 46677,
                "time": 5.542380094528198
            }
        }
    },
    "nb_iterations": 50,
    "pursuit": {
        "it-47": {
            "args": {
                "alpha_seed": 597,
                "beta": 0.1,
                "random_arm_seed": 127,
                "reward_seed": 47,
                "sigma_seed": 813
            },
            "gen-distributed": {
                "reward": 30511,
                "time": 30.362092845141888,
                "time_by_components": {
                    "R0": 1.815526457503438,
                    "R1": 1.7075219959951937,
                    "R2": 1.690233223605901,
                    "R3": 2.5220450684428215,
                    "R4": 1.6893821386620402,
                    "R5": 1.6834784667007625,
                    "R6": 1.6790287378244102,
                    "R7": 1.680853443685919,
                    "R8": 1.679746295325458,
                    "R9": 1.6809866684488952,
                    "as": 7.743525937665254,
                    "comp": 1.5953282937407494,
                    "dc": 0
                }
            },
            "gen-secure": {
                "reward": 30511,
                "time": 170.62374210869893,
                "time_by_components": {
                    "R0": 9.765697268769145,
                    "R1": 9.230381466448307,
                    "R2": 8.938942095264792,
                    "R3": 9.765985500533134,
                    "R4": 8.701614641584456,
                    "R5": 8.62084174901247,
                    "R6": 8.592720120213926,
                    "R7": 8.678594932425767,
                    "R8": 8.569278539624065,
                    "R9": 8.680988916195929,
                    "as": 9.260849453043193,
                    "comp": 67.24108571652323,
                    "dc": 0.033373740036040545
                }
            },
            "std": {
                "reward": 30511,