{
    "N": 60000,
    "arms": [
        0.5312831389183457,
        0.4305408271474019,
        0.3647932131495228,
        0.3404029692470838,
        0.3117709437963945,
        0.2799575821845175,
        0.2788971367974549,
        0.2704135737009544,
        0.24602332979851538,
        0.24602332979851538
    ],
    "boltzmann": {
        "it-20": {
            "args": {
                "alpha_seed": 385,
                "random_arm_seed": 50,
                "reward_seed": 20,
                "sigma_seed": 894,
                "tau": 0.06
            },
            "gen-distributed": {
                "reward": 31226,
                "time": 10.569614076986909,
                "time_by_components": {
                    "R0": 1.0988693120889366,
                    "R1": 0.5587294325232506,
                    "R2": 0.549302875995636,
                    "R3": 0.5607664901763201,
                    "R4": 0.5462515223771334,
                    "R5": 0.548789830878377,
                    "R6": 0.5517637808807194,
                    "R7": 0.5553837320767343,
                    "R8": 0.5461504887789488,
                    "R9": 0.5516696255654097,
                    "as": 2.530483353883028,
                    "comp": 0.9160151602700353,
                    "dc": 0
                }
            },
            "gen-secure": {
                "reward": 31226,
                "time": 59.11497726198286,
                "time_by_components": {
                    "R0": 3.9901269250549376,
                    "R1": 3.1749326582066715,
                    "R2": 3.062641288153827,
                    "R3": 3.048113792669028,
                    "R4": 2.9925814382731915,
                    "R5": 2.9904413954354823,
                    "R6": 2.9897469342686236,
                    "R7": 2.98932371661067,
                    "R8": 2.976481474470347,
                    "R9": 2.9676724676974118,
                    "as": 3.0886937989853323,
                    "comp": 23.177381112240255,
                    "dc": 0.033115170896053314
                }
            },
            "std": {
                "reward": 31226,
                "time": 4.103362083435059
            }
        }
    },
    "e-greedy": {
        "it-20": {
            "args": {
                "alpha_seed": 416,
                "epsilon": 0.1,
                "epsilon_seed": 527,
                "random_arm_seed": 478,
                "reward_seed": 20,
                "sigma_seed": 186
            },
            "gen-distributed": {
                "reward": 30725,
                "time": 9.864206585101783,
                "time_by_components": {
                    "R0": 1.025524277240038,
                    "R1": 0.5077466815710068,
                    "R2": 0.5026280549354851,
                    "R3": 0.5020842105150223,
                    "R4": 0.5012293057516217,
                    "R5": 0.5050953878089786,
                    "R6": 0.5038105295971036,
                    "R7": 0.5035261833108962,
                    "R8": 0.501916176173836,
                    "R9": 0.5005644136108458,
                    "as": 2.5569387525320053,
                    "comp": 0.24373591458424926,
                    "dc": 0
                }
            },
            "gen-secure": {
                "reward": 30725,
                "time": 55.07214983087033,
                "time_by_components": {
                    "R0": 3.6387057551182806,
                    "R1": 2.9337887056171894,
                    "R2": 2.8469695085659623,
                    "R3": 2.812095934525132,
                    "R4": 2.7939220466651022,
                    "R5": 2.7789463894441724,
                    "R6": 2.762719509191811,
                    "R7": 2.7611411437392235,
                    "R8": 2.7534301257692277,
                    "R9": 2.7557742670178413,
                    "as": 3.026860218960792,
                    "comp": 21.084980115760118,
                    "dc": 0.03323602210730314
                }
            },
            "std": {
                "reward": 30725,
                "time": 3.6339175701141357
            }
        }
    },
    "e-greedy-decreasing": {
        "it-20": {
            "args": {
                "alpha_seed": 416,
                "epsilon_seed": 527,
                "random_arm_seed": 478,
                "reward_seed": 20,
                "sigma_seed": 186
            },
            "gen-distributed": {
                "reward": 31096,
                "time": 9.917979152873158,
                "time_by_components": {
                    "R0": 1.0331287952139974,
                    "R1": 0.5150223588570952,
                    "R2": 0.5102380351163447,
                    "R3": 0.5096541699022055,
                    "R4": 0.5093728145584464,
                    "R5": 0.5089156017638743,
                    "R6": 0.5090582012198865,
                    "R7": 0.5095894350670278,
                    "R8": 0.5099946311675012,
                    "R9": 0.509110055398196,
                    "as": 2.5340560683980584,
                    "comp": 0.22713120561093092,
                    "dc": 0
                }
            },
            "gen-secure": {
                "reward": 31096,
                "time": 55.71095849527046,
                "time_by_components": {
                    "R0": 3.6851352346129715,
                    "R1": 2.966844125650823,
                    "R2": 2.87728134309873,
                    "R3": 2.8732870407402515,
                    "R4": 2.82307317154482,
                    "R5": 2.8053514324128628,
                    "R6": 2.797377579379827,
                    "R7": 2.8055576784536242,
                    "R8": 2.79340011253953,
                    "R9": 2.796221506316215,
                    "as": 3.003540391102433,
                    "comp": 21.408914399333298,
                    "dc": 0.03314955160021782
                }
            },
            "std": {
                "reward": 31096,
                "time": 3.6333065032958984
            }
        }
    },
    "nb_iterations": 30,
    "pursuit": {
        "it-20": {
            "args": {
                "alpha_seed": 385,
                "beta": 0.1,
                "random_arm_seed": 50,
                "reward_seed": 20,
                "sigma_seed": 858
            },
            "gen-distributed": {
                "reward": 32013,
                "time": 20.229951955843717,
                "time_by_components": {
                    "R0": 1.7704297984018922,
                    "R1": 1.1521688415668905,
                    "R2": 1.132211540825665,
                    "R3": 1.128524137660861,
                    "R4": 1.126670085825026,
                    "R5": 1.127425303682685,
                    "R6": 1.1286021783016622,
                    "R7": 1.1247969274409115,
                    "R8": 1.1235502599738538,
                    "R9": 1.1238453704863787,
                    "as": 5.15954161202535,
                    "comp": 1.0637153354473412,
                    "dc": 0
                }
            },
            "gen-secure": {
                "reward": 32013,
                "time": 114.67522974917665,
                "time_by_components": {
                    "R0": 7.184508934151381,
                    "R1": 6.205322499386966,
                    "R2": 5.963884345255792,
                    "R3": 5.95832140929997,
                    "R4": 5.823332597967237,
                    "R5": 5.812337271403521,
                    "R6": 5.857395769562572,
                    "R7": 5.870283657684922,
                    "R8": 5.840227703563869,
                    "R9": 5.781697533093393,
                    "as": 6.129226632416248,
                    "comp": 45.08533529751003,
                    "dc": 0.0333039709366858
                }
            },
            "std": {
                "reward": 32013,