{
    "N": 100000,
    "arms": [
        0.5312831389183457,
        0.4305408271474019,
        0.3647932131495228,
        0.3404029692470838,
        0.3117709437963945,
        0.2799575821845175,
        0.2788971367974549,
        0.2704135737009544,
        0.24602332979851538,
        0.24602332979851538,
        0.23966065747614,
        0.23860021208907742,
        0.23223753976670203,
        0.22375397667020147,
        0.21208907741251326,
        0.19936373276776245,
        0.17709437963944857,
        0.17709437963944857,
        0.17179215270413573,
        0.16861081654294804
    ],
    "boltzmann": {
        "it-33": {
            "args": {
                "alpha_seed": 687,
                "random_arm_seed": 981,
                "reward_seed": 33,
                "sigma_seed": 29,
                "tau": 0.06
            },
            "gen-distributed": {
                "reward": 49265,
                "time": 29.922157149296254,
                "time_by_components": {
                    "R0": 1.7333484441041946,
                    "R1": 1.03434948483482,
                    "R10": 0.9403824778273702,
                    "R11": 0.9431210621260107,
                    "R12": 0.9473591558635235,
                    "R13": 0.9440689356997609,
                    "R14": 0.9408659962937236,
                    "R15": 0.9420117321424186,
                    "R16": 0.9410150195471942,
                    "R17": 0.9413099675439298,
                    "R18": 0.9390626046806574,
                    "R19": 0.9378689704462886,
                    "R2": 0.9890115195885301,
                    "R3": 0.9649467575363815,
                    "R4": 0.9463534005917609,
                    "R5": 0.9624230521731079,
                    "R6": 0.9455480431206524,
                    "R7": 0.9409509836696088,
                    "R8": 0.9400744303129613,
                    "R9": 0.9504244443960488,
                    "as": 5.242971366737038,
                    "comp": 1.7032614424824715,
                    "dc": 0
                }
            },
            "gen-secure": {
                "reward": 49265,
                "time": 184.65102299302816,
                "time_by_components": {
                    "R0": 6.480718637350947,
                    "R1": 5.321531017310917,
                    "R10": 4.862243410199881,
                    "R11": 4.847932627890259,
                    "R12": 4.908435796387494,
                    "R13": 4.852293867152184,
                    "R14": 4.8441315977834165,
                    "R15": 4.844336757436395,
                    "R16": 4.845592895988375,
                    "R17": 4.829665211495012,
                    "R18": 4.823361359536648,
                    "R19": 4.819105437025428,
                    "R2": 5.110456052236259,
                    "R3": 5.017158494796604,
                    "R4": 4.9254790637642145,
                    "R5": 4.926521657500416,
                    "R6": 4.890913655050099,
                    "R7": 4.891706916037947,
                    "R8": 4.866991714574397,
                    "R9": 4.877995701972395,
                    "as": 6.308856351301074,
                    "comp": 73.9813580494374,
                    "dc": 0.03321777796372771
                }
            },
            "std": {
                "reward": 49265,
                "time": 7.853853225708008
            }
        }
    },
    "e-greedy": {
        "it-33": {
            "args": {
                "alpha_seed": 789,
                "epsilon": 0.1,
                "epsilon_seed": 346,
                "random_arm_seed": 520,
                "reward_seed": 33,
                "sigma_seed": 389
            },
            "gen-distributed": {
                "reward": 50565,
                "time": 26.4113669260405,
                "time_by_components": {
                    "R0": 1.6672395360656083,
                    "R1": 0.8376625198870897,
                    "R10": 0.8156715659424663,
                    "R11": 0.8157982644625008,
                    "R12": 0.8161312947049737,
                    "R13": 0.8156191585585475,
                    "R14": 0.8140697446651757,
                    "R15": 0.8171492610126734,
                    "R16": 0.8133898288942873,
                    "R17": 0.8126937905326486,
                    "R18": 0.8142596618272364,
                    "R19": 0.8147537061013281,
                    "R2": 0.8201169716194272,
                    "R3": 0.8185680629685521,
                    "R4": 0.8166142157278955,
                    "R5": 0.819885001052171,
                    "R6": 0.8210172797553241,
                    "R7": 0.8191983546130359,
                    "R8": 0.8172321319580078,
                    "R9": 0.8168525784276426,
                    "as": 5.03669174015522,
                    "comp": 0.4929499989375472,
                    "dc": 0
                }
            },
            "gen-secure": {
                "reward": 50565,
                "time": 172.4963528988883,
                "time_by_components": {
                    "R0": 6.1054256949573755,
                    "R1": 4.844882792793214,
                    "R10": 4.483627563808113,
                    "R11": 4.501237389165908,
                    "R12": 4.4809525166638196,
                    "R13": 4.4767082296311855,
                    "R14": 4.469850230962038,
                    "R15": 4.47118153469637,
                    "R16": 4.46872306894511,
                    "R17": 4.468712333589792,
                    "R18": 4.4623507731594145,
                    "R19": 4.46510906284675,
                    "R2": 4.6547513348050416,
                    "R3": 4.595360843464732,
                    "R4": 4.534847664181143,
                    "R5": 4.533308995421976,
                    "R6": 4.515890722628683,
                    "R7": 4.5055849784985185,
                    "R8": 4.495977934915572,
                    "R9": 4.5020009516738355,
                    "as": 6.145150705706328,
                    "comp": 69.11895662173629,
                    "dc": 0.03319847909733653
                }
            },
            "std": {
                "reward": 50565,
                "time": 7.0845465660095215
            }
        }
    },
    "e-greedy-decreasing": {
        "it-33": {
            "args": {
                "alpha_seed": 447,
                "epsilon_seed": 687,
                "random_arm_seed": 981,
                "reward_seed": 33,
                "sigma_seed": 289
            },
            "gen-distributed": {
                "reward": 51448,
                "time": 27.67538007814437,
                "time_by_components": {
                    "R0": 1.75277696037665,
                    "R1": 0.8725121458992362,
                    "R10": 0.8602080568671227,
                    "R11": 0.8588804351165891,
                    "R12": 0.8590154200792313,
                    "R13": 0.8592513464391232,
                    "R14": 0.8581321905367076,
                    "R15": 0.8580238679423928,
                    "R16": 0.8577434243634343,
                    "R17": 0.8592941123060882,
                    "R18": 0.8566584680229425,
                    "R19": 0.858042845968157,
                    "R2": 0.8642550073564053,
                    "R3": 0.8608012697659433,
                    "R4": 0.8598702023737133,
                    "R5": 0.867111093364656,
                    "R6": 0.8620024779811502,
                    "R7": 0.8603264391422272,
                    "R8": 0.8609069800004363,
                    "R9": 0.8599088392220438,
                    "as": 5.215867420192808,
                    "comp": 0.48710086569190025,
                    "dc": 0
                }
            },
            "gen-secure": {
                "reward": 51448,
                "time": 174.93458177614957,
                "time_by_components": {
                    "R0": 6.226031684316695,