{
    "N": 50000,
    "arms": [
        0.5312831389183457,
        0.4305408271474019,
        0.3647932131495228,
        0.3404029692470838,
        0.3117709437963945,
        0.2799575821845175,
        0.2788971367974549,
        0.2704135737009544,
        0.24602332979851538,
        0.24602332979851538
    ],
    "boltzmann": {
        "it-21": {
            "args": {
                "alpha_seed": 719,
                "random_arm_seed": 325,
                "reward_seed": 21,
                "sigma_seed": 675,
                "tau": 0.06
            },
            "gen-distributed": {
                "reward": 23965,
                "time": 9.06469666492194,
                "time_by_components": {
                    "R0": 0.8186718630604446,
                    "R1": 0.5315899974666536,
                    "R2": 0.5101054538972676,
                    "R3": 0.497658072039485,
                    "R4": 0.47817804105579853,
                    "R5": 0.477412274107337,
                    "R6": 0.4792022034525871,
                    "R7": 0.48213007114827633,
                    "R8": 0.4721080563031137,
                    "R9": 0.478896826505661,
                    "as": 2.1561183091253042,
                    "comp": 0.7792809559032321,
                    "dc": 0
                }
            },
            "gen-secure": {
                "reward": 23965,
                "time": 49.94331704778597,
                "time_by_components": {
                    "R0": 3.254810628015548,
                    "R1": 2.736521700862795,
                    "R2": 2.6522071887739003,
                    "R3": 2.6223103855736554,
                    "R4": 2.5464845234528184,
                    "R5": 2.536037979647517,
                    "R6": 2.5303070163354278,
                    "R7": 2.525984173640609,
                    "R8": 2.518539442215115,
                    "R9": 2.5622748658061028,
                    "as": 2.599846688564867,
                    "comp": 19.44690868910402,
                    "dc": 0.03348567243665457
                }
            },
            "std": {
                "reward": 23965,
                "time": 3.1059653759002686
            }
        }
    },
    "e-greedy": {
        "it-21": {
            "args": {
                "alpha_seed": 644,
                "epsilon": 0.1,
                "epsilon_seed": 930,
                "random_arm_seed": 489,
                "reward_seed": 21,
                "sigma_seed": 49
            },
            "gen-distributed": {
                "reward": 25585,
                "time": 8.128980944864452,
                "time_by_components": {
                    "R0": 0.8350102044641972,
                    "R1": 0.4264611494727433,
                    "R2": 0.417537699919194,
                    "R3": 0.4163962942548096,
                    "R4": 0.41657841531559825,
                    "R5": 0.41837061708793044,
                    "R6": 0.4178056134842336,
                    "R7": 0.41733057936653495,
                    "R8": 0.4170913281850517,
                    "R9": 0.41611307580024004,
                    "as": 2.0833907360211015,
                    "comp": 0.19837044412270188,
                    "dc": 0
                }
            },
            "gen-secure": {
                "reward": 25585,
                "time": 45.82832854613662,
                "time_by_components": {
                    "R0": 3.008882195223123,
                    "R1": 2.445772838778794,
                    "R2": 2.376015759538859,
                    "R3": 2.3523890413343906,
                    "R4": 2.324370448011905,
                    "R5": 2.32272772770375,
                    "R6": 2.312762930523604,
                    "R7": 2.3076295400969684,
                    "R8": 2.3059303001500666,
                    "R9": 2.3083196482621133,
                    "as": 2.465438736602664,
                    "comp": 17.54495776584372,
                    "dc": 0.03310695290565491
                }
            },
            "std": {
                "reward": 25585,
                "time": 2.992661952972412
            }
        }
    },
    "e-greedy-decreasing": {
        "it-21": {
            "args": {
                "alpha_seed": 644,
                "epsilon_seed": 930,
                "random_arm_seed": 489,
                "reward_seed": 21,
                "sigma_seed": 49
            },
            "gen-distributed": {
                "reward": 25887,
                "time": 8.397949814796448,
                "time_by_components": {
                    "R0": 0.8630074518732727,
                    "R1": 0.44223902747035027,
                    "R2": 0.4322283617220819,
                    "R3": 0.42798978742212057,
                    "R4": 0.42798167187720537,
                    "R5": 0.4295224752277136,
                    "R6": 0.4276480972766876,
                    "R7": 0.42759139463305473,
                    "R8": 0.42866241838783026,
                    "R9": 0.42725223768502474,
                    "as": 2.17512296885252,
                    "comp": 0.19460242427885532,
                    "dc": 0
                }
            },
            "gen-secure": {
                "reward": 25887,
                "time": 48.17620700690895,
                "time_by_components": {
                    "R0": 3.2053635283373296,
                    "R1": 2.5701028499752283,
                    "R2": 2.4930213997140527,
                    "R3": 2.4651402859017253,
                    "R4": 2.4430751805193722,
                    "R5": 2.4341604099608958,
                    "R6": 2.4373458847403526,
                    "R7": 2.4561526183970273,
                    "R8": 2.4184632315300405,
                    "R9": 2.419757353607565,
                    "as": 2.601492780726403,
                    "comp": 18.43776022270322,
                    "dc": 0.03336397698149085
                }
            },
            "std": {
                "reward": 25887,
                "time": 3.1091601848602295
            }
        }
    },
    "nb_iterations": 30,
    "pursuit": {
        "it-21": {
            "args": {
                "alpha_seed": 719,
                "beta": 0.1,
                "random_arm_seed": 325,
                "reward_seed": 21,
                "sigma_seed": 327
            },
            "gen-distributed": {
                "reward": 13946,
                "time": 16.24293864099309,
                "time_by_components": {
                    "R0": 0.9824485131539404,
                    "R1": 0.9168086214922369,
                    "R2": 0.9093656991608441,
                    "R3": 0.9076812439598143,
                    "R4": 0.9069239073432982,
                    "R5": 0.9107934650965035,
                    "R6": 1.3545561474747956,
                    "R7": 0.909584082197398,
                    "R8": 0.9057601760141551,
                    "R9": 0.9067334868013859,
                    "as": 4.113357400987297,
                    "comp": 0.8542558858171105,
                    "dc": 0
                }
            },
            "gen-secure": {
                "reward": 13946,
                "time": 94.36124034924433,
                "time_by_components": {
                    "R0": 5.463771373499185,
                    "R1": 5.016908241901547,
                    "R2": 4.888662731274962,
                    "R3": 4.922416809946299,
                    "R4": 4.838919308967888,
                    "R5": 4.783056535758078,
                    "R6": 5.335197815671563,
                    "R7": 4.802262531593442,
                    "R8": 4.753599638585001,
                    "R9": 4.872388825751841,
                    "as": 5.000557360704988,
                    "comp": 37.10479844594374,
                    "dc": 0.03303407831117511
                }
            },
            "std": {
                "reward": 13946,