{
    "N": 90000,
    "arms": [
        0.5312831389183457,
        0.4305408271474019,
        0.3647932131495228,
        0.3404029692470838,
        0.3117709437963945,
        0.2799575821845175,
        0.2788971367974549,
        0.2704135737009544,
        0.24602332979851538,
        0.24602332979851538
    ],
    "boltzmann": {
        "it-1": {
            "args": {
                "alpha_seed": 705,
                "random_arm_seed": 696,
                "reward_seed": 1,
                "sigma_seed": 755,
                "tau": 0.06
            },
            "gen-distributed": {
                "reward": 44087,
                "time": 16.34984976099804,
                "time_by_components": {
                    "R0": 1.501203372143209,
                    "R1": 1.007435031235218,
                    "R2": 0.9051852668635547,
                    "R3": 0.8550299629569054,
                    "R4": 0.8662662785500288,
                    "R5": 0.8609560900367796,
                    "R6": 0.8628311641514301,
                    "R7": 0.8561970312148333,
                    "R8": 0.8504060921259224,
                    "R9": 0.8500528479926288,
                    "as": 3.9112698640674353,
                    "comp": 1.4111402072012424,
                    "dc": 0
                }
            },
            "gen-secure": {
                "reward": 44087,
                "time": 87.8970256219618,
                "time_by_components": {
                    "R0": 5.6321405987255275,
                    "R1": 4.836540147662163,
                    "R2": 4.597640047315508,
                    "R3": 4.497823506593704,
                    "R4": 4.48150851810351,
                    "R5": 4.438049902673811,
                    "R6": 4.430109628941864,
                    "R7": 4.419431557878852,
                    "R8": 4.398812498897314,
                    "R9": 4.406757675576955,
                    "as": 4.614480861928314,
                    "comp": 34.66868647187948,
                    "dc": 0.033186083659529686
                }
            },
            "std": {
                "reward": 44087,
                "time": 5.890379905700684
            }
        }
    },
    "e-greedy": {
        "it-1": {
            "args": {
                "alpha_seed": 677,
                "epsilon": 0.1,
                "epsilon_seed": 229,
                "random_arm_seed": 632,
                "reward_seed": 1,
                "sigma_seed": 562
            },
            "gen-distributed": {
                "reward": 46066,
                "time": 14.653334991075099,
                "time_by_components": {
                    "R0": 1.514127807226032,
                    "R1": 0.7587648965418339,
                    "R2": 0.752317491453141,
                    "R3": 0.7499987706542015,
                    "R4": 0.7479151338338852,
                    "R5": 0.7490103514865041,
                    "R6": 0.7492397031746805,
                    "R7": 0.7466428722254932,
                    "R8": 0.7504643895663321,
                    "R9": 0.7496326235122979,
                    "as": 3.78353134309873,
                    "comp": 0.35932800406590104,
                    "dc": 0
                }
            },
            "gen-secure": {
                "reward": 46066,
                "time": 77.85491744894534,
                "time_by_components": {
                    "R0": 5.09399251639843,
                    "R1": 4.107604567427188,
                    "R2": 3.9912048685364425,
                    "R3": 3.9593434906564653,
                    "R4": 3.9287244295701385,
                    "R5": 3.9161816048435867,
                    "R6": 3.8915587160736322,
                    "R7": 3.881574884057045,
                    "R8": 3.870877275709063,
                    "R9": 3.8827950446866453,
                    "as": 4.224914215039462,
                    "comp": 30.146631815005094,
                    "dc": 0.03134936233982444
                }
            },
            "std": {
                "reward": 46066,
                "time": 5.42637825012207
            }
        }
    },
    "e-greedy-decreasing": {
        "it-1": {
            "args": {
                "alpha_seed": 118,
                "epsilon_seed": 922,
                "random_arm_seed": 672,
                "reward_seed": 1,
                "sigma_seed": 263
            },
            "gen-distributed": {
                "reward": 46662,
                "time": 15.03962842002511,
                "time_by_components": {
                    "R0": 1.5659314109943807,
                    "R1": 0.7818097681738436,
                    "R2": 0.7723162746988237,
                    "R3": 0.770430204924196,
                    "R4": 0.7703731460496783,
                    "R5": 0.7702986756339669,
                    "R6": 0.7704520500265062,
                    "R7": 0.7703827507793903,
                    "R8": 0.7701412597671151,
                    "R9": 0.7699169158004224,
                    "as": 3.8515623747371137,
                    "comp": 0.3464200980961323,
                    "dc": 0
                }
            },
            "gen-secure": {
                "reward": 46662,
                "time": 83.69744379073381,
                "time_by_components": {
                    "R0": 5.523097831290215,
                    "R1": 4.454431317280978,
                    "R2": 4.312164898496121,
                    "R3": 4.261013873387128,
                    "R4": 4.22406214941293,
                    "R5": 4.198663733899593,
                    "R6": 4.18553337501362,
                    "R7": 4.17909717746079,
                    "R8": 4.174882316030562,
                    "R9": 4.182299963198602,
                    "as": 4.551285634282976,
                    "comp": 32.32219424378127,
                    "dc": 0.03310562623664737
                }
            },
            "std": {
                "reward": 46662,
                "time": 5.454800128936768
            }
        }
    },
    "nb_iterations": 30,
    "pursuit": {
        "it-1": {
            "args": {
                "alpha_seed": 705,
                "beta": 0.1,
                "random_arm_seed": 696,
                "reward_seed": 1,
                "sigma_seed": 462
            },
            "gen-distributed": {
                "reward": 38646,
                "time": 30.43115056399256,
                "time_by_components": {
                    "R0": 1.8411990902386606,
                    "R1": 2.548806614242494,
                    "R2": 1.706148698925972,
                    "R3": 1.6930605764500797,
                    "R4": 1.6874759388156235,
                    "R5": 1.6905749556608498,
                    "R6": 1.6897134613245726,
                    "R7": 1.688781213015318,
                    "R8": 1.6890887944027781,
                    "R9": 1.6854698895476758,
                    "as": 7.785769856534898,
                    "comp": 1.6065764934755862,
                    "dc": 0
                }
            },
            "gen-secure": {
                "reward": 38646,
                "time": 170.60668880166486,
                "time_by_components": {
                    "R0": 9.800310441292822,
                    "R1": 10.109505771659315,
                    "R2": 9.002508071251214,
                    "R3": 8.763955906964839,
                    "R4": 8.63205707538873,
                    "R5": 8.605501953046769,
                    "R6": 8.681407982949167,
                    "R7": 8.65611235704273,
                    "R8": 8.560509408358485,
                    "R9": 8.55260212905705,
                    "as": 9.212927857413888,
                    "comp": 67.36310572410002,
                    "dc": 0.03339795069769025
                }
            },
            "std": {
                "reward": 38646,
                "time": 9.770813226699829
            }
        }
    },