{
    "N": 90000,
    "arms": [
        0.5312831389183457,
        0.4305408271474019,
        0.3647932131495228,
        0.3404029692470838,
        0.3117709437963945,
        0.2799575821845175,
        0.2788971367974549,
        0.2704135737009544,
        0.24602332979851538,
        0.24602332979851538
    ],
    "boltzmann": {
        "it-43": {
            "args": {
                "alpha_seed": 978,
                "random_arm_seed": 784,
                "reward_seed": 43,
                "sigma_seed": 842,
                "tau": 0.06
            },
            "gen-distributed": {
                "reward": 45345,
                "time": 16.348871546331793,
                "time_by_components": {
                    "R0": 1.567152553703636,
                    "R1": 0.9670782382600009,
                    "R2": 0.8640385493636131,
                    "R3": 0.848132046405226,
                    "R4": 0.8572166408412158,
                    "R5": 0.8575491583906114,
                    "R6": 0.8532536015845835,
                    "R7": 0.855494283605367,
                    "R8": 0.849669714923948,
                    "R9": 0.8507405780255795,
                    "as": 3.9279443016275764,
                    "comp": 1.401684938929975,
                    "dc": 0
                }
            },
            "gen-secure": {
                "reward": 45345,
                "time": 87.44593360740691,
                "time_by_components": {
                    "R0": 5.686725948005915,
                    "R1": 4.785823700483888,
                    "R2": 4.548174125608057,
                    "R3": 4.496822371613234,
                    "R4": 4.434125530067831,
                    "R5": 4.41440313635394,
                    "R6": 4.39114391990006,
                    "R7": 4.3824402913451195,
                    "R8": 4.370333448052406,
                    "R9": 4.3663196340203285,
                    "as": 4.656897365581244,
                    "comp": 34.555071618407965,
                    "dc": 0.03315277677029371
                }
            },
            "std": {
                "reward": 45345,
                "time": 5.93567967414856
            }
        }
    },
    "e-greedy": {
        "it-43": {
            "args": {
                "alpha_seed": 844,
                "epsilon": 0.1,
                "epsilon_seed": 886,
                "random_arm_seed": 846,
                "reward_seed": 43,
                "sigma_seed": 259
            },
            "gen-distributed": {
                "reward": 46047,
                "time": 14.869486000854522,
                "time_by_components": {
                    "R0": 1.519906769040972,
                    "R1": 0.7589670903980732,
                    "R2": 0.7518095760606229,
                    "R3": 0.7499730619601905,
                    "R4": 0.7551014302298427,
                    "R5": 0.7563407514244318,
                    "R6": 0.751606241799891,
                    "R7": 0.7513478794135153,
                    "R8": 0.7500498411245644,
                    "R9": 0.7513703778386116,
                    "as": 3.8887487072497606,
                    "comp": 0.373830403201282,
                    "dc": 0
                }
            },
            "gen-secure": {
                "reward": 46047,
                "time": 81.20784668019041,
                "time_by_components": {
                    "R0": 5.333331608679146,
                    "R1": 4.293475248385221,
                    "R2": 4.167757501360029,
                    "R3": 4.118139134719968,
                    "R4": 4.06510741263628,
                    "R5": 4.062144686467946,
                    "R6": 4.045358670409769,
                    "R7": 4.035282249562442,
                    "R8": 4.03065971750766,
                    "R9": 4.028542743530124,
                    "as": 4.506431961432099,
                    "comp": 31.494179269764572,
                    "dc": 0.033071022015064955
                }
            },
            "std": {
                "reward": 46047,
                "time": 5.470620155334473
            }
        }
    },
    "e-greedy-decreasing": {
        "it-43": {
            "args": {
                "alpha_seed": 568,
                "epsilon_seed": 978,
                "random_arm_seed": 784,
                "reward_seed": 43,
                "sigma_seed": 505
            },
            "gen-distributed": {
                "reward": 46546,
                "time": 14.987332301679999,
                "time_by_components": {
                    "R0": 1.5497386381030083,
                    "R1": 0.786543823312968,
                    "R2": 0.7703409241512418,
                    "R3": 0.7690762388519943,
                    "R4": 0.7679335102438927,
                    "R5": 0.7714324397966266,
                    "R6": 0.7698466391302645,
                    "R7": 0.7692815540358424,
                    "R8": 0.767934403847903,
                    "R9": 0.7693341174162924,
                    "as": 3.8362765624187887,
                    "comp": 0.33938267454504967,
                    "dc": 0
                }
            },
            "gen-secure": {
                "reward": 46546,
                "time": 83.83439792878926,
                "time_by_components": {
                    "R0": 5.522379457950592,
                    "R1": 4.457413645926863,
                    "R2": 4.314991255290806,
                    "R3": 4.272577586583793,
                    "R4": 4.20846359571442,
                    "R5": 4.216085154097527,
                    "R6": 4.189097422640771,
                    "R7": 4.177144624758512,
                    "R8": 4.169776246882975,
                    "R9": 4.178901901002973,
                    "as": 4.633284798357636,
                    "comp": 32.33610678324476,
                    "dc": 0.03326871898025274
                }
            },
            "std": {
                "reward": 46546,
                "time": 5.494478702545166
            }
        }
    },
    "nb_iterations": 50,
    "pursuit": {
        "it-43": {
            "args": {
                "alpha_seed": 978,
                "beta": 0.1,
                "random_arm_seed": 784,
                "reward_seed": 43,
                "sigma_seed": 505
            },
            "gen-distributed": {
                "reward": 47892,
                "time": 30.514157010708004,
                "time_by_components": {
                    "R0": 2.6469811955466866,
                    "R1": 1.725660058669746,
                    "R2": 1.6909311097115278,
                    "R3": 1.6852903855033219,
                    "R4": 1.6818230212666094,
                    "R5": 1.689040086697787,
                    "R6": 1.6865187543444335,
                    "R7": 1.6811820240691304,
                    "R8": 1.6794108995236456,
                    "R9": 1.6871825521811843,
                    "as": 7.837379351258278,
                    "comp": 1.6223988253623247,
                    "dc": 0
                }
            },
            "gen-secure": {
                "reward": 47892,
                "time": 168.4406536379829,
                "time_by_components": {
                    "R0": 10.489958152640611,
                    "R1": 9.206512890290469,
                    "R2": 8.830904742702842,
                    "R3": 8.714173378422856,
                    "R4": 8.572195272427052,
                    "R5": 8.610743473283947,
                    "R6": 8.47315158834681,
                    "R7": 8.530502206645906,
                    "R8": 8.500910255126655,
                    "R9": 8.47847487218678,
                    "as": 9.1497678370215,
                    "comp": 66.37948030093685,
                    "dc": 0.03308248287066817
                }
            },
            "std": {
                "reward": 47892,