{
    "N": 80000,
    "arms": [
        0.5312831389183457,
        0.4305408271474019,
        0.3647932131495228,
        0.3404029692470838,
        0.3117709437963945,
        0.2799575821845175,
        0.2788971367974549,
        0.2704135737009544,
        0.24602332979851538,
        0.24602332979851538
    ],
    "boltzmann": {
        "it-37": {
            "args": {
                "alpha_seed": 78,
                "random_arm_seed": 627,
                "reward_seed": 37,
                "sigma_seed": 294,
                "tau": 0.06
            },
            "gen-distributed": {
                "reward": 39542,
                "time": 14.62948568398133,
                "time_by_components": {
                    "R0": 1.358768055215478,
                    "R1": 0.9036296107806265,
                    "R2": 0.7900118604302406,
                    "R3": 0.7568926019594073,
                    "R4": 0.7650196151807904,
                    "R5": 0.7717547351494431,
                    "R6": 0.7614215780049562,
                    "R7": 0.7671374571509659,
                    "R8": 0.7570160236209631,
                    "R9": 0.7615074380300939,
                    "as": 3.4993951809592545,
                    "comp": 1.2589518399909139,
                    "dc": 0
                }
            },
            "gen-secure": {
                "reward": 39542,
                "time": 78.5306188617833,
                "time_by_components": {
                    "R0": 5.050573027692735,
                    "R1": 4.326370970346034,
                    "R2": 4.096235886216164,
                    "R3": 4.024238566868007,
                    "R4": 3.973272394388914,
                    "R5": 3.9730511978268623,
                    "R6": 3.941885103005916,
                    "R7": 3.953660916071385,
                    "R8": 3.947630137670785,
                    "R9": 3.9291468556039035,
                    "as": 4.150167732033879,
                    "comp": 31.065348799806088,
                    "dc": 0.03345419093966484
                }
            },
            "std": {
                "reward": 39542,
                "time": 5.308209419250488
            }
        }
    },
    "e-greedy": {
        "it-37": {
            "args": {
                "alpha_seed": 911,
                "epsilon": 0.1,
                "epsilon_seed": 549,
                "random_arm_seed": 412,
                "reward_seed": 37,
                "sigma_seed": 887
            },
            "gen-distributed": {
                "reward": 40856,
                "time": 12.228446607943624,
                "time_by_components": {
                    "R0": 1.253813669551164,
                    "R1": 0.6290208464488387,
                    "R2": 0.6222487934865057,
                    "R3": 0.6212260122410953,
                    "R4": 0.6220992025919259,
                    "R5": 0.6226726160384715,
                    "R6": 0.6225555003620684,
                    "R7": 0.6218172619119287,
                    "R8": 0.6216261112131178,
                    "R9": 0.6217467370443046,
                    "as": 3.16450319532305,
                    "comp": 0.302964739035815,
                    "dc": 0
                }
            },
            "gen-secure": {
                "reward": 40856,
                "time": 72.79461530921981,
                "time_by_components": {
                    "R0": 4.743269493803382,
                    "R1": 3.83794566988945,
                    "R2": 3.7900463603436947,
                    "R3": 3.705131479073316,
                    "R4": 3.661975370720029,
                    "R5": 3.640466248616576,
                    "R6": 3.6306760543957353,
                    "R7": 3.621924000326544,
                    "R8": 3.6255394965410233,
                    "R9": 3.6436283653602004,
                    "as": 4.003498156089336,
                    "comp": 28.199870272539556,
                    "dc": 0.033043605741113424
                }
            },
            "std": {
                "reward": 40856,
                "time": 4.754507303237915
            }
        }
    },
    "e-greedy-decreasing": {
        "it-37": {
            "args": {
                "alpha_seed": 13,
                "epsilon_seed": 78,
                "random_arm_seed": 627,
                "reward_seed": 37,
                "sigma_seed": 75
            },
            "gen-distributed": {
                "reward": 41500,
                "time": 13.315433252137154,
                "time_by_components": {
                    "R0": 1.387446424458176,
                    "R1": 0.6938632847741246,
                    "R2": 0.6854995316825807,
                    "R3": 0.6842042896896601,
                    "R4": 0.6836236375384033,
                    "R5": 0.6834968230687082,
                    "R6": 0.6826902334578335,
                    "R7": 0.6824981332756579,
                    "R8": 0.6819891766645014,
                    "R9": 0.6840999256819487,
                    "as": 3.402639301959425,
                    "comp": 0.30323716439306736,
                    "dc": 0
                }
            },
            "gen-secure": {
                "reward": 41500,
                "time": 74.46355414995924,
                "time_by_components": {
                    "R0": 4.93064930755645,
                    "R1": 3.979937824420631,
                    "R2": 3.8249706155620515,
                    "R3": 3.7818271215073764,
                    "R4": 3.7344640167430043,
                    "R5": 3.7267892877571285,
                    "R6": 3.722589274868369,
                    "R7": 3.7059839917346835,
                    "R8": 3.744636537041515,
                    "R9": 3.7071699891239405,
                    "as": 4.026788977906108,
                    "comp": 28.80459649860859,
                    "dc": 0.03312881197780371
                }
            },
            "std": {
                "reward": 41500,
                "time": 4.895020484924316
            }
        }
    },
    "nb_iterations": 50,
    "pursuit": {
        "it-37": {
            "args": {
                "alpha_seed": 78,
                "beta": 0.1,
                "random_arm_seed": 627,
                "reward_seed": 37,
                "sigma_seed": 75
            },
            "gen-distributed": {
                "reward": 42601,
                "time": 26.948416898027062,
                "time_by_components": {
                    "R0": 2.336512638721615,
                    "R1": 1.5278414338827133,
                    "R2": 1.503643476869911,
                    "R3": 1.4968603113666177,
                    "R4": 1.493522873148322,
                    "R5": 1.5000096526928246,
                    "R6": 1.4977017985656857,
                    "R7": 1.4990467596799135,
                    "R8": 1.4987928136251867,
                    "R9": 1.495749399997294,
                    "as": 6.878672836348414,
                    "comp": 1.4095857171341777,
                    "dc": 0
                }
            },
            "gen-secure": {
                "reward": 42601,
                "time": 152.28230204991996,
                "time_by_components": {
                    "R0": 9.505537481512874,
                    "R1": 8.271010074298829,
                    "R2": 8.0463085193187,
                    "R3": 7.863403918221593,
                    "R4": 7.729031869675964,
                    "R5": 7.787849645130336,
                    "R6": 7.692454859148711,
                    "R7": 7.661886061541736,
                    "R8": 7.73511745641008,
                    "R9": 7.6539412727579474,
                    "as": 8.185727560892701,
                    "comp": 60.122904741205275,
                    "dc": 0.03367542941123247
                }
            },
            "std": {
                "reward": 42601,