{
    "N": 60000,
    "arms": [
        0.5312831389183457,
        0.4305408271474019,
        0.3647932131495228,
        0.3404029692470838,
        0.3117709437963945,
        0.2799575821845175,
        0.2788971367974549,
        0.2704135737009544,
        0.24602332979851538,
        0.24602332979851538
    ],
    "boltzmann": {
        "it-41": {
            "args": {
                "alpha_seed": 202,
                "random_arm_seed": 971,
                "reward_seed": 41,
                "sigma_seed": 41,
                "tau": 0.06
            },
            "gen-distributed": {
                "reward": 29985,
                "time": 10.946628778707236,
                "time_by_components": {
                    "R0": 1.0315002263523638,
                    "R1": 0.6465389323420823,
                    "R2": 0.5811728443950415,
                    "R3": 0.5919464374892414,
                    "R4": 0.5705456184223294,
                    "R5": 0.5698067774064839,
                    "R6": 0.5721149737946689,
                    "R7": 0.57287552440539,
                    "R8": 0.5666518472135067,
                    "R9": 0.5716843726113439,
                    "as": 2.611538975033909,
                    "comp": 0.9416947425343096,
                    "dc": 0
                }
            },
            "gen-secure": {
                "reward": 29985,
                "time": 59.6322310520336,
                "time_by_components": {
                    "R0": 3.8916281890124083,
                    "R1": 3.2688592220656574,
                    "R2": 3.1251825150102377,
                    "R3": 3.0928481412120163,
                    "R4": 3.0267592105083168,
                    "R5": 3.019573083613068,
                    "R6": 3.025579882785678,
                    "R7": 3.0186784639954567,
                    "R8": 2.9956993726082146,
                    "R9": 2.9967364096082747,
                    "as": 3.145287054590881,
                    "comp": 23.426497024018317,
                    "dc": 0.03308223793283105
                }
            },
            "std": {
                "reward": 29985,
                "time": 3.9093806743621826
            }
        }
    },
    "e-greedy": {
        "it-41": {
            "args": {
                "alpha_seed": 138,
                "epsilon": 0.1,
                "epsilon_seed": 503,
                "random_arm_seed": 943,
                "reward_seed": 41,
                "sigma_seed": 421
            },
            "gen-distributed": {
                "reward": 30750,
                "time": 9.838689940050244,
                "time_by_components": {
                    "R0": 1.007027488667518,
                    "R1": 0.5090909590944648,
                    "R2": 0.5022353725507855,
                    "R3": 0.5002556559629738,
                    "R4": 0.4995881225913763,
                    "R5": 0.5017091603949666,
                    "R6": 0.5002560303546488,
                    "R7": 0.5000999779440463,
                    "R8": 0.499302314594388,
                    "R9": 0.5000390410423279,
                    "as": 2.547646814957261,
                    "comp": 0.24626122042536736,
                    "dc": 0
                }
            },
            "gen-secure": {
                "reward": 30750,
                "time": 55.50344468373805,
                "time_by_components": {
                    "R0": 3.6862261248752475,
                    "R1": 2.975524347741157,
                    "R2": 2.8626000047661364,
                    "R3": 2.828353127464652,
                    "R4": 2.793431779835373,
                    "R5": 2.792386634275317,
                    "R6": 2.783943506423384,
                    "R7": 2.774671399500221,
                    "R8": 2.77215649234131,
                    "R9": 2.7742519485764205,
                    "as": 3.0313171655870974,
                    "comp": 21.37990955868736,
                    "dc": 0.03333044704049826
                }
            },
            "std": {
                "reward": 30750,
                "time": 3.6292765140533447
            }
        }
    },
    "e-greedy-decreasing": {
        "it-41": {
            "args": {
                "alpha_seed": 489,
                "epsilon_seed": 202,
                "random_arm_seed": 971,
                "reward_seed": 41,
                "sigma_seed": 961
            },
            "gen-distributed": {
                "reward": 30670,
                "time": 10.08348244894296,
                "time_by_components": {
                    "R0": 1.0072448514401913,
                    "R1": 0.5601800750009716,
                    "R2": 0.5164487143047154,
                    "R3": 0.5150792356580496,
                    "R4": 0.5144140706397593,
                    "R5": 0.5175297716632485,
                    "R6": 0.5154029750265181,
                    "R7": 0.5153226666152477,
                    "R8": 0.5164656722918153,
                    "R9": 0.5157533716410398,
                    "as": 2.5857593854889274,
                    "comp": 0.23425756115466356,
                    "dc": 0
                }
            },
            "gen-secure": {
                "reward": 30670,
                "time": 56.93123396905139,
                "time_by_components": {
                    "R0": 3.681252248119563,
                    "R1": 3.0898638274520636,
                    "R2": 2.978869299404323,
                    "R3": 2.90524026658386,
                    "R4": 2.872406105045229,
                    "R5": 2.873433997388929,
                    "R6": 2.861276915296912,
                    "R7": 2.852816819678992,
                    "R8": 2.844245456624776,
                    "R9": 2.837482875213027,
                    "as": 3.026436524000019,
                    "comp": 21.97825825959444,
                    "dc": 0.033122516237199306
                }
            },
            "std": {
                "reward": 30670,
                "time": 3.633249521255493
            }
        }
    },
    "nb_iterations": 50,
    "pursuit": {
        "it-41": {
            "args": {
                "alpha_seed": 202,
                "beta": 0.1,
                "random_arm_seed": 971,
                "reward_seed": 41,
                "sigma_seed": 961
            },
            "gen-distributed": {
                "reward": 25851,
                "time": 20.26007718872279,
                "time_by_components": {
                    "R0": 1.2104991492815316,
                    "R1": 1.6944021708332002,
                    "R2": 1.1365371588617563,
                    "R3": 1.1245470447465777,
                    "R4": 1.1207149061374366,
                    "R5": 1.126552490517497,
                    "R6": 1.1231389753520489,
                    "R7": 1.122668112628162,
                    "R8": 1.1186298467218876,
                    "R9": 1.1224311306141317,
                    "as": 5.163860567845404,
                    "comp": 1.0636644852347672,
                    "dc": 0
                }
            },
            "gen-secure": {
                "reward": 25851,
                "time": 114.92808562889695,
                "time_by_components": {
                    "R0": 6.586725622881204,
                    "R1": 6.798109021503478,
                    "R2": 6.050259345211089,
                    "R3": 5.986687835305929,
                    "R4": 5.8514650030992925,
                    "R5": 5.825649679172784,
                    "R6": 5.804990113247186,
                    "R7": 5.865116834640503,
                    "R8": 5.791689025703818,
                    "R9": 5.844830373302102,
                    "as": 6.222349359188229,
                    "comp": 45.21110082278028,
                    "dc": 0.03309336677193642
                }
            },
            "std": {
                "reward": 25851,