{
    "N": 90000,
    "arms": [
        0.5312831389183457,
        0.4305408271474019,
        0.3647932131495228,
        0.3404029692470838,
        0.3117709437963945,
        0.2799575821845175,
        0.2788971367974549,
        0.2704135737009544,
        0.24602332979851538,
        0.24602332979851538
    ],
    "boltzmann": {
        "it-31": {
            "args": {
                "alpha_seed": 633,
                "random_arm_seed": 829,
                "reward_seed": 31,
                "sigma_seed": 985,
                "tau": 0.06
            },
            "gen-distributed": {
                "reward": 44864,
                "time": 16.403475834988058,
                "time_by_components": {
                    "R0": 1.5603613015264273,
                    "R1": 0.9487983109429479,
                    "R2": 0.8893616106361151,
                    "R3": 0.8776927916333079,
                    "R4": 0.8491606693714857,
                    "R5": 0.8586984775029123,
                    "R6": 0.8597234808839858,
                    "R7": 0.8580947993323207,
                    "R8": 0.8497720421291888,
                    "R9": 0.8589662807062268,
                    "as": 3.928474706597626,
                    "comp": 1.409378016833216,
                    "dc": 0
                }
            },
            "gen-secure": {
                "reward": 44864,
                "time": 86.19031434087083,
                "time_by_components": {
                    "R0": 5.6081960569135845,
                    "R1": 4.701553878840059,
                    "R2": 4.499947934877127,
                    "R3": 4.426107218954712,
                    "R4": 4.364297594409436,
                    "R5": 4.360768214799464,
                    "R6": 4.357279624324292,
                    "R7": 4.336509536486119,
                    "R8": 4.313369318377227,
                    "R9": 4.335742563474923,
                    "as": 4.596530268434435,
                    "comp": 33.959618935827166,
                    "dc": 0.03311255108565092
                }
            },
            "std": {
                "reward": 44864,
                "time": 5.931595802307129
            }
        }
    },
    "e-greedy": {
        "it-31": {
            "args": {
                "alpha_seed": 347,
                "epsilon": 0.1,
                "epsilon_seed": 961,
                "random_arm_seed": 116,
                "reward_seed": 31,
                "sigma_seed": 284
            },
            "gen-distributed": {
                "reward": 46067,
                "time": 13.558472475036979,
                "time_by_components": {
                    "R0": 1.399162002839148,
                    "R1": 0.6990304864011705,
                    "R2": 0.691920090932399,
                    "R3": 0.6888003484345973,
                    "R4": 0.6876758309081197,
                    "R5": 0.6885897465981543,
                    "R6": 0.6899293689057231,
                    "R7": 0.690246672835201,
                    "R8": 0.6885296143591404,
                    "R9": 0.6898174569942057,
                    "as": 3.515214425045997,
                    "comp": 0.33494718186557293,
                    "dc": 0
                }
            },
            "gen-secure": {
                "reward": 46067,
                "time": 81.13737980509177,
                "time_by_components": {
                    "R0": 5.3648971184156835,
                    "R1": 4.3230549157597125,
                    "R2": 4.147523695137352,
                    "R3": 4.103822227101773,
                    "R4": 4.047922953031957,
                    "R5": 4.048473226837814,
                    "R6": 4.028890587389469,
                    "R7": 4.025011205114424,
                    "R8": 4.016737257596105,
                    "R9": 4.014883606694639,
                    "as": 4.4466592548415065,
                    "comp": 31.569408369250596,
                    "dc": 0.033422213047742844
                }
            },
            "std": {
                "reward": 46067,
                "time": 5.357665300369263
            }
        }
    },
    "e-greedy-decreasing": {
        "it-31": {
            "args": {
                "alpha_seed": 642,
                "epsilon_seed": 633,
                "random_arm_seed": 829,
                "reward_seed": 31,
                "sigma_seed": 861
            },
            "gen-distributed": {
                "reward": 46679,
                "time": 14.989663308952004,
                "time_by_components": {
                    "R0": 1.5604216107167304,
                    "R1": 0.7798837921582162,
                    "R2": 0.770850527100265,
                    "R3": 0.7697466709651053,
                    "R4": 0.7693225778639317,
                    "R5": 0.7706757448613644,
                    "R6": 0.7694618101231754,
                    "R7": 0.7697193743661046,
                    "R8": 0.7708423929288983,
                    "R9": 0.7700641881674528,
                    "as": 3.831834706943482,
                    "comp": 0.3427199684083462,
                    "dc": 0
                }
            },
            "gen-secure": {
                "reward": 46679,
                "time": 83.37844338780269,
                "time_by_components": {
                    "R0": 5.5151419886387885,
                    "R1": 4.424254181329161,
                    "R2": 4.295420682989061,
                    "R3": 4.238659867551178,
                    "R4": 4.184085788205266,
                    "R5": 4.169981644488871,
                    "R6": 4.161057714372873,
                    "R7": 4.1490384680218995,
                    "R8": 4.142788861878216,
                    "R9": 4.155862639658153,
                    "as": 4.531945483759046,
                    "comp": 32.291256457101554,
                    "dc": 0.03311811666935682
                }
            },
            "std": {
                "reward": 46679,
                "time": 5.476282835006714
            }
        }
    },
    "nb_iterations": 50,
    "pursuit": {
        "it-31": {
            "args": {
                "alpha_seed": 633,
                "beta": 0.1,
                "random_arm_seed": 829,
                "reward_seed": 31,
                "sigma_seed": 861
            },
            "gen-distributed": {
                "reward": 47894,
                "time": 30.38270834693685,
                "time_by_components": {
                    "R0": 2.643045180477202,
                    "R1": 1.7266791979782283,
                    "R2": 1.694551205728203,
                    "R3": 1.6866127448156476,
                    "R4": 1.6811570203863084,
                    "R5": 1.6905735274776816,
                    "R6": 1.6862782686948776,
                    "R7": 1.6865006829611957,
                    "R8": 1.679787396453321,
                    "R9": 1.6856937906704843,
                    "as": 7.760235325433314,
                    "comp": 1.5984438061714172,
                    "dc": 0
                }
            },
            "gen-secure": {
                "reward": 47894,
                "time": 170.00239995867014,
                "time_by_components": {
                    "R0": 10.693539306521416,
                    "R1": 9.205041650217026,
                    "R2": 8.987083561718464,
                    "R3": 8.741963780019432,
                    "R4": 8.715647591277957,
                    "R5": 8.658786522690207,
                    "R6": 8.562715239357203,
                    "R7": 8.602926481049508,
                    "R8": 8.517118186689913,
                    "R9": 8.507853017188609,
                    "as": 9.259435947053134,
                    "comp": 67.05695228138939,
                    "dc": 0.03311169287189841
                }
            },
            "std": {
                "reward": 47894,