{
    "N": 90000,
    "arms": [
        0.5312831389183457,
        0.4305408271474019,
        0.3647932131495228,
        0.3404029692470838,
        0.3117709437963945,
        0.2799575821845175,
        0.2788971367974549,
        0.2704135737009544,
        0.24602332979851538,
        0.24602332979851538
    ],
    "boltzmann": {
        "it-14": {
            "args": {
                "alpha_seed": 59,
                "random_arm_seed": 204,
                "reward_seed": 14,
                "sigma_seed": 555,
                "tau": 0.06
            },
            "gen-distributed": {
                "reward": 43867,
                "time": 16.427007566206157,
                "time_by_components": {
                    "R0": 1.5032936995849013,
                    "R1": 1.010425833053887,
                    "R2": 0.8972156159579754,
                    "R3": 0.8800885872915387,
                    "R4": 0.8692013276740909,
                    "R5": 0.8561510532163084,
                    "R6": 0.8624698063358665,
                    "R7": 0.8590236324816942,
                    "R8": 0.8528331033885479,
                    "R9": 0.8545086598023772,
                    "as": 3.9220715276896954,
                    "comp": 1.423776650801301,
                    "dc": 0
                }
            },
            "gen-secure": {
                "reward": 43867,
                "time": 88.90651900321245,
                "time_by_components": {
                    "R0": 5.746820717584342,
                    "R1": 4.8652995536103845,
                    "R2": 4.614233245141804,
                    "R3": 4.540237482637167,
                    "R4": 4.523956525139511,
                    "R5": 4.48858803557232,
                    "R6": 4.483431775122881,
                    "R7": 4.474131790921092,
                    "R8": 4.440660152584314,
                    "R9": 4.430426572915167,
                    "as": 4.651280872058123,
                    "comp": 35.151431096717715,
                    "dc": 0.033048735931515694
                }
            },
            "std": {
                "reward": 43867,
                "time": 5.920705795288086
            }
        }
    },
    "e-greedy": {
        "it-14": {
            "args": {
                "alpha_seed": 748,
                "epsilon": 0.1,
                "epsilon_seed": 884,
                "random_arm_seed": 578,
                "reward_seed": 14,
                "sigma_seed": 555
            },
            "gen-distributed": {
                "reward": 46004,
                "time": 14.584610951133072,
                "time_by_components": {
                    "R0": 1.5103705530054867,
                    "R1": 0.755418490152806,
                    "R2": 0.7486349018290639,
                    "R3": 0.7463705902919173,
                    "R4": 0.7466930821537971,
                    "R5": 0.7487910310737789,
                    "R6": 0.7463686442933977,
                    "R7": 0.7462268937379122,
                    "R8": 0.7462348714470863,
                    "R9": 0.745478130877018,
                    "as": 3.7513403315097094,
                    "comp": 0.3594040619209409,
                    "dc": 0
                }
            },
            "gen-secure": {
                "reward": 46004,
                "time": 81.73501857602969,
                "time_by_components": {
                    "R0": 5.36069959634915,
                    "R1": 4.314530295319855,
                    "R2": 4.192504632752389,
                    "R3": 4.147281512618065,
                    "R4": 4.100147477351129,
                    "R5": 4.080122836399823,
                    "R6": 4.070090234745294,
                    "R7": 4.066296729259193,
                    "R8": 4.059134259354323,
                    "R9": 4.0641917935572565,
                    "as": 4.495428356807679,
                    "comp": 31.67210015375167,
                    "dc": 0.02930013509467244
                }
            },
            "std": {
                "reward": 46004,
                "time": 5.245867013931274
            }
        }
    },
    "e-greedy-decreasing": {
        "it-14": {
            "args": {
                "alpha_seed": 748,
                "epsilon_seed": 884,
                "random_arm_seed": 578,
                "reward_seed": 14,
                "sigma_seed": 555
            },
            "gen-distributed": {
                "reward": 46638,
                "time": 14.938353979960084,
                "time_by_components": {
                    "R0": 1.5574209676124156,
                    "R1": 0.7769518285058439,
                    "R2": 0.7704315558075905,
                    "R3": 0.7708341348916292,
                    "R4": 0.768682505004108,
                    "R5": 0.7699664640240371,
                    "R6": 0.7750439206138253,
                    "R7": 0.7723188772797585,
                    "R8": 0.7679212149232626,
                    "R9": 0.7682514651678503,
                    "as": 3.800478132907301,
                    "comp": 0.33629360795021057,
                    "dc": 0
                }
            },
            "gen-secure": {
                "reward": 46638,
                "time": 82.86602588696405,
                "time_by_components": {
                    "R0": 5.4750517518259585,
                    "R1": 4.383023899979889,
                    "R2": 4.290184378623962,
                    "R3": 4.21947379829362,
                    "R4": 4.150655488483608,
                    "R5": 4.150152720045298,
                    "R6": 4.13063989020884,
                    "R7": 4.122318704146892,
                    "R8": 4.118375560734421,
                    "R9": 4.132197984028608,
                    "as": 4.526001274120063,
                    "comp": 32.04780846089125,
                    "dc": 0.04094721609726548
                }
            },
            "std": {
                "reward": 46638,
                "time": 5.388209819793701
            }
        }
    },
    "nb_iterations": 30,
    "pursuit": {
        "it-14": {
            "args": {
                "alpha_seed": 59,
                "beta": 0.1,
                "random_arm_seed": 204,
                "reward_seed": 14,
                "sigma_seed": 762
            },
            "gen-distributed": {
                "reward": 47897,
                "time": 30.06777982506901,
                "time_by_components": {
                    "R0": 2.6317550563253462,
                    "R1": 1.7095866482704878,
                    "R2": 1.6815919624641538,
                    "R3": 1.677284624427557,
                    "R4": 1.6749020158313215,
                    "R5": 1.6801896295510232,
                    "R6": 1.677587660960853,
                    "R7": 1.6737051215022802,
                    "R8": 1.6718220030888915,
                    "R9": 1.6738637420348823,
                    "as": 7.667007557116449,
                    "comp": 1.585014260839671,
                    "dc": 0
                }
            },
            "gen-secure": {
                "reward": 47897,
                "time": 170.91197910392657,
                "time_by_components": {
                    "R0": 10.71892263321206,
                    "R1": 9.314034428913146,
                    "R2": 8.907653185073286,
                    "R3": 8.8557867128402,
                    "R4": 8.653755231760442,
                    "R5": 8.630612171720713,
                    "R6": 8.692158790305257,
                    "R7": 8.590876935515553,
                    "R8": 8.574381845537573,
                    "R9": 8.560012103524059,
                    "as": 9.113359435461462,
                    "comp": 67.64390000328422,
                    "dc": 0.03321980498731136
                }
            },
            "std": {
                "reward": 47897,