{
    "N": 70000,
    "arms": [
        0.5312831389183457,
        0.4305408271474019,
        0.3647932131495228,
        0.3404029692470838,
        0.3117709437963945,
        0.2799575821845175,
        0.2788971367974549,
        0.2704135737009544,
        0.24602332979851538,
        0.24602332979851538
    ],
    "boltzmann": {
        "it-47": {
            "args": {
                "alpha_seed": 153,
                "random_arm_seed": 152,
                "reward_seed": 47,
                "sigma_seed": 646,
                "tau": 0.06
            },
            "gen-distributed": {
                "reward": 32923,
                "time": 12.728006215300411,
                "time_by_components": {
                    "R0": 1.0810554516501725,
                    "R1": 0.8056176211684942,
                    "R2": 0.7117491532117128,
                    "R3": 0.6948857549577951,
                    "R4": 0.6663854573853314,
                    "R5": 0.6760394419543445,
                    "R6": 0.6667740265838802,
                    "R7": 0.6674225027672946,
                    "R8": 0.6693499940447509,
                    "R9": 0.6704774629324675,
                    "as": 3.0366309457458556,
                    "comp": 1.088221694342792,
                    "dc": 0
                }
            },
            "gen-secure": {
                "reward": 32923,
                "time": 68.83425803622231,
                "time_by_components": {
                    "R0": 4.409252657089382,
                    "R1": 3.8524909308180213,
                    "R2": 3.630652202758938,
                    "R3": 3.565274447668344,
                    "R4": 3.514957304112613,
                    "R5": 3.4952912922017276,
                    "R6": 3.472374878823757,
                    "R7": 3.4626645911484957,
                    "R8": 3.460252827964723,
                    "R9": 3.4544776557013392,
                    "as": 3.6140658874064684,
                    "comp": 27.04324029944837,
                    "dc": 0.0331988800317049
                }
            },
            "std": {
                "reward": 32923,
                "time": 4.643653154373169
            }
        }
    },
    "e-greedy": {
        "it-47": {
            "args": {
                "alpha_seed": 720,
                "epsilon": 0.1,
                "epsilon_seed": 273,
                "random_arm_seed": 311,
                "reward_seed": 47,
                "sigma_seed": 263
            },
            "gen-distributed": {
                "reward": 35865,
                "time": 11.482074894942343,
                "time_by_components": {
                    "R0": 1.169666538015008,
                    "R1": 0.6036689020693302,
                    "R2": 0.5840036943554878,
                    "R3": 0.582023311406374,
                    "R4": 0.5829732599668205,
                    "R5": 0.5830609989352524,
                    "R6": 0.5827527302317321,
                    "R7": 0.5831264369189739,
                    "R8": 0.5820086002349854,
                    "R9": 0.5818703635595739,
                    "as": 2.968557142652571,
                    "comp": 0.28573906840756536,
                    "dc": 0
                }
            },
            "gen-secure": {
                "reward": 35865,
                "time": 63.746799156069756,
                "time_by_components": {
                    "R0": 4.212349505163729,
                    "R1": 3.386603003833443,
                    "R2": 3.3296989374794066,
                    "R3": 3.252824353519827,
                    "R4": 3.2097773859277368,
                    "R5": 3.219682617112994,
                    "R6": 3.198252793867141,
                    "R7": 3.187661756295711,
                    "R8": 3.183780082501471,
                    "R9": 3.184770447202027,
                    "as": 3.508946501649916,
                    "comp": 24.4965452644974,
                    "dc": 0.04143972368910909
                }
            },
            "std": {
                "reward": 35865,
                "time": 4.32516074180603
            }
        }
    },
    "e-greedy-decreasing": {
        "it-47": {
            "args": {
                "alpha_seed": 377,
                "epsilon_seed": 153,
                "random_arm_seed": 152,
                "reward_seed": 47,
                "sigma_seed": 340
            },
            "gen-distributed": {
                "reward": 36468,
                "time": 11.640469165053219,
                "time_by_components": {
                    "R0": 1.2113478989340365,
                    "R1": 0.6038660178892314,
                    "R2": 0.5989409545436502,
                    "R3": 0.5972997164353728,
                    "R4": 0.596712133847177,
                    "R5": 0.5996211166493595,
                    "R6": 0.5981784001924098,
                    "R7": 0.5985011951997876,
                    "R8": 0.5960633726790547,
                    "R9": 0.5963123454712331,
                    "as": 2.9570236206054688,
                    "comp": 0.26837175618857145,
                    "dc": 0
                }
            },
            "gen-secure": {
                "reward": 36468,
                "time": 64.883500630036,
                "time_by_components": {
                    "R0": 4.361420423723757,
                    "R1": 3.4572460991330445,
                    "R2": 3.3545410549268126,
                    "R3": 3.3132518897764385,
                    "R4": 3.275270496495068,
                    "R5": 3.259689416270703,
                    "R6": 3.2555265072733164,
                    "R7": 3.25636464683339,
                    "R8": 3.245345750823617,
                    "R9": 3.2478463435545564,
                    "as": 3.519846708048135,
                    "comp": 24.889590547885746,
                    "dc": 0.033366396091878414
                }
            },
            "std": {
                "reward": 36468,
                "time": 4.256892204284668
            }
        }
    },
    "nb_iterations": 50,
    "pursuit": {
        "it-47": {
            "args": {
                "alpha_seed": 153,
                "beta": 0.1,
                "random_arm_seed": 152,
                "reward_seed": 47,
                "sigma_seed": 340
            },
            "gen-distributed": {
                "reward": 37360,
                "time": 23.643881580326706,
                "time_by_components": {
                    "R0": 2.0536863622255623,
                    "R1": 1.350582747720182,
                    "R2": 1.3266158467158675,
                    "R3": 1.3174353926442564,
                    "R4": 1.3107061320915818,
                    "R5": 1.3172653457149863,
                    "R6": 1.3147144243121147,
                    "R7": 1.312403011135757,
                    "R8": 1.3071037475019693,
                    "R9": 1.3107446101494133,
                    "as": 6.002263464033604,
                    "comp": 1.2341172997839749,
                    "dc": 0
                }
            },
            "gen-secure": {
                "reward": 37360,
                "time": 133.3449703338556,
                "time_by_components": {
                    "R0": 8.343556980136782,
                    "R1": 7.265733213163912,
                    "R2": 6.956308333668858,
                    "R3": 6.910621772054583,
                    "R4": 6.833837114274502,
                    "R5": 6.7648998675867915,
                    "R6": 6.729072563350201,
                    "R7": 6.783117406070232,
                    "R8": 6.7062755660153925,
                    "R9": 6.755272075068206,
                    "as": 7.229637059848756,
                    "comp": 52.4481630991213,
                    "dc": 0.03309892117977142
                }
            },
            "std": {
                "reward": 37360,