{
    "N": 70000,
    "arms": [
        0.5312831389183457,
        0.4305408271474019,
        0.3647932131495228,
        0.3404029692470838,
        0.3117709437963945,
        0.2799575821845175,
        0.2788971367974549,
        0.2704135737009544,
        0.24602332979851538,
        0.24602332979851538
    ],
    "boltzmann": {
        "it-18": {
            "args": {
                "alpha_seed": 830,
                "random_arm_seed": 189,
                "reward_seed": 18,
                "sigma_seed": 823,
                "tau": 0.06
            },
            "gen-distributed": {
                "reward": 34163,
                "time": 12.776484570931643,
                "time_by_components": {
                    "R0": 1.1529531902633607,
                    "R1": 0.7912977347150445,
                    "R2": 0.7036575390957296,
                    "R3": 0.6799315535463393,
                    "R4": 0.6806330936960876,
                    "R5": 0.6728884563781321,
                    "R6": 0.6649252418428659,
                    "R7": 0.667833331041038,
                    "R8": 0.6669309735298157,
                    "R9": 0.6670953175053,
                    "as": 3.0444659031927586,
                    "comp": 1.0962963700294495,
                    "dc": 0
                }
            },
            "gen-secure": {
                "reward": 34163,
                "time": 68.71754283411428,
                "time_by_components": {
                    "R0": 4.37080999230966,
                    "R1": 3.820635954849422,
                    "R2": 3.6001764805987477,
                    "R3": 3.5358406235463917,
                    "R4": 3.494953763205558,
                    "R5": 3.47617333708331,
                    "R6": 3.4608012149110436,
                    "R7": 3.456851290538907,
                    "R8": 3.4752909345552325,
                    "R9": 3.490096789319068,
                    "as": 3.5783272553235292,
                    "comp": 27.027687086258084,
                    "dc": 0.033206616062670946
                }
            },
            "std": {
                "reward": 34163,
                "time": 4.5585548877716064
            }
        }
    },
    "e-greedy": {
        "it-18": {
            "args": {
                "alpha_seed": 755,
                "epsilon": 0.1,
                "epsilon_seed": 904,
                "random_arm_seed": 789,
                "reward_seed": 18,
                "sigma_seed": 870
            },
            "gen-distributed": {
                "reward": 35750,
                "time": 11.438434018753469,
                "time_by_components": {
                    "R0": 1.165008271113038,
                    "R1": 0.6038330607116222,
                    "R2": 0.5876509887166321,
                    "R3": 0.5860261921770871,
                    "R4": 0.5847858753986657,
                    "R5": 0.5861556068994105,
                    "R6": 0.5854990631341934,
                    "R7": 0.5834181802347302,
                    "R8": 0.5836617965251207,
                    "R9": 0.5851699565537274,
                    "as": 2.9604871557094157,
                    "comp": 0.2836026637814939,
                    "dc": 0
                }
            },
            "gen-secure": {
                "reward": 35750,
                "time": 64.5174921550788,
                "time_by_components": {
                    "R0": 4.212685499805957,
                    "R1": 3.433429657947272,
                    "R2": 3.323034471832216,
                    "R3": 3.280249973293394,
                    "R4": 3.2461246768943965,
                    "R5": 3.243959450162947,
                    "R6": 3.2278678421862423,
                    "R7": 3.218215808738023,
                    "R8": 3.216082122642547,
                    "R9": 3.213066632859409,
                    "as": 3.4932172410190105,
                    "comp": 24.963857683353126,
                    "dc": 0.03310890169814229
                }
            },
            "std": {
                "reward": 35750,
                "time": 4.186991453170776
            }
        }
    },
    "e-greedy-decreasing": {
        "it-18": {
            "args": {
                "alpha_seed": 311,
                "epsilon_seed": 556,
                "random_arm_seed": 998,
                "reward_seed": 18,
                "sigma_seed": 538
            },
            "gen-distributed": {
                "reward": 36005,
                "time": 11.345011500176042,
                "time_by_components": {
                    "R0": 1.150784953031689,
                    "R1": 0.6175764021463692,
                    "R2": 0.5833909153006971,
                    "R3": 0.5837321616709232,
                    "R4": 0.5821130690164864,
                    "R5": 0.5821379465050995,
                    "R6": 0.581721200607717,
                    "R7": 0.5822446187958121,
                    "R8": 0.5809564902447164,
                    "R9": 0.5804206365719438,
                    "as": 2.8933064355514944,
                    "comp": 0.2583992099389434,
                    "dc": 0
                }
            },
            "gen-secure": {
                "reward": 36005,
                "time": 64.81985150277615,
                "time_by_components": {
                    "R0": 4.330203012563288,
                    "R1": 3.486883709207177,
                    "R2": 3.3585160123184323,
                    "R3": 3.3167252419516444,
                    "R4": 3.267304679378867,
                    "R5": 3.2542405603453517,
                    "R6": 3.2472886703908443,
                    "R7": 3.2416348420083523,
                    "R8": 3.2378255096264184,
                    "R9": 3.247798403725028,
                    "as": 3.508856102824211,
                    "comp": 24.890700003132224,
                    "dc": 0.03314247215166688
                }
            },
            "std": {
                "reward": 36005,
                "time": 4.307947397232056
            }
        }
    },
    "nb_iterations": 30,
    "pursuit": {
        "it-18": {
            "args": {
                "alpha_seed": 830,
                "beta": 0.1,
                "random_arm_seed": 189,
                "reward_seed": 18,
                "sigma_seed": 282
            },
            "gen-distributed": {
                "reward": 25561,
                "time": 23.443393453024328,
                "time_by_components": {
                    "R0": 1.423749275971204,
                    "R1": 1.3289084173738956,
                    "R2": 1.9619408496655524,
                    "R3": 1.315688081085682,
                    "R4": 1.311615852639079,
                    "R5": 1.313401211053133,
                    "R6": 1.3124829195439816,
                    "R7": 1.3084953357465565,
                    "R8": 1.307381713297218,
                    "R9": 1.3114853180013597,
                    "as": 5.945944100618362,
                    "comp": 1.2338775536045432,
                    "dc": 0
                }
            },
            "gen-secure": {
                "reward": 25561,
                "time": 133.06434961920604,
                "time_by_components": {
                    "R0": 7.642494353465736,
                    "R1": 7.064634665381163,
                    "R2": 7.712014498189092,
                    "R3": 6.866433910559863,
                    "R4": 6.816074080299586,
                    "R5": 6.733060151338577,
                    "R6": 6.775658240541816,
                    "R7": 6.696996978018433,
                    "R8": 6.677965797949582,
                    "R9": 6.758917341940105,
                    "as": 7.146340228617191,
                    "comp": 52.521364519838244,
                    "dc": 0.03348735999315977
                }
            },
            "std": {
                "reward": 25561,