{
    "N": 80000,
    "arms": [
        0.5312831389183457,
        0.4305408271474019,
        0.3647932131495228,
        0.3404029692470838,
        0.3117709437963945,
        0.2799575821845175,
        0.2788971367974549,
        0.2704135737009544,
        0.24602332979851538,
        0.24602332979851538
    ],
    "boltzmann": {
        "it-6": {
            "args": {
                "alpha_seed": 789,
                "random_arm_seed": 147,
                "reward_seed": 6,
                "sigma_seed": 274,
                "tau": 0.06
            },
            "gen-distributed": {
                "reward": 39794,
                "time": 14.442162624094635,
                "time_by_components": {
                    "R0": 1.3695600628852844,
                    "R1": 0.8733383193612099,
                    "R2": 0.7817247589118779,
                    "R3": 0.7622107686474919,
                    "R4": 0.7624486503191292,
                    "R5": 0.7583579677157104,
                    "R6": 0.7636364973150194,
                    "R7": 0.7580349040217698,
                    "R8": 0.753617119975388,
                    "R9": 0.7577040861360729,
                    "as": 3.4487361810170114,
                    "comp": 1.232997669838369,
                    "dc": 0
                }
            },
            "gen-secure": {
                "reward": 39794,
                "time": 79.41872081113979,
                "time_by_components": {
                    "R0": 5.118615308776498,
                    "R1": 4.354140529874712,
                    "R2": 4.14464159309864,
                    "R3": 4.090722437482327,
                    "R4": 4.025151132140309,
                    "R5": 4.009453075937927,
                    "R6": 4.000147620681673,
                    "R7": 3.996880860067904,
                    "R8": 3.9803130379877985,
                    "R9": 3.986737173050642,
                    "as": 4.10379719408229,
                    "comp": 31.35045044729486,
                    "dc": 0.03310010163113475
                }
            },
            "std": {
                "reward": 39794,
                "time": 5.1711366176605225
            }
        }
    },
    "e-greedy": {
        "it-6": {
            "args": {
                "alpha_seed": 325,
                "epsilon": 0.1,
                "epsilon_seed": 865,
                "random_arm_seed": 327,
                "reward_seed": 6,
                "sigma_seed": 966
            },
            "gen-distributed": {
                "reward": 41019,
                "time": 13.011770189274102,
                "time_by_components": {
                    "R0": 1.3456225260160863,
                    "R1": 0.6715820860117674,
                    "R2": 0.6654815231449902,
                    "R3": 0.6639747163280845,
                    "R4": 0.6629204633645713,
                    "R5": 0.6663932362571359,
                    "R6": 0.6650763037614524,
                    "R7": 0.6643886351957917,
                    "R8": 0.6645443253219128,
                    "R9": 0.663274310529232,
                    "as": 3.369735820684582,
                    "comp": 0.3189953276887536,
                    "dc": 0
                }
            },
            "gen-secure": {
                "reward": 41019,
                "time": 73.49332565069199,
                "time_by_components": {
                    "R0": 4.810747316572815,
                    "R1": 3.8832654911093414,
                    "R2": 3.766713864170015,
                    "R3": 3.7239732509478927,
                    "R4": 3.6796693122014403,
                    "R5": 3.6649518748745322,
                    "R6": 3.6587811992503703,
                    "R7": 3.651179844979197,
                    "R8": 3.656692940276116,
                    "R9": 3.657791005913168,
                    "as": 4.034805962815881,
                    "comp": 28.485280972439796,
                    "dc": 0.033128777984529734
                }
            },
            "std": {
                "reward": 41019,
                "time": 4.7757439613342285
            }
        }
    },
    "e-greedy-decreasing": {
        "it-6": {
            "args": {
                "alpha_seed": 325,
                "epsilon_seed": 865,
                "random_arm_seed": 327,
                "reward_seed": 6,
                "sigma_seed": 966
            },
            "gen-distributed": {
                "reward": 41541,
                "time": 13.315381496213377,
                "time_by_components": {
                    "R0": 1.3890834082849324,
                    "R1": 0.6915270439349115,
                    "R2": 0.6855815439485013,
                    "R3": 0.6842203447595239,
                    "R4": 0.6841809717006981,
                    "R5": 0.6831199051812291,
                    "R6": 0.6863150745630264,
                    "R7": 0.6856966889463365,
                    "R8": 0.6838495712727308,
                    "R9": 0.6845991746522486,
                    "as": 3.374638970941305,
                    "comp": 0.299953275360167,
                    "dc": 0
                }
            },
            "gen-secure": {
                "reward": 41541,
                "time": 73.70374776981771,
                "time_by_components": {
                    "R0": 4.866102331317961,
                    "R1": 3.9212476098909974,
                    "R2": 3.8013341347686946,
                    "R3": 3.7578771426342428,
                    "R4": 3.7106021028012037,
                    "R5": 3.7008068235591054,
                    "R6": 3.6871403050608933,
                    "R7": 3.688784086611122,
                    "R8": 3.6724660829640925,
                    "R9": 3.669600361958146,
                    "as": 3.9995430051349103,
                    "comp": 28.44921326637268,
                    "dc": 0.03312030900269747
                }
            },
            "std": {
                "reward": 41541,
                "time": 4.839925050735474
            }
        }
    },
    "nb_iterations": 30,
    "pursuit": {
        "it-6": {
            "args": {
                "alpha_seed": 789,
                "beta": 0.1,
                "random_arm_seed": 147,
                "reward_seed": 6,
                "sigma_seed": 62
            },
            "gen-distributed": {
                "reward": 34412,
                "time": 26.858797268010676,
                "time_by_components": {
                    "R0": 1.6311482307501137,
                    "R1": 2.25727750826627,
                    "R2": 1.520387870259583,
                    "R3": 1.499542074277997,
                    "R4": 1.4983313977718353,
                    "R5": 1.5006210347637534,
                    "R6": 1.4964671013876796,
                    "R7": 1.4933501374907792,
                    "R8": 1.4932318762876093,
                    "R9": 1.4959700112231076,
                    "as": 6.85884598409757,
                    "comp": 1.397720041219145,
                    "dc": 0
                }
            },
            "gen-secure": {
                "reward": 34412,
                "time": 149.87784291338176,
                "time_by_components": {
                    "R0": 8.662011205684394,
                    "R1": 8.836666066665202,
                    "R2": 7.844544030725956,
                    "R3": 7.69364172546193,
                    "R4": 7.669386067893356,
                    "R5": 7.562900761608034,
                    "R6": 7.610620753373951,
                    "R7": 7.595479021314532,
                    "R8": 7.515726263169199,
                    "R9": 7.502303288318217,
                    "as": 8.12070974521339,
                    "comp": 59.13611498475075,
                    "dc": 0.03306553279981017
                }
            },
            "std": {
                "reward": 34412,