{
    "N": 80000,
    "arms": [
        0.5312831389183457,
        0.4305408271474019,
        0.3647932131495228,
        0.3404029692470838,
        0.3117709437963945,
        0.2799575821845175,
        0.2788971367974549,
        0.2704135737009544,
        0.24602332979851538,
        0.24602332979851538
    ],
    "boltzmann": {
        "it-5": {
            "args": {
                "alpha_seed": 865,
                "random_arm_seed": 327,
                "reward_seed": 5,
                "sigma_seed": 441,
                "tau": 0.06
            },
            "gen-distributed": {
                "reward": 39453,
                "time": 14.522642651107162,
                "time_by_components": {
                    "R0": 1.352655665948987,
                    "R1": 0.8781153587624431,
                    "R2": 0.7977650626562536,
                    "R3": 0.7651039231568575,
                    "R4": 0.7549760262481868,
                    "R5": 0.754698455799371,
                    "R6": 0.7593956333585083,
                    "R7": 0.7616319479420781,
                    "R8": 0.7581339250318706,
                    "R9": 0.7550328825600445,
                    "as": 3.4895629030652344,
                    "comp": 1.2489723204635084,
                    "dc": 0
                }
            },
            "gen-secure": {
                "reward": 39453,
                "time": 79.89201867068186,
                "time_by_components": {
                    "R0": 5.118167958687991,
                    "R1": 4.373949276283383,
                    "R2": 4.169091860763729,
                    "R3": 4.092685895040631,
                    "R4": 4.053500102367252,
                    "R5": 4.034192933700979,
                    "R6": 4.016875954344869,
                    "R7": 4.014082372188568,
                    "R8": 4.007648995611817,
                    "R9": 3.997535543050617,
                    "as": 4.12775397952646,
                    "comp": 31.60795560479164,
                    "dc": 0.03311467310413718
                }
            },
            "std": {
                "reward": 39453,
                "time": 5.279663324356079
            }
        }
    },
    "e-greedy": {
        "it-5": {
            "args": {
                "alpha_seed": 648,
                "epsilon": 0.1,
                "epsilon_seed": 804,
                "random_arm_seed": 613,
                "reward_seed": 5,
                "sigma_seed": 379
            },
            "gen-distributed": {
                "reward": 40876,
                "time": 12.714404952712357,
                "time_by_components": {
                    "R0": 1.3163761007599533,
                    "R1": 0.657447018660605,
                    "R2": 0.6519553810358047,
                    "R3": 0.6491249655373394,
                    "R4": 0.6486580045893788,
                    "R5": 0.6494104317389429,
                    "R6": 0.6485858741216362,
                    "R7": 0.6489979401230812,
                    "R8": 0.6489994465373456,
                    "R9": 0.6481080544181168,
                    "as": 3.280071110930294,
                    "comp": 0.3142312183044851,
                    "dc": 0
                }
            },
            "gen-secure": {
                "reward": 40876,
                "time": 73.50019932817668,
                "time_by_components": {
                    "R0": 4.784661629702896,
                    "R1": 3.877362140454352,
                    "R2": 3.767362143378705,
                    "R3": 3.726779986638576,
                    "R4": 3.6839947658590972,
                    "R5": 3.6754046231508255,
                    "R6": 3.682922797743231,
                    "R7": 3.6606015521101654,
                    "R8": 3.6556963841430843,
                    "R9": 3.650569070596248,
                    "as": 3.9270427390001714,
                    "comp": 28.606959662400186,
                    "dc": 0.0333340410143137
                }
            },
            "std": {
                "reward": 40876,
                "time": 4.487741231918335
            }
        }
    },
    "e-greedy-decreasing": {
        "it-5": {
            "args": {
                "alpha_seed": 648,
                "epsilon_seed": 804,
                "random_arm_seed": 613,
                "reward_seed": 5,
                "sigma_seed": 379
            },
            "gen-distributed": {
                "reward": 41445,
                "time": 12.901149343699217,
                "time_by_components": {
                    "R0": 1.344122578855604,
                    "R1": 0.6704711965285242,
                    "R2": 0.6635936037637293,
                    "R3": 0.6617495608516037,
                    "R4": 0.6619030446745455,
                    "R5": 0.6613520598039031,
                    "R6": 0.6623004758730531,
                    "R7": 0.6620505815371871,
                    "R8": 0.6620312640443444,
                    "R9": 0.6621568189002573,
                    "as": 3.2772166961804032,
                    "comp": 0.29001735895872116,
                    "dc": 0
                }
            },
            "gen-secure": {
                "reward": 41445,
                "time": 74.84730847692117,
                "time_by_components": {
                    "R0": 4.928885985165834,
                    "R1": 3.9939632466994226,
                    "R2": 3.8590764231048524,
                    "R3": 3.827904255129397,
                    "R4": 3.7699069706723094,
                    "R5": 3.7431468977592885,
                    "R6": 3.763448705431074,
                    "R7": 3.742907057981938,
                    "R8": 3.724805881269276,
                    "R9": 3.7644039765000343,
                    "as": 4.034576709382236,
                    "comp": 28.870943290181458,
                    "dc": 0.033092670142650604
                }
            },
            "std": {
                "reward": 41445,
                "time": 4.839191675186157
            }
        }
    },
    "nb_iterations": 30,
    "pursuit": {
        "it-5": {
            "args": {
                "alpha_seed": 865,
                "beta": 0.1,
                "random_arm_seed": 327,
                "reward_seed": 5,
                "sigma_seed": 966
            },
            "gen-distributed": {
                "reward": 42612,
                "time": 26.847331658005714,
                "time_by_components": {
                    "R0": 2.3513098270632327,
                    "R1": 1.5314136338420212,
                    "R2": 1.5061375466175377,
                    "R3": 1.500153119675815,
                    "R4": 1.4950845804996789,
                    "R5": 1.500733399298042,
                    "R6": 1.4937851061113179,
                    "R7": 1.4953843168914318,
                    "R8": 1.491014488041401,
                    "R9": 1.4929098431020975,
                    "as": 6.850754177663475,
                    "comp": 1.400796951726079,
                    "dc": 0
                }
            },
            "gen-secure": {
                "reward": 42612,
                "time": 153.0975640397519,
                "time_by_components": {
                    "R0": 9.584520946256816,
                    "R1": 8.321178978309035,
                    "R2": 7.985259409062564,
                    "R3": 7.853707901202142,
                    "R4": 7.800447202287614,
                    "R5": 7.726357771083713,
                    "R6": 7.675043484196067,
                    "R7": 7.748796614818275,
                    "R8": 7.74354690965265,
                    "R9": 7.686072431039065,
                    "as": 8.332180042285472,
                    "comp": 60.41432307520881,
                    "dc": 0.03312586294487119
                }
            },
            "std": {
                "reward": 42612,