{
    "N": 80000,
    "arms": [
        0.5312831389183457,
        0.4305408271474019,
        0.3647932131495228,
        0.3404029692470838,
        0.3117709437963945,
        0.2799575821845175,
        0.2788971367974549,
        0.2704135737009544,
        0.24602332979851538,
        0.24602332979851538
    ],
    "boltzmann": {
        "it-43": {
            "args": {
                "alpha_seed": 922,
                "random_arm_seed": 736,
                "reward_seed": 43,
                "sigma_seed": 113,
                "tau": 0.06
            },
            "gen-distributed": {
                "reward": 39908,
                "time": 14.552400953136384,
                "time_by_components": {
                    "R0": 1.3643776555545628,
                    "R1": 0.8815144351683557,
                    "R2": 0.7782538812607527,
                    "R3": 0.7720200149342418,
                    "R4": 0.7525188201107085,
                    "R5": 0.7698230198584497,
                    "R6": 0.7579858885146677,
                    "R7": 0.7623087512329221,
                    "R8": 0.7522171246819198,
                    "R9": 0.7544944658875465,
                    "as": 3.481639251112938,
                    "comp": 1.2529964284040034,
                    "dc": 0
                }
            },
            "gen-secure": {
                "reward": 39908,
                "time": 77.47826613904908,
                "time_by_components": {
                    "R0": 5.030996938236058,
                    "R1": 4.262733301147819,
                    "R2": 4.050949404481798,
                    "R3": 3.9750756504945457,
                    "R4": 3.9194684885442257,
                    "R5": 3.927912979852408,
                    "R6": 3.8976625204086304,
                    "R7": 3.9012859100475907,
                    "R8": 3.8837662343867123,
                    "R9": 3.870513520669192,
                    "as": 4.094894830137491,
                    "comp": 30.56654760753736,
                    "dc": 0.03314647497609258
                }
            },
            "std": {
                "reward": 39908,
                "time": 5.204200267791748
            }
        }
    },
    "e-greedy": {
        "it-43": {
            "args": {
                "alpha_seed": 651,
                "epsilon": 0.1,
                "epsilon_seed": 107,
                "random_arm_seed": 850,
                "reward_seed": 43,
                "sigma_seed": 511
            },
            "gen-distributed": {
                "reward": 40972,
                "time": 13.160307717043906,
                "time_by_components": {
                    "R0": 1.3473354410380125,
                    "R1": 0.675436535384506,
                    "R2": 0.6674500545486808,
                    "R3": 0.6657761670649052,
                    "R4": 0.6663900311104953,
                    "R5": 0.6654039332643151,
                    "R6": 0.665263400413096,
                    "R7": 0.6649266518652439,
                    "R8": 0.6655984744429588,
                    "R9": 0.6654908545315266,
                    "as": 3.437430211342871,
                    "comp": 0.33106743497774005,
                    "dc": 0
                }
            },
            "gen-secure": {
                "reward": 40972,
                "time": 73.2782270279713,
                "time_by_components": {
                    "R0": 4.81280259648338,
                    "R1": 3.870365960057825,
                    "R2": 3.7674011825583875,
                    "R3": 3.715250965207815,
                    "R4": 3.6803520950488746,
                    "R5": 3.668402038514614,
                    "R6": 3.6619716584682465,
                    "R7": 3.643879004288465,
                    "R8": 3.6355593856424093,
                    "R9": 3.6419375627301633,
                    "as": 4.051645328756422,
                    "comp": 28.394268727395684,
                    "dc": 0.03331407066434622
                }
            },
            "std": {
                "reward": 40972,
                "time": 4.9362101554870605
            }
        }
    },
    "e-greedy-decreasing": {
        "it-43": {
            "args": {
                "alpha_seed": 893,
                "epsilon_seed": 922,
                "random_arm_seed": 736,
                "reward_seed": 43,
                "sigma_seed": 481
            },
            "gen-distributed": {
                "reward": 41530,
                "time": 13.344786175061017,
                "time_by_components": {
                    "R0": 1.3885763096623123,
                    "R1": 0.690144554246217,
                    "R2": 0.6855554454959929,
                    "R3": 0.6840180167928338,
                    "R4": 0.6830286057665944,
                    "R5": 0.6839751279912889,
                    "R6": 0.6837407452985644,
                    "R7": 0.6840792242437601,
                    "R8": 0.6835896633565426,
                    "R9": 0.6827045027166605,
                    "as": 3.4206900848075747,
                    "comp": 0.305675130803138,
                    "dc": 0
                }
            },
            "gen-secure": {
                "reward": 41530,
                "time": 75.30914227617905,
                "time_by_components": {
                    "R0": 4.964925433974713,
                    "R1": 3.983380356337875,
                    "R2": 3.8680541003122926,
                    "R3": 3.8336526504717767,
                    "R4": 3.773172482382506,
                    "R5": 3.776315463706851,
                    "R6": 3.7723447093740106,
                    "R7": 3.7460713810287416,
                    "R8": 3.7882370771840215,
                    "R9": 3.7526544285938144,
                    "as": 4.1241162326186895,
                    "comp": 29.0778497653082,
                    "dc": 0.033293327782303095
                }
            },
            "std": {
                "reward": 41530,
                "time": 4.893116235733032
            }
        }
    },
    "nb_iterations": 50,
    "pursuit": {
        "it-43": {
            "args": {
                "alpha_seed": 922,
                "beta": 0.1,
                "random_arm_seed": 736,
                "reward_seed": 43,
                "sigma_seed": 481
            },
            "gen-distributed": {
                "reward": 42600,
                "time": 26.93115095887333,
                "time_by_components": {
                    "R0": 2.336656594183296,
                    "R1": 1.5261412290856242,
                    "R2": 1.5006617614999413,
                    "R3": 1.4945784178562462,
                    "R4": 1.4934906102716923,
                    "R5": 1.4987840768881142,
                    "R6": 1.4945380240678787,
                    "R7": 1.4926303774118423,
                    "R8": 1.4905108213424683,
                    "R9": 1.4918805970810354,
                    "as": 6.876330582424998,
                    "comp": 1.4219769351184368,
                    "dc": 0
                }
            },
            "gen-secure": {
                "reward": 42600,
                "time": 153.5205224165693,
                "time_by_components": {
                    "R0": 9.574285210110247,
                    "R1": 8.338247538544238,
                    "R2": 8.018837896175683,
                    "R3": 7.883347208611667,
                    "R4": 7.86843728274107,
                    "R5": 7.844196176156402,
                    "R6": 7.767836609855294,
                    "R7": 7.8096504202112556,
                    "R8": 7.730493015609682,
                    "R9": 7.713152152951807,
                    "as": 8.225219858810306,
                    "comp": 60.64411556115374,
                    "dc": 0.03126172022894025
                }
            },
            "std": {
                "reward": 42600,