{
    "N": 80000,
    "arms": [
        0.5312831389183457,
        0.4305408271474019,
        0.3647932131495228,
        0.3404029692470838,
        0.3117709437963945,
        0.2799575821845175,
        0.2788971367974549,
        0.2704135737009544,
        0.24602332979851538,
        0.24602332979851538
    ],
    "boltzmann": {
        "it-48": {
            "args": {
                "alpha_seed": 309,
                "random_arm_seed": 356,
                "reward_seed": 48,
                "sigma_seed": 849,
                "tau": 0.06
            },
            "gen-distributed": {
                "reward": 39621,
                "time": 14.549782827030867,
                "time_by_components": {
                    "R0": 1.362465011421591,
                    "R1": 0.8573910654522479,
                    "R2": 0.7994041843339801,
                    "R3": 0.7642267416231334,
                    "R4": 0.7585814665071666,
                    "R5": 0.7543584993109107,
                    "R6": 0.7639995510689914,
                    "R7": 0.7699466533958912,
                    "R8": 0.7585569201037288,
                    "R9": 0.7547312681563199,
                    "as": 3.4902141173370183,
                    "comp": 1.253211485221982,
                    "dc": 0
                }
            },
            "gen-secure": {
                "reward": 39621,
                "time": 77.51701504690573,
                "time_by_components": {
                    "R0": 4.986163552850485,
                    "R1": 4.240069901570678,
                    "R2": 4.07432222738862,
                    "R3": 3.995003906544298,
                    "R4": 3.9201078112237155,
                    "R5": 3.9240918150171638,
                    "R6": 3.908540555741638,
                    "R7": 3.8942976533435285,
                    "R8": 3.8837399054318666,
                    "R9": 3.8776874551549554,
                    "as": 4.078323136083782,
                    "comp": 30.646877944935113,
                    "dc": 0.033166646026074886
                }
            },
            "std": {
                "reward": 39621,
                "time": 5.2304182052612305
            }
        }
    },
    "e-greedy": {
        "it-48": {
            "args": {
                "alpha_seed": 764,
                "epsilon": 0.1,
                "epsilon_seed": 952,
                "random_arm_seed": 155,
                "reward_seed": 48,
                "sigma_seed": 460
            },
            "gen-distributed": {
                "reward": 40993,
                "time": 13.135095310397446,
                "time_by_components": {
                    "R0": 1.3461337597109377,
                    "R1": 0.6760206907056272,
                    "R2": 0.6681618299335241,
                    "R3": 0.6677589360624552,
                    "R4": 0.6654073344543576,
                    "R5": 0.6673579043708742,
                    "R6": 0.6674352120608091,
                    "R7": 0.6695875036530197,
                    "R8": 0.6667338535189629,
                    "R9": 0.6677207378670573,
                    "as": 3.408414057455957,
                    "comp": 0.3301618560217321,
                    "dc": 0
                }
            },
            "gen-secure": {
                "reward": 40993,
                "time": 73.28031398495659,
                "time_by_components": {
                    "R0": 4.787889997009188,
                    "R1": 3.8665230595506728,
                    "R2": 3.75563687318936,
                    "R3": 3.750732744112611,
                    "R4": 3.6718993638642132,
                    "R5": 3.659289305564016,
                    "R6": 3.6590249026194215,
                    "R7": 3.6419351478107274,
                    "R8": 3.634692099876702,
                    "R9": 3.6471531405113637,
                    "as": 4.035873629618436,
                    "comp": 28.450710132252425,
                    "dc": 0.03330886969342828
                }
            },
            "std": {
                "reward": 40993,
                "time": 4.89104437828064
            }
        }
    },
    "e-greedy-decreasing": {
        "it-48": {
            "args": {
                "alpha_seed": 356,
                "epsilon_seed": 309,
                "random_arm_seed": 356,
                "reward_seed": 48,
                "sigma_seed": 890
            },
            "gen-distributed": {
                "reward": 41468,
                "time": 13.309736980125308,
                "time_by_components": {
                    "R0": 1.3854094445705414,
                    "R1": 0.6923569682985544,
                    "R2": 0.6863492960110307,
                    "R3": 0.6832494740374386,
                    "R4": 0.6829034052789211,
                    "R5": 0.6817438276484609,
                    "R6": 0.6823234776966274,
                    "R7": 0.6854095496237278,
                    "R8": 0.6827372722327709,
                    "R9": 0.6823767595924437,
                    "as": 3.3964492669329047,
                    "comp": 0.3051509256474674,
                    "dc": 0
                }
            },
            "gen-secure": {
                "reward": 41468,
                "time": 73.60855055600405,
                "time_by_components": {
                    "R0": 4.892203045543283,
                    "R1": 3.910021482501179,
                    "R2": 3.7915544314309955,
                    "R3": 3.750599798746407,
                    "R4": 3.7043097587302327,
                    "R5": 3.6877793562598526,
                    "R6": 3.6877024779096246,
                    "R7": 3.675339389126748,
                    "R8": 3.670832882169634,
                    "R9": 3.6642686035484076,
                    "as": 3.972961790394038,
                    "comp": 28.45212152786553,
                    "dc": 0.033104277681559324
                }
            },
            "std": {
                "reward": 41468,
                "time": 4.820264101028442
            }
        }
    },
    "nb_iterations": 50,
    "pursuit": {
        "it-48": {
            "args": {
                "alpha_seed": 309,
                "beta": 0.1,
                "random_arm_seed": 356,
                "reward_seed": 48,
                "sigma_seed": 890
            },
            "gen-distributed": {
                "reward": 42614,
                "time": 26.98901338223368,
                "time_by_components": {
                    "R0": 2.346878237556666,
                    "R1": 1.529694611672312,
                    "R2": 1.503784529864788,
                    "R3": 1.5050137280486524,
                    "R4": 1.4967532721348107,
                    "R5": 1.5048871068283916,
                    "R6": 1.500548504292965,
                    "R7": 1.5037600533105433,
                    "R8": 1.495232867076993,
                    "R9": 1.498213958926499,
                    "as": 6.8550433767959476,
                    "comp": 1.4279441707767546,
                    "dc": 0
                }
            },
            "gen-secure": {
                "reward": 42614,
                "time": 151.66010623285547,
                "time_by_components": {
                    "R0": 9.421312692575157,
                    "R1": 8.242692267056555,
                    "R2": 7.978703097440302,
                    "R3": 7.8144939644262195,
                    "R4": 7.711606099270284,
                    "R5": 7.7599012004211545,
                    "R6": 7.717213842552155,
                    "R7": 7.637310426682234,
                    "R8": 7.684445981867611,
                    "R9": 7.673278505448252,
                    "as": 8.16299001313746,
                    "comp": 59.8125835605897,
                    "dc": 0.03318301076069474
                }
            },
            "std": {
                "reward": 42614,