{
    "N": 50000,
    "arms": [
        0.5312831389183457,
        0.4305408271474019,
        0.3647932131495228,
        0.3404029692470838,
        0.3117709437963945,
        0.2799575821845175,
        0.2788971367974549,
        0.2704135737009544,
        0.24602332979851538,
        0.24602332979851538
    ],
    "boltzmann": {
        "it-35": {
            "args": {
                "alpha_seed": 667,
                "random_arm_seed": 255,
                "reward_seed": 35,
                "sigma_seed": 162,
                "tau": 0.06
            },
            "gen-distributed": {
                "reward": 25073,
                "time": 9.118997517973185,
                "time_by_components": {
                    "R0": 0.8589389626868069,
                    "R1": 0.5511126536875963,
                    "R2": 0.4760590270161629,
                    "R3": 0.4894716334529221,
                    "R4": 0.47985135298222303,
                    "R5": 0.47203646088019013,
                    "R6": 0.4749139379709959,
                    "R7": 0.47449149936437607,
                    "R8": 0.47056589368730783,
                    "R9": 0.47050017956644297,
                    "as": 2.1945633655413985,
                    "comp": 0.7902107406407595,
                    "dc": 0
                }
            },
            "gen-secure": {
                "reward": 25073,
                "time": 49.769636197946966,
                "time_by_components": {
                    "R0": 3.2225565183907747,
                    "R1": 2.751764051616192,
                    "R2": 2.6049803351052105,
                    "R3": 2.5809527970850468,
                    "R4": 2.5653231334872544,
                    "R5": 2.528695580549538,
                    "R6": 2.5199783025309443,
                    "R7": 2.516845670994371,
                    "R8": 2.505258709192276,
                    "R9": 2.500683140940964,
                    "as": 2.5912180063314736,
                    "comp": 19.53695271210745,
                    "dc": 0.033318615052849054
                }
            },
            "std": {
                "reward": 25073,
                "time": 3.2889480590820312
            }
        }
    },
    "e-greedy": {
        "it-35": {
            "args": {
                "alpha_seed": 127,
                "epsilon": 0.1,
                "epsilon_seed": 550,
                "random_arm_seed": 663,
                "reward_seed": 35,
                "sigma_seed": 381
            },
            "gen-distributed": {
                "reward": 25621,
                "time": 8.29416506178677,
                "time_by_components": {
                    "R0": 0.8483472364023328,
                    "R1": 0.4256460969336331,
                    "R2": 0.4200781434774399,
                    "R3": 0.4191331169568002,
                    "R4": 0.4186111707240343,
                    "R5": 0.4203524752520025,
                    "R6": 0.4176236246712506,
                    "R7": 0.41798769030719995,
                    "R8": 0.41857338650152087,
                    "R9": 0.4192086923867464,
                    "as": 2.163235129788518,
                    "comp": 0.21532143699005246,
                    "dc": 0
                }
            },
            "gen-secure": {
                "reward": 25621,
                "time": 46.623507475014776,
                "time_by_components": {
                    "R0": 3.0749172726646066,
                    "R1": 2.479655790142715,
                    "R2": 2.420594323426485,
                    "R3": 2.3862533578649163,
                    "R4": 2.357449549715966,
                    "R5": 2.3571075866930187,
                    "R6": 2.353952274657786,
                    "R7": 2.33994826534763,
                    "R8": 2.338967014104128,
                    "R9": 2.3430806645192206,
                    "as": 2.534561034757644,
                    "comp": 17.897966033779085,
                    "dc": 0.03323616785928607
                }
            },
            "std": {
                "reward": 25621,
                "time": 3.0115456581115723
            }
        }
    },
    "e-greedy-decreasing": {
        "it-35": {
            "args": {
                "alpha_seed": 105,
                "epsilon_seed": 667,
                "random_arm_seed": 255,
                "reward_seed": 35,
                "sigma_seed": 551
            },
            "gen-distributed": {
                "reward": 25944,
                "time": 8.453705731313676,
                "time_by_components": {
                    "R0": 0.8757081269286573,
                    "R1": 0.4379438776522875,
                    "R2": 0.4331267476081848,
                    "R3": 0.4316293001174927,
                    "R4": 0.4313694783486426,
                    "R5": 0.43405032018199563,
                    "R6": 0.4326259298250079,
                    "R7": 0.43201946979388595,
                    "R8": 0.4322441956028342,
                    "R9": 0.43222048971801996,
                    "as": 2.168378678150475,
                    "comp": 0.19690530002117157,
                    "dc": 0
                }
            },
            "gen-secure": {
                "reward": 25944,
                "time": 47.18454829463735,
                "time_by_components": {
                    "R0": 3.122499186079949,
                    "R1": 2.522607584949583,
                    "R2": 2.444920710287988,
                    "R3": 2.4181914096698165,
                    "R4": 2.4014959004707634,
                    "R5": 2.3894903673790395,
                    "R6": 2.377688835375011,
                    "R7": 2.375095517374575,
                    "R8": 2.370335969142616,
                    "R9": 2.3690966172143817,
                    "as": 2.536477035842836,
                    "comp": 18.095763398334384,
                    "dc": 0.03307947935536504
                }
            },
            "std": {
                "reward": 25944,
                "time": 3.0653321743011475
            }
        }
    },
    "nb_iterations": 50,
    "pursuit": {
        "it-35": {
            "args": {
                "alpha_seed": 667,
                "beta": 0.1,
                "random_arm_seed": 255,
                "reward_seed": 35,
                "sigma_seed": 551
            },
            "gen-distributed": {
                "reward": 26695,
                "time": 16.85724982013926,
                "time_by_components": {
                    "R0": 1.4632153827697039,
                    "R1": 0.9574340065009892,
                    "R2": 0.9407110870815814,
                    "R3": 0.9375068908557296,
                    "R4": 0.9338789344765246,
                    "R5": 0.9382211696356535,
                    "R6": 0.9341095983982086,
                    "R7": 0.9352091858163476,
                    "R8": 0.9360502338968217,
                    "R9": 0.9328977633267641,
                    "as": 4.287594605237246,
                    "comp": 0.8906897441484034,
                    "dc": 0
                }
            },
            "gen-secure": {
                "reward": 26695,
                "time": 97.14890169585124,
                "time_by_components": {
                    "R0": 6.078424174338579,
                    "R1": 5.309949353802949,
                    "R2": 5.107986592222005,
                    "R3": 5.046118206344545,
                    "R4": 4.949479420203716,
                    "R5": 4.93618969200179,
                    "R6": 4.924206750001758,
                    "R7": 4.964372114278376,
                    "R8": 4.912087891250849,
                    "R9": 4.8955704271793365,
                    "as": 5.207766461651772,
                    "comp": 38.2317370288074,
                    "dc": 0.03311182511970401
                }
            },
            "std": {
                "reward": 26695,