{
    "N": 60000,
    "arms": [
        0.5312831389183457,
        0.4305408271474019,
        0.3647932131495228,
        0.3404029692470838,
        0.3117709437963945,
        0.2799575821845175,
        0.2788971367974549,
        0.2704135737009544,
        0.24602332979851538,
        0.24602332979851538
    ],
    "boltzmann": {
        "it-22": {
            "args": {
                "alpha_seed": 802,
                "random_arm_seed": 478,
                "reward_seed": 22,
                "sigma_seed": 710,
                "tau": 0.06
            },
            "gen-distributed": {
                "reward": 29316,
                "time": 10.73442747304216,
                "time_by_components": {
                    "R0": 0.9959147414192557,
                    "R1": 0.6499378262087703,
                    "R2": 0.5819286601617932,
                    "R3": 0.5615258528850973,
                    "R4": 0.5737608196213841,
                    "R5": 0.5726607060059905,
                    "R6": 0.567213511094451,
                    "R7": 0.5595726086758077,
                    "R8": 0.5658635655418038,
                    "R9": 0.567142718937248,
                    "as": 2.553215967025608,
                    "comp": 0.9243433251976967,
                    "dc": 0
                }
            },
            "gen-secure": {
                "reward": 29316,
                "time": 59.12186249392107,
                "time_by_components": {
                    "R0": 3.8149811048060656,
                    "R1": 3.252478288952261,
                    "R2": 3.0925449253991246,
                    "R3": 3.0420315265655518,
                    "R4": 3.0133383264765143,
                    "R5": 3.008938977494836,
                    "R6": 2.9932738663628697,
                    "R7": 2.996130911167711,
                    "R8": 2.9855153458192945,
                    "R9": 2.9763919478282332,
                    "as": 3.1011927095241845,
                    "comp": 23.176625938154757,
                    "dc": 0.033022178802639246
                }
            },
            "std": {
                "reward": 29316,
                "time": 3.9065098762512207
            }
        }
    },
    "e-greedy": {
        "it-22": {
            "args": {
                "alpha_seed": 101,
                "epsilon": 0.1,
                "epsilon_seed": 574,
                "random_arm_seed": 440,
                "reward_seed": 22,
                "sigma_seed": 468
            },
            "gen-distributed": {
                "reward": 30781,
                "time": 9.866779788862914,
                "time_by_components": {
                    "R0": 1.017400471959263,
                    "R1": 0.5091101378202438,
                    "R2": 0.5042021302506328,
                    "R3": 0.5030331541784108,
                    "R4": 0.5015523014590144,
                    "R5": 0.5049359328113496,
                    "R6": 0.5043439730070531,
                    "R7": 0.5039893472567201,
                    "R8": 0.501961154397577,
                    "R9": 0.5019256388768554,
                    "as": 2.5528198801912367,
                    "comp": 0.24566846946254373,
                    "dc": 0
                }
            },
            "gen-secure": {
                "reward": 30781,
                "time": 55.29518914595246,
                "time_by_components": {
                    "R0": 3.624462144449353,
                    "R1": 2.936034589074552,
                    "R2": 2.8584937853738666,
                    "R3": 2.8167621344327927,
                    "R4": 2.785789994522929,
                    "R5": 2.7738640066236258,
                    "R6": 2.7705076280981302,
                    "R7": 2.799328664317727,
                    "R8": 2.7830598251894116,
                    "R9": 2.7581964591518044,
                    "as": 3.008594057522714,
                    "comp": 21.281182675622404,
                    "dc": 0.03320015501230955
                }
            },
            "std": {
                "reward": 30781,
                "time": 3.5962438583374023
            }
        }
    },
    "e-greedy-decreasing": {
        "it-22": {
            "args": {
                "alpha_seed": 101,
                "epsilon_seed": 574,
                "random_arm_seed": 440,
                "reward_seed": 22,
                "sigma_seed": 468
            },
            "gen-distributed": {
                "reward": 31148,
                "time": 10.033660544082522,
                "time_by_components": {
                    "R0": 1.0416495017707348,
                    "R1": 0.5195807069540024,
                    "R2": 0.5132552967406809,
                    "R3": 0.5126858614385128,
                    "R4": 0.5123027814552188,
                    "R5": 0.513072797562927,
                    "R6": 0.5127642089501023,
                    "R7": 0.5142297293059528,
                    "R8": 0.5124455620534718,
                    "R9": 0.5126762771978974,
                    "as": 2.5660255611874163,
                    "comp": 0.23292955849319696,
                    "dc": 0
                }
            },
            "gen-secure": {
                "reward": 31148,
                "time": 56.16424672771245,
                "time_by_components": {
                    "R0": 3.7051829299889505,
                    "R1": 3.057631542440504,
                    "R2": 2.9064972400665283,
                    "R3": 2.874350231140852,
                    "R4": 2.8327809595502913,
                    "R5": 2.8229520292952657,
                    "R6": 2.8219110760837793,
                    "R7": 2.814382152631879,
                    "R8": 2.813100027386099,
                    "R9": 2.8197331870906055,
                    "as": 3.0026944163255394,
                    "comp": 21.58846368920058,
                    "dc": 0.03322805417701602
                }
            },
            "std": {
                "reward": 31148,
                "time": 3.6731200218200684
            }
        }
    },
    "nb_iterations": 30,
    "pursuit": {
        "it-22": {
            "args": {
                "alpha_seed": 802,
                "beta": 0.1,
                "random_arm_seed": 478,
                "reward_seed": 22,
                "sigma_seed": 93
            },
            "gen-distributed": {
                "reward": 25851,
                "time": 20.19133034395054,
                "time_by_components": {
                    "R0": 1.2230448611080647,
                    "R1": 1.6997391344048083,
                    "R2": 1.1380669535137713,
                    "R3": 1.1261681914329529,
                    "R4": 1.1237490712665021,
                    "R5": 1.1281955814920366,
                    "R6": 1.1244053319096565,
                    "R7": 1.1255204253830016,
                    "R8": 1.1223662397824228,
                    "R9": 1.1260045864619315,
                    "as": 5.138284580316395,
                    "comp": 1.0640191081911325,
                    "dc": 0
                }
            },
            "gen-secure": {
                "reward": 25851,
                "time": 114.28862942103297,
                "time_by_components": {
                    "R0": 6.581671581137925,
                    "R1": 6.796569705475122,
                    "R2": 5.981643153354526,
                    "R3": 5.866264566779137,
                    "R4": 5.79146536719054,
                    "R5": 5.866304047871381,
                    "R6": 5.772192472591996,
                    "R7": 5.759016815107316,
                    "R8": 5.826103783678263,
                    "R9": 5.8490378726273775,
                    "as": 6.165706442203373,
                    "comp": 44.92384484410286,
                    "dc": 0.03311963798478246
                }
            },
            "std": {
                "reward": 25851,