{
    "N": 60000,
    "arms": [
        0.5312831389183457,
        0.4305408271474019,
        0.3647932131495228,
        0.3404029692470838,
        0.3117709437963945,
        0.2799575821845175,
        0.2788971367974549,
        0.2704135737009544,
        0.24602332979851538,
        0.24602332979851538
    ],
    "boltzmann": {
        "it-39": {
            "args": {
                "alpha_seed": 995,
                "random_arm_seed": 952,
                "reward_seed": 39,
                "sigma_seed": 35,
                "tau": 0.06
            },
            "gen-distributed": {
                "reward": 30154,
                "time": 10.710858333855867,
                "time_by_components": {
                    "R0": 1.0195611072704196,
                    "R1": 0.6393063100986183,
                    "R2": 0.5698047447949648,
                    "R3": 0.572692439891398,
                    "R4": 0.5594615093432367,
                    "R5": 0.5597748891450465,
                    "R6": 0.5550957736559212,
                    "R7": 0.5586805515922606,
                    "R8": 0.5542056537233293,
                    "R9": 0.5603405553847551,
                    "as": 2.557518107816577,
                    "comp": 0.9258433715440333,
                    "dc": 0
                }
            },
            "gen-secure": {
                "reward": 30154,
                "time": 59.75758254295215,
                "time_by_components": {
                    "R0": 3.8596100993454456,
                    "R1": 3.276467617135495,
                    "R2": 3.1189197753556073,
                    "R3": 3.0855435049161315,
                    "R4": 3.0492755006998777,
                    "R5": 3.0884705390781164,
                    "R6": 3.0422863247804344,
                    "R7": 3.014670299831778,
                    "R8": 3.0070245815441012,
                    "R9": 3.0084577542729676,
                    "as": 3.0817134990356863,
                    "comp": 23.510553390253335,
                    "dc": 0.03306485107168555
                }
            },
            "std": {
                "reward": 30154,
                "time": 3.9229233264923096
            }
        }
    },
    "e-greedy": {
        "it-39": {
            "args": {
                "alpha_seed": 752,
                "epsilon": 0.1,
                "epsilon_seed": 52,
                "random_arm_seed": 969,
                "reward_seed": 39,
                "sigma_seed": 311
            },
            "gen-distributed": {
                "reward": 30750,
                "time": 9.891374239232391,
                "time_by_components": {
                    "R0": 1.0146275125443935,
                    "R1": 0.5073719066567719,
                    "R2": 0.5009243334643543,
                    "R3": 0.5020803241059184,
                    "R4": 0.5014295526780188,
                    "R5": 0.5023797620087862,
                    "R6": 0.5023095412179828,
                    "R7": 0.5017202165909111,
                    "R8": 0.5005840086378157,
                    "R9": 0.5010641408152878,
                    "as": 2.567523435689509,
                    "comp": 0.24980366742238402,
                    "dc": 0
                }
            },
            "gen-secure": {
                "reward": 30750,
                "time": 55.18564698798582,
                "time_by_components": {
                    "R0": 3.6233733375556767,
                    "R1": 2.932333468925208,
                    "R2": 2.846005358733237,
                    "R3": 2.812113971915096,
                    "R4": 2.7844894700683653,
                    "R5": 2.7785217817872763,
                    "R6": 2.7694380655884743,
                    "R7": 2.763366616796702,
                    "R8": 2.758657676167786,
                    "R9": 2.759278818964958,
                    "as": 3.022192870732397,
                    "comp": 21.277834428008646,
                    "dc": 0.03388671902939677
                }
            },
            "std": {
                "reward": 30750,
                "time": 3.682802438735962
            }
        }
    },
    "e-greedy-decreasing": {
        "it-39": {
            "args": {
                "alpha_seed": 580,
                "epsilon_seed": 995,
                "random_arm_seed": 952,
                "reward_seed": 39,
                "sigma_seed": 181
            },
            "gen-distributed": {
                "reward": 31193,
                "time": 10.05845604185015,
                "time_by_components": {
                    "R0": 1.0449481611140072,
                    "R1": 0.5205934992991388,
                    "R2": 0.5155867324210703,
                    "R3": 0.5147237926721573,
                    "R4": 0.5147077874280512,
                    "R5": 0.5169535223394632,
                    "R6": 0.5160654843784869,
                    "R7": 0.515445526689291,
                    "R8": 0.5140314525924623,
                    "R9": 0.5157016483135521,
                    "as": 2.572662951424718,
                    "comp": 0.23269230034202337,
                    "dc": 0
                }
            },
            "gen-secure": {
                "reward": 31193,
                "time": 55.608070243149996,
                "time_by_components": {
                    "R0": 3.668105543125421,
                    "R1": 2.96458498807624,
                    "R2": 2.8783735004253685,
                    "R3": 2.8546070996671915,
                    "R4": 2.8099700468592346,
                    "R5": 2.796712107490748,
                    "R6": 2.793908214662224,
                    "R7": 2.7889408278279006,
                    "R8": 2.783676324877888,
                    "R9": 2.7799043389968574,
                    "as": 3.0040642879903316,
                    "comp": 21.401121775154024,
                    "dc": 0.03336774278432131
                }
            },
            "std": {
                "reward": 31193,
                "time": 3.6661312580108643
            }
        }
    },
    "nb_iterations": 50,
    "pursuit": {
        "it-39": {
            "args": {
                "alpha_seed": 995,
                "beta": 0.1,
                "random_arm_seed": 952,
                "reward_seed": 39,
                "sigma_seed": 181
            },
            "gen-distributed": {
                "reward": 32007,
                "time": 20.277210789732635,
                "time_by_components": {
                    "R0": 1.7552379188127816,
                    "R1": 1.1439497568644583,
                    "R2": 1.1288206246681511,
                    "R3": 1.1221943623386323,
                    "R4": 1.1212600013241172,
                    "R5": 1.1240802523680031,
                    "R6": 1.1276815021410584,
                    "R7": 1.121864000800997,
                    "R8": 1.1220512767322361,
                    "R9": 1.1228202693164349,
                    "as": 5.172807830385864,
                    "comp": 1.0716224773786962,
                    "dc": 0
                }
            },
            "gen-secure": {
                "reward": 32007,
                "time": 114.45378646394238,
                "time_by_components": {
                    "R0": 7.144799101632088,
                    "R1": 6.261561118531972,
                    "R2": 5.988885268103331,
                    "R3": 5.9436608068645,
                    "R4": 5.8245274419896305,
                    "R5": 5.857684020418674,
                    "R6": 5.781201699748635,
                    "R7": 5.766907347831875,
                    "R8": 5.81085033994168,
                    "R9": 5.806437750346959,
                    "as": 6.1458130036480725,
                    "comp": 45.08385128341615,
                    "dc": 0.03320827707648277
                }
            },
            "std": {
                "reward": 32007,