{
    "N": 100000,
    "arms": [
        0.5312831389183457,
        0.4305408271474019,
        0.3647932131495228,
        0.3404029692470838,
        0.3117709437963945,
        0.2799575821845175,
        0.2788971367974549,
        0.2704135737009544,
        0.24602332979851538,
        0.24602332979851538,
        0.23966065747614,
        0.23860021208907742,
        0.23223753976670203,
        0.22375397667020147,
        0.21208907741251326,
        0.19936373276776245,
        0.17709437963944857,
        0.17709437963944857,
        0.17179215270413573,
        0.16861081654294804
    ],
    "boltzmann": {
        "it-24": {
            "args": {
                "alpha_seed": 261,
                "random_arm_seed": 723,
                "reward_seed": 24,
                "sigma_seed": 617,
                "tau": 0.06
            },
            "gen-distributed": {
                "reward": 49252,
                "time": 29.607119627762586,
                "time_by_components": {
                    "R0": 1.701094183139503,
                    "R1": 1.046586140524596,
                    "R10": 0.9356756671331823,
                    "R11": 0.9312754175625741,
                    "R12": 0.928477484267205,
                    "R13": 0.9301660340279341,
                    "R14": 0.9315371941775084,
                    "R15": 0.9272519275546074,
                    "R16": 0.9262667926959693,
                    "R17": 0.9260304160416126,
                    "R18": 0.9289579009637237,
                    "R19": 0.9265597793273628,
                    "R2": 0.9787253215909004,
                    "R3": 0.949084039311856,
                    "R4": 0.9442792139016092,
                    "R5": 0.9417634829878807,
                    "R6": 0.9385871742852032,
                    "R7": 0.9455100353807211,
                    "R8": 0.9313219357281923,
                    "R9": 0.9337901817634702,
                    "as": 5.2116609760560095,
                    "comp": 1.686138663906604,
                    "dc": 0
                }
            },
            "gen-secure": {
                "reward": 49252,
                "time": 184.73584225401282,
                "time_by_components": {
                    "R0": 6.472144333645701,
                    "R1": 5.324283348862082,
                    "R10": 4.844210107345134,
                    "R11": 4.852895760443062,
                    "R12": 4.871806789655238,
                    "R13": 4.870157559402287,
                    "R14": 4.84349944582209,
                    "R15": 4.829763100948185,
                    "R16": 4.849429446272552,
                    "R17": 4.841796719003469,
                    "R18": 4.83399092964828,
                    "R19": 4.860947598703206,
                    "R2": 5.081702479626983,
                    "R3": 4.9838596801273525,
                    "R4": 4.912947288714349,
                    "R5": 4.900657172314823,
                    "R6": 4.93823303328827,
                    "R7": 4.891043190844357,
                    "R8": 4.8629717896692455,
                    "R9": 4.859904407057911,
                    "as": 6.329441810026765,
                    "comp": 74.05284483777359,
                    "dc": 0.033283927012234926
                }
            },
            "std": {
                "reward": 49252,
                "time": 7.850244760513306
            }
        }
    },
    "e-greedy": {
        "it-24": {
            "args": {
                "alpha_seed": 155,
                "epsilon": 0.1,
                "epsilon_seed": 406,
                "random_arm_seed": 992,
                "reward_seed": 24,
                "sigma_seed": 248
            },
            "gen-distributed": {
                "reward": 50452,
                "time": 26.439505964983255,
                "time_by_components": {
                    "R0": 1.6669019237160683,
                    "R1": 0.839139495510608,
                    "R10": 0.8169356007128954,
                    "R11": 0.8204730437137187,
                    "R12": 0.8158162119798362,
                    "R13": 0.816792304161936,
                    "R14": 0.8193518156185746,
                    "R15": 0.8168852454982698,
                    "R16": 0.8165422827005386,
                    "R17": 0.8168950816616416,
                    "R18": 0.8157575144432485,
                    "R19": 0.81582933338359,
                    "R2": 0.8249017135240138,
                    "R3": 0.8221339625306427,
                    "R4": 0.8178288070484996,
                    "R5": 0.8223935021087527,
                    "R6": 0.8201604657806456,
                    "R7": 0.8190107853151858,
                    "R8": 0.817625246476382,
                    "R9": 0.8194522755220532,
                    "as": 5.034362178295851,
                    "comp": 0.49299658415839076,
                    "dc": 0
                }
            },
            "gen-secure": {
                "reward": 50452,
                "time": 171.52558470377699,
                "time_by_components": {
                    "R0": 6.095433903858066,
                    "R1": 4.817767325788736,
                    "R10": 4.498771362006664,
                    "R11": 4.476065783761442,
                    "R12": 4.468451257329434,
                    "R13": 4.464492681436241,
                    "R14": 4.461318450514227,
                    "R15": 4.460392937995493,
                    "R16": 4.458618549164385,
                    "R17": 4.460537103936076,
                    "R18": 4.462056877091527,
                    "R19": 4.469073377083987,
                    "R2": 4.6418379209935665,
                    "R3": 4.579699044115841,
                    "R4": 4.522287487052381,
                    "R5": 4.521455393638462,
                    "R6": 4.506271351594478,
                    "R7": 4.498532387893647,
                    "R8": 4.492309231776744,
                    "R9": 4.48425965802744,
                    "as": 6.1384559497237206,
                    "comp": 68.3192437919788,
                    "dc": 0.035021970979869366
                }
            },
            "std": {
                "reward": 50452,
                "time": 7.1412365436553955
            }
        }
    },
    "e-greedy-decreasing": {
        "it-24": {
            "args": {
                "alpha_seed": 359,
                "epsilon_seed": 261,
                "random_arm_seed": 723,
                "reward_seed": 24,
                "sigma_seed": 510
            },
            "gen-distributed": {
                "reward": 51505,
                "time": 27.64575645327568,
                "time_by_components": {
                    "R0": 1.7531326073221862,
                    "R1": 0.8740241318009794,
                    "R10": 0.8613985409028828,
                    "R11": 0.8610453084111214,
                    "R12": 0.8594919401220977,
                    "R13": 0.8592675463296473,
                    "R14": 0.8592042904347181,
                    "R15": 0.8586336178705096,
                    "R16": 0.8595773507840931,
                    "R17": 0.8589444435201585,
                    "R18": 0.8589484263211489,
                    "R19": 0.858327052090317,
                    "R2": 0.864978323224932,
                    "R3": 0.86209537088871,
                    "R4": 0.8601660821586847,
                    "R5": 0.8662513922899961,
                    "R6": 0.8629040461964905,
                    "R7": 0.8608882902190089,
                    "R8": 0.8605972793884575,
                    "R9": 0.86108587263152,
                    "as": 5.15994262881577,
                    "comp": 0.4762733983807266,
                    "dc": 0
                }
            },
            "gen-secure": {
                "reward": 51505,
                "time": 175.30489373905584,
                "time_by_components": {
                    "R0": 6.24187754932791,