{
    "N": 50000,
    "arms": [
        0.5312831389183457,
        0.4305408271474019,
        0.3647932131495228,
        0.3404029692470838,
        0.3117709437963945,
        0.2799575821845175,
        0.2788971367974549,
        0.2704135737009544,
        0.24602332979851538,
        0.24602332979851538
    ],
    "boltzmann": {
        "it-18": {
            "args": {
                "alpha_seed": 692,
                "random_arm_seed": 439,
                "reward_seed": 18,
                "sigma_seed": 311,
                "tau": 0.06
            },
            "gen-distributed": {
                "reward": 24314,
                "time": 8.356004489120096,
                "time_by_components": {
                    "R0": 0.7601991966366768,
                    "R1": 0.5204906919971108,
                    "R2": 0.46590208215638995,
                    "R3": 0.44463086407631636,
                    "R4": 0.4444100861437619,
                    "R5": 0.43606319837272167,
                    "R6": 0.4346837718039751,
                    "R7": 0.4380205278284848,
                    "R8": 0.4391611758619547,
                    "R9": 0.4356155307032168,
                    "as": 1.9921193923801184,
                    "comp": 0.7224270226433873,
                    "dc": 0
                }
            },
            "gen-secure": {
                "reward": 24314,
                "time": 49.856569381896406,
                "time_by_components": {
                    "R0": 3.2010965938679874,
                    "R1": 2.773036087397486,
                    "R2": 2.63888927642256,
                    "R3": 2.5826148595660925,
                    "R4": 2.5513717313297093,
                    "R5": 2.5478694033809006,
                    "R6": 2.530390625819564,
                    "R7": 2.529811688698828,
                    "R8": 2.5231481795199215,
                    "R9": 2.5120176170021296,
                    "as": 2.5797666967846453,
                    "comp": 19.472123357933015,
                    "dc": 0.03305534180253744
                }
            },
            "std": {
                "reward": 24314,
                "time": 3.34919810295105
            }
        }
    },
    "e-greedy": {
        "it-18": {
            "args": {
                "alpha_seed": 461,
                "epsilon": 0.1,
                "epsilon_seed": 488,
                "random_arm_seed": 640,
                "reward_seed": 18,
                "sigma_seed": 312
            },
            "gen-distributed": {
                "reward": 25464,
                "time": 8.15364960115403,
                "time_by_components": {
                    "R0": 0.8335151434876025,
                    "R1": 0.424450580496341,
                    "R2": 0.4237174205482006,
                    "R3": 0.4184725331142545,
                    "R4": 0.4189898706972599,
                    "R5": 0.4185832985676825,
                    "R6": 0.4163603186607361,
                    "R7": 0.4170180568471551,
                    "R8": 0.41822489397600293,
                    "R9": 0.41631311969831586,
                    "as": 2.0900119026191533,
                    "comp": 0.1985021117143333,
                    "dc": 0
                }
            },
            "gen-secure": {
                "reward": 25464,
                "time": 46.76204835018143,
                "time_by_components": {
                    "R0": 3.049847242888063,
                    "R1": 2.4824419445358217,
                    "R2": 2.435905215330422,
                    "R3": 2.389749992173165,
                    "R4": 2.370841218624264,
                    "R5": 2.3553175600245595,
                    "R6": 2.350097507238388,
                    "R7": 2.346594609785825,
                    "R8": 2.3464056397788227,
                    "R9": 2.3489682879298925,
                    "as": 2.473366523627192,
                    "comp": 18.055940162856132,
                    "dc": 0.033130611293017864
                }
            },
            "std": {
                "reward": 25464,
                "time": 3.028247833251953
            }
        }
    },
    "e-greedy-decreasing": {
        "it-18": {
            "args": {
                "alpha_seed": 461,
                "epsilon_seed": 488,
                "random_arm_seed": 640,
                "reward_seed": 18,
                "sigma_seed": 312
            },
            "gen-distributed": {
                "reward": 25949,
                "time": 8.328501771204174,
                "time_by_components": {
                    "R0": 0.863122268114239,
                    "R1": 0.4300505197606981,
                    "R2": 0.42699094768613577,
                    "R3": 0.42595140542834997,
                    "R4": 0.42542079696431756,
                    "R5": 0.42627847753465176,
                    "R6": 0.426058956887573,
                    "R7": 0.4269831613637507,
                    "R8": 0.4263135218061507,
                    "R9": 0.4263498983345926,
                    "as": 2.138649769127369,
                    "comp": 0.19413185957819223,
                    "dc": 0
                }
            },
            "gen-secure": {
                "reward": 25949,
                "time": 46.507432949729264,
                "time_by_components": {
                    "R0": 3.0577419833280146,
                    "R1": 2.4799780352041125,
                    "R2": 2.411176926922053,
                    "R3": 2.390471322927624,
                    "R4": 2.3565207184292376,
                    "R5": 2.348420560359955,
                    "R6": 2.3444152707234025,
                    "R7": 2.3732512071728706,
                    "R8": 2.3377844342030585,
                    "R9": 2.334893735125661,
                    "as": 2.4758191239088774,
                    "comp": 17.868108868133277,
                    "dc": 0.03312923898920417
                }
            },
            "std": {
                "reward": 25949,
                "time": 3.081925630569458
            }
        }
    },
    "nb_iterations": 30,
    "pursuit": {
        "it-18": {
            "args": {
                "alpha_seed": 692,
                "beta": 0.1,
                "random_arm_seed": 439,
                "reward_seed": 18,
                "sigma_seed": 917
            },
            "gen-distributed": {
                "reward": 18203,
                "time": 16.81762644369155,
                "time_by_components": {
                    "R0": 1.0182872544974089,
                    "R1": 0.9505329821258783,
                    "R2": 1.4060545032843947,
                    "R3": 0.9416543915867805,
                    "R4": 0.9361178153194487,
                    "R5": 0.9396630898118019,
                    "R6": 0.9378049559891224,
                    "R7": 0.9362546564079821,
                    "R8": 0.9356126934289932,
                    "R9": 0.9378336360678077,
                    "as": 4.27060345839709,
                    "comp": 0.8878804384730756,
                    "dc": 0
                }
            },
            "gen-secure": {
                "reward": 18203,
                "time": 96.11312886839733,
                "time_by_components": {
                    "R0": 5.5190695892088115,
                    "R1": 5.1056210128590465,
                    "R2": 5.589286794885993,
                    "R3": 5.0499633979052305,
                    "R4": 4.955394894815981,
                    "R5": 4.89664499880746,
                    "R6": 4.864951676223427,
                    "R7": 4.849820313509554,
                    "R8": 4.890519161708653,
                    "R9": 4.91571110021323,
                    "as": 5.07851034309715,
                    "comp": 37.78563001938164,
                    "dc": 0.03320376016199589
                }
            },
            "std": {
                "reward": 18203,