{
    "N": 50000,
    "arms": [
        0.5312831389183457,
        0.4305408271474019,
        0.3647932131495228,
        0.3404029692470838,
        0.3117709437963945,
        0.2799575821845175,
        0.2788971367974549,
        0.2704135737009544,
        0.24602332979851538,
        0.24602332979851538
    ],
    "boltzmann": {
        "it-9": {
            "args": {
                "alpha_seed": 567,
                "random_arm_seed": 394,
                "reward_seed": 9,
                "sigma_seed": 883,
                "tau": 0.06
            },
            "gen-distributed": {
                "reward": 24328,
                "time": 9.130336734000593,
                "time_by_components": {
                    "R0": 0.8274581586010754,
                    "R1": 0.5714048086665571,
                    "R2": 0.49368101777508855,
                    "R3": 0.4879307774826884,
                    "R4": 0.48343452997505665,
                    "R5": 0.47571384394541383,
                    "R6": 0.48407998448237777,
                    "R7": 0.47957830829545856,
                    "R8": 0.48020080011337996,
                    "R9": 0.4734494863077998,
                    "as": 2.17891563847661,
                    "comp": 0.7907386594451964,
                    "dc": 0
                }
            },
            "gen-secure": {
                "reward": 24328,
                "time": 49.9666906921193,
                "time_by_components": {
                    "R0": 3.213986554183066,
                    "R1": 2.785677183419466,
                    "R2": 2.629277824424207,
                    "R3": 2.5887531503103673,
                    "R4": 2.552281848154962,
                    "R5": 2.5509491469711065,
                    "R6": 2.542483984492719,
                    "R7": 2.530417895875871,
                    "R8": 2.52545691980049,
                    "R9": 2.524069315753877,
                    "as": 2.598286174237728,
                    "comp": 19.52655655052513,
                    "dc": 0.033251368906348944
                }
            },
            "std": {
                "reward": 24328,
                "time": 3.293286085128784
            }
        }
    },
    "e-greedy": {
        "it-9": {
            "args": {
                "alpha_seed": 778,
                "epsilon": 0.1,
                "epsilon_seed": 146,
                "random_arm_seed": 761,
                "reward_seed": 9,
                "sigma_seed": 329
            },
            "gen-distributed": {
                "reward": 25648,
                "time": 8.210905867163092,
                "time_by_components": {
                    "R0": 0.8448930294252932,
                    "R1": 0.4274295028299093,
                    "R2": 0.4216618877835572,
                    "R3": 0.4207992241717875,
                    "R4": 0.42065425030887127,
                    "R5": 0.4202591869980097,
                    "R6": 0.4189204862341285,
                    "R7": 0.4185595498420298,
                    "R8": 0.4181434204801917,
                    "R9": 0.4184810798615217,
                    "as": 2.1177271245978773,
                    "comp": 0.20339927123859525,
                    "dc": 0
                }
            },
            "gen-secure": {
                "reward": 25648,
                "time": 46.94152383739129,
                "time_by_components": {
                    "R0": 3.076871474739164,
                    "R1": 2.495429127011448,
                    "R2": 2.4257278768345714,
                    "R3": 2.400966669432819,
                    "R4": 2.3742882311344147,
                    "R5": 2.366699742153287,
                    "R6": 2.358979935757816,
                    "R7": 2.363489009439945,
                    "R8": 2.3678273567929864,
                    "R9": 2.3561521898955107,
                    "as": 2.4916129847988486,
                    "comp": 18.09902684018016,
                    "dc": 0.029671189840883017
                }
            },
            "std": {
                "reward": 25648,
                "time": 3.2264230251312256
            }
        }
    },
    "e-greedy-decreasing": {
        "it-9": {
            "args": {
                "alpha_seed": 177,
                "epsilon_seed": 52,
                "random_arm_seed": 475,
                "reward_seed": 9,
                "sigma_seed": 244
            },
            "gen-distributed": {
                "reward": 25938,
                "time": 8.313103433232754,
                "time_by_components": {
                    "R0": 0.8618966313079,
                    "R1": 0.43024645280092955,
                    "R2": 0.42615859070792794,
                    "R3": 0.42814473807811737,
                    "R4": 0.4248664155602455,
                    "R5": 0.42511541210114956,
                    "R6": 0.4256854918785393,
                    "R7": 0.42586964601650834,
                    "R8": 0.42534312000498176,
                    "R9": 0.4248791094869375,
                    "as": 2.135335717815906,
                    "comp": 0.1921637048944831,
                    "dc": 0
                }
            },
            "gen-secure": {
                "reward": 25938,
                "time": 46.62062249425799,
                "time_by_components": {
                    "R0": 3.0998362223617733,
                    "R1": 2.496197328902781,
                    "R2": 2.417203495744616,
                    "R3": 2.3997594099491835,
                    "R4": 2.3620241950266063,
                    "R5": 2.352012164890766,
                    "R6": 2.345079812221229,
                    "R7": 2.3406747225672007,
                    "R8": 2.3563522729091346,
                    "R9": 2.35187455592677,
                    "as": 2.5468925992026925,
                    "comp": 17.8002720172517,
                    "dc": 0.03331534704193473
                }
            },
            "std": {
                "reward": 25938,
                "time": 3.025916337966919
            }
        }
    },
    "nb_iterations": 30,
    "pursuit": {
        "it-9": {
            "args": {
                "alpha_seed": 567,
                "beta": 0.1,
                "random_arm_seed": 394,
                "reward_seed": 9,
                "sigma_seed": 141
            },
            "gen-distributed": {
                "reward": 21560,
                "time": 16.71913923928514,
                "time_by_components": {
                    "R0": 1.0136043652892113,
                    "R1": 1.4055041265673935,
                    "R2": 0.9397719502449036,
                    "R3": 0.9324794262647629,
                    "R4": 0.931293438654393,
                    "R5": 0.93327921256423,
                    "R6": 0.9349756143055856,
                    "R7": 0.9323648707941175,
                    "R8": 0.9294250137172639,
                    "R9": 0.9297928540036082,
                    "as": 4.259373813867569,
                    "comp": 0.8837651731446385,
                    "dc": 0
                }
            },
            "gen-secure": {
                "reward": 21560,
                "time": 96.36758751794696,
                "time_by_components": {
                    "R0": 5.5653429492376745,
                    "R1": 5.724144241772592,
                    "R2": 5.071013594511896,
                    "R3": 5.024399949703366,
                    "R4": 4.951609109994024,
                    "R5": 4.9008237002417445,
                    "R6": 4.930606133304536,
                    "R7": 4.866324396338314,
                    "R8": 4.911774835083634,
                    "R9": 4.863664166536182,
                    "as": 5.167683634441346,
                    "comp": 37.74225485371426,
                    "dc": 0.03369917068630457
                }
            },
            "std": {
                "reward": 21560,