{
    "N": 80000,
    "arms": [
        0.5312831389183457,
        0.4305408271474019,
        0.3647932131495228,
        0.3404029692470838,
        0.3117709437963945,
        0.2799575821845175,
        0.2788971367974549,
        0.2704135737009544,
        0.24602332979851538,
        0.24602332979851538
    ],
    "boltzmann": {
        "it-38": {
            "args": {
                "alpha_seed": 905,
                "random_arm_seed": 929,
                "reward_seed": 38,
                "sigma_seed": 546,
                "tau": 0.06
            },
            "gen-distributed": {
                "reward": 39580,
                "time": 13.973176911007613,
                "time_by_components": {
                    "R0": 1.2857334250584245,
                    "R1": 0.8635579021647573,
                    "R2": 0.7520177974365652,
                    "R3": 0.7296252460218966,
                    "R4": 0.7349676224403083,
                    "R5": 0.7316537606529891,
                    "R6": 0.7364627989009023,
                    "R7": 0.7251430316828191,
                    "R8": 0.726403784006834,
                    "R9": 0.7306125327013433,
                    "as": 3.342383919749409,
                    "comp": 1.2118084006942809,
                    "dc": 0
                }
            },
            "gen-secure": {
                "reward": 39580,
                "time": 79.30052837589756,
                "time_by_components": {
                    "R0": 5.094475913792849,
                    "R1": 4.378341400530189,
                    "R2": 4.138434185646474,
                    "R3": 4.064953304827213,
                    "R4": 4.007980952970684,
                    "R5": 3.999697129242122,
                    "R6": 3.9858997953124344,
                    "R7": 3.9896186906844378,
                    "R8": 3.9653647048398852,
                    "R9": 3.9860163093544543,
                    "as": 4.193263373803347,
                    "comp": 31.370103588793427,
                    "dc": 0.03320985101163387
                }
            },
            "std": {
                "reward": 39580,
                "time": 5.220425128936768
            }
        }
    },
    "e-greedy": {
        "it-38": {
            "args": {
                "alpha_seed": 13,
                "epsilon": 0.1,
                "epsilon_seed": 78,
                "random_arm_seed": 627,
                "reward_seed": 38,
                "sigma_seed": 75
            },
            "gen-distributed": {
                "reward": 40929,
                "time": 13.068951428867877,
                "time_by_components": {
                    "R0": 1.3411387475207448,
                    "R1": 0.6724263927899301,
                    "R2": 0.6643790220841765,
                    "R3": 0.6639918382279575,
                    "R4": 0.6642047585919499,
                    "R5": 0.6636340618133545,
                    "R6": 0.663467722479254,
                    "R7": 0.662503900937736,
                    "R8": 0.6631362927146256,
                    "R9": 0.6618538363836706,
                    "as": 3.3914888431318104,
                    "comp": 0.3266511121764779,
                    "dc": 0
                }
            },
            "gen-secure": {
                "reward": 40929,
                "time": 72.94555984903127,
                "time_by_components": {
                    "R0": 4.755472867749631,
                    "R1": 3.8529538097791374,
                    "R2": 3.7465199227444828,
                    "R3": 3.706427149474621,
                    "R4": 3.668625002261251,
                    "R5": 3.6493335398845375,
                    "R6": 3.6858599139377475,
                    "R7": 3.6454243045300245,
                    "R8": 3.6399358310736716,
                    "R9": 3.6423825551755726,
                    "as": 3.9952510157600045,
                    "comp": 28.266052380669862,
                    "dc": 0.03378999512642622
                }
            },
            "std": {
                "reward": 40929,
                "time": 4.864163160324097
            }
        }
    },
    "e-greedy-decreasing": {
        "it-38": {
            "args": {
                "alpha_seed": 104,
                "epsilon_seed": 905,
                "random_arm_seed": 929,
                "reward_seed": 38,
                "sigma_seed": 346
            },
            "gen-distributed": {
                "reward": 41501,
                "time": 13.36136297089979,
                "time_by_components": {
                    "R0": 1.390016460325569,
                    "R1": 0.6937672886997461,
                    "R2": 0.6880044611170888,
                    "R3": 0.684099692851305,
                    "R4": 0.684021944180131,
                    "R5": 0.684133498929441,
                    "R6": 0.6820766977034509,
                    "R7": 0.6820515296421945,
                    "R8": 0.6829615165479481,
                    "R9": 0.6819370402954519,
                    "as": 3.4242929317988455,
                    "comp": 0.3084833831526339,
                    "dc": 0
                }
            },
            "gen-secure": {
                "reward": 41501,
                "time": 73.54714195569977,
                "time_by_components": {
                    "R0": 4.847953921649605,
                    "R1": 3.907673585228622,
                    "R2": 3.821725386660546,
                    "R3": 3.7608519005589187,
                    "R4": 3.7017572596669197,
                    "R5": 3.688572818413377,
                    "R6": 3.6871317424811423,
                    "R7": 3.674119224306196,
                    "R8": 3.6640404062345624,
                    "R9": 3.669572561979294,
                    "as": 3.9850678872317076,
                    "comp": 28.397698851302266,
                    "dc": 0.031028163619339466
                }
            },
            "std": {
                "reward": 41501,
                "time": 4.834279537200928
            }
        }
    },
    "nb_iterations": 50,
    "pursuit": {
        "it-38": {
            "args": {
                "alpha_seed": 905,
                "beta": 0.1,
                "random_arm_seed": 929,
                "reward_seed": 38,
                "sigma_seed": 346
            },
            "gen-distributed": {
                "reward": 42615,
                "time": 26.939539211802185,
                "time_by_components": {
                    "R0": 2.3398870402015746,
                    "R1": 1.530480595305562,
                    "R2": 1.5052775861695409,
                    "R3": 1.5003939517773688,
                    "R4": 1.4954333319328725,
                    "R5": 1.501769492868334,
                    "R6": 1.4992494117468596,
                    "R7": 1.4990449934266508,
                    "R8": 1.4938780050724745,
                    "R9": 1.5007398868910968,
                    "as": 6.850781919434667,
                    "comp": 1.4126510946080089,
                    "dc": 0
                }
            },
            "gen-secure": {
                "reward": 42615,
                "time": 153.67714793793857,
                "time_by_components": {
                    "R0": 9.632957286201417,
                    "R1": 8.358108011074364,
                    "R2": 8.053464245516807,
                    "R3": 7.950211348477751,
                    "R4": 7.821146163158119,
                    "R5": 7.796007829718292,
                    "R6": 7.787346965167671,
                    "R7": 7.744565272703767,
                    "R8": 7.772234667558223,
                    "R9": 7.7077015661634505,
                    "as": 8.26696898508817,
                    "comp": 60.71480619767681,
                    "dc": 0.033168957103043795
                }
            },
            "std": {
                "reward": 42615,