{
    "N": 100000,
    "arms": [
        0.5312831389183457,
        0.4305408271474019,
        0.3647932131495228,
        0.3404029692470838,
        0.3117709437963945,
        0.2799575821845175,
        0.2788971367974549,
        0.2704135737009544,
        0.24602332979851538,
        0.24602332979851538
    ],
    "boltzmann": {
        "it-27": {
            "args": {
                "alpha_seed": 512,
                "random_arm_seed": 186,
                "reward_seed": 27,
                "sigma_seed": 29,
                "tau": 0.06
            },
            "gen-distributed": {
                "reward": 50252,
                "time": 18.121490855235606,
                "time_by_components": {
                    "R0": 1.7327941213734448,
                    "R1": 1.089122443459928,
                    "R2": 0.9688707864843309,
                    "R3": 0.9645984098315239,
                    "R4": 0.9602600312791765,
                    "R5": 0.9451895896345377,
                    "R6": 0.9438223913311958,
                    "R7": 0.94478903664276,
                    "R8": 0.9429775369353592,
                    "R9": 0.9395387279801071,
                    "as": 4.320415725931525,
                    "comp": 1.5594738484360278,
                    "dc": 0
                }
            },
            "gen-secure": {
                "reward": 50252,
                "time": 98.84197437297553,
                "time_by_components": {
                    "R0": 6.381930169649422,
                    "R1": 5.400007273070514,
                    "R2": 5.1292812949977815,
                    "R3": 5.066134842578322,
                    "R4": 4.996132901869714,
                    "R5": 4.973757643252611,
                    "R6": 4.963296287227422,
                    "R7": 4.953763426747173,
                    "R8": 4.946489341091365,
                    "R9": 4.924005604349077,
                    "as": 5.110853836871684,
                    "comp": 39.1962552270852,
                    "dc": 0.033349267207086086
                }
            },
            "std": {
                "reward": 50252,
                "time": 6.565833568572998
            }
        }
    },
    "e-greedy": {
        "it-27": {
            "args": {
                "alpha_seed": 547,
                "epsilon": 0.1,
                "epsilon_seed": 172,
                "random_arm_seed": 554,
                "reward_seed": 27,
                "sigma_seed": 319
            },
            "gen-distributed": {
                "reward": 51156,
                "time": 16.14666497008875,
                "time_by_components": {
                    "R0": 1.6707852515392005,
                    "R1": 0.8402232583612204,
                    "R2": 0.8304926133714616,
                    "R3": 0.8291682237759233,
                    "R4": 0.8314487780444324,
                    "R5": 0.8287836210802197,
                    "R6": 0.8277287534438074,
                    "R7": 0.8291017659939826,
                    "R8": 0.8259792886674404,
                    "R9": 0.8274354715831578,
                    "as": 4.148245794232935,
                    "comp": 0.3919270383194089,
                    "dc": 0
                }
            },
            "gen-secure": {
                "reward": 51156,
                "time": 91.46977873332798,
                "time_by_components": {
                    "R0": 5.942294681444764,
                    "R1": 4.807099909055978,
                    "R2": 4.68078839359805,
                    "R3": 4.62640541093424,
                    "R4": 4.578980784397572,
                    "R5": 4.575769087765366,
                    "R6": 4.556293595582247,
                    "R7": 4.564184838440269,
                    "R8": 4.548981511499733,
                    "R9": 4.535906663630158,
                    "as": 4.91946558887139,
                    "comp": 35.67533045634627,
                    "dc": 0.033336794935166836
                }
            },
            "std": {
                "reward": 51156,
                "time": 6.031445741653442
            }
        }
    },
    "e-greedy-decreasing": {
        "it-27": {
            "args": {
                "alpha_seed": 36,
                "epsilon_seed": 390,
                "random_arm_seed": 282,
                "reward_seed": 27,
                "sigma_seed": 370
            },
            "gen-distributed": {
                "reward": 51883,
                "time": 16.470587613992393,
                "time_by_components": {
                    "R0": 1.718054219149053,
                    "R1": 0.856017011217773,
                    "R2": 0.8474217364564538,
                    "R3": 0.8460719706490636,
                    "R4": 0.8487373180687428,
                    "R5": 0.8446018346585333,
                    "R6": 0.8456270713359118,
                    "R7": 0.8448639581911266,
                    "R8": 0.8456512205302715,
                    "R9": 0.8445955263450742,
                    "as": 4.190504184924066,
                    "comp": 0.3734321971423924,
                    "dc": 0
                }
            },
            "gen-secure": {
                "reward": 51883,
                "time": 93.23165717581287,
                "time_by_components": {
                    "R0": 6.129238495603204,
                    "R1": 4.932064791675657,
                    "R2": 4.777770796790719,
                    "R3": 4.738303441088647,
                    "R4": 4.671430352143943,
                    "R5": 4.667505917605013,
                    "R6": 4.651590317487717,
                    "R7": 4.638344986829907,
                    "R8": 4.629105657339096,
                    "R9": 4.62901616236195,
                    "as": 5.065614023711532,
                    "comp": 36.19839347526431,
                    "dc": 0.03311703586950898
                }
            },
            "std": {
                "reward": 51883,
                "time": 5.787861347198486
            }
        }
    },
    "nb_iterations": 30,
    "pursuit": {
        "it-27": {
            "args": {
                "alpha_seed": 512,
                "beta": 0.1,
                "random_arm_seed": 186,
                "reward_seed": 27,
                "sigma_seed": 668
            },
            "gen-distributed": {
                "reward": 53253,
                "time": 33.50452817091718,
                "time_by_components": {
                    "R0": 2.9361766278743744,
                    "R1": 1.908094990067184,
                    "R2": 1.8790656779892743,
                    "R3": 1.8732890607789159,
                    "R4": 1.868545129429549,
                    "R5": 1.8677668571472168,
                    "R6": 1.8658560863696039,
                    "R7": 1.8664515181444585,
                    "R8": 1.8586399219930172,
                    "R9": 1.8618912096135318,
                    "as": 8.531903320457786,
                    "comp": 1.760326734278351,
                    "dc": 0
                }
            },
            "gen-secure": {
                "reward": 53253,
                "time": 190.0810065427795,
                "time_by_components": {
                    "R0": 11.893153014127165,
                    "R1": 10.233482459560037,
                    "R2": 9.946111960802227,
                    "R3": 9.799344743601978,
                    "R4": 9.688334042672068,
                    "R5": 9.56416098633781,
                    "R6": 9.628322222270072,
                    "R7": 9.526036653202027,
                    "R8": 9.510002203751355,
                    "R9": 9.522255888674408,
                    "as": 10.266610108315945,
                    "comp": 75.26177791599184,
                    "dc": 0.03308973601087928
                }
            },
            "std": {
                "reward": 53253,