{
    "N": 100000,
    "arms": [
        0.5312831389183457,
        0.4305408271474019,
        0.3647932131495228,
        0.3404029692470838,
        0.3117709437963945,
        0.2799575821845175,
        0.2788971367974549,
        0.2704135737009544,
        0.24602332979851538,
        0.24602332979851538,
        0.23966065747614,
        0.23860021208907742,
        0.23223753976670203,
        0.22375397667020147,
        0.21208907741251326,
        0.19936373276776245,
        0.17709437963944857,
        0.17709437963944857,
        0.17179215270413573,
        0.16861081654294804
    ],
    "boltzmann": {
        "it-47": {
            "args": {
                "alpha_seed": 449,
                "random_arm_seed": 920,
                "reward_seed": 47,
                "sigma_seed": 115,
                "tau": 0.06
            },
            "gen-distributed": {
                "reward": 44322,
                "time": 29.663213323801756,
                "time_by_components": {
                    "R0": 1.4388672388158739,
                    "R1": 1.1919110380113125,
                    "R10": 0.9402199233882129,
                    "R11": 0.9427059264853597,
                    "R12": 0.9326624143868685,
                    "R13": 0.9328585555776954,
                    "R14": 0.9290314638055861,
                    "R15": 0.9358119363896549,
                    "R16": 0.9355047130957246,
                    "R17": 0.9311781283468008,
                    "R18": 0.9370653191581368,
                    "R19": 0.9354120413772762,
                    "R2": 1.004820256959647,
                    "R3": 0.9933767295442522,
                    "R4": 0.9698687121272087,
                    "R5": 0.953467789106071,
                    "R6": 0.9459599233232439,
                    "R7": 0.9499496836215258,
                    "R8": 0.9356283857487142,
                    "R9": 0.9487945651635528,
                    "as": 5.182659424375743,
                    "comp": 1.6832762476988137,
                    "dc": 0
                }
            },
            "gen-secure": {
                "reward": 44322,
                "time": 184.2367971148342,
                "time_by_components": {
                    "R0": 6.187468837946653,
                    "R1": 5.4919785195961595,
                    "R10": 4.856841667089611,
                    "R11": 4.858780095819384,
                    "R12": 4.878908006008714,
                    "R13": 4.850546240340918,
                    "R14": 4.85535986488685,
                    "R15": 4.838898493442684,
                    "R16": 4.83515899349004,
                    "R17": 4.8303791815415025,
                    "R18": 4.827713445294648,
                    "R19": 4.823219999205321,
                    "R2": 5.1323067848570645,
                    "R3": 5.044627697207034,
                    "R4": 4.941435165237635,
                    "R5": 4.91922292439267,
                    "R6": 4.890221671201289,
                    "R7": 4.8817746341228485,
                    "R8": 4.863301639910787,
                    "R9": 4.872187068685889,
                    "as": 6.283590519335121,
                    "comp": 73.69508775183931,
                    "dc": 0.03333731880411506
                }
            },
            "std": {
                "reward": 44322,
                "time": 7.955676317214966
            }
        }
    },
    "e-greedy": {
        "it-47": {
            "args": {
                "alpha_seed": 505,
                "epsilon": 0.1,
                "epsilon_seed": 188,
                "random_arm_seed": 864,
                "reward_seed": 47,
                "sigma_seed": 965
            },
            "gen-distributed": {
                "reward": 50521,
                "time": 26.884713502135128,
                "time_by_components": {
                    "R0": 1.6851583486422896,
                    "R1": 0.8652228931896389,
                    "R10": 0.8287893519736826,
                    "R11": 0.8285009316168725,
                    "R12": 0.8287194925360382,
                    "R13": 0.826733369845897,
                    "R14": 0.8272999562323093,
                    "R15": 0.8277658084407449,
                    "R16": 0.8292605434544384,
                    "R17": 0.8288382282480597,
                    "R18": 0.8359792358241975,
                    "R19": 0.8302735323086381,
                    "R2": 0.8347890893928707,
                    "R3": 0.8312989068217576,
                    "R4": 0.8298860844224691,
                    "R5": 0.8348966022022069,
                    "R6": 0.8394186897203326,
                    "R7": 0.837620694655925,
                    "R8": 0.8284725975245237,
                    "R9": 0.8288867580704391,
                    "as": 5.135215395130217,
                    "comp": 0.5057693268172443,
                    "dc": 0
                }
            },
            "gen-secure": {
                "reward": 50521,
                "time": 171.48445151513442,
                "time_by_components": {
                    "R0": 6.0847642701119184,
                    "R1": 4.86640828801319,
                    "R10": 4.466016085352749,
                    "R11": 4.46127784717828,
                    "R12": 4.455146853812039,
                    "R13": 4.449809089768678,
                    "R14": 4.497174670454115,
                    "R15": 4.490826910361648,
                    "R16": 4.453079701401293,
                    "R17": 4.442694326862693,
                    "R18": 4.459914680570364,
                    "R19": 4.459254612214863,
                    "R2": 4.667451469227672,
                    "R3": 4.589023718610406,
                    "R4": 4.517495289444923,
                    "R5": 4.5206947876140475,
                    "R6": 4.500595896970481,
                    "R7": 4.491244691889733,
                    "R8": 4.482410189695656,
                    "R9": 4.476077312603593,
                    "as": 6.135819028131664,
                    "comp": 68.3203076897189,
                    "dc": 0.03321247594431043
                }
            },
            "std": {
                "reward": 50521,
                "time": 7.100206613540649
            }
        }
    },
    "e-greedy-decreasing": {
        "it-47": {
            "args": {
                "alpha_seed": 512,
                "epsilon_seed": 449,
                "random_arm_seed": 920,
                "reward_seed": 47,
                "sigma_seed": 512
            },
            "gen-distributed": {
                "reward": 51453,
                "time": 27.46916706021875,
                "time_by_components": {
                    "R0": 1.7518711993470788,
                    "R1": 0.8747697295621037,
                    "R10": 0.8584006591700017,
                    "R11": 0.8558616293594241,
                    "R12": 0.8568063084967434,
                    "R13": 0.8550308677367866,
                    "R14": 0.8547319513745606,
                    "R15": 0.853908920660615,
                    "R16": 0.8548719901591539,
                    "R17": 0.8556322953663766,
                    "R18": 0.856225686147809,
                    "R19": 0.8557403474114835,
                    "R2": 0.8662073565647006,
                    "R3": 0.8582243155688047,
                    "R4": 0.8555429843254387,
                    "R5": 0.8626768812537193,
                    "R6": 0.8608698965981603,
                    "R7": 0.8582011531107128,
                    "R8": 0.8567466614767909,
                    "R9": 0.8570893597789109,
                    "as": 5.123362415470183,
                    "comp": 0.4726203680038452,
                    "dc": 0
                }
            },
            "gen-secure": {
                "reward": 51453,
                "time": 174.42544108210132,
                "time_by_components": {
                    "R0": 6.220231837127358,