{
    "N": 60000,
    "arms": [
        0.5312831389183457,
        0.4305408271474019,
        0.3647932131495228,
        0.3404029692470838,
        0.3117709437963945,
        0.2799575821845175,
        0.2788971367974549,
        0.2704135737009544,
        0.24602332979851538,
        0.24602332979851538
    ],
    "boltzmann": {
        "it-2": {
            "args": {
                "alpha_seed": 229,
                "random_arm_seed": 632,
                "reward_seed": 2,
                "sigma_seed": 204,
                "tau": 0.06
            },
            "gen-distributed": {
                "reward": 30016,
                "time": 10.834901582915336,
                "time_by_components": {
                    "R0": 1.03943264298141,
                    "R1": 0.6479679550975561,
                    "R2": 0.5688419551588595,
                    "R3": 0.5828678323887289,
                    "R4": 0.5660486272536218,
                    "R5": 0.5708205737173557,
                    "R6": 0.5692151561379433,
                    "R7": 0.5671644760295749,
                    "R8": 0.5664502461440861,
                    "R9": 0.5689303851686418,
                    "as": 2.5842938660643995,
                    "comp": 0.9291428364813328,
                    "dc": 0
                }
            },
            "gen-secure": {
                "reward": 30016,
                "time": 58.14995446195826,
                "time_by_components": {
                    "R0": 3.7625608020462096,
                    "R1": 3.1883051763288677,
                    "R2": 3.028578063007444,
                    "R3": 3.00364811392501,
                    "R4": 2.943888404406607,
                    "R5": 2.9551303233020008,
                    "R6": 2.973796952981502,
                    "R7": 2.9296146910637617,
                    "R8": 2.923102855682373,
                    "R9": 2.9255954697728157,
                    "as": 3.0238098693080246,
                    "comp": 22.865128775127232,
                    "dc": 0.029344110749661922
                }
            },
            "std": {
                "reward": 30016,
                "time": 3.9174201488494873
            }
        }
    },
    "e-greedy": {
        "it-2": {
            "args": {
                "alpha_seed": 331,
                "epsilon": 0.1,
                "epsilon_seed": 826,
                "random_arm_seed": 827,
                "reward_seed": 2,
                "sigma_seed": 171
            },
            "gen-distributed": {
                "reward": 29823,
                "time": 9.84528949065134,
                "time_by_components": {
                    "R0": 0.9267087448388338,
                    "R1": 0.5990503611974418,
                    "R2": 0.5041159833781421,
                    "R3": 0.5019658314995468,
                    "R4": 0.5022006561048329,
                    "R5": 0.5043083690106869,
                    "R6": 0.5031436970457435,
                    "R7": 0.5023591788485646,
                    "R8": 0.5021838867105544,
                    "R9": 0.5007153679616749,
                    "as": 2.5435576527379453,
                    "comp": 0.24382768524810672,
                    "dc": 0
                }
            },
            "gen-secure": {
                "reward": 29823,
                "time": 54.75014690216631,
                "time_by_components": {
                    "R0": 3.4864559886045754,
                    "R1": 2.999670496210456,
                    "R2": 2.827706502750516,
                    "R3": 2.7930383244529366,
                    "R4": 2.7635021577589214,
                    "R5": 2.762903413269669,
                    "R6": 2.752423569560051,
                    "R7": 2.748342082835734,
                    "R8": 2.748311327304691,
                    "R9": 2.742484468501061,
                    "as": 2.950621584430337,
                    "comp": 21.09765291074291,
                    "dc": 0.03377770492807031
                }
            },
            "std": {
                "reward": 29823,
                "time": 3.4029486179351807
            }
        }
    },
    "e-greedy-decreasing": {
        "it-2": {
            "args": {
                "alpha_seed": 331,
                "epsilon_seed": 826,
                "random_arm_seed": 827,
                "reward_seed": 2,
                "sigma_seed": 171
            },
            "gen-distributed": {
                "reward": 30154,
                "time": 9.95898863999173,
                "time_by_components": {
                    "R0": 0.9471083539538085,
                    "R1": 0.6085353614762425,
                    "R2": 0.5137634254060686,
                    "R3": 0.5125032579526305,
                    "R4": 0.5117243262939155,
                    "R5": 0.5112299066968262,
                    "R6": 0.5113878124393523,
                    "R7": 0.5103315985761583,
                    "R8": 0.5099801043979824,
                    "R9": 0.5118045038543642,
                    "as": 2.5314686754718423,
                    "comp": 0.2297252481803298,
                    "dc": 0
                }
            },
            "gen-secure": {
                "reward": 30154,
                "time": 55.30447196494788,
                "time_by_components": {
                    "R0": 3.5498295943252742,
                    "R1": 3.0452442881651223,
                    "R2": 2.8797875801101327,
                    "R3": 2.84255044022575,
                    "R4": 2.7961398935876787,
                    "R5": 2.7875306392088532,
                    "R6": 2.780111682601273,
                    "R7": 2.784254389349371,
                    "R8": 2.781034037936479,
                    "R9": 2.7756155147217214,
                    "as": 2.9945722720585763,
                    "comp": 21.209039200097322,
                    "dc": 0.03308439813554287
                }
            },
            "std": {
                "reward": 30154,
                "time": 3.4789605140686035
            }
        }
    },
    "nb_iterations": 30,
    "pursuit": {
        "it-2": {
            "args": {
                "alpha_seed": 229,
                "beta": 0.1,
                "random_arm_seed": 632,
                "reward_seed": 2,
                "sigma_seed": 562
            },
            "gen-distributed": {
                "reward": 21862,
                "time": 20.23735102219507,
                "time_by_components": {
                    "R0": 1.2255560434423387,
                    "R1": 1.1445168061181903,
                    "R2": 1.684480954427272,
                    "R3": 1.1331797456368804,
                    "R4": 1.1254975218325853,
                    "R5": 1.1291316114366055,
                    "R6": 1.1268828473985195,
                    "R7": 1.1252675047144294,
                    "R8": 1.1230035447515547,
                    "R9": 1.125179170165211,
                    "as": 5.149967798497528,
                    "comp": 1.0654789917171001,
                    "dc": 0
                }
            },
            "gen-secure": {
                "reward": 21862,
                "time": 115.39427336817607,
                "time_by_components": {
                    "R0": 6.738701160997152,
                    "R1": 6.1976848328486085,
                    "R2": 6.656747694127262,
                    "R3": 5.970641090068966,
                    "R4": 5.903049733955413,
                    "R5": 5.884489933028817,
                    "R6": 5.818685527890921,
                    "R7": 5.802705896086991,
                    "R8": 5.800981347449124,
                    "R9": 5.846424998249859,
                    "as": 6.15642843907699,
                    "comp": 45.468343435321,
                    "dc": 0.03375838603824377
                }
            },
            "std": {
                "reward": 21862,