{
    "N": 60000,
    "arms": [
        0.5312831389183457,
        0.4305408271474019,
        0.3647932131495228,
        0.3404029692470838,
        0.3117709437963945,
        0.2799575821845175,
        0.2788971367974549,
        0.2704135737009544,
        0.24602332979851538,
        0.24602332979851538
    ],
    "boltzmann": {
        "it-48": {
            "args": {
                "alpha_seed": 491,
                "random_arm_seed": 389,
                "reward_seed": 48,
                "sigma_seed": 400,
                "tau": 0.06
            },
            "gen-distributed": {
                "reward": 30622,
                "time": 11.048546873033047,
                "time_by_components": {
                    "R0": 1.0907229748554528,
                    "R1": 0.589445548132062,
                    "R2": 0.6023649154230952,
                    "R3": 0.5900937183760107,
                    "R4": 0.5753763597458601,
                    "R5": 0.5737624918110669,
                    "R6": 0.5784877929836512,
                    "R7": 0.5706462878733873,
                    "R8": 0.574857538100332,
                    "R9": 0.5697182198055089,
                    "as": 2.6604921496473253,
                    "comp": 0.9523995509371161,
                    "dc": 0
                }
            },
            "gen-secure": {
                "reward": 30622,
                "time": 59.19744073366746,
                "time_by_components": {
                    "R0": 3.9107883740216494,
                    "R1": 3.2038477836176753,
                    "R2": 3.1240364871919155,
                    "R3": 3.050639573018998,
                    "R4": 2.9988150894641876,
                    "R5": 2.9975486546754837,
                    "R6": 2.9875728879123926,
                    "R7": 2.9758245795965195,
                    "R8": 2.975691929925233,
                    "R9": 2.9752540686167777,
                    "as": 3.137328370474279,
                    "comp": 23.265003559645265,
                    "dc": 0.033153750002384186
                }
            },
            "std": {
                "reward": 30622,
                "time": 4.102864503860474
            }
        }
    },
    "e-greedy": {
        "it-48": {
            "args": {
                "alpha_seed": 558,
                "epsilon": 0.1,
                "epsilon_seed": 262,
                "random_arm_seed": 644,
                "reward_seed": 48,
                "sigma_seed": 320
            },
            "gen-distributed": {
                "reward": 30782,
                "time": 9.848946019075811,
                "time_by_components": {
                    "R0": 1.009804077912122,
                    "R1": 0.5064286319538951,
                    "R2": 0.5023798584006727,
                    "R3": 0.4994343891739845,
                    "R4": 0.4993120674043894,
                    "R5": 0.49861147813498974,
                    "R6": 0.49990653805434704,
                    "R7": 0.49872930301353335,
                    "R8": 0.4982423926703632,
                    "R9": 0.49849426420405507,
                    "as": 2.5593970376066864,
                    "comp": 0.2476236973889172,
                    "dc": 0
                }
            },
            "gen-secure": {
                "reward": 30782,
                "time": 55.61996400728822,
                "time_by_components": {
                    "R0": 3.6779436506330967,
                    "R1": 2.9589323443360627,
                    "R2": 2.866980310063809,
                    "R3": 2.8378270459361374,
                    "R4": 2.802166499197483,
                    "R5": 2.8025103895924985,
                    "R6": 2.789546756539494,
                    "R7": 2.783276454079896,
                    "R8": 2.7814070736058056,
                    "R9": 2.7751289303414524,
                    "as": 3.039140345528722,
                    "comp": 21.450999739114195,
                    "dc": 0.03312738798558712
                }
            },
            "std": {
                "reward": 30782,
                "time": 3.6462504863739014
            }
        }
    },
    "e-greedy-decreasing": {
        "it-48": {
            "args": {
                "alpha_seed": 776,
                "epsilon_seed": 491,
                "random_arm_seed": 389,
                "reward_seed": 48,
                "sigma_seed": 319
            },
            "gen-distributed": {
                "reward": 31164,
                "time": 10.035283552017063,
                "time_by_components": {
                    "R0": 1.0399051699787378,
                    "R1": 0.5193666792474687,
                    "R2": 0.5147702703252435,
                    "R3": 0.5138098141178489,
                    "R4": 0.5140074943192303,
                    "R5": 0.5134363551624119,
                    "R6": 0.5139284669421613,
                    "R7": 0.5141546982340515,
                    "R8": 0.5154851516708732,
                    "R9": 0.5135860317386687,
                    "as": 2.5631415862590075,
                    "comp": 0.23234497057273984,
                    "dc": 0
                }
            },
            "gen-secure": {
                "reward": 31164,
                "time": 56.06182907521725,
                "time_by_components": {
                    "R0": 3.7077241712249815,
                    "R1": 2.988492529373616,
                    "R2": 2.8947369935922325,
                    "R3": 2.8751148604787886,
                    "R4": 2.8263065833598375,
                    "R5": 2.818451874423772,
                    "R6": 2.811477816198021,
                    "R7": 2.8044947017915547,
                    "R8": 2.8167320122011006,
                    "R9": 2.802264161873609,
                    "as": 3.0441689719446003,
                    "comp": 21.560583373066038,
                    "dc": 0.033129089046269655
                }
            },
            "std": {
                "reward": 31164,
                "time": 3.6560592651367188
            }
        }
    },
    "nb_iterations": 50,
    "pursuit": {
        "it-48": {
            "args": {
                "alpha_seed": 491,
                "beta": 0.1,
                "random_arm_seed": 389,
                "reward_seed": 48,
                "sigma_seed": 319
            },
            "gen-distributed": {
                "reward": 32007,
                "time": 20.461903063114733,
                "time_by_components": {
                    "R0": 1.781013818923384,
                    "R1": 1.1595183270983398,
                    "R2": 1.1388362082652748,
                    "R3": 1.1392972306348383,
                    "R4": 1.128812039270997,
                    "R5": 1.135864925570786,
                    "R6": 1.1350672403350472,
                    "R7": 1.1325610890053213,
                    "R8": 1.1306681674905121,
                    "R9": 1.1321721230633557,
                    "as": 5.237630376126617,
                    "comp": 1.0833625392988324,
                    "dc": 0
                }
            },
            "gen-secure": {
                "reward": 32007,
                "time": 115.25920120766386,
                "time_by_components": {
                    "R0": 7.246950670611113,
                    "R1": 6.273609032854438,
                    "R2": 6.083858072757721,
                    "R3": 5.989360880572349,
                    "R4": 5.864985351450741,
                    "R5": 5.839876608923078,
                    "R6": 5.890198541339487,
                    "R7": 5.838865340221673,
                    "R8": 5.863624955993146,
                    "R9": 5.82211904739961,
                    "as": 6.264568935148418,
                    "comp": 45.2152396007441,
                    "dc": 0.033200410194694996
                }
            },
            "std": {
                "reward": 32007,