{
    "N": 100000,
    "arms": [
        0.5312831389183457,
        0.4305408271474019,
        0.3647932131495228,
        0.3404029692470838,
        0.3117709437963945,
        0.2799575821845175,
        0.2788971367974549,
        0.2704135737009544,
        0.24602332979851538,
        0.24602332979851538
    ],
    "boltzmann": {
        "it-26": {
            "args": {
                "alpha_seed": 390,
                "random_arm_seed": 282,
                "reward_seed": 26,
                "sigma_seed": 336,
                "tau": 0.06
            },
            "gen-distributed": {
                "reward": 48829,
                "time": 19.003779996186495,
                "time_by_components": {
                    "R0": 1.6863551097922027,
                    "R1": 1.1084324824623764,
                    "R2": 0.9933173945173621,
                    "R3": 0.9603404584340751,
                    "R4": 0.9662827677093446,
                    "R5": 0.9570659990422428,
                    "R6": 0.9566619750112295,
                    "R7": 0.9545480334199965,
                    "R8": 0.944745019543916,
                    "R9": 0.946081938687712,
                    "as": 5.138699631206691,
                    "comp": 1.583633340895176,
                    "dc": 0
                }
            },
            "gen-secure": {
                "reward": 48829,
                "time": 99.89414379326627,
                "time_by_components": {
                    "R0": 6.507286297623068,
                    "R1": 5.404357522260398,
                    "R2": 5.1703009605407715,
                    "R3": 5.0443825060501695,
                    "R4": 4.987539271358401,
                    "R5": 4.964731547981501,
                    "R6": 4.947550515644252,
                    "R7": 4.9350583627820015,
                    "R8": 4.919081773143262,
                    "R9": 4.9140229765325785,
                    "as": 6.293597681913525,
                    "comp": 38.969971178565174,
                    "dc": 0.03365091187879443
                }
            },
            "std": {
                "reward": 48829,
                "time": 6.527122259140015
            }
        }
    },
    "e-greedy": {
        "it-26": {
            "args": {
                "alpha_seed": 825,
                "epsilon": 0.1,
                "epsilon_seed": 442,
                "random_arm_seed": 406,
                "reward_seed": 26,
                "sigma_seed": 528
            },
            "gen-distributed": {
                "reward": 51013,
                "time": 16.42178871901706,
                "time_by_components": {
                    "R0": 1.6808143225498497,
                    "R1": 0.8575550131499767,
                    "R2": 0.8375297747552395,
                    "R3": 0.835768663790077,
                    "R4": 0.8336955807171762,
                    "R5": 0.8407552852295339,
                    "R6": 0.8378142020665109,
                    "R7": 0.8382123606279492,
                    "R8": 0.8399498872458935,
                    "R9": 0.8360071321949363,
                    "as": 4.240404909476638,
                    "comp": 0.40237462567165494,
                    "dc": 0
                }
            },
            "gen-secure": {
                "reward": 51013,
                "time": 90.17884349497035,
                "time_by_components": {
                    "R0": 5.874106189236045,
                    "R1": 4.758822398260236,
                    "R2": 4.614993195515126,
                    "R3": 4.562547503970563,
                    "R4": 4.553327769972384,
                    "R5": 4.523008957039565,
                    "R6": 4.4878009292297065,
                    "R7": 4.476341812405735,
                    "R8": 4.465809081681073,
                    "R9": 4.4629517290741205,
                    "as": 4.947771152015775,
                    "comp": 35.011430067010224,
                    "dc": 0.033396090380847454
                }
            },
            "std": {
                "reward": 51013,
                "time": 6.101545810699463
            }
        }
    },
    "e-greedy-decreasing": {
        "it-26": {
            "args": {
                "alpha_seed": 825,
                "epsilon_seed": 442,
                "random_arm_seed": 406,
                "reward_seed": 26,
                "sigma_seed": 528
            },
            "gen-distributed": {
                "reward": 51739,
                "time": 16.655624689068645,
                "time_by_components": {
                    "R0": 1.7274908917024732,
                    "R1": 0.8752222019247711,
                    "R2": 0.8569644857198,
                    "R3": 0.8571354760788381,
                    "R4": 0.8558967877179384,
                    "R5": 0.8543428676202893,
                    "R6": 0.8536159531213343,
                    "R7": 0.854216140229255,
                    "R8": 0.8585658827796578,
                    "R9": 0.8552568405866623,
                    "as": 4.249456717632711,
                    "comp": 0.38116404553875327,
                    "dc": 0
                }
            },
            "gen-secure": {
                "reward": 51739,
                "time": 93.0756909865886,
                "time_by_components": {
                    "R0": 6.116124219726771,
                    "R1": 4.934420207515359,
                    "R2": 4.777096562087536,
                    "R3": 4.7260523797012866,
                    "R4": 4.659599449951202,
                    "R5": 4.695696856826544,
                    "R6": 4.65518129337579,
                    "R7": 4.63332260819152,
                    "R8": 4.62179359793663,
                    "R9": 4.636780913453549,
                    "as": 5.099509080406278,
                    "comp": 36.00201605865732,
                    "dc": 0.033165238332003355
                }
            },
            "std": {
                "reward": 51739,
                "time": 6.067761182785034
            }
        }
    },
    "nb_iterations": 30,
    "pursuit": {
        "it-26": {
            "args": {
                "alpha_seed": 390,
                "beta": 0.1,
                "random_arm_seed": 282,
                "reward_seed": 26,
                "sigma_seed": 370
            },
            "gen-distributed": {
                "reward": 42968,
                "time": 33.25677263690159,
                "time_by_components": {
                    "R0": 2.0147119048051536,
                    "R1": 2.79057653574273,
                    "R2": 1.8671170701272786,
                    "R3": 1.8496708311140537,
                    "R4": 1.8478783294558525,
                    "R5": 1.8527061827480793,
                    "R6": 1.8480677111074328,
                    "R7": 1.8506447179242969,
                    "R8": 1.8437428292818367,
                    "R9": 1.8456917079165578,
                    "as": 8.50067282281816,
                    "comp": 1.7497531408444047,
                    "dc": 0
                }
            },
            "gen-secure": {
                "reward": 42968,
                "time": 189.2964673130773,
                "time_by_components": {
                    "R0": 10.861442749854177,
                    "R1": 11.220510389655828,
                    "R2": 9.885422558989376,
                    "R3": 9.673825679346919,
                    "R4": 9.66040235105902,
                    "R5": 9.629558698739856,
                    "R6": 9.494851897004992,
                    "R7": 9.562507379800081,
                    "R8": 9.468648102600127,
                    "R9": 9.552565000485629,
                    "as": 10.258769191335887,
                    "comp": 74.82809272315353,
                    "dc": 0.03309520334005356
                }
            },
            "std": {
                "reward": 42968,