{
    "N": 70000,
    "arms": [
        0.5312831389183457,
        0.4305408271474019,
        0.3647932131495228,
        0.3404029692470838,
        0.3117709437963945,
        0.2799575821845175,
        0.2788971367974549,
        0.2704135737009544,
        0.24602332979851538,
        0.24602332979851538
    ],
    "boltzmann": {
        "it-6": {
            "args": {
                "alpha_seed": 248,
                "random_arm_seed": 998,
                "reward_seed": 6,
                "sigma_seed": 146,
                "tau": 0.06
            },
            "gen-distributed": {
                "reward": 35211,
                "time": 12.687550206203014,
                "time_by_components": {
                    "R0": 1.2246523890644312,
                    "R1": 0.7490990064106882,
                    "R2": 0.6783326417207718,
                    "R3": 0.6801576805301011,
                    "R4": 0.67256930610165,
                    "R5": 0.6682660821825266,
                    "R6": 0.6698763598687947,
                    "R7": 0.6654717046767473,
                    "R8": 0.6619053310714662,
                    "R9": 0.6622318085283041,
                    "as": 3.010638704523444,
                    "comp": 1.091974028851837,
                    "dc": 0
                }
            },
            "gen-secure": {
                "reward": 35211,
                "time": 68.80275067081675,
                "time_by_components": {
                    "R0": 4.4760887320153415,
                    "R1": 3.7800105484202504,
                    "R2": 3.5939180362038314,
                    "R3": 3.5456861932761967,
                    "R4": 3.4955451968126,
                    "R5": 3.4760977127589285,
                    "R6": 3.4796368959359825,
                    "R7": 3.468153838533908,
                    "R8": 3.447324810549617,
                    "R9": 3.461280582472682,
                    "as": 3.598530131392181,
                    "comp": 27.042018302250654,
                    "dc": 0.033104310277849436
                }
            },
            "std": {
                "reward": 35211,
                "time": 4.652579307556152
            }
        }
    },
    "e-greedy": {
        "it-6": {
            "args": {
                "alpha_seed": 533,
                "epsilon": 0.1,
                "epsilon_seed": 329,
                "random_arm_seed": 682,
                "reward_seed": 6,
                "sigma_seed": 825
            },
            "gen-distributed": {
                "reward": 35923,
                "time": 11.442462515085936,
                "time_by_components": {
                    "R0": 1.1858838917687535,
                    "R1": 0.5920735904946923,
                    "R2": 0.5863812598399818,
                    "R3": 0.585650734603405,
                    "R4": 0.5843464559875429,
                    "R5": 0.5846733460202813,
                    "R6": 0.5839025909081101,
                    "R7": 0.5828860113397241,
                    "R8": 0.5823348476551473,
                    "R9": 0.5841658553108573,
                    "as": 2.950944463722408,
                    "comp": 0.2806663163937628,
                    "dc": 0
                }
            },
            "gen-secure": {
                "reward": 35923,
                "time": 63.890068432781845,
                "time_by_components": {
                    "R0": 4.201083106920123,
                    "R1": 3.3853721669875085,
                    "R2": 3.2852160409092903,
                    "R3": 3.244639288634062,
                    "R4": 3.2066734139807522,
                    "R5": 3.209365848917514,
                    "R6": 3.199513100553304,
                    "R7": 3.189926078543067,
                    "R8": 3.1863672360777855,
                    "R9": 3.190870888531208,
                    "as": 3.5105742341838777,
                    "comp": 24.640744012314826,
                    "dc": 0.03304994571954012
                }
            },
            "std": {
                "reward": 35923,
                "time": 4.225606679916382
            }
        }
    },
    "e-greedy-decreasing": {
        "it-6": {
            "args": {
                "alpha_seed": 533,
                "epsilon_seed": 329,
                "random_arm_seed": 682,
                "reward_seed": 6,
                "sigma_seed": 825
            },
            "gen-distributed": {
                "reward": 36383,
                "time": 11.679905167780817,
                "time_by_components": {
                    "R0": 1.2170411688275635,
                    "R1": 0.6069068135693669,
                    "R2": 0.6013805828988552,
                    "R3": 0.5997838117182255,
                    "R4": 0.6007036273367703,
                    "R5": 0.5996140204370022,
                    "R6": 0.5992221003398299,
                    "R7": 0.5991711681708694,
                    "R8": 0.5998317808844149,
                    "R9": 0.5992245180532336,
                    "as": 2.9862003554590046,
                    "comp": 0.2660132562741637,
                    "dc": 0
                }
            },
            "gen-secure": {
                "reward": 36383,
                "time": 64.26613710215315,
                "time_by_components": {
                    "R0": 4.241072302684188,
                    "R1": 3.430082145612687,
                    "R2": 3.3218614887446165,
                    "R3": 3.2890168097801507,
                    "R4": 3.2489538085646927,
                    "R5": 3.234749348834157,
                    "R6": 3.2257523708976805,
                    "R7": 3.2206344669684768,
                    "R8": 3.2180549073964357,
                    "R9": 3.2163459681905806,
                    "as": 3.4778230283409357,
                    "comp": 24.730721971020103,
                    "dc": 0.03315795585513115
                }
            },
            "std": {
                "reward": 36383,
                "time": 4.2100348472595215
            }
        }
    },
    "nb_iterations": 30,
    "pursuit": {
        "it-6": {
            "args": {
                "alpha_seed": 248,
                "beta": 0.1,
                "random_arm_seed": 998,
                "reward_seed": 6,
                "sigma_seed": 962
            },
            "gen-distributed": {
                "reward": 37372,
                "time": 23.420605164952576,
                "time_by_components": {
                    "R0": 2.0649253469891846,
                    "R1": 1.3342743427492678,
                    "R2": 1.3132748324424028,
                    "R3": 1.305588848888874,
                    "R4": 1.3042521704919636,
                    "R5": 1.3061181823723018,
                    "R6": 1.3057473795488477,
                    "R7": 1.304352210368961,
                    "R8": 1.304699347820133,
                    "R9": 1.3046007440425456,
                    "as": 5.939500662963837,
                    "comp": 1.2297805659472942,
                    "dc": 0
                }
            },
            "gen-secure": {
                "reward": 37372,
                "time": 133.56282426137477,
                "time_by_components": {
                    "R0": 8.364816528279334,
                    "R1": 7.256722019985318,
                    "R2": 6.946925136260688,
                    "R3": 6.837482103146613,
                    "R4": 6.75054098572582,
                    "R5": 6.74342246633023,
                    "R6": 6.873289884533733,
                    "R7": 6.849786388222128,
                    "R8": 6.830135695170611,
                    "R9": 6.707922501023859,
                    "as": 7.12548981141299,
                    "comp": 52.61244491301477,
                    "dc": 0.03320398693904281
                }
            },
            "std": {
                "reward": 37372,