{
    "N": 70000,
    "arms": [
        0.5312831389183457,
        0.4305408271474019,
        0.3647932131495228,
        0.3404029692470838,
        0.3117709437963945,
        0.2799575821845175,
        0.2788971367974549,
        0.2704135737009544,
        0.24602332979851538,
        0.24602332979851538
    ],
    "boltzmann": {
        "it-14": {
            "args": {
                "alpha_seed": 123,
                "random_arm_seed": 322,
                "reward_seed": 14,
                "sigma_seed": 963,
                "tau": 0.06
            },
            "gen-distributed": {
                "reward": 34337,
                "time": 12.726601389236748,
                "time_by_components": {
                    "R0": 1.1658383603207767,
                    "R1": 0.7796453139744699,
                    "R2": 0.6893774252384901,
                    "R3": 0.6927450187504292,
                    "R4": 0.6675167675130069,
                    "R5": 0.6695975144393742,
                    "R6": 0.6705405507236719,
                    "R7": 0.6673197420313954,
                    "R8": 0.6660927692428231,
                    "R9": 0.6657099076546729,
                    "as": 3.034375013317913,
                    "comp": 1.0936245988123119,
                    "dc": 0
                }
            },
            "gen-secure": {
                "reward": 34337,
                "time": 68.54556349106133,
                "time_by_components": {
                    "R0": 4.385886900126934,
                    "R1": 3.7810750417411327,
                    "R2": 3.6321557299233973,
                    "R3": 3.54790724767372,
                    "R4": 3.484583997633308,
                    "R5": 3.474237718153745,
                    "R6": 3.4663229547441006,
                    "R7": 3.452568070963025,
                    "R8": 3.45936002349481,
                    "R9": 3.440768626984209,
                    "as": 3.5808547637425363,
                    "comp": 26.91676845960319,
                    "dc": 0.03306542383506894
                }
            },
            "std": {
                "reward": 34337,
                "time": 4.649693965911865
            }
        }
    },
    "e-greedy": {
        "it-14": {
            "args": {
                "alpha_seed": 745,
                "epsilon": 0.1,
                "epsilon_seed": 26,
                "random_arm_seed": 65,
                "reward_seed": 14,
                "sigma_seed": 990
            },
            "gen-distributed": {
                "reward": 35330,
                "time": 11.39712402690202,
                "time_by_components": {
                    "R0": 1.1227363729849458,
                    "R1": 0.6453450098633766,
                    "R2": 0.5858288868330419,
                    "R3": 0.5834908806718886,
                    "R4": 0.5833163051865995,
                    "R5": 0.5852216957136989,
                    "R6": 0.5841056942008436,
                    "R7": 0.5827806619927287,
                    "R8": 0.5822605597786605,
                    "R9": 0.5834758947603405,
                    "as": 2.935539847239852,
                    "comp": 0.2779545094817877,
                    "dc": 0
                }
            },
            "gen-secure": {
                "reward": 35330,
                "time": 63.835887184832245,
                "time_by_components": {
                    "R0": 4.121593482326716,
                    "R1": 3.439247166737914,
                    "R2": 3.2827467722818255,
                    "R3": 3.244191851466894,
                    "R4": 3.212219181470573,
                    "R5": 3.2064408166334033,
                    "R6": 3.218409280758351,
                    "R7": 3.1864714697003365,
                    "R8": 3.183882249519229,
                    "R9": 3.1988023570738733,
                    "as": 3.467138412874192,
                    "comp": 24.654101074673235,
                    "dc": 0.033076992724090815
                }
            },
            "std": {
                "reward": 35330,
                "time": 4.273269891738892
            }
        }
    },
    "e-greedy-decreasing": {
        "it-14": {
            "args": {
                "alpha_seed": 745,
                "epsilon_seed": 26,
                "random_arm_seed": 65,
                "reward_seed": 14,
                "sigma_seed": 990
            },
            "gen-distributed": {
                "reward": 36350,
                "time": 11.707827955950052,
                "time_by_components": {
                    "R0": 1.21712958952412,
                    "R1": 0.6096654115244746,
                    "R2": 0.6001882096752524,
                    "R3": 0.5994671685621142,
                    "R4": 0.5984249962493777,
                    "R5": 0.60414810013026,
                    "R6": 0.6031990181654692,
                    "R7": 0.5980642451904714,
                    "R8": 0.5987485232762992,
                    "R9": 0.5982294608838856,
                    "as": 2.9890322838909924,
                    "comp": 0.2686788304708898,
                    "dc": 0
                }
            },
            "gen-secure": {
                "reward": 36350,
                "time": 64.5991794350557,
                "time_by_components": {
                    "R0": 4.263494282029569,
                    "R1": 3.4399826023727655,
                    "R2": 3.3513859966769814,
                    "R3": 3.305229316931218,
                    "R4": 3.255197048187256,
                    "R5": 3.245657396502793,
                    "R6": 3.2691877908073366,
                    "R7": 3.229194417130202,
                    "R8": 3.2244274830445647,
                    "R9": 3.2305986299179494,
                    "as": 3.4927327344194055,
                    "comp": 24.86808980302885,
                    "dc": 0.03340596379712224
                }
            },
            "std": {
                "reward": 36350,
                "time": 4.294099569320679
            }
        }
    },
    "nb_iterations": 30,
    "pursuit": {
        "it-14": {
            "args": {
                "alpha_seed": 123,
                "beta": 0.1,
                "random_arm_seed": 322,
                "reward_seed": 14,
                "sigma_seed": 855
            },
            "gen-distributed": {
                "reward": 30190,
                "time": 23.557439644820988,
                "time_by_components": {
                    "R0": 1.4248481919057667,
                    "R1": 1.9745134627446532,
                    "R2": 1.3243262530304492,
                    "R3": 1.3165175071917474,
                    "R4": 1.3120831465348601,
                    "R5": 1.3116617277264595,
                    "R6": 1.3119140244089067,
                    "R7": 1.3076114254072309,
                    "R8": 1.3105686544440687,
                    "R9": 1.310179342981428,
                    "as": 5.994839848950505,
                    "comp": 1.240881229750812,
                    "dc": 0
                }
            },
            "gen-secure": {
                "reward": 30190,
                "time": 134.17155662877485,
                "time_by_components": {
                    "R0": 7.709261624142528,
                    "R1": 7.928220932837576,
                    "R2": 7.0119233769364655,
                    "R3": 6.960655274335295,
                    "R4": 6.790953908581287,
                    "R5": 6.770447386428714,
                    "R6": 6.860084927175194,
                    "R7": 6.754454685375094,
                    "R8": 6.731835599057376,
                    "R9": 6.726256935391575,
                    "as": 7.183507518842816,
                    "comp": 53.05824845097959,
                    "dc": 0.03349205898120999
                }
            },
            "std": {
                "reward": 30190,