{
    "N": 70000,
    "arms": [
        0.5312831389183457,
        0.4305408271474019,
        0.3647932131495228,
        0.3404029692470838,
        0.3117709437963945,
        0.2799575821845175,
        0.2788971367974549,
        0.2704135737009544,
        0.24602332979851538,
        0.24602332979851538
    ],
    "boltzmann": {
        "it-9": {
            "args": {
                "alpha_seed": 477,
                "random_arm_seed": 958,
                "reward_seed": 9,
                "sigma_seed": 629,
                "tau": 0.06
            },
            "gen-distributed": {
                "reward": 34251,
                "time": 11.717167658731341,
                "time_by_components": {
                    "R0": 1.0920198489911854,
                    "R1": 0.7052013361826539,
                    "R2": 0.635775295086205,
                    "R3": 0.6355830826796591,
                    "R4": 0.62765231449157,
                    "R5": 0.6179732661694288,
                    "R6": 0.6104020248167217,
                    "R7": 0.6150215100497007,
                    "R8": 0.6162070631980896,
                    "R9": 0.6137954671867192,
                    "as": 2.7858579070307314,
                    "comp": 1.0103204767219722,
                    "dc": 0
                }
            },
            "gen-secure": {
                "reward": 34251,
                "time": 68.56794362422079,
                "time_by_components": {
                    "R0": 4.422515079844743,
                    "R1": 3.7664840877987444,
                    "R2": 3.5882330336607993,
                    "R3": 3.541042431257665,
                    "R4": 3.4942510360851884,
                    "R5": 3.4769666134379804,
                    "R6": 3.4675300545059144,
                    "R7": 3.451779695227742,
                    "R8": 3.4406839446164668,
                    "R9": 3.431651627179235,
                    "as": 3.5915125240571797,
                    "comp": 26.96143612638116,
                    "dc": 0.03322159592062235
                }
            },
            "std": {
                "reward": 34251,
                "time": 4.5889892578125
            }
        }
    },
    "e-greedy": {
        "it-9": {
            "args": {
                "alpha_seed": 495,
                "epsilon": 0.1,
                "epsilon_seed": 895,
                "random_arm_seed": 80,
                "reward_seed": 9,
                "sigma_seed": 212
            },
            "gen-distributed": {
                "reward": 35945,
                "time": 11.282103579957038,
                "time_by_components": {
                    "R0": 1.166916897520423,
                    "R1": 0.5836111353710294,
                    "R2": 0.5775691638700664,
                    "R3": 0.5771638238802552,
                    "R4": 0.5762538891285658,
                    "R5": 0.5792286340147257,
                    "R6": 0.5781359705142677,
                    "R7": 0.5771439089439809,
                    "R8": 0.5771154961548746,
                    "R9": 0.5768694337457418,
                    "as": 2.906631928868592,
                    "comp": 0.27811345364898443,
                    "dc": 0
                }
            },
            "gen-secure": {
                "reward": 35945,
                "time": 63.50087497010827,
                "time_by_components": {
                    "R0": 4.154213410336524,
                    "R1": 3.360811352264136,
                    "R2": 3.2712855571880937,
                    "R3": 3.2402654862962663,
                    "R4": 3.2034192229621112,
                    "R5": 3.190624156501144,
                    "R6": 3.1847031977958977,
                    "R7": 3.191558870021254,
                    "R8": 3.1715423413552344,
                    "R9": 3.165298769250512,
                    "as": 3.4517260547727346,
                    "comp": 24.492007028777152,
                    "dc": 0.03323950478807092
                }
            },
            "std": {
                "reward": 35945,
                "time": 4.191016674041748
            }
        }
    },
    "e-greedy-decreasing": {
        "it-9": {
            "args": {
                "alpha_seed": 495,
                "epsilon_seed": 895,
                "random_arm_seed": 80,
                "reward_seed": 9,
                "sigma_seed": 212
            },
            "gen-distributed": {
                "reward": 36387,
                "time": 11.62417169334367,
                "time_by_components": {
                    "R0": 1.2098840977996588,
                    "R1": 0.6045961179770529,
                    "R2": 0.597773339599371,
                    "R3": 0.5965723819099367,
                    "R4": 0.5965139353647828,
                    "R5": 0.5977339539676905,
                    "R6": 0.5967174558900297,
                    "R7": 0.5954779088497162,
                    "R8": 0.5971317528747022,
                    "R9": 0.5969871431589127,
                    "as": 2.9643288627266884,
                    "comp": 0.2633519568480551,
                    "dc": 0
                }
            },
            "gen-secure": {
                "reward": 36387,
                "time": 64.9324469929561,
                "time_by_components": {
                    "R0": 4.2892741141840816,
                    "R1": 3.4557394348084927,
                    "R2": 3.354667759500444,
                    "R3": 3.317285656929016,
                    "R4": 3.277029264718294,
                    "R5": 3.261193046811968,
                    "R6": 3.2533180764876306,
                    "R7": 3.2560746390372515,
                    "R8": 3.2472513429820538,
                    "R9": 3.251410231925547,
                    "as": 3.5086928396485746,
                    "comp": 25.010800885036588,
                    "dc": 0.03325298801064491
                }
            },
            "std": {
                "reward": 36387,
                "time": 4.281725645065308
            }
        }
    },
    "nb_iterations": 30,
    "pursuit": {
        "it-9": {
            "args": {
                "alpha_seed": 477,
                "beta": 0.1,
                "random_arm_seed": 958,
                "reward_seed": 9,
                "sigma_seed": 241
            },
            "gen-distributed": {
                "reward": 23828,
                "time": 23.57335357600823,
                "time_by_components": {
                    "R0": 1.4357266016304493,
                    "R1": 1.332352521829307,
                    "R2": 1.3196964245289564,
                    "R3": 1.9688018904998899,
                    "R4": 1.3225991115905344,
                    "R5": 1.316548307891935,
                    "R6": 1.3142787888646126,
                    "R7": 1.315577278379351,
                    "R8": 1.311890205834061,
                    "R9": 1.314323041588068,
                    "as": 5.9803267563693225,
                    "comp": 1.2401747042313218,
                    "dc": 0
                }
            },
            "gen-secure": {
                "reward": 23828,
                "time": 130.66225219285116,
                "time_by_components": {
                    "R0": 7.5106002618558705,
                    "R1": 6.931774963624775,
                    "R2": 6.845798689406365,
                    "R3": 7.48532071756199,
                    "R4": 6.72798872878775,
                    "R5": 6.613332781475037,
                    "R6": 6.573223099578172,
                    "R7": 6.645557954907417,
                    "R8": 6.627315438352525,
                    "R9": 6.586253652349114,
                    "as": 7.057455058209598,
                    "comp": 51.47922408953309,
                    "dc": 0.030016457196325064
                }
            },
            "std": {
                "reward": 23828,