{
    "N": 80000,
    "arms": [
        0.5312831389183457,
        0.4305408271474019,
        0.3647932131495228,
        0.3404029692470838,
        0.3117709437963945,
        0.2799575821845175,
        0.2788971367974549,
        0.2704135737009544,
        0.24602332979851538,
        0.24602332979851538
    ],
    "boltzmann": {
        "it-32": {
            "args": {
                "alpha_seed": 455,
                "random_arm_seed": 47,
                "reward_seed": 32,
                "sigma_seed": 994,
                "tau": 0.06
            },
            "gen-distributed": {
                "reward": 39924,
                "time": 14.586903332732618,
                "time_by_components": {
                    "R0": 1.3758116043172777,
                    "R1": 0.857574806548655,
                    "R2": 0.7897208747453988,
                    "R3": 0.7792053176090121,
                    "R4": 0.7553728739731014,
                    "R5": 0.759000095538795,
                    "R6": 0.7709859097376466,
                    "R7": 0.7605695170350373,
                    "R8": 0.7565492186695337,
                    "R9": 0.754781128372997,
                    "as": 3.492990513332188,
                    "comp": 1.2551086926832795,
                    "dc": 0
                }
            },
            "gen-secure": {
                "reward": 39924,
                "time": 78.55052364012226,
                "time_by_components": {
                    "R0": 5.080496463458985,
                    "R1": 4.28759767441079,
                    "R2": 4.090427079703659,
                    "R3": 4.030266456305981,
                    "R4": 3.9774249624460936,
                    "R5": 3.9772512395866215,
                    "R6": 3.9532383172772825,
                    "R7": 3.9278623461723328,
                    "R8": 3.915473310276866,
                    "R9": 3.9493649573996663,
                    "as": 4.140781856607646,
                    "comp": 31.092379783745855,
                    "dc": 0.02963560028001666
                }
            },
            "std": {
                "reward": 39924,
                "time": 5.330642461776733
            }
        }
    },
    "e-greedy": {
        "it-32": {
            "args": {
                "alpha_seed": 385,
                "epsilon": 0.1,
                "epsilon_seed": 42,
                "random_arm_seed": 469,
                "reward_seed": 32,
                "sigma_seed": 533
            },
            "gen-distributed": {
                "reward": 40929,
                "time": 13.072857100050896,
                "time_by_components": {
                    "R0": 1.3390760947950184,
                    "R1": 0.673673814162612,
                    "R2": 0.6657725772820413,
                    "R3": 0.6633466477505863,
                    "R4": 0.663131614215672,
                    "R5": 0.667573363520205,
                    "R6": 0.6648192931897938,
                    "R7": 0.6647307188250124,
                    "R8": 0.6641469681635499,
                    "R9": 0.6639098371379077,
                    "as": 3.3809836567379534,
                    "comp": 0.32422665879130363,
                    "dc": 0
                }
            },
            "gen-secure": {
                "reward": 40929,
                "time": 73.89110722625628,
                "time_by_components": {
                    "R0": 4.803398782387376,
                    "R1": 3.893022060394287,
                    "R2": 3.792490622960031,
                    "R3": 3.744865583255887,
                    "R4": 3.7027731905691326,
                    "R5": 3.702746829483658,
                    "R6": 3.6890891627408564,
                    "R7": 3.680643580853939,
                    "R8": 3.67692005680874,
                    "R9": 3.68357246927917,
                    "as": 4.0697946939617395,
                    "comp": 28.685145187191665,
                    "dc": 0.0330839678645134
                }
            },
            "std": {
                "reward": 40929,
                "time": 4.8520872592926025
            }
        }
    },
    "e-greedy-decreasing": {
        "it-32": {
            "args": {
                "alpha_seed": 292,
                "epsilon_seed": 455,
                "random_arm_seed": 47,
                "reward_seed": 32,
                "sigma_seed": 726
            },
            "gen-distributed": {
                "reward": 41385,
                "time": 13.06424120720476,
                "time_by_components": {
                    "R0": 1.35449284221977,
                    "R1": 0.6826446480117738,
                    "R2": 0.6695403270423412,
                    "R3": 0.6680783550255001,
                    "R4": 0.6682075657881796,
                    "R5": 0.6714139245450497,
                    "R6": 0.6699172467924654,
                    "R7": 0.6676299870014191,
                    "R8": 0.6680054874159396,
                    "R9": 0.6695072199217975,
                    "as": 3.342882798984647,
                    "comp": 0.29891700064763427,
                    "dc": 0
                }
            },
            "gen-secure": {
                "reward": 41385,
                "time": 73.7283816440031,
                "time_by_components": {
                    "R0": 4.851686627604067,
                    "R1": 3.9327517091296613,
                    "R2": 3.8089693393558264,
                    "R3": 3.76376945246011,
                    "R4": 3.7120057893916965,
                    "R5": 3.6985467090271413,
                    "R6": 3.6922051631845534,
                    "R7": 3.683054411318153,
                    "R8": 3.6874462249688804,
                    "R9": 3.6760236457921565,
                    "as": 3.9886229671537876,
                    "comp": 28.464341837447137,
                    "dc": 0.03336810693144798
                }
            },
            "std": {
                "reward": 41385,
                "time": 4.8416948318481445
            }
        }
    },
    "nb_iterations": 50,
    "pursuit": {
        "it-32": {
            "args": {
                "alpha_seed": 455,
                "beta": 0.1,
                "random_arm_seed": 47,
                "reward_seed": 32,
                "sigma_seed": 726
            },
            "gen-distributed": {
                "reward": 42610,
                "time": 26.91911505209282,
                "time_by_components": {
                    "R0": 2.3399980682879686,
                    "R1": 1.5309175867587328,
                    "R2": 1.5040513947606087,
                    "R3": 1.4945673462934792,
                    "R4": 1.4938209406100214,
                    "R5": 1.5013124272227287,
                    "R6": 1.4963825731538236,
                    "R7": 1.4945870209485292,
                    "R8": 1.48921910347417,
                    "R9": 1.4938712138682604,
                    "as": 6.850635200738907,
                    "comp": 1.4154591728001833,
                    "dc": 0
                }
            },
            "gen-secure": {
                "reward": 42610,
                "time": 153.36541116284207,
                "time_by_components": {
                    "R0": 9.577604521997273,
                    "R1": 8.349669436458498,
                    "R2": 8.004968266468495,
                    "R3": 7.949512202292681,
                    "R4": 7.838529745582491,
                    "R5": 7.7763711251318455,
                    "R6": 7.803932090289891,
                    "R7": 7.733322375454009,
                    "R8": 7.699903768021613,
                    "R9": 7.685516202356666,
                    "as": 8.221348677761853,
                    "comp": 60.66002771863714,
                    "dc": 0.033086095936596394
                }
            },
            "std": {
                "reward": 42610,