{
    "N": 100000,
    "arms": [
        0.5312831389183457,
        0.4305408271474019,
        0.3647932131495228,
        0.3404029692470838,
        0.3117709437963945,
        0.2799575821845175,
        0.2788971367974549,
        0.2704135737009544,
        0.24602332979851538,
        0.24602332979851538
    ],
    "boltzmann": {
        "it-42": {
            "args": {
                "alpha_seed": 228,
                "random_arm_seed": 176,
                "reward_seed": 42,
                "sigma_seed": 533,
                "tau": 0.06
            },
            "gen-distributed": {
                "reward": 48916,
                "time": 18.269778998102993,
                "time_by_components": {
                    "R0": 1.6812101653777063,
                    "R1": 1.0737302913330495,
                    "R2": 0.9953116597607732,
                    "R3": 0.9824680876918137,
                    "R4": 0.9648403343744576,
                    "R5": 0.9558943682350218,
                    "R6": 0.9574248394928873,
                    "R7": 0.9466525157913566,
                    "R8": 0.9487586505711079,
                    "R9": 0.9507709634490311,
                    "as": 4.39454536465928,
                    "comp": 1.5732364831492305,
                    "dc": 0
                }
            },
            "gen-secure": {
                "reward": 48916,
                "time": 97.38951095705852,
                "time_by_components": {
                    "R0": 6.244654337875545,
                    "R1": 5.308419561479241,
                    "R2": 5.077925018966198,
                    "R3": 5.008626571856439,
                    "R4": 4.925074633676559,
                    "R5": 4.90327179338783,
                    "R6": 4.890506403986365,
                    "R7": 4.8808113457635045,
                    "R8": 4.869322299957275,
                    "R9": 4.858466657809913,
                    "as": 5.173417127691209,
                    "comp": 38.61443515866995,
                    "dc": 0.033259106799960136
                }
            },
            "std": {
                "reward": 48916,
                "time": 6.562906503677368
            }
        }
    },
    "e-greedy": {
        "it-42": {
            "args": {
                "alpha_seed": 737,
                "epsilon": 0.1,
                "epsilon_seed": 412,
                "random_arm_seed": 313,
                "reward_seed": 42,
                "sigma_seed": 11
            },
            "gen-distributed": {
                "reward": 51194,
                "time": 16.430434461683035,
                "time_by_components": {
                    "R0": 1.6822601654566824,
                    "R1": 0.8443666743114591,
                    "R2": 0.8344075465574861,
                    "R3": 0.832462556194514,
                    "R4": 0.8329868521541357,
                    "R5": 0.8330177026800811,
                    "R6": 0.8328375685960054,
                    "R7": 0.8312682691030204,
                    "R8": 0.8321432857774198,
                    "R9": 0.8321360046975315,
                    "as": 4.280680111609399,
                    "comp": 0.41093723056837916,
                    "dc": 0
                }
            },
            "gen-secure": {
                "reward": 51194,
                "time": 90.39533453807235,
                "time_by_components": {
                    "R0": 5.902682538609952,
                    "R1": 4.76686513889581,
                    "R2": 4.625215085688978,
                    "R3": 4.57633766438812,
                    "R4": 4.520917299669236,
                    "R5": 4.522362939547747,
                    "R6": 4.50337223475799,
                    "R7": 4.528803725261241,
                    "R8": 4.49013957194984,
                    "R9": 4.480786679312587,
                    "as": 5.021548383869231,
                    "comp": 35.08566483063623,
                    "dc": 0.03313058381900191
                }
            },
            "std": {
                "reward": 51194,
                "time": 6.033435821533203
            }
        }
    },
    "e-greedy-decreasing": {
        "it-42": {
            "args": {
                "alpha_seed": 179,
                "epsilon_seed": 228,
                "random_arm_seed": 176,
                "reward_seed": 42,
                "sigma_seed": 154
            },
            "gen-distributed": {
                "reward": 51908,
                "time": 16.684392840601504,
                "time_by_components": {
                    "R0": 1.7382829510606825,
                    "R1": 0.8651008252054453,
                    "R2": 0.8565965085290372,
                    "R3": 0.8555324282497168,
                    "R4": 0.8560056183487177,
                    "R5": 0.8551171906292439,
                    "R6": 0.854548477102071,
                    "R7": 0.8546470697037876,
                    "R8": 0.8533152313902974,
                    "R9": 0.8549142512492836,
                    "as": 4.2779950206168,
                    "comp": 0.37876117415726185,
                    "dc": 0
                }
            },
            "gen-secure": {
                "reward": 51908,
                "time": 91.97104803659022,
                "time_by_components": {
                    "R0": 6.05715608689934,
                    "R1": 4.882138727698475,
                    "R2": 4.737494463566691,
                    "R3": 4.677270560059696,
                    "R4": 4.619506594724953,
                    "R5": 4.598302788566798,
                    "R6": 4.5878022238612175,
                    "R7": 4.57523645600304,
                    "R8": 4.574096040800214,
                    "R9": 4.581239792983979,
                    "as": 5.032096432521939,
                    "comp": 35.59749169321731,
                    "dc": 0.033160609658807516
                }
            },
            "std": {
                "reward": 51908,
                "time": 6.05549168586731
            }
        }
    },
    "nb_iterations": 50,
    "pursuit": {
        "it-42": {
            "args": {
                "alpha_seed": 228,
                "beta": 0.1,
                "random_arm_seed": 176,
                "reward_seed": 42,
                "sigma_seed": 154
            },
            "gen-distributed": {
                "reward": 53242,
                "time": 33.844375191256404,
                "time_by_components": {
                    "R0": 2.929059747606516,
                    "R1": 1.9227657057344913,
                    "R2": 1.8890171563252807,
                    "R3": 1.8808577242307365,
                    "R4": 1.8716943771578372,
                    "R5": 1.8758679516613483,
                    "R6": 1.87413062248379,
                    "R7": 1.8708801325410604,
                    "R8": 1.8706242218613625,
                    "R9": 1.8742360980249941,
                    "as": 8.657337217126042,
                    "comp": 1.7796378806233406,
                    "dc": 0
                }
            },
            "gen-secure": {
                "reward": 53242,
                "time": 190.5350401760079,
                "time_by_components": {
                    "R0": 11.860394837800413,
                    "R1": 10.36538445437327,
                    "R2": 9.988401811104268,
                    "R3": 9.84572779852897,
                    "R4": 9.671217251569033,
                    "R5": 9.620400701649487,
                    "R6": 9.68542945291847,
                    "R7": 9.665072117000818,
                    "R8": 9.639515814371407,
                    "R9": 9.55609857244417,
                    "as": 10.293719219975173,
                    "comp": 75.28795520076528,
                    "dc": 0.03310446301475167
                }
            },
            "std": {
                "reward": 53242,