{
    "N": 90000,
    "arms": [
        0.5312831389183457,
        0.4305408271474019,
        0.3647932131495228,
        0.3404029692470838,
        0.3117709437963945,
        0.2799575821845175,
        0.2788971367974549,
        0.2704135737009544,
        0.24602332979851538,
        0.24602332979851538
    ],
    "boltzmann": {
        "it-7": {
            "args": {
                "alpha_seed": 227,
                "random_arm_seed": 417,
                "reward_seed": 7,
                "sigma_seed": 98,
                "tau": 0.06
            },
            "gen-distributed": {
                "reward": 45200,
                "time": 16.184275061357766,
                "time_by_components": {
                    "R0": 1.579145258758217,
                    "R1": 0.9295356827788055,
                    "R2": 0.8747881990857422,
                    "R3": 0.8634414533153176,
                    "R4": 0.8516229828819633,
                    "R5": 0.8590785628184676,
                    "R6": 0.8504179557785392,
                    "R7": 0.8466217373497784,
                    "R8": 0.8424252532422543,
                    "R9": 0.8460502121597528,
                    "as": 3.8488126867450774,
                    "comp": 1.392415117006749,
                    "dc": 0
                }
            },
            "gen-secure": {
                "reward": 45200,
                "time": 88.24026591097936,
                "time_by_components": {
                    "R0": 5.736790941096842,
                    "R1": 4.780040914192796,
                    "R2": 4.587076381780207,
                    "R3": 4.518191032577306,
                    "R4": 4.500762392301112,
                    "R5": 4.464417097624391,
                    "R6": 4.428543363697827,
                    "R7": 4.418947273865342,
                    "R8": 4.404683442320675,
                    "R9": 4.404941638465971,
                    "as": 4.596508478745818,
                    "comp": 34.92264899099246,
                    "dc": 0.033135946840047836
                }
            },
            "std": {
                "reward": 45200,
                "time": 5.905078411102295
            }
        }
    },
    "e-greedy": {
        "it-7": {
            "args": {
                "alpha_seed": 536,
                "epsilon": 0.1,
                "epsilon_seed": 223,
                "random_arm_seed": 300,
                "reward_seed": 7,
                "sigma_seed": 434
            },
            "gen-distributed": {
                "reward": 46061,
                "time": 14.520915598142892,
                "time_by_components": {
                    "R0": 1.5029396172612906,
                    "R1": 0.749956966843456,
                    "R2": 0.7431547986343503,
                    "R3": 0.739269642625004,
                    "R4": 0.740674932487309,
                    "R5": 0.7396205761469901,
                    "R6": 0.7394956983625889,
                    "R7": 0.7386549040675163,
                    "R8": 0.7393204956315458,
                    "R9": 0.7383280270732939,
                    "as": 3.743737944867462,
                    "comp": 0.36013909336179495,
                    "dc": 0
                }
            },
            "gen-secure": {
                "reward": 46061,
                "time": 82.10712051996961,
                "time_by_components": {
                    "R0": 5.3890587436035275,
                    "R1": 4.356342512648553,
                    "R2": 4.205676661804318,
                    "R3": 4.188773293513805,
                    "R4": 4.119506711605936,
                    "R5": 4.0975489360280335,
                    "R6": 4.087263634428382,
                    "R7": 4.094670083373785,
                    "R8": 4.137547240592539,
                    "R9": 4.077605668455362,
                    "as": 4.425760465208441,
                    "comp": 31.80434235231951,
                    "dc": 0.0335237979888916
                }
            },
            "std": {
                "reward": 46061,
                "time": 5.424073219299316
            }
        }
    },
    "e-greedy-decreasing": {
        "it-7": {
            "args": {
                "alpha_seed": 536,
                "epsilon_seed": 223,
                "random_arm_seed": 300,
                "reward_seed": 7,
                "sigma_seed": 434
            },
            "gen-distributed": {
                "reward": 46665,
                "time": 14.863922541029751,
                "time_by_components": {
                    "R0": 1.5506271910853684,
                    "R1": 0.7729732608422637,
                    "R2": 0.7654331335797906,
                    "R3": 0.7624367652460933,
                    "R4": 0.7619021292775869,
                    "R5": 0.7621373203583062,
                    "R6": 0.7619972368702292,
                    "R7": 0.7626266689039767,
                    "R8": 0.7619407549500465,
                    "R9": 0.7618514504283667,
                    "as": 3.7990668625570834,
                    "comp": 0.3371561784297228,
                    "dc": 0
                }
            },
            "gen-secure": {
                "reward": 46665,
                "time": 82.19806996826082,
                "time_by_components": {
                    "R0": 5.422659502364695,
                    "R1": 4.365481752902269,
                    "R2": 4.237808466423303,
                    "R3": 4.194669465068728,
                    "R4": 4.152408508118242,
                    "R5": 4.130231075920165,
                    "R6": 4.115783637389541,
                    "R7": 4.106907436158508,
                    "R8": 4.103878539055586,
                    "R9": 4.115825668442994,
                    "as": 4.433919629082084,
                    "comp": 31.746411646250635,
                    "dc": 0.03314181184396148
                }
            },
            "std": {
                "reward": 46665,
                "time": 5.505178451538086
            }
        }
    },
    "nb_iterations": 30,
    "pursuit": {
        "it-7": {
            "args": {
                "alpha_seed": 227,
                "beta": 0.1,
                "random_arm_seed": 417,
                "reward_seed": 7,
                "sigma_seed": 357
            },
            "gen-distributed": {
                "reward": 47891,
                "time": 29.234997949097306,
                "time_by_components": {
                    "R0": 2.5565643780864775,
                    "R1": 1.6655321293510497,
                    "R2": 1.6332853138446808,
                    "R3": 1.6275754426606,
                    "R4": 1.6266634380444884,
                    "R5": 1.6308173928409815,
                    "R6": 1.629045148845762,
                    "R7": 1.6271228301338851,
                    "R8": 1.6215330478735268,
                    "R9": 1.6211556163616478,
                    "as": 7.454556496348232,
                    "comp": 1.5409972378984094,
                    "dc": 0
                }
            },
            "gen-secure": {
                "reward": 47891,
                "time": 169.49746206216514,
                "time_by_components": {
                    "R0": 10.662061384413391,
                    "R1": 9.144641411490738,
                    "R2": 8.830601323395967,
                    "R3": 8.668536896351725,
                    "R4": 8.576666372362524,
                    "R5": 8.662655490450561,
                    "R6": 8.628585119731724,
                    "R7": 8.533959423657507,
                    "R8": 8.495363105554134,
                    "R9": 8.471772993914783,
                    "as": 9.146894461009651,
                    "comp": 67.03403007471934,
                    "dc": 0.033062581438571215
                }
            },
            "std": {
                "reward": 47891,