{
    "N": 70000,
    "arms": [
        0.5312831389183457,
        0.4305408271474019,
        0.3647932131495228,
        0.3404029692470838,
        0.3117709437963945,
        0.2799575821845175,
        0.2788971367974549,
        0.2704135737009544,
        0.24602332979851538,
        0.24602332979851538
    ],
    "boltzmann": {
        "it-35": {
            "args": {
                "alpha_seed": 677,
                "random_arm_seed": 351,
                "reward_seed": 35,
                "sigma_seed": 565,
                "tau": 0.06
            },
            "gen-distributed": {
                "reward": 35149,
                "time": 12.693101522978395,
                "time_by_components": {
                    "R0": 1.2009041421115398,
                    "R1": 0.7522385059855878,
                    "R2": 0.6834376924671233,
                    "R3": 0.6780943111516535,
                    "R4": 0.6707398919388652,
                    "R5": 0.6654625064693391,
                    "R6": 0.6665483829565346,
                    "R7": 0.6655869651585817,
                    "R8": 0.6658257553353906,
                    "R9": 0.6602836586534977,
                    "as": 3.0245804637670517,
                    "comp": 1.081397792790085,
                    "dc": 0
                }
            },
            "gen-secure": {
                "reward": 35149,
                "time": 68.19647033791989,
                "time_by_components": {
                    "R0": 4.41912206960842,
                    "R1": 3.73307293234393,
                    "R2": 3.5538823464885354,
                    "R3": 3.5268229991197586,
                    "R4": 3.455722698941827,
                    "R5": 3.456994524691254,
                    "R6": 3.431263179052621,
                    "R7": 3.421627141535282,
                    "R8": 3.4118280336260796,
                    "R9": 3.4158350322395563,
                    "as": 3.608927972149104,
                    "comp": 26.923829388804734,
                    "dc": 0.033905940130352974
                }
            },
            "std": {
                "reward": 35149,
                "time": 4.356796979904175
            }
        }
    },
    "e-greedy": {
        "it-35": {
            "args": {
                "alpha_seed": 171,
                "epsilon": 0.1,
                "epsilon_seed": 709,
                "random_arm_seed": 607,
                "reward_seed": 35,
                "sigma_seed": 587
            },
            "gen-distributed": {
                "reward": 35938,
                "time": 11.527773800771683,
                "time_by_components": {
                    "R0": 1.1774868331849575,
                    "R1": 0.5951794106513262,
                    "R2": 0.5880772951059043,
                    "R3": 0.5864609288983047,
                    "R4": 0.586382620036602,
                    "R5": 0.5856245392933488,
                    "R6": 0.5889461506158113,
                    "R7": 0.5873948954977095,
                    "R8": 0.5858784872107208,
                    "R9": 0.5854933215305209,
                    "as": 2.9851666162721813,
                    "comp": 0.2899644901044667,
                    "dc": 0
                }
            },
            "gen-secure": {
                "reward": 35938,
                "time": 63.39109992980957,
                "time_by_components": {
                    "R0": 4.146042310167104,
                    "R1": 3.3657296448946,
                    "R2": 3.2652714126743376,
                    "R3": 3.2309876019135118,
                    "R4": 3.1917205178178847,
                    "R5": 3.1897821580059826,
                    "R6": 3.178087707143277,
                    "R7": 3.1719247717410326,
                    "R8": 3.166898626834154,
                    "R9": 3.165871959645301,
                    "as": 3.472129493020475,
                    "comp": 24.512192849069834,
                    "dc": 0.033095698803663254
                }
            },
            "std": {
                "reward": 35938,
                "time": 4.232675313949585
            }
        }
    },
    "e-greedy-decreasing": {
        "it-35": {
            "args": {
                "alpha_seed": 576,
                "epsilon_seed": 677,
                "random_arm_seed": 351,
                "reward_seed": 35,
                "sigma_seed": 870
            },
            "gen-distributed": {
                "reward": 36368,
                "time": 11.623366430867463,
                "time_by_components": {
                    "R0": 1.208450804464519,
                    "R1": 0.6058602901175618,
                    "R2": 0.5998242250643671,
                    "R3": 0.597844336181879,
                    "R4": 0.5979106975719333,
                    "R5": 0.5979909119196236,
                    "R6": 0.596993469633162,
                    "R7": 0.5972868478856981,
                    "R8": 0.5975661291740835,
                    "R9": 0.596852867398411,
                    "as": 2.952900549862534,
                    "comp": 0.26644408283755183,
                    "dc": 0
                }
            },
            "gen-secure": {
                "reward": 36368,
                "time": 64.30341640906408,
                "time_by_components": {
                    "R0": 4.241267130244523,
                    "R1": 3.4355595530942082,
                    "R2": 3.3407338890247047,
                    "R3": 3.291332653723657,
                    "R4": 3.249366676900536,
                    "R5": 3.2376914131455123,
                    "R6": 3.236647787038237,
                    "R7": 3.2225296748802066,
                    "R8": 3.218894607387483,
                    "R9": 3.215013842564076,
                    "as": 3.460787513293326,
                    "comp": 24.741716920863837,
                    "dc": 0.03311137389391661
                }
            },
            "std": {
                "reward": 36368,
                "time": 4.223384141921997
            }
        }
    },
    "nb_iterations": 50,
    "pursuit": {
        "it-35": {
            "args": {
                "alpha_seed": 677,
                "beta": 0.1,
                "random_arm_seed": 351,
                "reward_seed": 35,
                "sigma_seed": 870
            },
            "gen-distributed": {
                "reward": 37369,
                "time": 23.544090144801885,
                "time_by_components": {
                    "R0": 2.0441829268820584,
                    "R1": 1.3394522462040186,
                    "R2": 1.3200670266523957,
                    "R3": 1.3120644385926425,
                    "R4": 1.309123625047505,
                    "R5": 1.3130145096220076,
                    "R6": 1.3145504789426923,
                    "R7": 1.3113580141216516,
                    "R8": 1.307906152214855,
                    "R9": 1.307886723894626,
                    "as": 5.989553433377296,
                    "comp": 1.2361964131705463,
                    "dc": 0
                }
            },
            "gen-secure": {
                "reward": 37369,
                "time": 133.93193883216009,
                "time_by_components": {
                    "R0": 8.315208331681788,
                    "R1": 7.2741430178284645,
                    "R2": 6.992594595998526,
                    "R3": 6.992232169490308,
                    "R4": 6.855478166602552,
                    "R5": 6.785741001367569,
                    "R6": 6.8348730518482625,
                    "R7": 6.862811168190092,
                    "R8": 6.761391001753509,
                    "R9": 6.737157459370792,
                    "as": 7.169548659119755,
                    "comp": 52.79303112672642,
                    "dc": 0.03077611606568098
                }
            },
            "std": {
                "reward": 37369,