{
    "N": 100000,
    "arms": [
        0.5312831389183457,
        0.4305408271474019,
        0.3647932131495228,
        0.3404029692470838,
        0.3117709437963945,
        0.2799575821845175,
        0.2788971367974549,
        0.2704135737009544,
        0.24602332979851538,
        0.24602332979851538,
        0.23966065747614,
        0.23860021208907742,
        0.23223753976670203,
        0.22375397667020147,
        0.21208907741251326,
        0.19936373276776245,
        0.17709437963944857,
        0.17709437963944857,
        0.17179215270413573,
        0.16861081654294804
    ],
    "boltzmann": {
        "it-10": {
            "args": {
                "alpha_seed": 137,
                "random_arm_seed": 554,
                "reward_seed": 10,
                "sigma_seed": 478,
                "tau": 0.06
            },
            "gen-distributed": {
                "reward": 50111,
                "time": 30.012930945958942,
                "time_by_components": {
                    "R0": 1.8053612704388797,
                    "R1": 0.9721343466080725,
                    "R10": 0.9522791830822825,
                    "R11": 0.9514120700769126,
                    "R12": 0.9412480597384274,
                    "R13": 0.9409062271006405,
                    "R14": 0.9438789277337492,
                    "R15": 0.9479727293364704,
                    "R16": 0.9439107235521078,
                    "R17": 0.9444521768018603,
                    "R18": 0.9410825041122735,
                    "R19": 0.9408330149017274,
                    "R2": 0.9970993902534246,
                    "R3": 0.9794430756010115,
                    "R4": 0.9433157499879599,
                    "R5": 0.9526743409223855,
                    "R6": 0.9489523405209184,
                    "R7": 0.9478663108311594,
                    "R8": 0.9414007645100355,
                    "R9": 0.9478087052702904,
                    "as": 5.236212799791247,
                    "comp": 1.707271499093622,
                    "dc": 0
                }
            },
            "gen-secure": {
                "reward": 50111,
                "time": 185.1212655082345,
                "time_by_components": {
                    "R0": 6.624768175184727,
                    "R1": 5.2718067583628,
                    "R10": 4.88150172168389,
                    "R11": 4.871149918995798,
                    "R12": 4.86136384261772,
                    "R13": 4.855360191781074,
                    "R14": 4.854780574794859,
                    "R15": 4.851095905061811,
                    "R16": 4.842649845406413,
                    "R17": 4.849952656775713,
                    "R18": 4.847639260813594,
                    "R19": 4.8409358649514616,
                    "R2": 5.123584129847586,
                    "R3": 5.0355877303518355,
                    "R4": 4.9330584346316755,
                    "R5": 4.92651324858889,
                    "R6": 4.90092802606523,
                    "R7": 4.890549662988633,
                    "R8": 4.888671787455678,
                    "R9": 4.919671959243715,
                    "as": 6.307038496248424,
                    "comp": 74.15199746051803,
                    "dc": 0.03334396332502365
                }
            },
            "std": {
                "reward": 50111,
                "time": 7.8750691413879395
            }
        }
    },
    "e-greedy": {
        "it-10": {
            "args": {
                "alpha_seed": 456,
                "epsilon": 0.1,
                "epsilon_seed": 403,
                "random_arm_seed": 919,
                "reward_seed": 10,
                "sigma_seed": 180
            },
            "gen-distributed": {
                "reward": 50586,
                "time": 26.910363557748497,
                "time_by_components": {
                    "R0": 1.6977434647269547,
                    "R1": 0.8535076673142612,
                    "R10": 0.8306112638674676,
                    "R11": 0.8293409603647888,
                    "R12": 0.8296870174817741,
                    "R13": 0.8303765538148582,
                    "R14": 0.8292932733893394,
                    "R15": 0.8304174277000129,
                    "R16": 0.830441344063729,
                    "R17": 0.8301792689599097,
                    "R18": 0.8293083091266453,
                    "R19": 0.8300953744910657,
                    "R2": 0.8347772313281894,
                    "R3": 0.832909906283021,
                    "R4": 0.8315776116214693,
                    "R5": 0.8350720717571676,
                    "R6": 0.832914016675204,
                    "R7": 0.832418248988688,
                    "R8": 0.8311511091887951,
                    "R9": 0.8317829230800271,
                    "as": 5.127923490013927,
                    "comp": 0.5021487837657332,
                    "dc": 0
                }
            },
            "gen-secure": {
                "reward": 50586,
                "time": 173.87731893127784,
                "time_by_components": {
                    "R0": 6.186201974749565,
                    "R1": 4.899469329044223,
                    "R10": 4.528353817295283,
                    "R11": 4.5232693227007985,
                    "R12": 4.519334796816111,
                    "R13": 4.518547524232417,
                    "R14": 4.5132621307857335,
                    "R15": 4.5138548370450735,
                    "R16": 4.508775292430073,
                    "R17": 4.518114453181624,
                    "R18": 4.508729692548513,
                    "R19": 4.517383082769811,
                    "R2": 4.714841371867806,
                    "R3": 4.659671294968575,
                    "R4": 4.585552134551108,
                    "R5": 4.578645681031048,
                    "R6": 4.560710891149938,
                    "R7": 4.551630980800837,
                    "R8": 4.541925618890673,
                    "R9": 4.5347883105278015,
                    "as": 6.191628375090659,
                    "comp": 69.44649116601795,
                    "dc": 0.033110442105680704
                }
            },
            "std": {
                "reward": 50586,
                "time": 7.174150228500366
            }
        }
    },
    "e-greedy-decreasing": {
        "it-10": {
            "args": {
                "alpha_seed": 582,
                "epsilon_seed": 137,
                "random_arm_seed": 554,
                "reward_seed": 10,
                "sigma_seed": 544
            },
            "gen-distributed": {
                "reward": 51509,
                "time": 27.176919957157224,
                "time_by_components": {
                    "R0": 1.734357784036547,
                    "R1": 0.8618768574669957,
                    "R10": 0.8507749596610665,
                    "R11": 0.8504576771520078,
                    "R12": 0.8494284679181874,
                    "R13": 0.8486355850473046,
                    "R14": 0.850409843493253,
                    "R15": 0.8514123545028269,
                    "R16": 0.8497905163094401,
                    "R17": 0.8500299202278256,
                    "R18": 0.849708897061646,
                    "R19": 0.848839518148452,
                    "R2": 0.8525691097602248,
                    "R3": 0.8519258718006313,
                    "R4": 0.8492000224068761,
                    "R5": 0.8535340796224773,
                    "R6": 0.8513351217843592,
                    "R7": 0.8502389201894403,
                    "R8": 0.8489536042325199,
                    "R9": 0.8506406634114683,
                    "as": 5.0452898307703435,
                    "comp": 0.46180447936058044,
                    "dc": 0
                }
            },
            "gen-secure": {
                "reward": 51509,
                "time": 175.6347442790866,
                "time_by_components": {
                    "R0": 6.218344760593027,