{
    "N": 60000,
    "arms": [
        0.5312831389183457,
        0.4305408271474019,
        0.3647932131495228,
        0.3404029692470838,
        0.3117709437963945,
        0.2799575821845175,
        0.2788971367974549,
        0.2704135737009544,
        0.24602332979851538,
        0.24602332979851538
    ],
    "boltzmann": {
        "it-19": {
            "args": {
                "alpha_seed": 527,
                "random_arm_seed": 478,
                "reward_seed": 19,
                "sigma_seed": 580,
                "tau": 0.06
            },
            "gen-distributed": {
                "reward": 29346,
                "time": 10.91667496599257,
                "time_by_components": {
                    "R0": 1.0002191681414843,
                    "R1": 0.6751549388282001,
                    "R2": 0.5908202570863068,
                    "R3": 0.5968025191687047,
                    "R4": 0.5839830306358635,
                    "R5": 0.5779225886799395,
                    "R6": 0.5708732390776277,
                    "R7": 0.5693165170960128,
                    "R8": 0.5719929370097816,
                    "R9": 0.5695430301129818,
                    "as": 2.5960221881978214,
                    "comp": 0.9357811491936445,
                    "dc": 0
                }
            },
            "gen-secure": {
                "reward": 29346,
                "time": 59.338763530831784,
                "time_by_components": {
                    "R0": 3.856360832694918,
                    "R1": 3.2902613282203674,
                    "R2": 3.099930228665471,
                    "R3": 3.0539512606337667,
                    "R4": 3.013672014698386,
                    "R5": 3.0032294457778335,
                    "R6": 2.984248723834753,
                    "R7": 2.9881180869415402,
                    "R8": 2.975235744845122,
                    "R9": 2.969019768293947,
                    "as": 3.108410668093711,
                    "comp": 23.329869613517076,
                    "dc": 0.03307481296360493
                }
            },
            "std": {
                "reward": 29346,
                "time": 3.950483560562134
            }
        }
    },
    "e-greedy": {
        "it-19": {
            "args": {
                "alpha_seed": 559,
                "epsilon": 0.1,
                "epsilon_seed": 573,
                "random_arm_seed": 740,
                "reward_seed": 19,
                "sigma_seed": 207
            },
            "gen-distributed": {
                "reward": 30760,
                "time": 9.941900074016303,
                "time_by_components": {
                    "R0": 1.022021375130862,
                    "R1": 0.5145075940527022,
                    "R2": 0.5075381333008409,
                    "R3": 0.5087353992275894,
                    "R4": 0.5073650390841067,
                    "R5": 0.5065861442126334,
                    "R6": 0.506407218053937,
                    "R7": 0.5068818726576865,
                    "R8": 0.5077358582057059,
                    "R9": 0.5104655404575169,
                    "as": 2.5769740235991776,
                    "comp": 0.24951241118833423,
                    "dc": 0
                }
            },
            "gen-secure": {
                "reward": 30760,
                "time": 56.11878792382777,
                "time_by_components": {
                    "R0": 3.6840776265598834,
                    "R1": 2.9874230031855404,
                    "R2": 2.91216110996902,
                    "R3": 2.8578690961003304,
                    "R4": 2.858491617720574,
                    "R5": 2.832026880700141,
                    "R6": 2.8113341121934354,
                    "R7": 2.8192066461779177,
                    "R8": 2.8139091446064413,
                    "R9": 2.8145657209679484,
                    "as": 3.0337009700015187,
                    "comp": 21.566022485960275,
                    "dc": 0.034349130000919104
                }
            },
            "std": {
                "reward": 30760,
                "time": 3.694396734237671
            }
        }
    },
    "e-greedy-decreasing": {
        "it-19": {
            "args": {
                "alpha_seed": 325,
                "epsilon_seed": 344,
                "random_arm_seed": 611,
                "reward_seed": 19,
                "sigma_seed": 137
            },
            "gen-distributed": {
                "reward": 31083,
                "time": 9.964759537950158,
                "time_by_components": {
                    "R0": 1.032415233552456,
                    "R1": 0.5186895900405943,
                    "R2": 0.5118623035959899,
                    "R3": 0.5119223943911493,
                    "R4": 0.5143614201806486,
                    "R5": 0.5112598165869713,
                    "R6": 0.5113083641044796,
                    "R7": 0.5107632405124605,
                    "R8": 0.5105007346719503,
                    "R9": 0.5113908313214779,
                    "as": 2.546035130508244,
                    "comp": 0.22748891962692142,
                    "dc": 0
                }
            },
            "gen-secure": {
                "reward": 31083,
                "time": 55.71173442201689,
                "time_by_components": {
                    "R0": 3.6748835081234574,
                    "R1": 2.9843880771659315,
                    "R2": 2.8907014220021665,
                    "R3": 2.8579077501781285,
                    "R4": 2.8239938961341977,
                    "R5": 2.8200458590872586,
                    "R6": 2.8102952647022903,
                    "R7": 2.8056585025042295,
                    "R8": 2.8015389759093523,
                    "R9": 2.807316114194691,
                    "as": 2.984216757118702,
                    "comp": 21.361746141687036,
                    "dc": 0.03337083710357547
                }
            },
            "std": {
                "reward": 31083,
                "time": 3.6866750717163086
            }
        }
    },
    "nb_iterations": 30,
    "pursuit": {
        "it-19": {
            "args": {
                "alpha_seed": 527,
                "beta": 0.1,
                "random_arm_seed": 478,
                "reward_seed": 19,
                "sigma_seed": 186
            },
            "gen-distributed": {
                "reward": 25856,
                "time": 20.18133452301845,
                "time_by_components": {
                    "R0": 1.2228067233227193,
                    "R1": 1.695491177495569,
                    "R2": 1.1343512805178761,
                    "R3": 1.1281385165639222,
                    "R4": 1.1241674069315195,
                    "R5": 1.123187311924994,
                    "R6": 1.1229599597863853,
                    "R7": 1.1227877740748227,
                    "R8": 1.1238981960341334,
                    "R9": 1.1238078852184117,
                    "as": 5.154436018317938,
                    "comp": 1.0621877927333117,
                    "dc": 0
                }
            },
            "gen-secure": {
                "reward": 25856,
                "time": 112.59493550704792,
                "time_by_components": {
                    "R0": 6.471178096719086,
                    "R1": 6.6708662821911275,
                    "R2": 5.915377920959145,
                    "R3": 5.868072284851223,
                    "R4": 5.756855370942503,
                    "R5": 5.702986522577703,
                    "R6": 5.721147506032139,
                    "R7": 5.688639886211604,
                    "R8": 5.750607596244663,
                    "R9": 5.674535347614437,
                    "as": 5.9893779288977385,
                    "comp": 44.32185825612396,
                    "dc": 0.033064702060073614
                }
            },
            "std": {
                "reward": 25856,