{
    "N": 80000,
    "arms": [
        0.5312831389183457,
        0.4305408271474019,
        0.3647932131495228,
        0.3404029692470838,
        0.3117709437963945,
        0.2799575821845175,
        0.2788971367974549,
        0.2704135737009544,
        0.24602332979851538,
        0.24602332979851538
    ],
    "boltzmann": {
        "it-13": {
            "args": {
                "alpha_seed": 698,
                "random_arm_seed": 59,
                "reward_seed": 13,
                "sigma_seed": 40,
                "tau": 0.06
            },
            "gen-distributed": {
                "reward": 40588,
                "time": 14.530257779173553,
                "time_by_components": {
                    "R0": 1.4642041362822056,
                    "R1": 0.7704132432118058,
                    "R2": 0.7850861377082765,
                    "R3": 0.7677600737661123,
                    "R4": 0.7705710441805422,
                    "R5": 0.7670958936214447,
                    "R6": 0.7633032687008381,
                    "R7": 0.7636181167326868,
                    "R8": 0.7601147554814816,
                    "R9": 0.7539075589738786,
                    "as": 3.456841630861163,
                    "comp": 1.2519025136716664,
                    "dc": 0
                }
            },
            "gen-secure": {
                "reward": 40588,
                "time": 78.9278011880815,
                "time_by_components": {
                    "R0": 5.194995706435293,
                    "R1": 4.223916098475456,
                    "R2": 4.114892885554582,
                    "R3": 4.045771545730531,
                    "R4": 4.001760568469763,
                    "R5": 3.988814590498805,
                    "R6": 3.9660727428272367,
                    "R7": 3.96098992228508,
                    "R8": 3.9519843915477395,
                    "R9": 3.9483230668120086,
                    "as": 4.118664362002164,
                    "comp": 31.174472896847874,
                    "dc": 0.03304108930751681
                }
            },
            "std": {
                "reward": 40588,
                "time": 5.23630690574646
            }
        }
    },
    "e-greedy": {
        "it-13": {
            "args": {
                "alpha_seed": 807,
                "epsilon": 0.1,
                "epsilon_seed": 173,
                "random_arm_seed": 738,
                "reward_seed": 13,
                "sigma_seed": 620
            },
            "gen-distributed": {
                "reward": 40970,
                "time": 12.958449729718268,
                "time_by_components": {
                    "R0": 1.3442476536147296,
                    "R1": 0.6688922857865691,
                    "R2": 0.6629260550253093,
                    "R3": 0.6614912603981793,
                    "R4": 0.6633310588076711,
                    "R5": 0.6626246394589543,
                    "R6": 0.6629761271178722,
                    "R7": 0.6623327261768281,
                    "R8": 0.6606099954806268,
                    "R9": 0.6604903042316437,
                    "as": 3.3306789030320942,
                    "comp": 0.31758446246385574,
                    "dc": 0
                }
            },
            "gen-secure": {
                "reward": 40970,
                "time": 72.74671440199018,
                "time_by_components": {
                    "R0": 4.755783923435956,
                    "R1": 3.8521078075282276,
                    "R2": 3.7611346733756363,
                    "R3": 3.698674166575074,
                    "R4": 3.656528828199953,
                    "R5": 3.6426758584566414,
                    "R6": 3.6311295800842345,
                    "R7": 3.632011999376118,
                    "R8": 3.631807084660977,
                    "R9": 3.617757794447243,
                    "as": 3.941171590704471,
                    "comp": 28.147729736752808,
                    "dc": 0.033256206661462784
                }
            },
            "std": {
                "reward": 40970,
                "time": 4.913677453994751
            }
        }
    },
    "e-greedy-decreasing": {
        "it-13": {
            "args": {
                "alpha_seed": 807,
                "epsilon_seed": 173,
                "random_arm_seed": 738,
                "reward_seed": 13,
                "sigma_seed": 620
            },
            "gen-distributed": {
                "reward": 41490,
                "time": 13.446856129914522,
                "time_by_components": {
                    "R0": 1.3943117167800665,
                    "R1": 0.6980642122216523,
                    "R2": 0.6868215682916343,
                    "R3": 0.6862371973693371,
                    "R4": 0.6846784963272512,
                    "R5": 0.6850238554179668,
                    "R6": 0.6846384238451719,
                    "R7": 0.6847120742313564,
                    "R8": 0.6843179147690535,
                    "R9": 0.6845192876644433,
                    "as": 3.4725054539740086,
                    "comp": 0.3107151691801846,
                    "dc": 0
                }
            },
            "gen-secure": {
                "reward": 41490,
                "time": 74.16355610312894,
                "time_by_components": {
                    "R0": 4.864113294053823,
                    "R1": 3.931060405448079,
                    "R2": 3.8082545828074217,
                    "R3": 3.770574053283781,
                    "R4": 3.728574081324041,
                    "R5": 3.7276695193722844,
                    "R6": 3.7156272269785404,
                    "R7": 3.7201611157506704,
                    "R8": 3.7180716530419886,
                    "R9": 3.7007204312831163,
                    "as": 4.031917399726808,
                    "comp": 28.661017162259668,
                    "dc": 0.0330985002219677
                }
            },
            "std": {
                "reward": 41490,
                "time": 4.876403570175171
            }
        }
    },
    "nb_iterations": 30,
    "pursuit": {
        "it-13": {
            "args": {
                "alpha_seed": 698,
                "beta": 0.1,
                "random_arm_seed": 59,
                "reward_seed": 13,
                "sigma_seed": 526
            },
            "gen-distributed": {
                "reward": 42611,
                "time": 27.129275245126337,
                "time_by_components": {
                    "R0": 2.3703020396642387,
                    "R1": 1.5414787759073079,
                    "R2": 1.5188268688507378,
                    "R3": 1.5131346536800265,
                    "R4": 1.5091645354405046,
                    "R5": 1.5139192580245435,
                    "R6": 1.510932163335383,
                    "R7": 1.5104733183979988,
                    "R8": 1.5085160904563963,
                    "R9": 1.5073470957577229,
                    "as": 6.884969970211387,
                    "comp": 1.427755983080715,
                    "dc": 0
                }
            },
            "gen-secure": {
                "reward": 42611,
                "time": 153.53921215701848,
                "time_by_components": {
                    "R0": 9.647386075463146,
                    "R1": 8.291180150117725,
                    "R2": 8.104362123645842,
                    "R3": 7.869188487995416,
                    "R4": 7.843446335289627,
                    "R5": 7.746423497330397,
                    "R6": 7.868371678050607,
                    "R7": 7.777739499229938,
                    "R8": 7.732742392923683,
                    "R9": 7.67460476513952,
                    "as": 8.247221569065005,
                    "comp": 60.48010280262679,
                    "dc": 0.03310982696712017
                }
            },
            "std": {
                "reward": 42611,