{
    "N": 60000,
    "arms": [
        0.5312831389183457,
        0.4305408271474019,
        0.3647932131495228,
        0.3404029692470838,
        0.3117709437963945,
        0.2799575821845175,
        0.2788971367974549,
        0.2704135737009544,
        0.24602332979851538,
        0.24602332979851538
    ],
    "boltzmann": {
        "it-32": {
            "args": {
                "alpha_seed": 984,
                "random_arm_seed": 346,
                "reward_seed": 32,
                "sigma_seed": 384,
                "tau": 0.06
            },
            "gen-distributed": {
                "reward": 28857,
                "time": 10.905830345116556,
                "time_by_components": {
                    "R0": 0.9879882466048002,
                    "R1": 0.6484236270189285,
                    "R2": 0.58546705218032,
                    "R3": 0.5921690855175257,
                    "R4": 0.5746900751255453,
                    "R5": 0.5765286982059479,
                    "R6": 0.5769259370863438,
                    "R7": 0.5750465975143015,
                    "R8": 0.5697451252490282,
                    "R9": 0.5755450776778162,
                    "as": 2.6029821019619703,
                    "comp": 0.9395646564662457,
                    "dc": 0
                }
            },
            "gen-secure": {
                "reward": 28857,
                "time": 58.88040800020099,
                "time_by_components": {
                    "R0": 3.776702193543315,
                    "R1": 3.2441088636405766,
                    "R2": 3.094032038934529,
                    "R3": 3.062522018328309,
                    "R4": 2.996955984737724,
                    "R5": 2.992685165721923,
                    "R6": 2.980837575159967,
                    "R7": 2.977594116702676,
                    "R8": 2.9643376800231636,
                    "R9": 2.964980367105454,
                    "as": 3.091112082824111,
                    "comp": 23.1355688162148,
                    "dc": 0.03315153997391462
                }
            },
            "std": {
                "reward": 28857,
                "time": 3.9776320457458496
            }
        }
    },
    "e-greedy": {
        "it-32": {
            "args": {
                "alpha_seed": 297,
                "epsilon": 0.1,
                "epsilon_seed": 361,
                "random_arm_seed": 705,
                "reward_seed": 32,
                "sigma_seed": 727
            },
            "gen-distributed": {
                "reward": 30737,
                "time": 9.876875720918179,
                "time_by_components": {
                    "R0": 1.0106712086126208,
                    "R1": 0.5102986958809197,
                    "R2": 0.5047052805311978,
                    "R3": 0.5025148545391858,
                    "R4": 0.5022340943105519,
                    "R5": 0.5031521166674793,
                    "R6": 0.5036931480281055,
                    "R7": 0.5007885913364589,
                    "R8": 0.5009417836554348,
                    "R9": 0.5030671046115458,
                    "as": 2.5577750662341714,
                    "comp": 0.24723682552576065,
                    "dc": 0
                }
            },
            "gen-secure": {
                "reward": 30737,
                "time": 55.15339799085632,
                "time_by_components": {
                    "R0": 3.6204099231399596,
                    "R1": 2.9326471453532577,
                    "R2": 2.83946126839146,
                    "R3": 2.8092157151550055,
                    "R4": 2.7767425877973437,
                    "R5": 2.773196385707706,
                    "R6": 2.7660494204610586,
                    "R7": 2.7632345305755734,
                    "R8": 2.7574620731174946,
                    "R9": 2.759664371609688,
                    "as": 3.038057520519942,
                    "comp": 21.260045417118818,
                    "dc": 0.03233679290860891
                }
            },
            "std": {
                "reward": 30737,
                "time": 3.623054027557373
            }
        }
    },
    "e-greedy-decreasing": {
        "it-32": {
            "args": {
                "alpha_seed": 123,
                "epsilon_seed": 984,
                "random_arm_seed": 346,
                "reward_seed": 32,
                "sigma_seed": 938
            },
            "gen-distributed": {
                "reward": 31120,
                "time": 9.901850489899516,
                "time_by_components": {
                    "R0": 1.033851521089673,
                    "R1": 0.5145370960235596,
                    "R2": 0.5093928840942681,
                    "R3": 0.508894573431462,
                    "R4": 0.510694527067244,
                    "R5": 0.5098116435110569,
                    "R6": 0.5104725183919072,
                    "R7": 0.5063944309949875,
                    "R8": 0.5066845039837062,
                    "R9": 0.5092684333212674,
                    "as": 2.5236584185622633,
                    "comp": 0.22731464495882392,
                    "dc": 0
                }
            },
            "gen-secure": {
                "reward": 31120,
                "time": 55.659177851397544,
                "time_by_components": {
                    "R0": 3.680339628364891,
                    "R1": 2.9754971326328814,
                    "R2": 2.88242580415681,
                    "R3": 2.8427768643014133,
                    "R4": 2.8111756392754614,
                    "R5": 2.7998337275348604,
                    "R6": 2.7927676988765597,
                    "R7": 2.7845040378160775,
                    "R8": 2.7798514631576836,
                    "R9": 2.780507485382259,
                    "as": 3.0148042468354106,
                    "comp": 21.41275610262528,
                    "dc": 0.03128260187804699
                }
            },
            "std": {
                "reward": 31120,
                "time": 3.3461031913757324
            }
        }
    },
    "nb_iterations": 50,
    "pursuit": {
        "it-32": {
            "args": {
                "alpha_seed": 984,
                "beta": 0.1,
                "random_arm_seed": 346,
                "reward_seed": 32,
                "sigma_seed": 938
            },
            "gen-distributed": {
                "reward": 21849,
                "time": 20.071192348841578,
                "time_by_components": {
                    "R0": 1.1971243740990758,
                    "R1": 1.1231025219894946,
                    "R2": 1.6610228517092764,
                    "R3": 1.1129335351288319,
                    "R4": 1.1204774263314903,
                    "R5": 1.1128600533120334,
                    "R6": 1.1089102560654283,
                    "R7": 1.107965322677046,
                    "R8": 1.1053185518831015,
                    "R9": 1.1063866117037833,
                    "as": 5.149711777921766,
                    "comp": 1.0659913080744445,
                    "dc": 0
                }
            },
            "gen-secure": {
                "reward": 21849,
                "time": 115.22538781631738,
                "time_by_components": {
                    "R0": 6.636695819441229,
                    "R1": 6.228808922693133,
                    "R2": 6.678911457769573,
                    "R3": 6.004224933218211,
                    "R4": 5.907937961630523,
                    "R5": 5.871766125317663,
                    "R6": 5.869366622529924,
                    "R7": 5.812033631838858,
                    "R8": 5.891034735832363,
                    "R9": 5.856841738335788,
                    "as": 6.218866639304906,
                    "comp": 45.1690460704267,
                    "dc": 0.04613865585997701
                }
            },
            "std": {
                "reward": 21849,