{
    "N": 90000,
    "arms": [
        0.5312831389183457,
        0.4305408271474019,
        0.3647932131495228,
        0.3404029692470838,
        0.3117709437963945,
        0.2799575821845175,
        0.2788971367974549,
        0.2704135737009544,
        0.24602332979851538,
        0.24602332979851538
    ],
    "boltzmann": {
        "it-11": {
            "args": {
                "alpha_seed": 932,
                "random_arm_seed": 226,
                "reward_seed": 11,
                "sigma_seed": 546,
                "tau": 0.06
            },
            "gen-distributed": {
                "reward": 44644,
                "time": 16.35563594708219,
                "time_by_components": {
                    "R0": 1.5498019023798406,
                    "R1": 0.968736769631505,
                    "R2": 0.8788727698847651,
                    "R3": 0.8727957271039486,
                    "R4": 0.8594294628128409,
                    "R5": 0.8525869371369481,
                    "R6": 0.8565105157904327,
                    "R7": 0.8517883894965053,
                    "R8": 0.8518341975286603,
                    "R9": 0.8534723361954093,
                    "as": 3.925479852128774,
                    "comp": 1.4109055986627936,
                    "dc": 0
                }
            },
            "gen-secure": {
                "reward": 44644,
                "time": 88.41438986221328,
                "time_by_components": {
                    "R0": 5.7116538332775235,
                    "R1": 4.817804171238095,
                    "R2": 4.604971278924495,
                    "R3": 4.541916651185602,
                    "R4": 4.474640182685107,
                    "R5": 4.457734223920852,
                    "R6": 4.448805782478303,
                    "R7": 4.4279645239003,
                    "R8": 4.428808660712093,
                    "R9": 4.416276468895376,
                    "as": 4.664739644620568,
                    "comp": 34.94813394686207,
                    "dc": 0.033050538040697575
                }
            },
            "std": {
                "reward": 44644,
                "time": 5.858469724655151
            }
        }
    },
    "e-greedy": {
        "it-11": {
            "args": {
                "alpha_seed": 353,
                "epsilon": 0.1,
                "epsilon_seed": 842,
                "random_arm_seed": 794,
                "reward_seed": 11,
                "sigma_seed": 542
            },
            "gen-distributed": {
                "reward": 46087,
                "time": 14.65307236975059,
                "time_by_components": {
                    "R0": 1.5119078918360174,
                    "R1": 0.7586344256997108,
                    "R2": 0.751537430100143,
                    "R3": 0.7486536409705877,
                    "R4": 0.7488637021742761,
                    "R5": 0.74917396530509,
                    "R6": 0.7483665239997208,
                    "R7": 0.7486176318489015,
                    "R8": 0.748055815231055,
                    "R9": 0.7468030569143593,
                    "as": 3.7837459752336144,
                    "comp": 0.3611038071103394,
                    "dc": 0
                }
            },
            "gen-secure": {
                "reward": 46087,
                "time": 82.42705564107746,
                "time_by_components": {
                    "R0": 5.386024107690901,
                    "R1": 4.347726929932833,
                    "R2": 4.219937903806567,
                    "R3": 4.172714484855533,
                    "R4": 4.126085002440959,
                    "R5": 4.111099676694721,
                    "R6": 4.1023465427570045,
                    "R7": 4.0985596580430865,
                    "R8": 4.1092368476092815,
                    "R9": 4.090610900893807,
                    "as": 4.497747305780649,
                    "comp": 32.04619465023279,
                    "dc": 0.03384362859651446
                }
            },
            "std": {
                "reward": 46087,
                "time": 5.476716995239258
            }
        }
    },
    "e-greedy-decreasing": {
        "it-11": {
            "args": {
                "alpha_seed": 353,
                "epsilon_seed": 842,
                "random_arm_seed": 794,
                "reward_seed": 11,
                "sigma_seed": 542
            },
            "gen-distributed": {
                "reward": 46704,
                "time": 14.834619862958789,
                "time_by_components": {
                    "R0": 1.5459809550084174,
                    "R1": 0.7688398454338312,
                    "R2": 0.7626504469662905,
                    "R3": 0.7613095734268427,
                    "R4": 0.7597801564261317,
                    "R5": 0.7595850597135723,
                    "R6": 0.7597299334593117,
                    "R7": 0.7612234279513359,
                    "R8": 0.7659591645933688,
                    "R9": 0.764041249640286,
                    "as": 3.798776728566736,
                    "comp": 0.3365312167443335,
                    "dc": 0
                }
            },
            "gen-secure": {
                "reward": 46704,
                "time": 81.92223952198401,
                "time_by_components": {
                    "R0": 5.3935571373440325,
                    "R1": 4.347767451778054,
                    "R2": 4.219289651606232,
                    "R3": 4.170273439958692,
                    "R4": 4.118274104781449,
                    "R5": 4.119086921680719,
                    "R6": 4.10419447068125,
                    "R7": 4.097278169821948,
                    "R8": 4.083744654431939,
                    "R9": 4.115308455657214,
                    "as": 4.439730584621429,
                    "comp": 31.631504638120532,
                    "dc": 0.033084903843700886
                }
            },
            "std": {
                "reward": 46704,
                "time": 5.344876289367676
            }
        }
    },
    "nb_iterations": 30,
    "pursuit": {
        "it-11": {
            "args": {
                "alpha_seed": 932,
                "beta": 0.1,
                "random_arm_seed": 226,
                "reward_seed": 11,
                "sigma_seed": 667
            },
            "gen-distributed": {
                "reward": 38644,
                "time": 30.47073397319764,
                "time_by_components": {
                    "R0": 1.8464285377413034,
                    "R1": 2.5557866031304,
                    "R2": 1.7082020128145814,
                    "R3": 1.6956856879405677,
                    "R4": 1.6927788369357586,
                    "R5": 1.6956020947545767,
                    "R6": 1.6959628728218377,
                    "R7": 1.6919660056009889,
                    "R8": 1.6900475714355707,
                    "R9": 1.6923070843331516,
                    "as": 7.781924513168633,
                    "comp": 1.6008871109224856,
                    "dc": 0
                }
            },
            "gen-secure": {
                "reward": 38644,
                "time": 171.07323360117152,
                "time_by_components": {
                    "R0": 9.91058733407408,
                    "R1": 10.08217472396791,
                    "R2": 8.99780353764072,
                    "R3": 8.7791737774387,
                    "R4": 8.64230732107535,
                    "R5": 8.622023254167289,
                    "R6": 8.681503761094064,
                    "R7": 8.581614715512842,
                    "R8": 8.657776907552034,
                    "R9": 8.64822221826762,
                    "as": 9.254866732750088,
                    "comp": 67.54938556207344,
                    "dc": 0.03339832741767168
                }
            },
            "std": {
                "reward": 38644,