{
    "N": 100000,
    "arms": [
        0.5312831389183457,
        0.4305408271474019,
        0.3647932131495228,
        0.3404029692470838,
        0.3117709437963945,
        0.2799575821845175,
        0.2788971367974549,
        0.2704135737009544,
        0.24602332979851538,
        0.24602332979851538,
        0.23966065747614,
        0.23860021208907742,
        0.23223753976670203,
        0.22375397667020147,
        0.21208907741251326,
        0.19936373276776245,
        0.17709437963944857,
        0.17709437963944857,
        0.17179215270413573,
        0.16861081654294804
    ],
    "boltzmann": {
        "it-1": {
            "args": {
                "alpha_seed": 445,
                "random_arm_seed": 205,
                "reward_seed": 1,
                "sigma_seed": 676,
                "tau": 0.06
            },
            "gen-distributed": {
                "reward": 48946,
                "time": 29.96525835758075,
                "time_by_components": {
                    "R0": 1.68510622670874,
                    "R1": 1.0907343667931855,
                    "R10": 0.94690418895334,
                    "R11": 0.9456274840049446,
                    "R12": 0.9443704830482602,
                    "R13": 0.9416855401359499,
                    "R14": 0.93567627761513,
                    "R15": 0.9339245851151645,
                    "R16": 0.9346694299019873,
                    "R17": 0.9401762667112052,
                    "R18": 0.9390424662269652,
                    "R19": 0.9384269043803215,
                    "R2": 0.9920001425780356,
                    "R3": 0.9633744098246098,
                    "R4": 0.9419389925897121,
                    "R5": 0.9455624618567526,
                    "R6": 0.9535087943077087,
                    "R7": 0.9481854517944157,
                    "R8": 0.9403651938773692,
                    "R9": 0.9446778316050768,
                    "as": 5.315716702491045,
                    "comp": 1.7077779350802302,
                    "dc": 0
                }
            },
            "gen-secure": {
                "reward": 48946,
                "time": 184.93721428187564,
                "time_by_components": {
                    "R0": 6.445557892788202,
                    "R1": 5.373714183922857,
                    "R10": 4.873746325727552,
                    "R11": 4.868656734470278,
                    "R12": 4.859401201829314,
                    "R13": 4.853915696032345,
                    "R14": 4.872759066987783,
                    "R15": 4.86124882241711,
                    "R16": 4.852008533664048,
                    "R17": 4.853340312838554,
                    "R18": 4.846881636418402,
                    "R19": 4.853199406992644,
                    "R2": 5.109417725354433,
                    "R3": 5.011119961738586,
                    "R4": 4.927388011943549,
                    "R5": 4.933918423485011,
                    "R6": 4.931786491069943,
                    "R7": 4.89785995753482,
                    "R8": 4.900684447959065,
                    "R9": 4.876013250555843,
                    "as": 6.359784306026995,
                    "comp": 73.98479466279969,
                    "dc": 0.03323615435510874
                }
            },
            "std": {
                "reward": 48946,
                "time": 7.9465649127960205
            }
        }
    },
    "e-greedy": {
        "it-1": {
            "args": {
                "alpha_seed": 115,
                "epsilon": 0.1,
                "epsilon_seed": 726,
                "random_arm_seed": 525,
                "reward_seed": 1,
                "sigma_seed": 264
            },
            "gen-distributed": {
                "reward": 50546,
                "time": 26.841923390049487,
                "time_by_components": {
                    "R0": 1.6931731761433184,
                    "R1": 0.8553006900474429,
                    "R10": 0.8315108148381114,
                    "R11": 0.8304897909983993,
                    "R12": 0.8301330949179828,
                    "R13": 0.8307251078076661,
                    "R14": 0.8322452707216144,
                    "R15": 0.8322993763722479,
                    "R16": 0.8319082739762962,
                    "R17": 0.8297258112579584,
                    "R18": 0.8313653091900051,
                    "R19": 0.8322109230794013,
                    "R2": 0.8351894863881171,
                    "R3": 0.833079980686307,
                    "R4": 0.8329122392460704,
                    "R5": 0.8322016606107354,
                    "R6": 0.8332274798303843,
                    "R7": 0.8316578767262399,
                    "R8": 0.8315398278646171,
                    "R9": 0.8305784850381315,
                    "as": 5.112564262468368,
                    "comp": 0.5044707409106195,
                    "dc": 0
                }
            },
            "gen-secure": {
                "reward": 50546,
                "time": 173.12232649186626,
                "time_by_components": {
                    "R0": 6.182368338573724,
                    "R1": 4.887370275799185,
                    "R10": 4.518956768326461,
                    "R11": 4.5175410457886755,
                    "R12": 4.5120242247357965,
                    "R13": 4.508949003648013,
                    "R14": 4.533188658300787,
                    "R15": 4.506426947191358,
                    "R16": 4.4909836309961975,
                    "R17": 4.487884268164635,
                    "R18": 4.48942911811173,
                    "R19": 4.489437973126769,
                    "R2": 4.70252290694043,
                    "R3": 4.633413724601269,
                    "R4": 4.5740433386527,
                    "R5": 4.565230759326369,
                    "R6": 4.546039037872106,
                    "R7": 4.529551558196545,
                    "R8": 4.526327488478273,
                    "R9": 4.520955305080861,
                    "as": 6.169531757943332,
                    "comp": 68.9781159684062,
                    "dc": 0.033296039793640375
                }
            },
            "std": {
                "reward": 50546,
                "time": 7.209195137023926
            }
        }
    },
    "e-greedy-decreasing": {
        "it-1": {
            "args": {
                "alpha_seed": 483,
                "epsilon_seed": 445,
                "random_arm_seed": 205,
                "reward_seed": 1,
                "sigma_seed": 496
            },
            "gen-distributed": {
                "reward": 51204,
                "time": 27.499887669924647,
                "time_by_components": {
                    "R0": 1.7291255849413574,
                    "R1": 0.8925727279856801,
                    "R10": 0.8578010126948357,
                    "R11": 0.8570598061196506,
                    "R12": 0.8572257719933987,
                    "R13": 0.8572985013015568,
                    "R14": 0.8546724910847843,
                    "R15": 0.8574949083849788,
                    "R16": 0.8586603398434818,
                    "R17": 0.8587083010934293,
                    "R18": 0.8561936770565808,
                    "R19": 0.8554397663101554,
                    "R2": 0.8612220496870577,
                    "R3": 0.8600535867735744,
                    "R4": 0.8582181455567479,
                    "R5": 0.863823164254427,
                    "R6": 0.858786758966744,
                    "R7": 0.8593139904551208,
                    "R8": 0.8589889858849347,
                    "R9": 0.8615900687873363,
                    "as": 5.152295001782477,
                    "comp": 0.4748272388242185,
                    "dc": 0
                }
            },
            "gen-secure": {
                "reward": 51204,
                "time": 175.92335702572018,
                "time_by_components": {
                    "R0": 6.228386212140322,