{
    "N": 70000,
    "arms": [
        0.5312831389183457,
        0.4305408271474019,
        0.3647932131495228,
        0.3404029692470838,
        0.3117709437963945,
        0.2799575821845175,
        0.2788971367974549,
        0.2704135737009544,
        0.24602332979851538,
        0.24602332979851538
    ],
    "boltzmann": {
        "it-34": {
            "args": {
                "alpha_seed": 709,
                "random_arm_seed": 607,
                "reward_seed": 34,
                "sigma_seed": 278,
                "tau": 0.06
            },
            "gen-distributed": {
                "reward": 34308,
                "time": 12.774786825291812,
                "time_by_components": {
                    "R0": 1.156273694243282,
                    "R1": 0.7962275156751275,
                    "R2": 0.6755195707082748,
                    "R3": 0.6828043637797236,
                    "R4": 0.6783843706361949,
                    "R5": 0.6670800526626408,
                    "R6": 0.6638760124333203,
                    "R7": 0.6666466412134469,
                    "R8": 0.6658564871177077,
                    "R9": 0.6722056465223432,
                    "as": 3.066845091059804,
                    "comp": 1.1033552489243448,
                    "dc": 0
                }
            },
            "gen-secure": {
                "reward": 34308,
                "time": 69.12128611188382,
                "time_by_components": {
                    "R0": 4.429151509422809,
                    "R1": 3.8222601246088743,
                    "R2": 3.5897594755515456,
                    "R3": 3.5521831433288753,
                    "R4": 3.504792906809598,
                    "R5": 3.4979171492159367,
                    "R6": 3.4984879111871123,
                    "R7": 3.475751438178122,
                    "R8": 3.4728639032691717,
                    "R9": 3.506233628373593,
                    "as": 3.6550107980147004,
                    "comp": 27.24008471518755,
                    "dc": 0.03314142720773816
                }
            },
            "std": {
                "reward": 34308,
                "time": 4.628203392028809
            }
        }
    },
    "e-greedy": {
        "it-34": {
            "args": {
                "alpha_seed": 14,
                "epsilon": 0.1,
                "epsilon_seed": 316,
                "random_arm_seed": 673,
                "reward_seed": 34,
                "sigma_seed": 11
            },
            "gen-distributed": {
                "reward": 35057,
                "time": 11.440561210736632,
                "time_by_components": {
                    "R0": 1.0940730581060052,
                    "R1": 0.6714483867399395,
                    "R2": 0.5879241684451699,
                    "R3": 0.5844304678030312,
                    "R4": 0.5844896486960351,
                    "R5": 0.5840294482186437,
                    "R6": 0.5835972973145545,
                    "R7": 0.5856658304110169,
                    "R8": 0.5829789633862674,
                    "R9": 0.5843404340557754,
                    "as": 2.947275268379599,
                    "comp": 0.2837266088463366,
                    "dc": 0
                }
            },
            "gen-secure": {
                "reward": 35057,
                "time": 64.10642840666696,
                "time_by_components": {
                    "R0": 4.139672940596938,
                    "R1": 3.4850930483080447,
                    "R2": 3.3035260709002614,
                    "R3": 3.2622848637402058,
                    "R4": 3.2238527117297053,
                    "R5": 3.215996905695647,
                    "R6": 3.204041847959161,
                    "R7": 3.196264115627855,
                    "R8": 3.1933723213151097,
                    "R9": 3.1892761127091944,
                    "as": 3.5258577805943787,
                    "comp": 24.800974377896637,
                    "dc": 0.03331470629200339
                }
            },
            "std": {
                "reward": 35057,
                "time": 4.29617977142334
            }
        }
    },
    "e-greedy-decreasing": {
        "it-34": {
            "args": {
                "alpha_seed": 171,
                "epsilon_seed": 709,
                "random_arm_seed": 607,
                "reward_seed": 34,
                "sigma_seed": 587
            },
            "gen-distributed": {
                "reward": 36318,
                "time": 11.710454460699111,
                "time_by_components": {
                    "R0": 1.212190271820873,
                    "R1": 0.6150149018503726,
                    "R2": 0.602678807452321,
                    "R3": 0.6016684011556208,
                    "R4": 0.6027300478890538,
                    "R5": 0.6011539939790964,
                    "R6": 0.6016742303036153,
                    "R7": 0.5999615611508489,
                    "R8": 0.60054537281394,
                    "R9": 0.6003342983312905,
                    "as": 2.9831284447573125,
                    "comp": 0.2691222596913576,
                    "dc": 0
                }
            },
            "gen-secure": {
                "reward": 36318,
                "time": 64.24254993209615,
                "time_by_components": {
                    "R0": 4.2499409527517855,
                    "R1": 3.421659686602652,
                    "R2": 3.317532290238887,
                    "R3": 3.27755008963868,
                    "R4": 3.241047821007669,
                    "R5": 3.24075967958197,
                    "R6": 3.227614253293723,
                    "R7": 3.2193540926091373,
                    "R8": 3.2106834100559354,
                    "R9": 3.207953479140997,
                    "as": 3.506168229971081,
                    "comp": 24.69945727242157,
                    "dc": 0.03325794916599989
                }
            },
            "std": {
                "reward": 36318,
                "time": 4.238110542297363
            }
        }
    },
    "nb_iterations": 50,
    "pursuit": {
        "it-34": {
            "args": {
                "alpha_seed": 709,
                "beta": 0.1,
                "random_arm_seed": 607,
                "reward_seed": 34,
                "sigma_seed": 587
            },
            "gen-distributed": {
                "reward": 37360,
                "time": 23.36464745597914,
                "time_by_components": {
                    "R0": 2.02754422230646,
                    "R1": 1.3297868287190795,
                    "R2": 1.309227241203189,
                    "R3": 1.3006391250528395,
                    "R4": 1.2993078157305717,
                    "R5": 1.3062557517550886,
                    "R6": 1.3013096251524985,
                    "R7": 1.2992137409746647,
                    "R8": 1.2979784305207431,
                    "R9": 1.298697252292186,
                    "as": 5.946441397070885,
                    "comp": 1.229925143532455,
                    "dc": 0
                }
            },
            "gen-secure": {
                "reward": 37360,
                "time": 132.95838033687323,
                "time_by_components": {
                    "R0": 8.32983520347625,
                    "R1": 7.237263230606914,
                    "R2": 6.9386238171719015,
                    "R3": 6.823658675886691,
                    "R4": 6.805650670081377,
                    "R5": 6.733717598486692,
                    "R6": 6.701674067880958,
                    "R7": 6.691991447005421,
                    "R8": 6.77501511014998,
                    "R9": 6.703178602270782,
                    "as": 7.24254472181201,
                    "comp": 52.43758880160749,
                    "dc": 0.03330340702086687
                }
            },
            "std": {
                "reward": 37360,