{
    "N": 80000,
    "arms": [
        0.5312831389183457,
        0.4305408271474019,
        0.3647932131495228,
        0.3404029692470838,
        0.3117709437963945,
        0.2799575821845175,
        0.2788971367974549,
        0.2704135737009544,
        0.24602332979851538,
        0.24602332979851538
    ],
    "boltzmann": {
        "it-1": {
            "args": {
                "alpha_seed": 720,
                "random_arm_seed": 236,
                "reward_seed": 1,
                "sigma_seed": 299,
                "tau": 0.06
            },
            "gen-distributed": {
                "reward": 39008,
                "time": 14.453399660997093,
                "time_by_components": {
                    "R0": 1.3088998370803893,
                    "R1": 0.9047154625877738,
                    "R2": 0.797195153310895,
                    "R3": 0.7560531320050359,
                    "R4": 0.769812969956547,
                    "R5": 0.7627942808903754,
                    "R6": 0.7571156714111567,
                    "R7": 0.7557462160475552,
                    "R8": 0.7561099412851036,
                    "R9": 0.7548116855323315,
                    "as": 3.438867676537484,
                    "comp": 1.2423736033961177,
                    "dc": 0
                }
            },
            "gen-secure": {
                "reward": 39008,
                "time": 78.75746298022568,
                "time_by_components": {
                    "R0": 5.000162508804351,
                    "R1": 4.338823771569878,
                    "R2": 4.118728467263281,
                    "R3": 4.031685011461377,
                    "R4": 3.9927479294128716,
                    "R5": 3.9800372514873743,
                    "R6": 3.961924211587757,
                    "R7": 3.9499930129386485,
                    "R8": 3.9440362453460693,
                    "R9": 3.9841421241872013,
                    "as": 4.089315266814083,
                    "comp": 31.13467534724623,
                    "dc": 0.03325664298608899
                }
            },
            "std": {
                "reward": 39008,
                "time": 4.999774932861328
            }
        }
    },
    "e-greedy": {
        "it-1": {
            "args": {
                "alpha_seed": 296,
                "epsilon": 0.1,
                "epsilon_seed": 703,
                "random_arm_seed": 856,
                "reward_seed": 1,
                "sigma_seed": 156
            },
            "gen-distributed": {
                "reward": 40819,
                "time": 12.98432114906609,
                "time_by_components": {
                    "R0": 1.3338809213601053,
                    "R1": 0.6799646453000605,
                    "R2": 0.6658374406397343,
                    "R3": 0.6648630364798009,
                    "R4": 0.6641919673420489,
                    "R5": 0.6634115423075855,
                    "R6": 0.6652835770510137,
                    "R7": 0.6650976520031691,
                    "R8": 0.6638036291114986,
                    "R9": 0.6638615187257528,
                    "as": 3.3329111472703516,
                    "comp": 0.31812347983941436,
                    "dc": 0
                }
            },
            "gen-secure": {
                "reward": 40819,
                "time": 72.02818908914924,
                "time_by_components": {
                    "R0": 4.680080314166844,
                    "R1": 3.808464284054935,
                    "R2": 3.6898745764046907,
                    "R3": 3.660629481077194,
                    "R4": 3.610859388485551,
                    "R5": 3.609159796964377,
                    "R6": 3.5930272536352277,
                    "R7": 3.592341834679246,
                    "R8": 3.5919843087904155,
                    "R9": 3.5840935660526156,
                    "as": 3.8818115536123514,
                    "comp": 27.979761476628482,
                    "dc": 0.0310145141556859
                }
            },
            "std": {
                "reward": 40819,
                "time": 4.560515642166138
            }
        }
    },
    "e-greedy-decreasing": {
        "it-1": {
            "args": {
                "alpha_seed": 828,
                "epsilon_seed": 666,
                "random_arm_seed": 882,
                "reward_seed": 1,
                "sigma_seed": 540
            },
            "gen-distributed": {
                "reward": 41419,
                "time": 13.42934782197699,
                "time_by_components": {
                    "R0": 1.393146752845496,
                    "R1": 0.696553670335561,
                    "R2": 0.6920382431708276,
                    "R3": 0.6892016702331603,
                    "R4": 0.6875018416903913,
                    "R5": 0.688685470726341,
                    "R6": 0.6900160647928715,
                    "R7": 0.6886068345047534,
                    "R8": 0.6881236000917852,
                    "R9": 0.6875934787094593,
                    "as": 3.419553338550031,
                    "comp": 0.30625963117927313,
                    "dc": 0
                }
            },
            "gen-secure": {
                "reward": 41419,
                "time": 74.53686113888398,
                "time_by_components": {
                    "R0": 4.915795316919684,
                    "R1": 3.9514990146271884,
                    "R2": 3.8363557010889053,
                    "R3": 3.7879937938414514,
                    "R4": 3.7535669817589223,
                    "R5": 3.733873777091503,
                    "R6": 3.7223237263970077,
                    "R7": 3.7210150291211903,
                    "R8": 3.76018488407135,
                    "R9": 3.72190258000046,
                    "as": 4.060476982966065,
                    "comp": 28.753755514044315,
                    "dc": 0.03310266695916653
                }
            },
            "std": {
                "reward": 41419,
                "time": 4.822193622589111
            }
        }
    },
    "nb_iterations": 30,
    "pursuit": {
        "it-1": {
            "args": {
                "alpha_seed": 720,
                "beta": 0.1,
                "random_arm_seed": 236,
                "reward_seed": 1,
                "sigma_seed": 109
            },
            "gen-distributed": {
                "reward": 34400,
                "time": 26.948590675834566,
                "time_by_components": {
                    "R0": 1.6315105650573969,
                    "R1": 2.2507064449600875,
                    "R2": 1.5133332288824022,
                    "R3": 1.4944254299625754,
                    "R4": 1.4999420181848109,
                    "R5": 1.504160778131336,
                    "R6": 1.4966595750302076,
                    "R7": 1.4941152068786323,
                    "R8": 1.4912986163981259,
                    "R9": 1.4932883344590664,
                    "as": 6.8641248238272965,
                    "comp": 1.4136577430181205,
                    "dc": 0
                }
            },
            "gen-secure": {
                "reward": 34400,
                "time": 152.32080085296184,
                "time_by_components": {
                    "R0": 8.72089997632429,
                    "R1": 9.00413281423971,
                    "R2": 8.025150440167636,
                    "R3": 7.832912993617356,
                    "R4": 7.796489068772644,
                    "R5": 7.755847829859704,
                    "R6": 7.730720452032983,
                    "R7": 7.648026566021144,
                    "R8": 7.6420255205594,
                    "R9": 7.627220758236945,
                    "as": 8.150601190980524,
                    "comp": 60.18863341026008,
                    "dc": 0.03313308395445347
                }
            },
            "std": {
                "reward": 34400,