{
    "N": 100000,
    "arms": [
        0.5312831389183457,
        0.4305408271474019,
        0.3647932131495228,
        0.3404029692470838,
        0.3117709437963945,
        0.2799575821845175,
        0.2788971367974549,
        0.2704135737009544,
        0.24602332979851538,
        0.24602332979851538
    ],
    "boltzmann": {
        "it-37": {
            "args": {
                "alpha_seed": 201,
                "random_arm_seed": 783,
                "reward_seed": 37,
                "sigma_seed": 448,
                "tau": 0.06
            },
            "gen-distributed": {
                "reward": 49229,
                "time": 18.147242665756494,
                "time_by_components": {
                    "R0": 1.6709976186975837,
                    "R1": 1.0938143995590508,
                    "R2": 0.985743407625705,
                    "R3": 0.9624955565668643,
                    "R4": 0.9470993224531412,
                    "R5": 0.958632352296263,
                    "R6": 0.9498083512298763,
                    "R7": 0.9476380380801857,
                    "R8": 0.9464691691100597,
                    "R9": 0.9415818862617016,
                    "as": 4.35404984280467,
                    "comp": 1.5663776812143624,
                    "dc": 0
                }
            },
            "gen-secure": {
                "reward": 49229,
                "time": 98.14150293171406,
                "time_by_components": {
                    "R0": 6.313145044259727,
                    "R1": 5.3748614098876715,
                    "R2": 5.104378223884851,
                    "R3": 5.0211882730945945,
                    "R4": 4.944204885046929,
                    "R5": 4.943341908045113,
                    "R6": 4.917125473264605,
                    "R7": 4.926331902854145,
                    "R8": 4.909821733366698,
                    "R9": 4.912265631835908,
                    "as": 5.208041285164654,
                    "comp": 38.92762131942436,
                    "dc": 0.0333203449845314
                }
            },
            "std": {
                "reward": 49229,
                "time": 6.512219190597534
            }
        }
    },
    "e-greedy": {
        "it-37": {
            "args": {
                "alpha_seed": 155,
                "epsilon": 0.1,
                "epsilon_seed": 406,
                "random_arm_seed": 992,
                "reward_seed": 37,
                "sigma_seed": 248
            },
            "gen-distributed": {
                "reward": 51247,
                "time": 16.369575574994087,
                "time_by_components": {
                    "R0": 1.6818701140582561,
                    "R1": 0.8440889976918697,
                    "R2": 0.8334179064258933,
                    "R3": 0.8320794110186398,
                    "R4": 0.8323053391650319,
                    "R5": 0.8347613061778247,
                    "R6": 0.8311904408037663,
                    "R7": 0.8318512476980686,
                    "R8": 0.8313785251230001,
                    "R9": 0.8313759942539036,
                    "as": 4.246667709201574,
                    "comp": 0.41042774450033903,
                    "dc": 0
                }
            },
            "gen-secure": {
                "reward": 51247,
                "time": 90.22950160922483,
                "time_by_components": {
                    "R0": 5.895361012313515,
                    "R1": 4.743260209914297,
                    "R2": 4.652495249174535,
                    "R3": 4.56174095813185,
                    "R4": 4.5086470898240805,
                    "R5": 4.512153363786638,
                    "R6": 4.499284111429006,
                    "R7": 4.4823014652356505,
                    "R8": 4.492538092657924,
                    "R9": 4.4797632889822125,
                    "as": 4.990714661311358,
                    "comp": 35.08874145383015,
                    "dc": 0.031445277854800224
                }
            },
            "std": {
                "reward": 51247,
                "time": 6.16588020324707
            }
        }
    },
    "e-greedy-decreasing": {
        "it-37": {
            "args": {
                "alpha_seed": 696,
                "epsilon_seed": 201,
                "random_arm_seed": 783,
                "reward_seed": 37,
                "sigma_seed": 42
            },
            "gen-distributed": {
                "reward": 51878,
                "time": 16.557370983995497,
                "time_by_components": {
                    "R0": 1.7300196471624076,
                    "R1": 0.8638004325330257,
                    "R2": 0.8553709420375526,
                    "R3": 0.8511769757606089,
                    "R4": 0.8514577019959688,
                    "R5": 0.8525374997407198,
                    "R6": 0.8501971340738237,
                    "R7": 0.850409621372819,
                    "R8": 0.8494197935797274,
                    "R9": 0.8512888243421912,
                    "as": 4.219426996540278,
                    "comp": 0.37474159663543105,
                    "dc": 0
                }
            },
            "gen-secure": {
                "reward": 51878,
                "time": 93.0601505888626,
                "time_by_components": {
                    "R0": 6.095545841380954,
                    "R1": 4.929512646980584,
                    "R2": 4.777444561943412,
                    "R3": 4.729006500449032,
                    "R4": 4.669560086447746,
                    "R5": 4.66128212492913,
                    "R6": 4.640174733009189,
                    "R7": 4.63057410530746,
                    "R8": 4.632419451605529,
                    "R9": 4.621535190846771,
                    "as": 5.036552764475346,
                    "comp": 36.168348140548915,
                    "dc": 0.03318963712081313
                }
            },
            "std": {
                "reward": 51878,
                "time": 5.667401313781738
            }
        }
    },
    "nb_iterations": 50,
    "pursuit": {
        "it-37": {
            "args": {
                "alpha_seed": 201,
                "beta": 0.1,
                "random_arm_seed": 783,
                "reward_seed": 37,
                "sigma_seed": 42
            },
            "gen-distributed": {
                "reward": 42958,
                "time": 33.64224220486358,
                "time_by_components": {
                    "R0": 2.0120019828900695,
                    "R1": 2.827960520517081,
                    "R2": 1.8954631914384663,
                    "R3": 1.8746626721695065,
                    "R4": 1.8653766307979822,
                    "R5": 1.8764434210024774,
                    "R6": 1.873386399820447,
                    "R7": 1.8711040648631752,
                    "R8": 1.8652605470269918,
                    "R9": 1.86532397614792,
                    "as": 8.543119204230607,
                    "comp": 1.756030520889908,
                    "dc": 0
                }
            },
            "gen-secure": {
                "reward": 42958,
                "time": 191.32283492619172,
                "time_by_components": {
                    "R0": 10.936309943906963,
                    "R1": 11.345170794986188,
                    "R2": 9.996117136906832,
                    "R3": 9.788286916911602,
                    "R4": 9.7810253999196,
                    "R5": 9.772856961935759,
                    "R6": 9.648360083345324,
                    "R7": 9.714586157817394,
                    "R8": 9.590526974759996,
                    "R9": 9.575601008720696,
                    "as": 10.390514180995524,
                    "comp": 75.71332018217072,
                    "dc": 0.03321434184908867
                }
            },
            "std": {
                "reward": 42958,