{
    "N": 80000,
    "arms": [
        0.5312831389183457,
        0.4305408271474019,
        0.3647932131495228,
        0.3404029692470838,
        0.3117709437963945,
        0.2799575821845175,
        0.2788971367974549,
        0.2704135737009544,
        0.24602332979851538,
        0.24602332979851538
    ],
    "boltzmann": {
        "it-41": {
            "args": {
                "alpha_seed": 407,
                "random_arm_seed": 206,
                "reward_seed": 41,
                "sigma_seed": 254,
                "tau": 0.06
            },
            "gen-distributed": {
                "reward": 38736,
                "time": 14.373318372294307,
                "time_by_components": {
                    "R0": 1.2999605983495712,
                    "R1": 0.8676727581769228,
                    "R2": 0.778002209495753,
                    "R3": 0.7702052858658135,
                    "R4": 0.7596370130777359,
                    "R5": 0.7526213596574962,
                    "R6": 0.7609762921929359,
                    "R7": 0.7600789489224553,
                    "R8": 0.7576975645497441,
                    "R9": 0.752373652998358,
                    "as": 3.438084797002375,
                    "comp": 1.2329960181377828,
                    "dc": 0
                }
            },
            "gen-secure": {
                "reward": 38736,
                "time": 78.53106999397278,
                "time_by_components": {
                    "R0": 5.0664157113060355,
                    "R1": 4.317315420135856,
                    "R2": 4.1002980642952025,
                    "R3": 4.035219099372625,
                    "R4": 3.968133385758847,
                    "R5": 3.9657865171320736,
                    "R6": 3.946836535818875,
                    "R7": 3.9408129272051156,
                    "R8": 3.926793312188238,
                    "R9": 3.9495812747627497,
                    "as": 4.185822707600892,
                    "comp": 31.00838878005743,
                    "dc": 0.033326948992908
                }
            },
            "std": {
                "reward": 38736,
                "time": 5.304199457168579
            }
        }
    },
    "e-greedy": {
        "it-41": {
            "args": {
                "alpha_seed": 570,
                "epsilon": 0.1,
                "epsilon_seed": 260,
                "random_arm_seed": 536,
                "reward_seed": 41,
                "sigma_seed": 337
            },
            "gen-distributed": {
                "reward": 40785,
                "time": 13.130248662084341,
                "time_by_components": {
                    "R0": 1.3347073416225612,
                    "R1": 0.6758319088257849,
                    "R2": 0.6763591999188066,
                    "R3": 0.6676320829428732,
                    "R4": 0.6669885497540236,
                    "R5": 0.6656867214478552,
                    "R6": 0.6659397897310555,
                    "R7": 0.6657494367100298,
                    "R8": 0.6661485671065748,
                    "R9": 0.666718415915966,
                    "as": 3.411613960750401,
                    "comp": 0.32864824729040265,
                    "dc": 0
                }
            },
            "gen-secure": {
                "reward": 40785,
                "time": 72.58651028992608,
                "time_by_components": {
                    "R0": 4.718881746288389,
                    "R1": 3.8276270804926753,
                    "R2": 3.7391301691532135,
                    "R3": 3.687865969724953,
                    "R4": 3.6423714836128056,
                    "R5": 3.6280536237172782,
                    "R6": 3.6180816018022597,
                    "R7": 3.629044777713716,
                    "R8": 3.6141540869139135,
                    "R9": 3.619702255818993,
                    "as": 3.99030656600371,
                    "comp": 28.18008538801223,
                    "dc": 0.0331847402267158
                }
            },
            "std": {
                "reward": 40785,
                "time": 4.895798683166504
            }
        }
    },
    "e-greedy-decreasing": {
        "it-41": {
            "args": {
                "alpha_seed": 657,
                "epsilon_seed": 407,
                "random_arm_seed": 206,
                "reward_seed": 41,
                "sigma_seed": 945
            },
            "gen-distributed": {
                "reward": 41300,
                "time": 12.687750891316682,
                "time_by_components": {
                    "R0": 1.2964426893740892,
                    "R1": 0.6806925130076706,
                    "R2": 0.651564862113446,
                    "R3": 0.6498791156336665,
                    "R4": 0.649469643831253,
                    "R5": 0.6497890814207494,
                    "R6": 0.6498670824803412,
                    "R7": 0.6486437949351966,
                    "R8": 0.6486714631319046,
                    "R9": 0.6503323335200548,
                    "as": 3.2502722521312535,
                    "comp": 0.2879338641650975,
                    "dc": 0
                }
            },
            "gen-secure": {
                "reward": 41300,
                "time": 75.1645158068277,
                "time_by_components": {
                    "R0": 4.913136141374707,
                    "R1": 4.012928482145071,
                    "R2": 3.8748730532824993,
                    "R3": 3.8323373557068408,
                    "R4": 3.7914468245580792,
                    "R5": 3.779848316218704,
                    "R6": 3.7633129162713885,
                    "R7": 3.758561711292714,
                    "R8": 3.752286547329277,
                    "R9": 3.7468918478116393,
                    "as": 3.991047038231045,
                    "comp": 29.123091708868742,
                    "dc": 0.03319674590602517
                }
            },
            "std": {
                "reward": 41300,
                "time": 4.847414255142212
            }
        }
    },
    "nb_iterations": 50,
    "pursuit": {
        "it-41": {
            "args": {
                "alpha_seed": 407,
                "beta": 0.1,
                "random_arm_seed": 206,
                "reward_seed": 41,
                "sigma_seed": 945
            },
            "gen-distributed": {
                "reward": 34400,
                "time": 26.95750165078789,
                "time_by_components": {
                    "R0": 1.6088655120693147,
                    "R1": 2.250152892898768,
                    "R2": 1.5057099480181932,
                    "R3": 1.493457620497793,
                    "R4": 1.4934816332533956,
                    "R5": 1.4982322794385254,
                    "R6": 1.4984731758013368,
                    "R7": 1.4943205476738513,
                    "R8": 1.4907287596724927,
                    "R9": 1.4944730903953314,
                    "as": 6.885044062510133,
                    "comp": 1.41737111331895,
                    "dc": 0
                }
            },
            "gen-secure": {
                "reward": 34400,
                "time": 153.61654973961413,
                "time_by_components": {
                    "R0": 8.77981790388003,
                    "R1": 9.097737989854068,
                    "R2": 8.04557256726548,
                    "R3": 7.982933567371219,
                    "R4": 7.7922148033976555,
                    "R5": 7.768216501455754,
                    "R6": 7.831317714881152,
                    "R7": 7.800938826519996,
                    "R8": 7.73389664106071,
                    "R9": 7.797094382345676,
                    "as": 8.330353022087365,
                    "comp": 60.55175492307171,
                    "dc": 0.03315773140639067
                }
            },
            "std": {
                "reward": 34400,