{
    "N": 50000,
    "arms": [
        0.5312831389183457,
        0.4305408271474019,
        0.3647932131495228,
        0.3404029692470838,
        0.3117709437963945,
        0.2799575821845175,
        0.2788971367974549,
        0.2704135737009544,
        0.24602332979851538,
        0.24602332979851538
    ],
    "boltzmann": {
        "it-5": {
            "args": {
                "alpha_seed": 536,
                "random_arm_seed": 723,
                "reward_seed": 5,
                "sigma_seed": 788,
                "tau": 0.06
            },
            "gen-distributed": {
                "reward": 24984,
                "time": 9.100753053091466,
                "time_by_components": {
                    "R0": 0.8523239749483764,
                    "R1": 0.5553463632240891,
                    "R2": 0.4970501512289047,
                    "R3": 0.4813777911476791,
                    "R4": 0.478224060498178,
                    "R5": 0.47441972186788917,
                    "R6": 0.47309275437146425,
                    "R7": 0.4781598309054971,
                    "R8": 0.4750850684940815,
                    "R9": 0.4723544642329216,
                    "as": 2.1712950407527387,
                    "comp": 0.7824672251008451,
                    "dc": 0
                }
            },
            "gen-secure": {
                "reward": 24984,
                "time": 50.21691873902455,
                "time_by_components": {
                    "R0": 3.265909358393401,
                    "R1": 2.783555536996573,
                    "R2": 2.6454173596575856,
                    "R3": 2.599157329648733,
                    "R4": 2.5605232743546367,
                    "R5": 2.560857939068228,
                    "R6": 2.5412128483876586,
                    "R7": 2.5461291992105544,
                    "R8": 2.5372275388799608,
                    "R9": 2.529942194465548,
                    "as": 2.6045071952976286,
                    "comp": 19.62897428777069,
                    "dc": 0.03341671731323004
                }
            },
            "std": {
                "reward": 24984,
                "time": 3.2477364540100098
            }
        }
    },
    "e-greedy": {
        "it-5": {
            "args": {
                "alpha_seed": 194,
                "epsilon": 0.1,
                "epsilon_seed": 598,
                "random_arm_seed": 664,
                "reward_seed": 5,
                "sigma_seed": 563
            },
            "gen-distributed": {
                "reward": 25673,
                "time": 8.097434625029564,
                "time_by_components": {
                    "R0": 0.8386759185232222,
                    "R1": 0.4188267490826547,
                    "R2": 0.4154402404092252,
                    "R3": 0.4154041726142168,
                    "R4": 0.41411517607048154,
                    "R5": 0.4154125861823559,
                    "R6": 0.41510432213544846,
                    "R7": 0.41566801676526666,
                    "R8": 0.4145458145067096,
                    "R9": 0.4154409980401397,
                    "as": 2.090153391007334,
                    "comp": 0.1967087327502668,
                    "dc": 0
                }
            },
            "gen-secure": {
                "reward": 25673,
                "time": 46.03717010002583,
                "time_by_components": {
                    "R0": 3.0262255277484655,
                    "R1": 2.455136911943555,
                    "R2": 2.38737923046574,
                    "R3": 2.363422860391438,
                    "R4": 2.3357586190104485,
                    "R5": 2.334477551281452,
                    "R6": 2.3256594291888177,
                    "R7": 2.3222472318448126,
                    "R8": 2.319357233121991,
                    "R9": 2.3268550927750766,
                    "as": 2.4798492873087525,
                    "comp": 17.62082691397518,
                    "dc": 0.0331554040312767
                }
            },
            "std": {
                "reward": 25673,
                "time": 3.0613834857940674
            }
        }
    },
    "e-greedy-decreasing": {
        "it-5": {
            "args": {
                "alpha_seed": 194,
                "epsilon_seed": 598,
                "random_arm_seed": 664,
                "reward_seed": 5,
                "sigma_seed": 563
            },
            "gen-distributed": {
                "reward": 25953,
                "time": 8.246034590993077,
                "time_by_components": {
                    "R0": 0.8602394075132906,
                    "R1": 0.42763218050822616,
                    "R2": 0.42398092756047845,
                    "R3": 0.4230782766826451,
                    "R4": 0.4228728702291846,
                    "R5": 0.4228986781090498,
                    "R6": 0.4232811131514609,
                    "R7": 0.42329850420355797,
                    "R8": 0.424411749932915,
                    "R9": 0.423412979580462,
                    "as": 2.108214450534433,
                    "comp": 0.18952836794778705,
                    "dc": 0
                }
            },
            "gen-secure": {
                "reward": 25953,
                "time": 47.521536787971854,
                "time_by_components": {
                    "R0": 3.1362003716640174,
                    "R1": 2.537702179979533,
                    "R2": 2.4657949986867607,
                    "R3": 2.441267038229853,
                    "R4": 2.412275191396475,
                    "R5": 2.405776644125581,
                    "R6": 2.4015390872955322,
                    "R7": 2.4037704062648118,
                    "R8": 2.394948028959334,
                    "R9": 2.3913872139528394,
                    "as": 2.5690953209996223,
                    "comp": 18.177098692860454,
                    "dc": 0.033272203989326954
                }
            },
            "std": {
                "reward": 25953,
                "time": 3.0000455379486084
            }
        }
    },
    "nb_iterations": 30,
    "pursuit": {
        "it-5": {
            "args": {
                "alpha_seed": 536,
                "beta": 0.1,
                "random_arm_seed": 723,
                "reward_seed": 5,
                "sigma_seed": 966
            },
            "gen-distributed": {
                "reward": 21554,
                "time": 16.8424760568887,
                "time_by_components": {
                    "R0": 1.0184352253563702,
                    "R1": 1.4123000716790557,
                    "R2": 0.9472244861535728,
                    "R3": 0.937808227725327,
                    "R4": 0.9357954910956323,
                    "R5": 0.9385639978572726,
                    "R6": 0.9367059972137213,
                    "R7": 0.9386460776440799,
                    "R8": 0.9366324823349714,
                    "R9": 0.9360422464087605,
                    "as": 4.304681282024831,
                    "comp": 0.8833055524155498,
                    "dc": 0
                }
            },
            "gen-secure": {
                "reward": 21554,
                "time": 96.48607041593641,
                "time_by_components": {
                    "R0": 5.564855118282139,
                    "R1": 5.729814435355365,
                    "R2": 5.120913594029844,
                    "R3": 4.987144234124571,
                    "R4": 4.9160345937125385,
                    "R5": 4.90312111005187,
                    "R6": 4.889259105082601,
                    "R7": 4.946709548123181,
                    "R8": 4.944564924575388,
                    "R9": 4.872740695253015,
                    "as": 5.146780775859952,
                    "comp": 37.84146338747814,
                    "dc": 0.03319736570119858
                }
            },
            "std": {
                "reward": 21554,