{
    "N": 80000,
    "arms": [
        0.5312831389183457,
        0.4305408271474019,
        0.3647932131495228,
        0.3404029692470838,
        0.3117709437963945,
        0.2799575821845175,
        0.2788971367974549,
        0.2704135737009544,
        0.24602332979851538,
        0.24602332979851538
    ],
    "boltzmann": {
        "it-19": {
            "args": {
                "alpha_seed": 431,
                "random_arm_seed": 336,
                "reward_seed": 19,
                "sigma_seed": 815,
                "tau": 0.06
            },
            "gen-distributed": {
                "reward": 40526,
                "time": 14.536334407050163,
                "time_by_components": {
                    "R0": 1.410683387890458,
                    "R1": 0.8699559369124472,
                    "R2": 0.7766864006407559,
                    "R3": 0.7559959730133414,
                    "R4": 0.7526344517245889,
                    "R5": 0.7653231043368578,
                    "R6": 0.7571868915110826,
                    "R7": 0.7549809701740742,
                    "R8": 0.758625001180917,
                    "R9": 0.7586164777167141,
                    "as": 3.4666128954850137,
                    "comp": 1.2524272673763335,
                    "dc": 0
                }
            },
            "gen-secure": {
                "reward": 40526,
                "time": 79.14451250014827,
                "time_by_components": {
                    "R0": 5.161948302295059,
                    "R1": 4.327658613678068,
                    "R2": 4.122071567922831,
                    "R3": 4.058833376504481,
                    "R4": 3.9937906325794756,
                    "R5": 3.997900460381061,
                    "R6": 3.969881954137236,
                    "R7": 3.9605543264187872,
                    "R8": 3.9695228463970125,
                    "R9": 3.957618975546211,
                    "as": 4.12287152511999,
                    "comp": 31.26939192181453,
                    "dc": 0.03301389887928963
                }
            },
            "std": {
                "reward": 40526,
                "time": 5.348586797714233
            }
        }
    },
    "e-greedy": {
        "it-19": {
            "args": {
                "alpha_seed": 301,
                "epsilon": 0.1,
                "epsilon_seed": 259,
                "random_arm_seed": 34,
                "reward_seed": 19,
                "sigma_seed": 773
            },
            "gen-distributed": {
                "reward": 40904,
                "time": 12.997994455043226,
                "time_by_components": {
                    "R0": 1.342622731346637,
                    "R1": 0.6731329280883074,
                    "R2": 0.6660048328340054,
                    "R3": 0.6640499564819038,
                    "R4": 0.6648218296468258,
                    "R5": 0.6650919714011252,
                    "R6": 0.6650932356715202,
                    "R7": 0.66340337600559,
                    "R8": 0.6640862710773945,
                    "R9": 0.6645474974066019,
                    "as": 3.338089092168957,
                    "comp": 0.31828578980639577,
                    "dc": 0
                }
            },
            "gen-secure": {
                "reward": 40904,
                "time": 72.66000928683206,
                "time_by_components": {
                    "R0": 4.745530417189002,
                    "R1": 3.8475772119127214,
                    "R2": 3.739258621353656,
                    "R3": 3.6938823303207755,
                    "R4": 3.651489951182157,
                    "R5": 3.63830309221521,
                    "R6": 3.62949325889349,
                    "R7": 3.6229061181657016,
                    "R8": 3.6199621870182455,
                    "R9": 3.614995109383017,
                    "as": 3.957560170441866,
                    "comp": 28.1284532235004,
                    "dc": 0.033150781877338886
                }
            },
            "std": {
                "reward": 40904,
                "time": 4.8037474155426025
            }
        }
    },
    "e-greedy-decreasing": {
        "it-19": {
            "args": {
                "alpha_seed": 301,
                "epsilon_seed": 259,
                "random_arm_seed": 34,
                "reward_seed": 19,
                "sigma_seed": 773
            },
            "gen-distributed": {
                "reward": 41212,
                "time": 13.263360244221985,
                "time_by_components": {
                    "R0": 1.365050956606865,
                    "R1": 0.7073380965739489,
                    "R2": 0.6820796052925289,
                    "R3": 0.6813566843047738,
                    "R4": 0.6807970982044935,
                    "R5": 0.6803547409363091,
                    "R6": 0.6807055417448282,
                    "R7": 0.6809255047701299,
                    "R8": 0.6805022517219186,
                    "R9": 0.6815204569138587,
                    "as": 3.3871005163528025,
                    "comp": 0.30189013248309493,
                    "dc": 0
                }
            },
            "gen-secure": {
                "reward": 41212,
                "time": 74.62662458186969,
                "time_by_components": {
                    "R0": 4.891900612041354,
                    "R1": 3.9796595545485616,
                    "R2": 3.842010377906263,
                    "R3": 3.797285461332649,
                    "R4": 3.7668945752084255,
                    "R5": 3.7535685217007995,
                    "R6": 3.7470366582274437,
                    "R7": 3.730902445036918,
                    "R8": 3.723196111153811,
                    "R9": 3.721521374769509,
                    "as": 4.031752743758261,
                    "comp": 28.835026116110384,
                    "dc": 0.033282240852713585
                }
            },
            "std": {
                "reward": 41212,
                "time": 4.937559127807617
            }
        }
    },
    "nb_iterations": 30,
    "pursuit": {
        "it-19": {
            "args": {
                "alpha_seed": 431,
                "beta": 0.1,
                "random_arm_seed": 336,
                "reward_seed": 19,
                "sigma_seed": 329
            },
            "gen-distributed": {
                "reward": 34403,
                "time": 26.915492912288755,
                "time_by_components": {
                    "R0": 1.632744770962745,
                    "R1": 2.2621559924446046,
                    "R2": 1.5129946409724653,
                    "R3": 1.5009188610129058,
                    "R4": 1.5003877580165863,
                    "R5": 1.5032703937031329,
                    "R6": 1.5013313381932676,
                    "R7": 1.4977404903620481,
                    "R8": 1.5010034893639386,
                    "R9": 1.5066218725405633,
                    "as": 6.830094776581973,
                    "comp": 1.4138741809874773,
                    "dc": 0
                }
            },
            "gen-secure": {
                "reward": 34403,
                "time": 153.96722847921774,
                "time_by_components": {
                    "R0": 8.844423654023558,
                    "R1": 9.112435990013182,
                    "R2": 8.04934775736183,
                    "R3": 7.898927795235068,
                    "R4": 7.898893260397017,
                    "R5": 7.779581461567432,
                    "R6": 7.744107593316585,
                    "R7": 7.725478747859597,
                    "R8": 7.816953229252249,
                    "R9": 7.802341124974191,
                    "as": 8.2550929361023,
                    "comp": 60.84289859095588,
                    "dc": 0.033074080012738705
                }
            },
            "std": {
                "reward": 34403,