{
    "N": 50000,
    "arms": [
        0.5312831389183457,
        0.4305408271474019,
        0.3647932131495228,
        0.3404029692470838,
        0.3117709437963945,
        0.2799575821845175,
        0.2788971367974549,
        0.2704135737009544,
        0.24602332979851538,
        0.24602332979851538
    ],
    "boltzmann": {
        "it-1": {
            "args": {
                "alpha_seed": 842,
                "random_arm_seed": 148,
                "reward_seed": 1,
                "sigma_seed": 654,
                "tau": 0.06
            },
            "gen-distributed": {
                "reward": 25006,
                "time": 9.093024336732924,
                "time_by_components": {
                    "R0": 0.849374701268971,
                    "R1": 0.5633223294280469,
                    "R2": 0.5056947865523398,
                    "R3": 0.47369397478178144,
                    "R4": 0.47165553411468863,
                    "R5": 0.471477591432631,
                    "R6": 0.47711244178935885,
                    "R7": 0.47107879584655166,
                    "R8": 0.4746323232538998,
                    "R9": 0.47052719350904226,
                    "as": 2.1747453990392387,
                    "comp": 0.7839560313150287,
                    "dc": 0
                }
            },
            "gen-secure": {
                "reward": 25006,
                "time": 50.36691350117326,
                "time_by_components": {
                    "R0": 3.3101620227098465,
                    "R1": 2.776468698401004,
                    "R2": 2.6716803833842278,
                    "R3": 2.5996228302828968,
                    "R4": 2.5493333567865193,
                    "R5": 2.534589630551636,
                    "R6": 2.542943512555212,
                    "R7": 2.527816327288747,
                    "R8": 2.5736040766350925,
                    "R9": 2.58185441698879,
                    "as": 2.6058829235844314,
                    "comp": 19.66390475584194,
                    "dc": 0.03314788406714797
                }
            },
            "std": {
                "reward": 25006,
                "time": 3.3518691062927246
            }
        }
    },
    "e-greedy": {
        "it-1": {
            "args": {
                "alpha_seed": 211,
                "epsilon": 0.1,
                "epsilon_seed": 565,
                "random_arm_seed": 528,
                "reward_seed": 1,
                "sigma_seed": 476
            },
            "gen-distributed": {
                "reward": 25351,
                "time": 8.3093828917481,
                "time_by_components": {
                    "R0": 0.8278534756973386,
                    "R1": 0.4610801222734153,
                    "R2": 0.4288813634775579,
                    "R3": 0.4220897383056581,
                    "R4": 0.4221478942781687,
                    "R5": 0.4227706827223301,
                    "R6": 0.4209073055535555,
                    "R7": 0.42290459480136633,
                    "R8": 0.41975385043770075,
                    "R9": 0.42139787459746003,
                    "as": 2.1524026500992477,
                    "comp": 0.20776767516508698,
                    "dc": 0
                }
            },
            "gen-secure": {
                "reward": 25351,
                "time": 47.16782357823104,
                "time_by_components": {
                    "R0": 3.16540471278131,
                    "R1": 2.530323118902743,
                    "R2": 2.4301598505117,
                    "R3": 2.402205081190914,
                    "R4": 2.3765101032331586,
                    "R5": 2.3702090648002923,
                    "R6": 2.361970072146505,
                    "R7": 2.3569954559206963,
                    "R8": 2.3849526406265795,
                    "R9": 2.3643320240080357,
                    "as": 2.5380382547155023,
                    "comp": 18.09625489031896,
                    "dc": 0.03324225917458534
                }
            },
            "std": {
                "reward": 25351,
                "time": 3.137220621109009
            }
        }
    },
    "e-greedy-decreasing": {
        "it-1": {
            "args": {
                "alpha_seed": 704,
                "epsilon_seed": 527,
                "random_arm_seed": 264,
                "reward_seed": 1,
                "sigma_seed": 411
            },
            "gen-distributed": {
                "reward": 25842,
                "time": 8.572508894838393,
                "time_by_components": {
                    "R0": 0.8799252980388701,
                    "R1": 0.4451795965433121,
                    "R2": 0.43489109817892313,
                    "R3": 0.43484876630827785,
                    "R4": 0.43375084875151515,
                    "R5": 0.4352062954567373,
                    "R6": 0.4347006785683334,
                    "R7": 0.4365324415266514,
                    "R8": 0.43406745605170727,
                    "R9": 0.435165680013597,
                    "as": 2.22614817507565,
                    "comp": 0.20091166766360402,
                    "dc": 0
                }
            },
            "gen-secure": {
                "reward": 25842,
                "time": 46.751281092874706,
                "time_by_components": {
                    "R0": 3.086091736331582,
                    "R1": 2.509075593203306,
                    "R2": 2.426062989514321,
                    "R3": 2.395780971739441,
                    "R4": 2.3667878923006356,
                    "R5": 2.3680741195566952,
                    "R6": 2.3565906332805753,
                    "R7": 2.355975197162479,
                    "R8": 2.3490752247162163,
                    "R9": 2.363786262460053,
                    "as": 2.503360207658261,
                    "comp": 17.926419543102384,
                    "dc": 0.033135825768113136
                }
            },
            "std": {
                "reward": 25842,
                "time": 3.7130074501037598
            }
        }
    },
    "nb_iterations": 30,
    "pursuit": {
        "it-1": {
            "args": {
                "alpha_seed": 842,
                "beta": 0.1,
                "random_arm_seed": 148,
                "reward_seed": 1,
                "sigma_seed": 766
            },
            "gen-distributed": {
                "reward": 21562,
                "time": 16.847896145656705,
                "time_by_components": {
                    "R0": 1.0205515236593783,
                    "R1": 1.4123475570231676,
                    "R2": 0.9448956972919405,
                    "R3": 0.935922687407583,
                    "R4": 0.9331474271602929,
                    "R5": 0.9347872920334339,
                    "R6": 0.9330606418661773,
                    "R7": 0.9321320676244795,
                    "R8": 0.9312761444598436,
                    "R9": 0.9330463940277696,
                    "as": 4.312003317289054,
                    "comp": 0.8945039613172412,
                    "dc": 0
                }
            },
            "gen-secure": {
                "reward": 21562,
                "time": 96.56723048910499,
                "time_by_components": {
                    "R0": 5.618958360049874,
                    "R1": 5.777631746605039,
                    "R2": 5.130875718779862,
                    "R3": 5.030111616011709,
                    "R4": 4.9586398540996015,
                    "R5": 4.902276790235192,
                    "R6": 4.9347872524522245,
                    "R7": 4.887013768777251,
                    "R8": 4.913161251228303,
                    "R9": 4.854135371744633,
                    "as": 5.143445186782628,
                    "comp": 37.770530917681754,
                    "dc": 0.03329420415684581
                }
            },
            "std": {
                "reward": 21562,