{
    "N": 70000,
    "arms": [
        0.5312831389183457,
        0.4305408271474019,
        0.3647932131495228,
        0.3404029692470838,
        0.3117709437963945,
        0.2799575821845175,
        0.2788971367974549,
        0.2704135737009544,
        0.24602332979851538,
        0.24602332979851538
    ],
    "boltzmann": {
        "it-19": {
            "args": {
                "alpha_seed": 759,
                "random_arm_seed": 104,
                "reward_seed": 19,
                "sigma_seed": 269,
                "tau": 0.06
            },
            "gen-distributed": {
                "reward": 34427,
                "time": 12.741187289822847,
                "time_by_components": {
                    "R0": 1.168513209093362,
                    "R1": 0.7902266886085272,
                    "R2": 0.6916856900788844,
                    "R3": 0.6758252591826022,
                    "R4": 0.670201133005321,
                    "R5": 0.6737400921992958,
                    "R6": 0.6661109128035605,
                    "R7": 0.6626465050503612,
                    "R8": 0.663379758130759,
                    "R9": 0.6664739861153066,
                    "as": 3.044178477022797,
                    "comp": 1.0985265434719622,
                    "dc": 0
                }
            },
            "gen-secure": {
                "reward": 34427,
                "time": 69.5472011109814,
                "time_by_components": {
                    "R0": 4.455006725620478,
                    "R1": 3.8318605585955083,
                    "R2": 3.627766012214124,
                    "R3": 3.5735282711684704,
                    "R4": 3.5182809359394014,
                    "R5": 3.5209842775948346,
                    "R6": 3.4963876847177744,
                    "R7": 3.498212546110153,
                    "R8": 3.515841678250581,
                    "R9": 3.4946804768405855,
                    "as": 3.6448458931408823,
                    "comp": 27.413383581209928,
                    "dc": 0.033515624701976776
                }
            },
            "std": {
                "reward": 34427,
                "time": 4.578917503356934
            }
        }
    },
    "e-greedy": {
        "it-19": {
            "args": {
                "alpha_seed": 583,
                "epsilon": 0.1,
                "epsilon_seed": 830,
                "random_arm_seed": 189,
                "reward_seed": 19,
                "sigma_seed": 282
            },
            "gen-distributed": {
                "reward": 35859,
                "time": 11.347664039116353,
                "time_by_components": {
                    "R0": 1.1750994944013655,
                    "R1": 0.5898689036257565,
                    "R2": 0.5831859256140888,
                    "R3": 0.5815643477253616,
                    "R4": 0.581558336969465,
                    "R5": 0.5829842146486044,
                    "R6": 0.5817819852381945,
                    "R7": 0.5809602988883853,
                    "R8": 0.5815863306634128,
                    "R9": 0.5811161850579083,
                    "as": 2.9148966120555997,
                    "comp": 0.27635843493044376,
                    "dc": 0
                }
            },
            "gen-secure": {
                "reward": 35859,
                "time": 63.112978441640735,
                "time_by_components": {
                    "R0": 4.112708720378578,
                    "R1": 3.342378313653171,
                    "R2": 3.2471239855512977,
                    "R3": 3.2138325325213373,
                    "R4": 3.1762492158450186,
                    "R5": 3.1664395830594003,
                    "R6": 3.158746583852917,
                    "R7": 3.153449115809053,
                    "R8": 3.148283894173801,
                    "R9": 3.168400704395026,
                    "as": 3.3971973536536098,
                    "comp": 24.417992205824703,
                    "dc": 0.0330554130487144
                }
            },
            "std": {
                "reward": 35859,
                "time": 4.2248969078063965
            }
        }
    },
    "e-greedy-decreasing": {
        "it-19": {
            "args": {
                "alpha_seed": 583,
                "epsilon_seed": 830,
                "random_arm_seed": 189,
                "reward_seed": 19,
                "sigma_seed": 282
            },
            "gen-distributed": {
                "reward": 36298,
                "time": 11.620366579852998,
                "time_by_components": {
                    "R0": 1.2085158815607429,
                    "R1": 0.6017844961024821,
                    "R2": 0.5993116945028305,
                    "R3": 0.5959681021049619,
                    "R4": 0.5959797971881926,
                    "R5": 0.5983136482536793,
                    "R6": 0.5974466963671148,
                    "R7": 0.5964193129912019,
                    "R8": 0.5968414628878236,
                    "R9": 0.5959396255202591,
                    "as": 2.970097095705569,
                    "comp": 0.2659281990490854,
                    "dc": 0
                }
            },
            "gen-secure": {
                "reward": 36298,
                "time": 61.283218014054,
                "time_by_components": {
                    "R0": 4.074455274268985,
                    "R1": 3.258488120511174,
                    "R2": 3.154427769128233,
                    "R3": 3.125613314565271,
                    "R4": 3.085098945070058,
                    "R5": 3.075564690399915,
                    "R6": 3.0682845506817102,
                    "R7": 3.059654252137989,
                    "R8": 3.05436280509457,
                    "R9": 3.0591038949787617,
                    "as": 3.355655931401998,
                    "comp": 23.58975220285356,
                    "dc": 0.03026131819933653
                }
            },
            "std": {
                "reward": 36298,
                "time": 4.226167678833008
            }
        }
    },
    "nb_iterations": 30,
    "pursuit": {
        "it-19": {
            "args": {
                "alpha_seed": 759,
                "beta": 0.1,
                "random_arm_seed": 104,
                "reward_seed": 19,
                "sigma_seed": 705
            },
            "gen-distributed": {
                "reward": 30199,
                "time": 23.59435548679903,
                "time_by_components": {
                    "R0": 1.4271973785944283,
                    "R1": 1.978274552617222,
                    "R2": 1.3266368950717151,
                    "R3": 1.3146770521998405,
                    "R4": 1.3122755060903728,
                    "R5": 1.3150230622850358,
                    "R6": 1.3163146446458995,
                    "R7": 1.313564912416041,
                    "R8": 1.3127282704226673,
                    "R9": 1.3138479152694345,
                    "as": 6.013303977437317,
                    "comp": 1.23847766360268,
                    "dc": 0
                }
            },
            "gen-secure": {
                "reward": 30199,
                "time": 132.92071963986382,
                "time_by_components": {
                    "R0": 7.637797079514712,
                    "R1": 7.866771347820759,
                    "R2": 7.030021421611309,
                    "R3": 6.817799719050527,
                    "R4": 6.7974597425200045,
                    "R5": 6.723900910932571,
                    "R6": 6.775152829941362,
                    "R7": 6.673957686405629,
                    "R8": 6.747654269915074,
                    "R9": 6.67885837610811,
                    "as": 7.137953103985637,
                    "comp": 52.37480724835768,
                    "dc": 0.03359729191288352
                }
            },
            "std": {
                "reward": 30199,