{
    "N": 90000,
    "arms": [
        0.5312831389183457,
        0.4305408271474019,
        0.3647932131495228,
        0.3404029692470838,
        0.3117709437963945,
        0.2799575821845175,
        0.2788971367974549,
        0.2704135737009544,
        0.24602332979851538,
        0.24602332979851538
    ],
    "boltzmann": {
        "it-2": {
            "args": {
                "alpha_seed": 518,
                "random_arm_seed": 375,
                "reward_seed": 2,
                "sigma_seed": 669,
                "tau": 0.06
            },
            "gen-distributed": {
                "reward": 44886,
                "time": 16.226700608152896,
                "time_by_components": {
                    "R0": 1.541281740181148,
                    "R1": 0.9853036534041166,
                    "R2": 0.8642562068998814,
                    "R3": 0.8598322281613946,
                    "R4": 0.8603506670333445,
                    "R5": 0.8628955497406423,
                    "R6": 0.8506191768683493,
                    "R7": 0.8466874537989497,
                    "R8": 0.8441365007311106,
                    "R9": 0.8511955928988755,
                    "as": 3.858614456374198,
                    "comp": 1.4003462614491582,
                    "dc": 0
                }
            },
            "gen-secure": {
                "reward": 44886,
                "time": 87.80687774717808,
                "time_by_components": {
                    "R0": 5.7116330107674,
                    "R1": 4.855411991942674,
                    "R2": 4.551873640622944,
                    "R3": 4.485508052166551,
                    "R4": 4.463353639934212,
                    "R5": 4.428724104072899,
                    "R6": 4.410184644628316,
                    "R7": 4.392223145347089,
                    "R8": 4.374773170333356,
                    "R9": 4.37722815386951,
                    "as": 4.5805487129837275,
                    "comp": 34.706683098338544,
                    "dc": 0.03305516391992569
                }
            },
            "std": {
                "reward": 44886,
                "time": 5.858544588088989
            }
        }
    },
    "e-greedy": {
        "it-2": {
            "args": {
                "alpha_seed": 757,
                "epsilon": 0.1,
                "epsilon_seed": 705,
                "random_arm_seed": 696,
                "reward_seed": 2,
                "sigma_seed": 462
            },
            "gen-distributed": {
                "reward": 46051,
                "time": 14.617225090041757,
                "time_by_components": {
                    "R0": 1.5088510438799858,
                    "R1": 0.760057142470032,
                    "R2": 0.750048995949328,
                    "R3": 0.7485829219222069,
                    "R4": 0.7481181472539902,
                    "R5": 0.7525816257111728,
                    "R6": 0.7484503146260977,
                    "R7": 0.7469646502286196,
                    "R8": 0.7490500858984888,
                    "R9": 0.7493647136725485,
                    "as": 3.7563954666256905,
                    "comp": 0.36120276153087616,
                    "dc": 0
                }
            },
            "gen-secure": {
                "reward": 46051,
                "time": 81.91547333076596,
                "time_by_components": {
                    "R0": 5.3633003938011825,
                    "R1": 4.361759776249528,
                    "R2": 4.209344536531717,
                    "R3": 4.159709845203906,
                    "R4": 4.113486627116799,
                    "R5": 4.104643273167312,
                    "R6": 4.0876564756035805,
                    "R7": 4.081057611852884,
                    "R8": 4.074356195051223,
                    "R9": 4.071207347791642,
                    "as": 4.430568754673004,
                    "comp": 31.73301374539733,
                    "dc": 0.033206688705831766
                }
            },
            "std": {
                "reward": 46051,
                "time": 5.5286877155303955
            }
        }
    },
    "e-greedy-decreasing": {
        "it-2": {
            "args": {
                "alpha_seed": 757,
                "epsilon_seed": 705,
                "random_arm_seed": 696,
                "reward_seed": 2,
                "sigma_seed": 462
            },
            "gen-distributed": {
                "reward": 46672,
                "time": 14.957540881354362,
                "time_by_components": {
                    "R0": 1.5568083291873336,
                    "R1": 0.7782466961070895,
                    "R2": 0.7712076641619205,
                    "R3": 0.768041159491986,
                    "R4": 0.767975261900574,
                    "R5": 0.7686537415720522,
                    "R6": 0.7689465540461242,
                    "R7": 0.7686314550228417,
                    "R8": 0.7693884237669408,
                    "R9": 0.7682093302719295,
                    "as": 3.8164848280139267,
                    "comp": 0.34120470797643065,
                    "dc": 0
                }
            },
            "gen-secure": {
                "reward": 46672,
                "time": 83.14145027799532,
                "time_by_components": {
                    "R0": 5.496112441178411,
                    "R1": 4.434356359764934,
                    "R2": 4.284054804127663,
                    "R3": 4.227015109267086,
                    "R4": 4.191546132788062,
                    "R5": 4.170601142104715,
                    "R6": 4.154338657390326,
                    "R7": 4.141774343326688,
                    "R8": 4.143726979382336,
                    "R9": 4.134264620020986,
                    "as": 4.482194193638861,
                    "comp": 32.18205046188086,
                    "dc": 0.033267558086663485
                }
            },
            "std": {
                "reward": 46672,
                "time": 5.459534168243408
            }
        }
    },
    "nb_iterations": 30,
    "pursuit": {
        "it-2": {
            "args": {
                "alpha_seed": 518,
                "beta": 0.1,
                "random_arm_seed": 375,
                "reward_seed": 2,
                "sigma_seed": 806
            },
            "gen-distributed": {
                "reward": 38648,
                "time": 30.19364087190479,
                "time_by_components": {
                    "R0": 1.8273989148437977,
                    "R1": 2.541827870067209,
                    "R2": 1.6997316707856953,
                    "R3": 1.6847268966957927,
                    "R4": 1.6785121825523674,
                    "R5": 1.6877754325978458,
                    "R6": 1.681808141991496,
                    "R7": 1.6807632436975837,
                    "R8": 1.682395983953029,
                    "R9": 1.6798438024707139,
                    "as": 7.684785019606352,
                    "comp": 1.5925022568553686,
                    "dc": 0
                }
            },
            "gen-secure": {
                "reward": 38648,
                "time": 171.58034935081378,
                "time_by_components": {
                    "R0": 9.952965663280338,
                    "R1": 10.126096961088479,
                    "R2": 8.95910692634061,
                    "R3": 8.77717405743897,
                    "R4": 8.660585860721767,
                    "R5": 8.757648865226656,
                    "R6": 8.628721924498677,
                    "R7": 8.610108334105462,
                    "R8": 8.6938507091254,
                    "R9": 8.59764373768121,
                    "as": 9.146888365969062,
                    "comp": 67.95447974372655,
                    "dc": 0.033170327078551054
                }
            },
            "std": {
                "reward": 38648,