{
    "N": 100000,
    "arms": [
        0.5312831389183457,
        0.4305408271474019,
        0.3647932131495228,
        0.3404029692470838,
        0.3117709437963945,
        0.2799575821845175,
        0.2788971367974549,
        0.2704135737009544,
        0.24602332979851538,
        0.24602332979851538
    ],
    "boltzmann": {
        "it-13": {
            "args": {
                "alpha_seed": 804,
                "random_arm_seed": 350,
                "reward_seed": 13,
                "sigma_seed": 263,
                "tau": 0.06
            },
            "gen-distributed": {
                "reward": 50420,
                "time": 17.115851361770183,
                "time_by_components": {
                    "R0": 1.7047373526729643,
                    "R1": 0.9255703706294298,
                    "R2": 0.9388820510357618,
                    "R3": 0.9083258933387697,
                    "R4": 0.9010392520576715,
                    "R5": 0.8939853976480663,
                    "R6": 0.8904306893236935,
                    "R7": 0.8986014504916966,
                    "R8": 0.8922679722309113,
                    "R9": 0.8947469224222004,
                    "as": 4.08453781530261,
                    "comp": 1.487646173685789,
                    "dc": 0
                }
            },
            "gen-secure": {
                "reward": 50420,
                "time": 98.08923872886226,
                "time_by_components": {
                    "R0": 6.412590331863612,
                    "R1": 5.259534300770611,
                    "R2": 5.130956003442407,
                    "R3": 5.037251389119774,
                    "R4": 4.9590385761111975,
                    "R5": 4.942909557372332,
                    "R6": 4.909526839386672,
                    "R7": 4.909655350726098,
                    "R8": 4.896014045923948,
                    "R9": 4.8955561658367515,
                    "as": 5.150801372714341,
                    "comp": 38.822604830842465,
                    "dc": 0.03317054733633995
                }
            },
            "std": {
                "reward": 50420,
                "time": 6.585592269897461
            }
        }
    },
    "e-greedy": {
        "it-13": {
            "args": {
                "alpha_seed": 233,
                "epsilon": 0.1,
                "epsilon_seed": 781,
                "random_arm_seed": 982,
                "reward_seed": 13,
                "sigma_seed": 567
            },
            "gen-distributed": {
                "reward": 51084,
                "time": 16.312827507033944,
                "time_by_components": {
                    "R0": 1.6839461587369442,
                    "R1": 0.8444379162974656,
                    "R2": 0.8376539582386613,
                    "R3": 0.8335692142136395,
                    "R4": 0.8378030136227608,
                    "R5": 0.834356028586626,
                    "R6": 0.836186652071774,
                    "R7": 0.8341847248375416,
                    "R8": 0.8340020831674337,
                    "R9": 0.8344451216980815,
                    "as": 4.207310765981674,
                    "comp": 0.4001160440966487,
                    "dc": 0
                }
            },
            "gen-secure": {
                "reward": 51084,
                "time": 90.89557806402445,
                "time_by_components": {
                    "R0": 5.93794240616262,
                    "R1": 4.792762839701027,
                    "R2": 4.667491209693253,
                    "R3": 4.606341157108545,
                    "R4": 4.545065321959555,
                    "R5": 4.5323269022628665,
                    "R6": 4.518751316238195,
                    "R7": 4.511962674558163,
                    "R8": 4.506128171924502,
                    "R9": 4.507243051659316,
                    "as": 4.987398623023182,
                    "comp": 35.314078805968165,
                    "dc": 0.033230668399482965
                }
            },
            "std": {
                "reward": 51084,
                "time": 6.004273176193237
            }
        }
    },
    "e-greedy-decreasing": {
        "it-13": {
            "args": {
                "alpha_seed": 233,
                "epsilon_seed": 781,
                "random_arm_seed": 982,
                "reward_seed": 13,
                "sigma_seed": 567
            },
            "gen-distributed": {
                "reward": 51790,
                "time": 15.455546114593744,
                "time_by_components": {
                    "R0": 1.6097724945284426,
                    "R1": 0.8019967586733401,
                    "R2": 0.7934964746236801,
                    "R3": 0.7944210590794683,
                    "R4": 0.7932761306874454,
                    "R5": 0.7928325142711401,
                    "R6": 0.79210873413831,
                    "R7": 0.7927414542064071,
                    "R8": 0.7929682452231646,
                    "R9": 0.7924542003311217,
                    "as": 3.951559373177588,
                    "comp": 0.34895390877500176,
                    "dc": 0
                }
            },
            "gen-secure": {
                "reward": 51790,
                "time": 92.36466620024294,
                "time_by_components": {
                    "R0": 6.082091676071286,
                    "R1": 4.883083956781775,
                    "R2": 4.760441129095852,
                    "R3": 4.720119913574308,
                    "R4": 4.63355414243415,
                    "R5": 4.6317807217128575,
                    "R6": 4.611405098810792,
                    "R7": 4.600248001515865,
                    "R8": 4.593960135709494,
                    "R9": 4.589391179382801,
                    "as": 5.001743169967085,
                    "comp": 35.826700335834175,
                    "dc": 0.03489251993596554
                }
            },
            "std": {
                "reward": 51790,
                "time": 5.6362855434417725
            }
        }
    },
    "nb_iterations": 30,
    "pursuit": {
        "it-13": {
            "args": {
                "alpha_seed": 804,
                "beta": 0.1,
                "random_arm_seed": 350,
                "reward_seed": 13,
                "sigma_seed": 991
            },
            "gen-distributed": {
                "reward": 53244,
                "time": 33.610122764948756,
                "time_by_components": {
                    "R0": 2.947111628483981,
                    "R1": 1.9099892117083073,
                    "R2": 1.8863202552311122,
                    "R3": 1.873314249329269,
                    "R4": 1.8772448552772403,
                    "R5": 1.8741150200366974,
                    "R6": 1.875799231696874,
                    "R7": 1.8734833518974483,
                    "R8": 1.8721505855210125,
                    "R9": 1.8748670439235866,
                    "as": 8.566297877579927,
                    "comp": 1.7667686794884503,
                    "dc": 0
                }
            },
            "gen-secure": {
                "reward": 53244,
                "time": 189.4715540590696,
                "time_by_components": {
                    "R0": 11.886061791330576,
                    "R1": 10.216818695887923,
                    "R2": 9.955838134046644,
                    "R3": 9.712514161132276,
                    "R4": 9.684142329730093,
                    "R5": 9.558613087516278,
                    "R6": 9.519485188182443,
                    "R7": 9.60408685496077,
                    "R8": 9.50453787855804,
                    "R9": 9.59557809587568,
                    "as": 10.187993375584483,
                    "comp": 74.8381659835577,
                    "dc": 0.030327011831104755
                }
            },
            "std": {
                "reward": 53244,