{
    "N": 90000,
    "arms": [
        0.5312831389183457,
        0.4305408271474019,
        0.3647932131495228,
        0.3404029692470838,
        0.3117709437963945,
        0.2799575821845175,
        0.2788971367974549,
        0.2704135737009544,
        0.24602332979851538,
        0.24602332979851538
    ],
    "boltzmann": {
        "it-46": {
            "args": {
                "alpha_seed": 172,
                "random_arm_seed": 653,
                "reward_seed": 46,
                "sigma_seed": 265,
                "tau": 0.06
            },
            "gen-distributed": {
                "reward": 45342,
                "time": 16.286382695194334,
                "time_by_components": {
                    "R0": 1.5865670880302787,
                    "R1": 0.9067727467045188,
                    "R2": 0.8848631093278527,
                    "R3": 0.8463554722256958,
                    "R4": 0.8663244121707976,
                    "R5": 0.8546974984928966,
                    "R6": 0.8549246490001678,
                    "R7": 0.845681931823492,
                    "R8": 0.8551826346665621,
                    "R9": 0.8543489538133144,
                    "as": 3.891239241696894,
                    "comp": 1.394700021483004,
                    "dc": 0
                }
            },
            "gen-secure": {
                "reward": 45342,
                "time": 87.54952810471877,
                "time_by_components": {
                    "R0": 5.722482011653483,
                    "R1": 4.742919341661036,
                    "R2": 4.562652410939336,
                    "R3": 4.488011222332716,
                    "R4": 4.430700719356537,
                    "R5": 4.399735689163208,
                    "R6": 4.391903426963836,
                    "R7": 4.368395724333823,
                    "R8": 4.371438506990671,
                    "R9": 4.362563320901245,
                    "as": 4.68392107822001,
                    "comp": 34.67443010723218,
                    "dc": 0.03317972831428051
                }
            },
            "std": {
                "reward": 45342,
                "time": 5.9552154541015625
            }
        }
    },
    "e-greedy": {
        "it-46": {
            "args": {
                "alpha_seed": 524,
                "epsilon": 0.1,
                "epsilon_seed": 949,
                "random_arm_seed": 452,
                "reward_seed": 46,
                "sigma_seed": 504
            },
            "gen-distributed": {
                "reward": 46060,
                "time": 14.775243736803532,
                "time_by_components": {
                    "R0": 1.50939660705626,
                    "R1": 0.7585133169777691,
                    "R2": 0.7523133908398449,
                    "R3": 0.7495917645283043,
                    "R4": 0.7493408611044288,
                    "R5": 0.7479329737834632,
                    "R6": 0.747684532776475,
                    "R7": 0.7472098413854837,
                    "R8": 0.7486599171534181,
                    "R9": 0.752100370824337,
                    "as": 3.833211551886052,
                    "comp": 0.3678111908957362,
                    "dc": 0
                }
            },
            "gen-secure": {
                "reward": 46060,
                "time": 82.16688770195469,
                "time_by_components": {
                    "R0": 5.3756368472240865,
                    "R1": 4.331201343797147,
                    "R2": 4.21137514244765,
                    "R3": 4.159084173850715,
                    "R4": 4.118158722296357,
                    "R5": 4.1166337677277625,
                    "R6": 4.089422332122922,
                    "R7": 4.081048972904682,
                    "R8": 4.075113317463547,
                    "R9": 4.0794448824599385,
                    "as": 4.495681363157928,
                    "comp": 31.984564824495465,
                    "dc": 0.032447864301502705
                }
            },
            "std": {
                "reward": 46060,
                "time": 5.463028192520142
            }
        }
    },
    "e-greedy-decreasing": {
        "it-46": {
            "args": {
                "alpha_seed": 157,
                "epsilon_seed": 172,
                "random_arm_seed": 653,
                "reward_seed": 46,
                "sigma_seed": 668
            },
            "gen-distributed": {
                "reward": 46704,
                "time": 14.734959877096117,
                "time_by_components": {
                    "R0": 1.5324735920876265,
                    "R1": 0.7646050364710391,
                    "R2": 0.7572108176536858,
                    "R3": 0.7561699501238763,
                    "R4": 0.7547161029651761,
                    "R5": 0.7528926567174494,
                    "R6": 0.7544297608546913,
                    "R7": 0.7541223876178265,
                    "R8": 0.7550631761550903,
                    "R9": 0.7536553810350597,
                    "as": 3.7639050907455385,
                    "comp": 0.33576417714357376,
                    "dc": 0
                }
            },
            "gen-secure": {
                "reward": 46704,
                "time": 83.89512218814343,
                "time_by_components": {
                    "R0": 5.536204261705279,
                    "R1": 4.443115454632789,
                    "R2": 4.30763090448454,
                    "R3": 4.261153595056385,
                    "R4": 4.220181500539184,
                    "R5": 4.207190825603902,
                    "R6": 4.198078537359834,
                    "R7": 4.185672086197883,
                    "R8": 4.171231529675424,
                    "R9": 4.168518166989088,
                    "as": 4.564277477096766,
                    "comp": 32.47456354787573,
                    "dc": 0.03361487481743097
                }
            },
            "std": {
                "reward": 46704,
                "time": 5.483337879180908
            }
        }
    },
    "nb_iterations": 50,
    "pursuit": {
        "it-46": {
            "args": {
                "alpha_seed": 172,
                "beta": 0.1,
                "random_arm_seed": 653,
                "reward_seed": 46,
                "sigma_seed": 668
            },
            "gen-distributed": {
                "reward": 47864,
                "time": 30.49841808807105,
                "time_by_components": {
                    "R0": 2.64321659039706,
                    "R1": 1.7326370291411877,
                    "R2": 1.6996434214524925,
                    "R3": 1.6904975473880768,
                    "R4": 1.6851952951401472,
                    "R5": 1.6931486180983484,
                    "R6": 1.6896365256980062,
                    "R7": 1.6869614426977932,
                    "R8": 1.6875439621508121,
                    "R9": 1.686827456112951,
                    "as": 7.804991016630083,
                    "comp": 1.610582205466926,
                    "dc": 0
                }
            },
            "gen-secure": {
                "reward": 47864,
                "time": 172.3858707100153,
                "time_by_components": {
                    "R0": 10.757613379508257,
                    "R1": 9.33462378429249,
                    "R2": 9.05254319915548,
                    "R3": 8.919348048046231,
                    "R4": 8.769897900521755,
                    "R5": 8.710192766040564,
                    "R6": 8.740533628500998,
                    "R7": 8.661553691141307,
                    "R8": 8.721408513840288,
                    "R9": 8.650110682472587,
                    "as": 9.383467428851873,
                    "comp": 68.0605269195512,
                    "dc": 0.04654124192893505
                }
            },
            "std": {
                "reward": 47864,