{
    "N": 50000,
    "arms": [
        0.5312831389183457,
        0.4305408271474019,
        0.3647932131495228,
        0.3404029692470838,
        0.3117709437963945,
        0.2799575821845175,
        0.2788971367974549,
        0.2704135737009544,
        0.24602332979851538,
        0.24602332979851538
    ],
    "boltzmann": {
        "it-34": {
            "args": {
                "alpha_seed": 550,
                "random_arm_seed": 663,
                "reward_seed": 34,
                "sigma_seed": 108,
                "tau": 0.06
            },
            "gen-distributed": {
                "reward": 24724,
                "time": 9.072736884001642,
                "time_by_components": {
                    "R0": 0.8320672404952347,
                    "R1": 0.5606954544782639,
                    "R2": 0.4831459317356348,
                    "R3": 0.4808690450154245,
                    "R4": 0.48238654155284166,
                    "R5": 0.4721178668551147,
                    "R6": 0.4832012690603733,
                    "R7": 0.47013957239687443,
                    "R8": 0.47608666215091944,
                    "R9": 0.4728477052412927,
                    "as": 2.168905788101256,
                    "comp": 0.779706303961575,
                    "dc": 0
                }
            },
            "gen-secure": {
                "reward": 24724,
                "time": 49.98257259372622,
                "time_by_components": {
                    "R0": 3.2212998289614916,
                    "R1": 2.7725182780995965,
                    "R2": 2.6237236694432795,
                    "R3": 2.5855037942528725,
                    "R4": 2.556717832107097,
                    "R5": 2.5496997670270503,
                    "R6": 2.539534657727927,
                    "R7": 2.52469727024436,
                    "R8": 2.524205995723605,
                    "R9": 2.521210444625467,
                    "as": 2.625808071345091,
                    "comp": 19.587108093313873,
                    "dc": 0.03361701685935259
                }
            },
            "std": {
                "reward": 24724,
                "time": 3.2876534461975098
            }
        }
    },
    "e-greedy": {
        "it-34": {
            "args": {
                "alpha_seed": 704,
                "epsilon": 0.1,
                "epsilon_seed": 286,
                "random_arm_seed": 523,
                "reward_seed": 34,
                "sigma_seed": 875
            },
            "gen-distributed": {
                "reward": 25603,
                "time": 8.136711644940078,
                "time_by_components": {
                    "R0": 0.8360371547751129,
                    "R1": 0.4192535672336817,
                    "R2": 0.4143105149269104,
                    "R3": 0.41363004641607404,
                    "R4": 0.41422465769574046,
                    "R5": 0.41590834269300103,
                    "R6": 0.4147658124566078,
                    "R7": 0.41386068891733885,
                    "R8": 0.41393621591851115,
                    "R9": 0.4146139770746231,
                    "as": 2.1022000620141625,
                    "comp": 0.2037790440954268,
                    "dc": 0
                }
            },
            "gen-secure": {
                "reward": 25603,
                "time": 46.24874143116176,
                "time_by_components": {
                    "R0": 3.0339880627579987,
                    "R1": 2.4642206211574376,
                    "R2": 2.395574604626745,
                    "R3": 2.3657592916861176,
                    "R4": 2.338624484371394,
                    "R5": 2.3394269407726824,
                    "R6": 2.331116183195263,
                    "R7": 2.32682441174984,
                    "R8": 2.3231662288308144,
                    "R9": 2.322123776655644,
                    "as": 2.515455552842468,
                    "comp": 17.777801011223346,
                    "dc": 0.03310316102579236
                }
            },
            "std": {
                "reward": 25603,
                "time": 3.0931050777435303
            }
        }
    },
    "e-greedy-decreasing": {
        "it-34": {
            "args": {
                "alpha_seed": 127,
                "epsilon_seed": 550,
                "random_arm_seed": 663,
                "reward_seed": 34,
                "sigma_seed": 381
            },
            "gen-distributed": {
                "reward": 25929,
                "time": 8.373928149230778,
                "time_by_components": {
                    "R0": 0.8690853891894221,
                    "R1": 0.43328791623935103,
                    "R2": 0.42826789943501353,
                    "R3": 0.4271679441444576,
                    "R4": 0.42675678338855505,
                    "R5": 0.4290811661630869,
                    "R6": 0.42764476081356406,
                    "R7": 0.4275698531419039,
                    "R8": 0.42808476462960243,
                    "R9": 0.4276875099167228,
                    "as": 2.1476904517039657,
                    "comp": 0.19482564134523273,
                    "dc": 0
                }
            },
            "gen-secure": {
                "reward": 25929,
                "time": 47.09553291182965,
                "time_by_components": {
                    "R0": 3.1149642895907164,
                    "R1": 2.5226947120390832,
                    "R2": 2.4498214768245816,
                    "R3": 2.418091514147818,
                    "R4": 2.3858538367785513,
                    "R5": 2.3780910349451005,
                    "R6": 2.3707019235007465,
                    "R7": 2.3658728059381247,
                    "R8": 2.36501307412982,
                    "R9": 2.3670366178266704,
                    "as": 2.5416528889909387,
                    "comp": 18.03892633272335,
                    "dc": 0.03328220592811704
                }
            },
            "std": {
                "reward": 25929,
                "time": 3.025956153869629
            }
        }
    },
    "nb_iterations": 50,
    "pursuit": {
        "it-34": {
            "args": {
                "alpha_seed": 550,
                "beta": 0.1,
                "random_arm_seed": 663,
                "reward_seed": 34,
                "sigma_seed": 381
            },
            "gen-distributed": {
                "reward": 18185,
                "time": 16.86918507423252,
                "time_by_components": {
                    "R0": 1.0093281255103648,
                    "R1": 0.9476435575634241,
                    "R2": 1.3992564561776817,
                    "R3": 0.9386167195625603,
                    "R4": 0.9351030681282282,
                    "R5": 0.9366041072644293,
                    "R6": 0.937917061150074,
                    "R7": 0.933047469239682,
                    "R8": 0.933137730229646,
                    "R9": 0.9350781133398414,
                    "as": 4.300704321824014,
                    "comp": 0.8932240498252213,
                    "dc": 0
                }
            },
            "gen-secure": {
                "reward": 18185,
                "time": 96.06569855613634,
                "time_by_components": {
                    "R0": 5.4951143227517605,
                    "R1": 5.171774600166827,
                    "R2": 5.5892191687598825,
                    "R3": 5.010731112211943,
                    "R4": 4.9676099685020745,
                    "R5": 4.9021536922082305,
                    "R6": 4.855341294314712,
                    "R7": 4.876049208920449,
                    "R8": 4.870823830831796,
                    "R9": 4.881636874284595,
                    "as": 5.153899001888931,
                    "comp": 37.737472156994045,
                    "dc": 0.03319251909852028
                }
            },
            "std": {
                "reward": 18185,