{
    "N": 60000,
    "arms": [
        0.5312831389183457,
        0.4305408271474019,
        0.3647932131495228,
        0.3404029692470838,
        0.3117709437963945,
        0.2799575821845175,
        0.2788971367974549,
        0.2704135737009544,
        0.24602332979851538,
        0.24602332979851538
    ],
    "boltzmann": {
        "it-33": {
            "args": {
                "alpha_seed": 64,
                "random_arm_seed": 812,
                "reward_seed": 33,
                "sigma_seed": 194,
                "tau": 0.06
            },
            "gen-distributed": {
                "reward": 29969,
                "time": 10.874443338252604,
                "time_by_components": {
                    "R0": 1.051358464639634,
                    "R1": 0.5940436953678727,
                    "R2": 0.5906029897741973,
                    "R3": 0.5840500770136714,
                    "R4": 0.5731492121703923,
                    "R5": 0.5752498991787434,
                    "R6": 0.5782303116284311,
                    "R7": 0.5689199003390968,
                    "R8": 0.5665087690576911,
                    "R9": 0.5705828373320401,
                    "as": 2.5945247877389193,
                    "comp": 0.9386787596158683,
                    "dc": 0
                }
            },
            "gen-secure": {
                "reward": 29969,
                "time": 57.93570034438744,
                "time_by_components": {
                    "R0": 3.7808434278704226,
                    "R1": 3.1412689378485084,
                    "R2": 3.0516828461550176,
                    "R3": 3.0049320138059556,
                    "R4": 2.954377185087651,
                    "R5": 2.943780670873821,
                    "R6": 2.932599546853453,
                    "R7": 2.9195928927510977,
                    "R8": 2.922173200175166,
                    "R9": 2.9201555172912776,
                    "as": 3.045465678907931,
                    "comp": 22.748845030087978,
                    "dc": 0.03368472680449486
                }
            },
            "std": {
                "reward": 29969,
                "time": 3.924593687057495
            }
        }
    },
    "e-greedy": {
        "it-33": {
            "args": {
                "alpha_seed": 123,
                "epsilon": 0.1,
                "epsilon_seed": 984,
                "random_arm_seed": 346,
                "reward_seed": 33,
                "sigma_seed": 938
            },
            "gen-distributed": {
                "reward": 30819,
                "time": 9.746057254262269,
                "time_by_components": {
                    "R0": 0.9992590653710067,
                    "R1": 0.5026279990561306,
                    "R2": 0.49718820955604315,
                    "R3": 0.49459234392270446,
                    "R4": 0.49411542154848576,
                    "R5": 0.4953636396676302,
                    "R6": 0.4954580469056964,
                    "R7": 0.4943181681446731,
                    "R8": 0.49515501130372286,
                    "R9": 0.49523425847291946,
                    "as": 2.5247039943933487,
                    "comp": 0.24461014475673437,
                    "dc": 0
                }
            },
            "gen-secure": {
                "reward": 30819,
                "time": 51.62924155080691,
                "time_by_components": {
                    "R0": 3.405974362511188,
                    "R1": 2.7505722902715206,
                    "R2": 2.6719120838679373,
                    "R3": 2.6401752615347505,
                    "R4": 2.6076070303097367,
                    "R5": 2.6060993717983365,
                    "R6": 2.597905390430242,
                    "R7": 2.5943929506465793,
                    "R8": 2.589393699541688,
                    "R9": 2.5884067909792066,
                    "as": 2.8013520343229175,
                    "comp": 19.860970550682396,
                    "dc": 0.033586435951292515
                }
            },
            "std": {
                "reward": 30819,
                "time": 3.6050643920898438
            }
        }
    },
    "e-greedy-decreasing": {
        "it-33": {
            "args": {
                "alpha_seed": 280,
                "epsilon_seed": 64,
                "random_arm_seed": 812,
                "reward_seed": 33,
                "sigma_seed": 891
            },
            "gen-distributed": {
                "reward": 31121,
                "time": 10.025465089827776,
                "time_by_components": {
                    "R0": 1.0400019488297403,
                    "R1": 0.5208201087079942,
                    "R2": 0.5141183282248676,
                    "R3": 0.5136396638117731,
                    "R4": 0.5133017813786864,
                    "R5": 0.5136417201720178,
                    "R6": 0.5137272356078029,
                    "R7": 0.5123324203304946,
                    "R8": 0.5126557257026434,
                    "R9": 0.5130131430923939,
                    "as": 2.566905816551298,
                    "comp": 0.232412104960531,
                    "dc": 0
                }
            },
            "gen-secure": {
                "reward": 31121,
                "time": 55.694966097828,
                "time_by_components": {
                    "R0": 3.660685026086867,
                    "R1": 3.0076079699210823,
                    "R2": 2.877097844146192,
                    "R3": 2.8649967745877802,
                    "R4": 2.812163112219423,
                    "R5": 2.7987643708474934,
                    "R6": 2.7970175808295608,
                    "R7": 2.786160979885608,
                    "R8": 2.7821274902671576,
                    "R9": 2.780543874949217,
                    "as": 2.9949137181974947,
                    "comp": 21.44730214914307,
                    "dc": 0.033140469808131456
                }
            },
            "std": {
                "reward": 31121,
                "time": 3.638274908065796
            }
        }
    },
    "nb_iterations": 50,
    "pursuit": {
        "it-33": {
            "args": {
                "alpha_seed": 64,
                "beta": 0.1,
                "random_arm_seed": 812,
                "reward_seed": 33,
                "sigma_seed": 891
            },
            "gen-distributed": {
                "reward": 32009,
                "time": 20.18825297197327,
                "time_by_components": {
                    "R0": 1.7540102284401655,
                    "R1": 1.144640373531729,
                    "R2": 1.1265353285707533,
                    "R3": 1.1212823754176497,
                    "R4": 1.1201245724223554,
                    "R5": 1.127862942405045,
                    "R6": 1.1231171390973032,
                    "R7": 1.11858561495319,
                    "R8": 1.1202668910846114,
                    "R9": 1.1220446806401014,
                    "as": 5.146742765791714,
                    "comp": 1.0613538953475654,
                    "dc": 0
                }
            },
            "gen-secure": {
                "reward": 32009,
                "time": 114.51679965527728,
                "time_by_components": {
                    "R0": 7.138183502480388,
                    "R1": 6.240669865626842,
                    "R2": 6.015802508220077,
                    "R3": 5.932575415819883,
                    "R4": 5.8780575804412365,
                    "R5": 5.862194501329213,
                    "R6": 5.86350202281028,
                    "R7": 5.78194967051968,
                    "R8": 5.772434721700847,
                    "R9": 5.819094217382371,
                    "as": 6.190136692952365,
                    "comp": 44.973928624764085,
                    "dc": 0.03312760964035988
                }
            },
            "std": {
                "reward": 32009,