{
    "N": 100000,
    "arms": [
        0.5312831389183457,
        0.4305408271474019,
        0.3647932131495228,
        0.3404029692470838,
        0.3117709437963945,
        0.2799575821845175,
        0.2788971367974549,
        0.2704135737009544,
        0.24602332979851538,
        0.24602332979851538
    ],
    "boltzmann": {
        "it-16": {
            "args": {
                "alpha_seed": 923,
                "random_arm_seed": 246,
                "reward_seed": 16,
                "sigma_seed": 294,
                "tau": 0.06
            },
            "gen-distributed": {
                "reward": 49401,
                "time": 18.228403698652983,
                "time_by_components": {
                    "R0": 1.7052307138219476,
                    "R1": 1.1047350731678307,
                    "R2": 0.9822135576978326,
                    "R3": 0.9749827873893082,
                    "R4": 0.964027485344559,
                    "R5": 0.9667014214210212,
                    "R6": 0.9589713513851166,
                    "R7": 0.9545782124623656,
                    "R8": 0.9472182574681938,
                    "R9": 0.9512449814938009,
                    "as": 4.337962901219726,
                    "comp": 1.5668325745500624,
                    "dc": 0
                }
            },
            "gen-secure": {
                "reward": 49401,
                "time": 98.00164958788082,
                "time_by_components": {
                    "R0": 6.314691761974245,
                    "R1": 5.355704603716731,
                    "R2": 5.10253058699891,
                    "R3": 5.007420115172863,
                    "R4": 4.936852239072323,
                    "R5": 4.931181340478361,
                    "R6": 4.905038827098906,
                    "R7": 4.932201220653951,
                    "R8": 4.897623965051025,
                    "R9": 4.873723484575748,
                    "as": 5.201639550738037,
                    "comp": 38.79329107608646,
                    "dc": 0.03302315576002002
                }
            },
            "std": {
                "reward": 49401,
                "time": 6.49925422668457
            }
        }
    },
    "e-greedy": {
        "it-16": {
            "args": {
                "alpha_seed": 260,
                "epsilon": 0.1,
                "epsilon_seed": 65,
                "random_arm_seed": 324,
                "reward_seed": 16,
                "sigma_seed": 90
            },
            "gen-distributed": {
                "reward": 51170,
                "time": 15.986846314743161,
                "time_by_components": {
                    "R0": 1.6518504270352423,
                    "R1": 0.8283913224004209,
                    "R2": 0.819878573063761,
                    "R3": 0.8179775862954557,
                    "R4": 0.815868990495801,
                    "R5": 0.8174704969860613,
                    "R6": 0.8164482247084379,
                    "R7": 0.8157411087304354,
                    "R8": 0.8153660427778959,
                    "R9": 0.8165839328430593,
                    "as": 4.119794997386634,
                    "comp": 0.394025519490242,
                    "dc": 0
                }
            },
            "gen-secure": {
                "reward": 51170,
                "time": 91.764999600593,
                "time_by_components": {
                    "R0": 5.955982770305127,
                    "R1": 4.824058847967535,
                    "R2": 4.713662554509938,
                    "R3": 4.649486298672855,
                    "R4": 4.6034681792370975,
                    "R5": 4.584314400795847,
                    "R6": 4.569709944538772,
                    "R7": 4.558611567132175,
                    "R8": 4.550736189819872,
                    "R9": 4.5554641098715365,
                    "as": 4.9009162820875645,
                    "comp": 35.81967361224815,
                    "dc": 0.02987050637602806
                }
            },
            "std": {
                "reward": 51170,
                "time": 5.5933966636657715
            }
        }
    },
    "e-greedy-decreasing": {
        "it-16": {
            "args": {
                "alpha_seed": 260,
                "epsilon_seed": 65,
                "random_arm_seed": 324,
                "reward_seed": 16,
                "sigma_seed": 90
            },
            "gen-distributed": {
                "reward": 51875,
                "time": 16.534677729941905,
                "time_by_components": {
                    "R0": 1.7320787366479635,
                    "R1": 0.861615274567157,
                    "R2": 0.8535237638279796,
                    "R3": 0.8536927276290953,
                    "R4": 0.851268831640482,
                    "R5": 0.8509284206666052,
                    "R6": 0.8501701303757727,
                    "R7": 0.8495177375152707,
                    "R8": 0.8490686477161944,
                    "R9": 0.8547415500506759,
                    "as": 4.214107751380652,
                    "comp": 0.37529854802414775,
                    "dc": 0
                }
            },
            "gen-secure": {
                "reward": 51875,
                "time": 92.77844555769116,
                "time_by_components": {
                    "R0": 6.150216028559953,
                    "R1": 4.906580498442054,
                    "R2": 4.7636557896621525,
                    "R3": 4.709323254879564,
                    "R4": 4.648029014002532,
                    "R5": 4.663702110759914,
                    "R6": 4.647194752469659,
                    "R7": 4.633270263206214,
                    "R8": 4.611124290153384,
                    "R9": 4.627546924632043,
                    "as": 5.027989638969302,
                    "comp": 35.936262000817806,
                    "dc": 0.033241360913962126
                }
            },
            "std": {
                "reward": 51875,
                "time": 6.032451629638672
            }
        }
    },
    "nb_iterations": 30,
    "pursuit": {
        "it-16": {
            "args": {
                "alpha_seed": 923,
                "beta": 0.1,
                "random_arm_seed": 246,
                "reward_seed": 16,
                "sigma_seed": 534
            },
            "gen-distributed": {
                "reward": 53253,
                "time": 32.99164722580463,
                "time_by_components": {
                    "R0": 2.8964481209404767,
                    "R1": 1.881260456983,
                    "R2": 1.8512286101467907,
                    "R3": 1.841676658950746,
                    "R4": 1.842812379822135,
                    "R5": 1.8466914384625852,
                    "R6": 1.8454818893224,
                    "R7": 1.8392011737450957,
                    "R8": 1.8411478134803474,
                    "R9": 1.8390345112420619,
                    "as": 8.38327544927597,
                    "comp": 1.7371043195016682,
                    "dc": 0
                }
            },
            "gen-secure": {
                "reward": 53253,
                "time": 190.43884948501363,
                "time_by_components": {
                    "R0": 11.947255950886756,
                    "R1": 10.330109081231058,
                    "R2": 9.95336692687124,
                    "R3": 9.817735626827925,
                    "R4": 9.672713834792376,
                    "R5": 9.634734268765897,
                    "R6": 9.592164966277778,
                    "R7": 9.627209889236838,
                    "R8": 9.53111224155873,
                    "R9": 9.52232836233452,
                    "as": 10.262341155670583,
                    "comp": 75.27437004167587,
                    "dc": 0.03465218376368284
                }
            },
            "std": {
                "reward": 53253,