{
    "N": 80000,
    "arms": [
        0.5312831389183457,
        0.4305408271474019,
        0.3647932131495228,
        0.3404029692470838,
        0.3117709437963945,
        0.2799575821845175,
        0.2788971367974549,
        0.2704135737009544,
        0.24602332979851538,
        0.24602332979851538
    ],
    "boltzmann": {
        "it-7": {
            "args": {
                "alpha_seed": 989,
                "random_arm_seed": 478,
                "reward_seed": 7,
                "sigma_seed": 357,
                "tau": 0.06
            },
            "gen-distributed": {
                "reward": 40015,
                "time": 14.544126342982054,
                "time_by_components": {
                    "R0": 1.3957322663627565,
                    "R1": 0.8530463324859738,
                    "R2": 0.7755084242671728,
                    "R3": 0.7658702237531543,
                    "R4": 0.7616602811031044,
                    "R5": 0.7670653806999326,
                    "R6": 0.7680230429396033,
                    "R7": 0.7595339734107256,
                    "R8": 0.763408225029707,
                    "R9": 0.7522031804546714,
                    "as": 3.4817970376461744,
                    "comp": 1.254847007803619,
                    "dc": 0
                }
            },
            "gen-secure": {
                "reward": 40015,
                "time": 78.59024637704715,
                "time_by_components": {
                    "R0": 5.114731822162867,
                    "R1": 4.295735388994217,
                    "R2": 4.093133517540991,
                    "R3": 4.02433370705694,
                    "R4": 3.976933508180082,
                    "R5": 3.9748108466155827,
                    "R6": 3.964787919074297,
                    "R7": 3.9573240354657173,
                    "R8": 3.951439270284027,
                    "R9": 3.9357714508660138,
                    "as": 4.131296175532043,
                    "comp": 30.96124625345692,
                    "dc": 0.03328091511502862
                }
            },
            "std": {
                "reward": 40015,
                "time": 4.909736633300781
            }
        }
    },
    "e-greedy": {
        "it-7": {
            "args": {
                "alpha_seed": 233,
                "epsilon": 0.1,
                "epsilon_seed": 907,
                "random_arm_seed": 274,
                "reward_seed": 7,
                "sigma_seed": 990
            },
            "gen-distributed": {
                "reward": 40814,
                "time": 12.862060718238354,
                "time_by_components": {
                    "R0": 1.32453030673787,
                    "R1": 0.6754809501580894,
                    "R2": 0.6614621886983514,
                    "R3": 0.6597637413069606,
                    "R4": 0.6603507497347891,
                    "R5": 0.66187902726233,
                    "R6": 0.6601667981594801,
                    "R7": 0.6599622606299818,
                    "R8": 0.6599876056425273,
                    "R9": 0.6615167828276753,
                    "as": 3.3104545837268233,
                    "comp": 0.3118819575756788,
                    "dc": 0
                }
            },
            "gen-secure": {
                "reward": 40814,
                "time": 71.00739545421675,
                "time_by_components": {
                    "R0": 4.740955942310393,
                    "R1": 3.756845208350569,
                    "R2": 3.640245759859681,
                    "R3": 3.587887499947101,
                    "R4": 3.54990198276937,
                    "R5": 3.549637366551906,
                    "R6": 3.583580367267132,
                    "R7": 3.5211779600940645,
                    "R8": 3.519144056830555,
                    "R9": 3.510377061087638,
                    "as": 3.844354894477874,
                    "comp": 27.492503909394145,
                    "dc": 0.030701117124408484
                }
            },
            "std": {
                "reward": 40814,
                "time": 4.706700563430786
            }
        }
    },
    "e-greedy-decreasing": {
        "it-7": {
            "args": {
                "alpha_seed": 142,
                "epsilon_seed": 507,
                "random_arm_seed": 923,
                "reward_seed": 7,
                "sigma_seed": 59
            },
            "gen-distributed": {
                "reward": 41509,
                "time": 13.478103291243315,
                "time_by_components": {
                    "R0": 1.3992159576155245,
                    "R1": 0.69945103302598,
                    "R2": 0.6909694317728281,
                    "R3": 0.6893758624792099,
                    "R4": 0.6907665366306901,
                    "R5": 0.6905703851953149,
                    "R6": 0.6897073229774833,
                    "R7": 0.689706165343523,
                    "R8": 0.6890849913470447,
                    "R9": 0.6894438550807536,
                    "as": 3.4595021386630833,
                    "comp": 0.31148263858631253,
                    "dc": 0
                }
            },
            "gen-secure": {
                "reward": 41509,
                "time": 74.13504520896822,
                "time_by_components": {
                    "R0": 4.8994865654967725,
                    "R1": 3.941823059692979,
                    "R2": 3.8202635925263166,
                    "R3": 3.769044523127377,
                    "R4": 3.7300877552479506,
                    "R5": 3.7272765054367483,
                    "R6": 3.7083321255631745,
                    "R7": 3.6978004900738597,
                    "R8": 3.6928561329841614,
                    "R9": 3.6877105850726366,
                    "as": 4.051322538405657,
                    "comp": 28.61216577515006,
                    "dc": 0.03316609188914299
                }
            },
            "std": {
                "reward": 41509,
                "time": 4.824774742126465
            }
        }
    },
    "nb_iterations": 30,
    "pursuit": {
        "it-7": {
            "args": {
                "alpha_seed": 989,
                "beta": 0.1,
                "random_arm_seed": 478,
                "reward_seed": 7,
                "sigma_seed": 470
            },
            "gen-distributed": {
                "reward": 42604,
                "time": 26.725206242408603,
                "time_by_components": {
                    "R0": 2.3468770845793188,
                    "R1": 1.5258024204522371,
                    "R2": 1.4976097834296525,
                    "R3": 1.4897731561213732,
                    "R4": 1.493018216919154,
                    "R5": 1.492920343298465,
                    "R6": 1.4910346884280443,
                    "R7": 1.4877712847664952,
                    "R8": 1.4904211931861937,
                    "R9": 1.4945416091941297,
                    "as": 6.801178810652345,
                    "comp": 1.4034146438352764,
                    "dc": 0
                }
            },
            "gen-secure": {
                "reward": 42604,
                "time": 151.20031662890688,
                "time_by_components": {
                    "R0": 9.461564424913377,
                    "R1": 8.149221392348409,
                    "R2": 7.848699946887791,
                    "R3": 7.761681586969644,
                    "R4": 7.746930230408907,
                    "R5": 7.719299360644072,
                    "R6": 7.690358714666218,
                    "R7": 7.662894330453128,
                    "R8": 7.61459931358695,
                    "R9": 7.6953567625023425,
                    "as": 8.114313771482557,
                    "comp": 59.62180269462988,
                    "dc": 0.03329148283228278
                }
            },
            "std": {
                "reward": 42604,