{
    "N": 100000,
    "arms": [
        0.5312831389183457,
        0.4305408271474019,
        0.3647932131495228,
        0.3404029692470838,
        0.3117709437963945,
        0.2799575821845175,
        0.2788971367974549,
        0.2704135737009544,
        0.24602332979851538,
        0.24602332979851538,
        0.23966065747614,
        0.23860021208907742,
        0.23223753976670203,
        0.22375397667020147,
        0.21208907741251326,
        0.19936373276776245,
        0.17709437963944857,
        0.17709437963944857,
        0.17179215270413573,
        0.16861081654294804
    ],
    "boltzmann": {
        "it-50": {
            "args": {
                "alpha_seed": 341,
                "random_arm_seed": 489,
                "reward_seed": 50,
                "sigma_seed": 690,
                "tau": 0.06
            },
            "gen-distributed": {
                "reward": 49333,
                "time": 30.17891549412161,
                "time_by_components": {
                    "R0": 1.7417277316562831,
                    "R1": 1.0804534340277314,
                    "R10": 0.9445167551748455,
                    "R11": 0.9448839402757585,
                    "R12": 0.9416093635372818,
                    "R13": 0.9433143688365817,
                    "R14": 0.9417845858260989,
                    "R15": 0.9455390498042107,
                    "R16": 0.9475125907920301,
                    "R17": 0.9426179844886065,
                    "R18": 0.9421409261412919,
                    "R19": 0.9435463803820312,
                    "R2": 0.9676163229160011,
                    "R3": 0.9579331544227898,
                    "R4": 0.962734192609787,
                    "R5": 0.9585848338901997,
                    "R6": 0.9579796637408435,
                    "R7": 0.9544040500186384,
                    "R8": 0.950508045963943,
                    "R9": 0.9459361722692847,
                    "as": 5.290276687592268,
                    "comp": 1.7286857441067696,
                    "dc": 0
                }
            },
            "gen-secure": {
                "reward": 49333,
                "time": 185.54866922879592,
                "time_by_components": {
                    "R0": 6.591768445447087,
                    "R1": 5.397377252578735,
                    "R10": 4.898711191955954,
                    "R11": 4.87962801521644,
                    "R12": 4.888447300065309,
                    "R13": 4.874262820463628,
                    "R14": 4.874884468037635,
                    "R15": 4.87378037860617,
                    "R16": 4.870088421273977,
                    "R17": 4.863364461809397,
                    "R18": 4.855263504199684,
                    "R19": 4.850111129228026,
                    "R2": 5.115950810723007,
                    "R3": 5.028150051366538,
                    "R4": 4.970519546885043,
                    "R5": 4.947147948201746,
                    "R6": 4.92036698339507,
                    "R7": 4.905190409626812,
                    "R8": 4.900319388136268,
                    "R9": 4.936366954818368,
                    "as": 6.349457410629839,
                    "comp": 74.08353491593152,
                    "dc": 0.03320039203390479
                }
            },
            "std": {
                "reward": 49333,
                "time": 7.920825481414795
            }
        }
    },
    "e-greedy": {
        "it-50": {
            "args": {
                "alpha_seed": 766,
                "epsilon": 0.1,
                "epsilon_seed": 335,
                "random_arm_seed": 91,
                "reward_seed": 50,
                "sigma_seed": 594
            },
            "gen-distributed": {
                "reward": 50342,
                "time": 27.063082381617278,
                "time_by_components": {
                    "R0": 1.6937171900644898,
                    "R1": 0.859189884737134,
                    "R10": 0.8386048260144889,
                    "R11": 0.8341007116250694,
                    "R12": 0.8333402760326862,
                    "R13": 0.8416130053810775,
                    "R14": 0.8352667181752622,
                    "R15": 0.8373771701008081,
                    "R16": 0.8327188305556774,
                    "R17": 0.8321559331379831,
                    "R18": 0.8341596559621394,
                    "R19": 0.8331864313222468,
                    "R2": 0.8401856385171413,
                    "R3": 0.8378047770820558,
                    "R4": 0.8426312319934368,
                    "R5": 0.8388050375506282,
                    "R6": 0.8369758278131485,
                    "R7": 0.8369179819710553,
                    "R8": 0.8349040425382555,
                    "R9": 0.8357874494977295,
                    "as": 5.186585774645209,
                    "comp": 0.5133550842292607,
                    "dc": 0
                }
            },
            "gen-secure": {
                "reward": 50342,
                "time": 172.75000864407048,
                "time_by_components": {
                    "R0": 6.146937031764537,
                    "R1": 4.862517363391817,
                    "R10": 4.499179697129875,
                    "R11": 4.496128499973565,
                    "R12": 4.483180036302656,
                    "R13": 4.479107519611716,
                    "R14": 4.477723223622888,
                    "R15": 4.483407781925052,
                    "R16": 4.4824819676578045,
                    "R17": 4.476966340094805,
                    "R18": 4.476292066741735,
                    "R19": 4.507427994161844,
                    "R2": 4.6855067680589855,
                    "R3": 4.612458998337388,
                    "R4": 4.6474927994422615,
                    "R5": 4.571546790655702,
                    "R6": 4.529712308198214,
                    "R7": 4.518151741474867,
                    "R8": 4.507857671938837,
                    "R9": 4.503981680609286,
                    "as": 6.196942443493754,
                    "comp": 68.85681971395388,
                    "dc": 0.033192026894539595
                }
            },
            "std": {
                "reward": 50342,
                "time": 7.116477012634277
            }
        }
    },
    "e-greedy-decreasing": {
        "it-50": {
            "args": {
                "alpha_seed": 526,
                "epsilon_seed": 341,
                "random_arm_seed": 489,
                "reward_seed": 50,
                "sigma_seed": 459
            },
            "gen-distributed": {
                "reward": 51483,
                "time": 27.420471671037376,
                "time_by_components": {
                    "R0": 1.7435428770259023,
                    "R1": 0.8686126386746764,
                    "R10": 0.853094182908535,
                    "R11": 0.854919555131346,
                    "R12": 0.8551546861417592,
                    "R13": 0.8559919996187091,
                    "R14": 0.8536668154411018,
                    "R15": 0.8555350885726511,
                    "R16": 0.8561606085859239,
                    "R17": 0.8564488557167351,
                    "R18": 0.8544920785352588,
                    "R19": 0.8545725303702056,
                    "R2": 0.8593224338255823,
                    "R3": 0.8568053869530559,
                    "R4": 0.8572895335964859,
                    "R5": 0.8675402845256031,
                    "R6": 0.8546388712711632,
                    "R7": 0.8587193065322936,
                    "R8": 0.854756492190063,
                    "R9": 0.8582669445313513,
                    "as": 5.1051739188842475,
                    "comp": 0.47068698424845934,
                    "dc": 0
                }
            },
            "gen-secure": {
                "reward": 51483,
                "time": 173.83910869201645,