{
    "N": 60000,
    "arms": [
        0.5312831389183457,
        0.4305408271474019,
        0.3647932131495228,
        0.3404029692470838,
        0.3117709437963945,
        0.2799575821845175,
        0.2788971367974549,
        0.2704135737009544,
        0.24602332979851538,
        0.24602332979851538
    ],
    "boltzmann": {
        "it-29": {
            "args": {
                "alpha_seed": 491,
                "random_arm_seed": 645,
                "reward_seed": 29,
                "sigma_seed": 964,
                "tau": 0.06
            },
            "gen-distributed": {
                "reward": 29370,
                "time": 10.901265591848642,
                "time_by_components": {
                    "R0": 0.9922608197666705,
                    "R1": 0.6764434669166803,
                    "R2": 0.6050763498060405,
                    "R3": 0.5769964181818068,
                    "R4": 0.5784172811545432,
                    "R5": 0.5686194440349936,
                    "R6": 0.5719884671270847,
                    "R7": 0.5655651139095426,
                    "R8": 0.566953900270164,
                    "R9": 0.5704510053619742,
                    "as": 2.604082102421671,
                    "comp": 0.9423589063808322,
                    "dc": 0
                }
            },
            "gen-secure": {
                "reward": 29370,
                "time": 59.21362747717649,
                "time_by_components": {
                    "R0": 3.7887748614884913,
                    "R1": 3.2793267122469842,
                    "R2": 3.1241073487326503,
                    "R3": 3.0495184869505465,
                    "R4": 3.0241044429130852,
                    "R5": 3.0124445911496878,
                    "R6": 3.031708775088191,
                    "R7": 2.994522884953767,
                    "R8": 2.9775377083569765,
                    "R9": 2.9747738768346608,
                    "as": 3.0891761388629675,
                    "comp": 23.205947403330356,
                    "dc": 0.03320993296802044
                }
            },
            "std": {
                "reward": 29370,
                "time": 3.948791980743408
            }
        }
    },
    "e-greedy": {
        "it-29": {
            "args": {
                "alpha_seed": 487,
                "epsilon": 0.1,
                "epsilon_seed": 204,
                "random_arm_seed": 383,
                "reward_seed": 29,
                "sigma_seed": 170
            },
            "gen-distributed": {
                "reward": 30730,
                "time": 9.427877969108522,
                "time_by_components": {
                    "R0": 0.974019031971693,
                    "R1": 0.48770205629989505,
                    "R2": 0.48308971151709557,
                    "R3": 0.4811459770426154,
                    "R4": 0.4809778518974781,
                    "R5": 0.4822622719220817,
                    "R6": 0.48206021543592215,
                    "R7": 0.4818115057423711,
                    "R8": 0.4812348890118301,
                    "R9": 0.48201808519661427,
                    "as": 2.431812798138708,
                    "comp": 0.2329872385598719,
                    "dc": 0
                }
            },
            "gen-secure": {
                "reward": 30730,
                "time": 55.205831876955926,
                "time_by_components": {
                    "R0": 3.637075250968337,
                    "R1": 2.9221837455406785,
                    "R2": 2.8395453998818994,
                    "R3": 2.805625390727073,
                    "R4": 2.774353628978133,
                    "R5": 2.7950912890955806,
                    "R6": 2.7736167213879526,
                    "R7": 2.765322827734053,
                    "R8": 2.7557545858435333,
                    "R9": 2.7412720466963947,
                    "as": 2.984769329894334,
                    "comp": 21.31498526595533,
                    "dc": 0.03315704595297575
                }
            },
            "std": {
                "reward": 30730,
                "time": 3.4197916984558105
            }
        }
    },
    "e-greedy-decreasing": {
        "it-29": {
            "args": {
                "alpha_seed": 435,
                "epsilon_seed": 911,
                "random_arm_seed": 302,
                "reward_seed": 29,
                "sigma_seed": 922
            },
            "gen-distributed": {
                "reward": 31125,
                "time": 10.098656479269266,
                "time_by_components": {
                    "R0": 1.0419158600270748,
                    "R1": 0.5272418423555791,
                    "R2": 0.5172724253498018,
                    "R3": 0.5197084257379174,
                    "R4": 0.5185358952730894,
                    "R5": 0.516183762345463,
                    "R6": 0.5157336671836674,
                    "R7": 0.5160583909600973,
                    "R8": 0.5147427571937442,
                    "R9": 0.5153715801425278,
                    "as": 2.5884447996504605,
                    "comp": 0.23470958229154348,
                    "dc": 0
                }
            },
            "gen-secure": {
                "reward": 31125,
                "time": 56.602211324032396,
                "time_by_components": {
                    "R0": 3.732144748326391,
                    "R1": 3.013488957192749,
                    "R2": 2.922556086909026,
                    "R3": 2.889434840064496,
                    "R4": 2.8615692239254713,
                    "R5": 2.864554252009839,
                    "R6": 2.8992213713936508,
                    "R7": 2.8311181915923953,
                    "R8": 2.8295423919335008,
                    "R9": 2.8274950771592557,
                    "as": 3.061516991816461,
                    "comp": 21.734236035961658,
                    "dc": 0.03310375614091754
                }
            },
            "std": {
                "reward": 31125,
                "time": 6.501624822616577
            }
        }
    },
    "nb_iterations": 30,
    "pursuit": {
        "it-29": {
            "args": {
                "alpha_seed": 491,
                "beta": 0.1,
                "random_arm_seed": 645,
                "reward_seed": 29,
                "sigma_seed": 560
            },
            "gen-distributed": {
                "reward": 32006,
                "time": 19.615833514835685,
                "time_by_components": {
                    "R0": 1.7244732179678977,
                    "R1": 1.1209077555686235,
                    "R2": 1.1012112931348383,
                    "R3": 1.098813880700618,
                    "R4": 1.095205164514482,
                    "R5": 1.0964837446808815,
                    "R6": 1.1030272422358394,
                    "R7": 1.0955587457865477,
                    "R8": 1.095015671569854,
                    "R9": 1.0956841693259776,
                    "as": 4.977615545503795,
                    "comp": 1.0297950389795005,
                    "dc": 0
                }
            },
            "gen-secure": {
                "reward": 32006,
                "time": 113.88354324596003,
                "time_by_components": {
                    "R0": 7.190986575558782,
                    "R1": 6.221987953875214,
                    "R2": 5.996480219997466,
                    "R3": 5.882912447676063,
                    "R4": 5.790445858146995,
                    "R5": 5.7711560591124,
                    "R6": 5.753376764245331,
                    "R7": 5.739216981455684,
                    "R8": 5.733043442014605,
                    "R9": 5.79635950550437,
                    "as": 6.048459108453244,
                    "comp": 44.858164915349334,
                    "dc": 0.03317909128963947
                }
            },
            "std": {
                "reward": 32006,