{
    "N": 60000,
    "arms": [
        0.5312831389183457,
        0.4305408271474019,
        0.3647932131495228,
        0.3404029692470838,
        0.3117709437963945,
        0.2799575821845175,
        0.2788971367974549,
        0.2704135737009544,
        0.24602332979851538,
        0.24602332979851538
    ],
    "boltzmann": {
        "it-15": {
            "args": {
                "alpha_seed": 583,
                "random_arm_seed": 623,
                "reward_seed": 15,
                "sigma_seed": 627,
                "tau": 0.06
            },
            "gen-distributed": {
                "reward": 29830,
                "time": 10.32140379305929,
                "time_by_components": {
                    "R0": 0.9788276506587863,
                    "R1": 0.6090769805014133,
                    "R2": 0.5597488880157471,
                    "R3": 0.5466793137602508,
                    "R4": 0.5415351251140237,
                    "R5": 0.5445048906840384,
                    "R6": 0.5365603761747479,
                    "R7": 0.5384609196335077,
                    "R8": 0.5321401935070753,
                    "R9": 0.5352107714861631,
                    "as": 2.472277064807713,
                    "comp": 0.8907195692881942,
                    "dc": 0
                }
            },
            "gen-secure": {
                "reward": 29830,
                "time": 58.41464574588463,
                "time_by_components": {
                    "R0": 3.785580214112997,
                    "R1": 3.2032925598323345,
                    "R2": 3.062683294992894,
                    "R3": 3.0130792767740786,
                    "R4": 2.970876724459231,
                    "R5": 2.9700211943127215,
                    "R6": 2.9613837590441108,
                    "R7": 2.9503130856901407,
                    "R8": 2.9372431854717433,
                    "R9": 2.940814576111734,
                    "as": 3.0709955100901425,
                    "comp": 22.901984432712197,
                    "dc": 0.03303966484963894
                }
            },
            "std": {
                "reward": 29830,
                "time": 3.9598639011383057
            }
        }
    },
    "e-greedy": {
        "it-15": {
            "args": {
                "alpha_seed": 407,
                "epsilon": 0.1,
                "epsilon_seed": 310,
                "random_arm_seed": 884,
                "reward_seed": 15,
                "sigma_seed": 263
            },
            "gen-distributed": {
                "reward": 30765,
                "time": 9.769950461108238,
                "time_by_components": {
                    "R0": 1.0061304694972932,
                    "R1": 0.5079507580958307,
                    "R2": 0.501684486400336,
                    "R3": 0.4998339922167361,
                    "R4": 0.49881692277267575,
                    "R5": 0.4997256379574537,
                    "R6": 0.49797862535342574,
                    "R7": 0.49915860034525394,
                    "R8": 0.4985431362874806,
                    "R9": 0.4985455060377717,
                    "as": 2.5107238749042153,
                    "comp": 0.2370917508378625,
                    "dc": 0
                }
            },
            "gen-secure": {
                "reward": 30765,
                "time": 54.97605373710394,
                "time_by_components": {
                    "R0": 3.6093968665227294,
                    "R1": 2.9189480948261917,
                    "R2": 2.8365994496271014,
                    "R3": 2.8032552003860474,
                    "R4": 2.774821493308991,
                    "R5": 2.763410834595561,
                    "R6": 2.758212454151362,
                    "R7": 2.751594723202288,
                    "R8": 2.7887816037982702,
                    "R9": 2.747246482875198,
                    "as": 3.0013822559267282,
                    "comp": 21.137695278972387,
                    "dc": 0.03308030869811773
                }
            },
            "std": {
                "reward": 30765,
                "time": 3.629387140274048
            }
        }
    },
    "e-greedy-decreasing": {
        "it-15": {
            "args": {
                "alpha_seed": 407,
                "epsilon_seed": 310,
                "random_arm_seed": 884,
                "reward_seed": 15,
                "sigma_seed": 263
            },
            "gen-distributed": {
                "reward": 31142,
                "time": 9.735254066996276,
                "time_by_components": {
                    "R0": 1.0107062002643943,
                    "R1": 0.5044630537740886,
                    "R2": 0.49971996946260333,
                    "R3": 0.4989819973707199,
                    "R4": 0.4984739338979125,
                    "R5": 0.49907953990623355,
                    "R6": 0.4987459583207965,
                    "R7": 0.4986288114450872,
                    "R8": 0.4981638202443719,
                    "R9": 0.4983626827597618,
                    "as": 2.4949297006241977,
                    "comp": 0.22317381110042334,
                    "dc": 0
                }
            },
            "gen-secure": {
                "reward": 31142,
                "time": 54.967739088926464,
                "time_by_components": {
                    "R0": 3.643440349958837,
                    "R1": 2.9315402638167143,
                    "R2": 2.8440403463318944,
                    "R3": 2.825626323930919,
                    "R4": 2.7884108386933804,
                    "R5": 2.7733489740639925,
                    "R6": 2.7624848624691367,
                    "R7": 2.754521225579083,
                    "R8": 2.7551904637366533,
                    "R9": 2.7562579573132098,
                    "as": 3.0148406024090946,
                    "comp": 21.050841332878917,
                    "dc": 0.033237445168197155
                }
            },
            "std": {
                "reward": 31142,
                "time": 3.619408130645752
            }
        }
    },
    "nb_iterations": 30,
    "pursuit": {
        "it-15": {
            "args": {
                "alpha_seed": 583,
                "beta": 0.1,
                "random_arm_seed": 623,
                "reward_seed": 15,
                "sigma_seed": 149
            },
            "gen-distributed": {
                "reward": 21858,
                "time": 20.06134526571259,
                "time_by_components": {
                    "R0": 1.2138762534596026,
                    "R1": 1.135524156037718,
                    "R2": 1.677688033785671,
                    "R3": 1.1246921555139124,
                    "R4": 1.1202844292856753,
                    "R5": 1.122547943610698,
                    "R6": 1.125571007374674,
                    "R7": 1.1178950555622578,
                    "R8": 1.1165579846128821,
                    "R9": 1.1213770653121173,
                    "as": 5.085775774437934,
                    "comp": 1.0379739589989185,
                    "dc": 0
                }
            },
            "gen-secure": {
                "reward": 21858,
                "time": 114.22951210709289,
                "time_by_components": {
                    "R0": 6.6364316353574395,
                    "R1": 6.098164104390889,
                    "R2": 6.627315081190318,
                    "R3": 5.9212160632014275,
                    "R4": 5.8033308470621705,
                    "R5": 5.861108021810651,
                    "R6": 5.838629313278943,
                    "R7": 5.770023753866553,
                    "R8": 5.76756029156968,
                    "R9": 5.75184853374958,
                    "as": 6.1608006078749895,
                    "comp": 44.8727605342865,
                    "dc": 0.03301028208807111
                }
            },
            "std": {
                "reward": 21858,