{
    "N": 60000,
    "arms": [
        0.5312831389183457,
        0.4305408271474019,
        0.3647932131495228,
        0.3404029692470838,
        0.3117709437963945,
        0.2799575821845175,
        0.2788971367974549,
        0.2704135737009544,
        0.24602332979851538,
        0.24602332979851538
    ],
    "boltzmann": {
        "it-28": {
            "args": {
                "alpha_seed": 204,
                "random_arm_seed": 383,
                "reward_seed": 28,
                "sigma_seed": 619,
                "tau": 0.06
            },
            "gen-distributed": {
                "reward": 29687,
                "time": 10.821503110229969,
                "time_by_components": {
                    "R0": 1.0296800113283098,
                    "R1": 0.6170662506483495,
                    "R2": 0.6062147789634764,
                    "R3": 0.5790167669765651,
                    "R4": 0.5776200098916888,
                    "R5": 0.5686520813032985,
                    "R6": 0.5644659288227558,
                    "R7": 0.569567802362144,
                    "R8": 0.5645094006322324,
                    "R9": 0.5675453683361411,
                    "as": 2.573475791607052,
                    "comp": 0.9320645052939653,
                    "dc": 0
                }
            },
            "gen-secure": {
                "reward": 29687,
                "time": 59.30555731756613,
                "time_by_components": {
                    "R0": 3.859272290021181,
                    "R1": 3.2267160546034575,
                    "R2": 3.118990894872695,
                    "R3": 3.062541141640395,
                    "R4": 3.0220600506290793,
                    "R5": 3.0140783661045134,
                    "R6": 3.0030941674485803,
                    "R7": 3.002740678843111,
                    "R8": 2.978892521932721,
                    "R9": 2.981528779491782,
                    "as": 3.1135497307404876,
                    "comp": 23.25427322462201,
                    "dc": 0.03059170488268137
                }
            },
            "std": {
                "reward": 29687,
                "time": 3.926980495452881
            }
        }
    },
    "e-greedy": {
        "it-28": {
            "args": {
                "alpha_seed": 547,
                "epsilon": 0.1,
                "epsilon_seed": 225,
                "random_arm_seed": 338,
                "reward_seed": 28,
                "sigma_seed": 358
            },
            "gen-distributed": {
                "reward": 30760,
                "time": 9.821282397024333,
                "time_by_components": {
                    "R0": 1.0136732356622815,
                    "R1": 0.506980168633163,
                    "R2": 0.5041823391802609,
                    "R3": 0.5016300082206726,
                    "R4": 0.5005052769556642,
                    "R5": 0.504782194737345,
                    "R6": 0.5030372198671103,
                    "R7": 0.5017129564657807,
                    "R8": 0.5015713726170361,
                    "R9": 0.5022919345647097,
                    "as": 2.532082999125123,
                    "comp": 0.24352757539600134,
                    "dc": 0
                }
            },
            "gen-secure": {
                "reward": 30760,
                "time": 54.761913603171706,
                "time_by_components": {
                    "R0": 3.650093640666455,
                    "R1": 2.914793794043362,
                    "R2": 2.832152714487165,
                    "R3": 2.7971223164349794,
                    "R4": 2.761460634879768,
                    "R5": 2.756324792280793,
                    "R6": 2.746253162622452,
                    "R7": 2.7396871522068977,
                    "R8": 2.7348754559643567,
                    "R9": 2.741585814394057,
                    "as": 2.9928369694389403,
                    "comp": 21.008984475396574,
                    "dc": 0.0334715130738914
                }
            },
            "std": {
                "reward": 30760,
                "time": 3.6603267192840576
            }
        }
    },
    "e-greedy-decreasing": {
        "it-28": {
            "args": {
                "alpha_seed": 547,
                "epsilon_seed": 225,
                "random_arm_seed": 338,
                "reward_seed": 28,
                "sigma_seed": 358
            },
            "gen-distributed": {
                "reward": 31123,
                "time": 9.972085013985634,
                "time_by_components": {
                    "R0": 1.0375627730973065,
                    "R1": 0.5178095870651305,
                    "R2": 0.5123786781914532,
                    "R3": 0.5104235867038369,
                    "R4": 0.5103389751166105,
                    "R5": 0.5093264849856496,
                    "R6": 0.5091103953309357,
                    "R7": 0.5095057357102633,
                    "R8": 0.5084557444788516,
                    "R9": 0.5092501775361598,
                    "as": 2.555250972043723,
                    "comp": 0.2294142870232463,
                    "dc": 0
                }
            },
            "gen-secure": {
                "reward": 31123,
                "time": 56.237149509601295,
                "time_by_components": {
                    "R0": 3.716800534632057,
                    "R1": 2.9998049163259566,
                    "R2": 2.921586540993303,
                    "R3": 2.879561676643789,
                    "R4": 2.8407581374049187,
                    "R5": 2.8292379514314234,
                    "R6": 2.8234932771883905,
                    "R7": 2.818997791968286,
                    "R8": 2.8160682963207364,
                    "R9": 2.821168893482536,
                    "as": 3.0434383852407336,
                    "comp": 21.61056112870574,
                    "dc": 0.03388734022155404
                }
            },
            "std": {
                "reward": 31123,
                "time": 3.6361587047576904
            }
        }
    },
    "nb_iterations": 30,
    "pursuit": {
        "it-28": {
            "args": {
                "alpha_seed": 204,
                "beta": 0.1,
                "random_arm_seed": 383,
                "reward_seed": 28,
                "sigma_seed": 170
            },
            "gen-distributed": {
                "reward": 21855,
                "time": 20.09880300797522,
                "time_by_components": {
                    "R0": 1.215965733397752,
                    "R1": 1.134059683419764,
                    "R2": 1.6769407554529607,
                    "R3": 1.1247209357097745,
                    "R4": 1.1176399355754256,
                    "R5": 1.1197718819603324,
                    "R6": 1.1184394052252173,
                    "R7": 1.1180645730346441,
                    "R8": 1.1157483984716237,
                    "R9": 1.1172581040300429,
                    "as": 5.123340035788715,
                    "comp": 1.0579472077079117,
                    "dc": 0
                }
            },
            "gen-secure": {
                "reward": 21855,
                "time": 114.66715854220092,
                "time_by_components": {
                    "R0": 6.586653691716492,
                    "R1": 6.13321732589975,
                    "R2": 6.661662903148681,
                    "R3": 6.002409372944385,
                    "R4": 5.836765352636576,
                    "R5": 5.818332321476191,
                    "R6": 5.792757508344948,
                    "R7": 5.878965669311583,
                    "R8": 5.785122524946928,
                    "R9": 5.840872944332659,
                    "as": 6.124032530467957,
                    "comp": 45.08848870964721,
                    "dc": 0.03335712477564812
                }
            },
            "std": {
                "reward": 21855,