{
    "N": 100000,
    "arms": [
        0.5312831389183457,
        0.4305408271474019,
        0.3647932131495228,
        0.3404029692470838,
        0.3117709437963945,
        0.2799575821845175,
        0.2788971367974549,
        0.2704135737009544,
        0.24602332979851538,
        0.24602332979851538,
        0.23966065747614,
        0.23860021208907742,
        0.23223753976670203,
        0.22375397667020147,
        0.21208907741251326,
        0.19936373276776245,
        0.17709437963944857,
        0.17709437963944857,
        0.17179215270413573,
        0.16861081654294804
    ],
    "boltzmann": {
        "it-46": {
            "args": {
                "alpha_seed": 188,
                "random_arm_seed": 864,
                "reward_seed": 46,
                "sigma_seed": 98,
                "tau": 0.06
            },
            "gen-distributed": {
                "reward": 48908,
                "time": 30.043952059932053,
                "time_by_components": {
                    "R0": 1.7077438714914024,
                    "R1": 1.0947099956683815,
                    "R10": 0.9507612218149006,
                    "R11": 0.9449864849448204,
                    "R12": 0.9483915572054684,
                    "R13": 0.9450149619951844,
                    "R14": 0.947198343463242,
                    "R15": 0.9429593766108155,
                    "R16": 0.9429680034518242,
                    "R17": 0.941978232935071,
                    "R18": 0.941763929091394,
                    "R19": 0.9485192075371742,
                    "R2": 1.0003863531164825,
                    "R3": 0.9634575382806361,
                    "R4": 0.9612199123948812,
                    "R5": 0.9492108230479062,
                    "R6": 0.9529328183270991,
                    "R7": 0.9496140931732953,
                    "R8": 0.9504919550381601,
                    "R9": 0.9469424649141729,
                    "as": 5.243791474495083,
                    "comp": 1.7223406787961721,
                    "dc": 0
                }
            },
            "gen-secure": {
                "reward": 48908,
                "time": 185.16911246581003,
                "time_by_components": {
                    "R0": 6.548970584757626,
                    "R1": 5.4073976767249405,
                    "R10": 4.8765489286743104,
                    "R11": 4.864964218344539,
                    "R12": 4.862605823669583,
                    "R13": 4.8660987871699035,
                    "R14": 4.854081830941141,
                    "R15": 4.856153117027134,
                    "R16": 4.847176435869187,
                    "R17": 4.869902417529374,
                    "R18": 4.855907196644694,
                    "R19": 4.854498760774732,
                    "R2": 5.143659083172679,
                    "R3": 5.03217064961791,
                    "R4": 4.957708905451,
                    "R5": 4.935233264230192,
                    "R6": 4.911560457665473,
                    "R7": 4.917215601541102,
                    "R8": 4.8945747395046055,
                    "R9": 4.888644183985889,
                    "as": 6.361043403856456,
                    "comp": 73.97343208314851,
                    "dc": 0.033307963982224464
                }
            },
            "std": {
                "reward": 48908,
                "time": 7.892265558242798
            }
        }
    },
    "e-greedy": {
        "it-46": {
            "args": {
                "alpha_seed": 451,
                "epsilon": 0.1,
                "epsilon_seed": 203,
                "random_arm_seed": 652,
                "reward_seed": 46,
                "sigma_seed": 280
            },
            "gen-distributed": {
                "reward": 50593,
                "time": 26.88795821228996,
                "time_by_components": {
                    "R0": 1.696245850995183,
                    "R1": 0.85750473709777,
                    "R10": 0.8302961713634431,
                    "R11": 0.8295526853762567,
                    "R12": 0.8294677026569843,
                    "R13": 0.8311861325055361,
                    "R14": 0.8302875277586281,
                    "R15": 0.8303160681389272,
                    "R16": 0.8295251536183059,
                    "R17": 0.8302208036184311,
                    "R18": 0.8301558685488999,
                    "R19": 0.8279078342020512,
                    "R2": 0.8365101092495024,
                    "R3": 0.8330098455771804,
                    "R4": 0.8320643869228661,
                    "R5": 0.8317434634082019,
                    "R6": 0.8317586346529424,
                    "R7": 0.8312747152522206,
                    "R8": 0.8285222114063799,
                    "R9": 0.8312127850949764,
                    "as": 5.1083826487883925,
                    "comp": 0.5035923128016293,
                    "dc": 0
                }
            },
            "gen-secure": {
                "reward": 50593,
                "time": 172.67391942907125,
                "time_by_components": {
                    "R0": 6.139384726528078,
                    "R1": 4.867535243276507,
                    "R10": 4.508882238063961,
                    "R11": 4.502029768191278,
                    "R12": 4.503202456049621,
                    "R13": 4.494584943633527,
                    "R14": 4.493641398381442,
                    "R15": 4.497298561967909,
                    "R16": 4.4949352773837745,
                    "R17": 4.489576933905482,
                    "R18": 4.491582041606307,
                    "R19": 4.484513656236231,
                    "R2": 4.686783201992512,
                    "R3": 4.625701065640897,
                    "R4": 4.563445013947785,
                    "R5": 4.541093701031059,
                    "R6": 4.5363965150900185,
                    "R7": 4.542551740538329,
                    "R8": 4.525402976665646,
                    "R9": 4.508595135062933,
                    "as": 6.124632951803505,
                    "comp": 68.86954765673727,
                    "dc": 0.033233184833079576
                }
            },
            "std": {
                "reward": 50593,
                "time": 7.102078914642334
            }
        }
    },
    "e-greedy-decreasing": {
        "it-46": {
            "args": {
                "alpha_seed": 505,
                "epsilon_seed": 188,
                "random_arm_seed": 864,
                "reward_seed": 46,
                "sigma_seed": 965
            },
            "gen-distributed": {
                "reward": 51498,
                "time": 27.28580950712785,
                "time_by_components": {
                    "R0": 1.7415791782550514,
                    "R1": 0.8711278946138918,
                    "R10": 0.8536811470985413,
                    "R11": 0.8528944393619895,
                    "R12": 0.8533494132570922,
                    "R13": 0.8513593263924122,
                    "R14": 0.8524294812232256,
                    "R15": 0.8523445506580174,
                    "R16": 0.8513194136321545,
                    "R17": 0.850925360340625,
                    "R18": 0.8537557511590421,
                    "R19": 0.8520202739164233,
                    "R2": 0.8565225135535002,
                    "R3": 0.8540445067919791,
                    "R4": 0.8548732697963715,
                    "R5": 0.8574887402355671,
                    "R6": 0.8554824315942824,
                    "R7": 0.8554438408464193,
                    "R8": 0.8535925182513893,
                    "R9": 0.8531886353157461,
                    "as": 5.100079162977636,
                    "comp": 0.46785591449588537,
                    "dc": 0
                }
            },
            "gen-secure": {
                "reward": 51498,
                "time": 176.25381152005866,