{
    "N": 50000,
    "arms": [
        0.5312831389183457,
        0.4305408271474019,
        0.3647932131495228,
        0.3404029692470838,
        0.3117709437963945,
        0.2799575821845175,
        0.2788971367974549,
        0.2704135737009544,
        0.24602332979851538,
        0.24602332979851538
    ],
    "boltzmann": {
        "it-24": {
            "args": {
                "alpha_seed": 907,
                "random_arm_seed": 274,
                "reward_seed": 24,
                "sigma_seed": 772,
                "tau": 0.06
            },
            "gen-distributed": {
                "reward": 25001,
                "time": 9.062719254754484,
                "time_by_components": {
                    "R0": 0.8755355221219361,
                    "R1": 0.5265627996996045,
                    "R2": 0.47314351005479693,
                    "R3": 0.48168956208974123,
                    "R4": 0.4766481826081872,
                    "R5": 0.48234402295202017,
                    "R6": 0.48287140065804124,
                    "R7": 0.4779421528801322,
                    "R8": 0.4734340235590935,
                    "R9": 0.47002976248040795,
                    "as": 2.16314408602193,
                    "comp": 0.781650563236326,
                    "dc": 0
                }
            },
            "gen-secure": {
                "reward": 25001,
                "time": 50.200932431966066,
                "time_by_components": {
                    "R0": 3.2797949286177754,
                    "R1": 2.7419328200630844,
                    "R2": 2.6160438102670014,
                    "R3": 2.5927708144299686,
                    "R4": 2.556015683338046,
                    "R5": 2.5574732669629157,
                    "R6": 2.5466628787107766,
                    "R7": 2.5386453638784587,
                    "R8": 2.5302655049599707,
                    "R9": 2.5287848128937185,
                    "as": 2.603133154567331,
                    "comp": 19.700246840249747,
                    "dc": 0.03306450182572007
                }
            },
            "std": {
                "reward": 25001,
                "time": 3.299217700958252
            }
        }
    },
    "e-greedy": {
        "it-24": {
            "args": {
                "alpha_seed": 93,
                "epsilon": 0.1,
                "epsilon_seed": 674,
                "random_arm_seed": 303,
                "reward_seed": 24,
                "sigma_seed": 807
            },
            "gen-distributed": {
                "reward": 25658,
                "time": 8.090630689635873,
                "time_by_components": {
                    "R0": 0.8364560813643038,
                    "R1": 0.42050275951623917,
                    "R2": 0.4167159884236753,
                    "R3": 0.41377812810242176,
                    "R4": 0.4143273150548339,
                    "R5": 0.4158680122345686,
                    "R6": 0.414368093945086,
                    "R7": 0.41324156429618597,
                    "R8": 0.41215473460033536,
                    "R9": 0.41246800730004907,
                    "as": 2.078511020168662,
                    "comp": 0.19875396974384785,
                    "dc": 0
                }
            },
            "gen-secure": {
                "reward": 25658,
                "time": 46.73980603599921,
                "time_by_components": {
                    "R0": 3.065266582649201,
                    "R1": 2.4876006706617773,
                    "R2": 2.413068888243288,
                    "R3": 2.393597511574626,
                    "R4": 2.3665599459782243,
                    "R5": 2.3699272386729717,
                    "R6": 2.3918173694983125,
                    "R7": 2.3529594191350043,
                    "R8": 2.343760361894965,
                    "R9": 2.35241321567446,
                    "as": 2.494746854994446,
                    "comp": 17.93996680388227,
                    "dc": 0.033052220940589905
                }
            },
            "std": {
                "reward": 25658,
                "time": 2.978135585784912
            }
        }
    },
    "e-greedy-decreasing": {
        "it-24": {
            "args": {
                "alpha_seed": 93,
                "epsilon_seed": 674,
                "random_arm_seed": 303,
                "reward_seed": 24,
                "sigma_seed": 807
            },
            "gen-distributed": {
                "reward": 25960,
                "time": 8.278964871075004,
                "time_by_components": {
                    "R0": 0.8588730450719595,
                    "R1": 0.4268670519813895,
                    "R2": 0.42349367029964924,
                    "R3": 0.42204515216872096,
                    "R4": 0.42205976229161024,
                    "R5": 0.4223246853798628,
                    "R6": 0.422936390619725,
                    "R7": 0.42327201133593917,
                    "R8": 0.42159038968384266,
                    "R9": 0.4217493156902492,
                    "as": 2.1424771160818636,
                    "comp": 0.19149884534999728,
                    "dc": 0
                }
            },
            "gen-secure": {
                "reward": 25960,
                "time": 47.14232434006408,
                "time_by_components": {
                    "R0": 3.1169738727621734,
                    "R1": 2.5230041150934994,
                    "R2": 2.445396243594587,
                    "R3": 2.4253528504632413,
                    "R4": 2.3924546823836863,
                    "R5": 2.3793516983278096,
                    "R6": 2.3740515005774796,
                    "R7": 2.370640316978097,
                    "R8": 2.373364070430398,
                    "R9": 2.368279531598091,
                    "as": 2.5451807342469692,
                    "comp": 18.075493874493986,
                    "dc": 0.03319311933591962
                }
            },
            "std": {
                "reward": 25960,
                "time": 3.096214532852173
            }
        }
    },
    "nb_iterations": 30,
    "pursuit": {
        "it-24": {
            "args": {
                "alpha_seed": 907,
                "beta": 0.1,
                "random_arm_seed": 274,
                "reward_seed": 24,
                "sigma_seed": 990
            },
            "gen-distributed": {
                "reward": 26699,
                "time": 16.343394218944013,
                "time_by_components": {
                    "R0": 1.4332853816449642,
                    "R1": 0.930353719741106,
                    "R2": 0.9133429224602878,
                    "R3": 0.9113580058328807,
                    "R4": 0.9078906672075391,
                    "R5": 0.9102382226847112,
                    "R6": 0.9108741711825132,
                    "R7": 0.9101826180703938,
                    "R8": 0.9061596286483109,
                    "R9": 0.9057568553835154,
                    "as": 4.165174622088671,
                    "comp": 0.8639261461794376,
                    "dc": 0
                }
            },
            "gen-secure": {
                "reward": 26699,
                "time": 94.63407501019537,
                "time_by_components": {
                    "R0": 5.957036561332643,
                    "R1": 5.138297460973263,
                    "R2": 4.933668147772551,
                    "R3": 4.935475166421384,
                    "R4": 4.829594051465392,
                    "R5": 4.810342645738274,
                    "R6": 4.847569422330707,
                    "R7": 4.836125168949366,
                    "R8": 4.781221957411617,
                    "R9": 4.769269544631243,
                    "as": 5.075908933300525,
                    "comp": 37.14000510657206,
                    "dc": 0.03323804633691907
                }
            },
            "std": {
                "reward": 26699,