{
    "N": 100000,
    "arms": [
        0.5312831389183457,
        0.4305408271474019,
        0.3647932131495228,
        0.3404029692470838,
        0.3117709437963945,
        0.2799575821845175,
        0.2788971367974549,
        0.2704135737009544,
        0.24602332979851538,
        0.24602332979851538,
        0.23966065747614,
        0.23860021208907742,
        0.23223753976670203,
        0.22375397667020147,
        0.21208907741251326,
        0.19936373276776245,
        0.17709437963944857,
        0.17709437963944857,
        0.17179215270413573,
        0.16861081654294804
    ],
    "boltzmann": {
        "it-14": {
            "args": {
                "alpha_seed": 133,
                "random_arm_seed": 432,
                "reward_seed": 14,
                "sigma_seed": 784,
                "tau": 0.06
            },
            "gen-distributed": {
                "reward": 49069,
                "time": 29.749473890755326,
                "time_by_components": {
                    "R0": 1.6948633030988276,
                    "R1": 1.0876047434285283,
                    "R10": 0.9395183161832392,
                    "R11": 0.9408288123086095,
                    "R12": 0.9352849125862122,
                    "R13": 0.9388087554834783,
                    "R14": 0.9366573779843748,
                    "R15": 0.9346190975047648,
                    "R16": 0.9372130506671965,
                    "R17": 0.9401924978010356,
                    "R18": 0.9362316057085991,
                    "R19": 0.9377538654953241,
                    "R2": 0.9592642802745104,
                    "R3": 0.9699539435096085,
                    "R4": 0.939959327224642,
                    "R5": 0.9587718774564564,
                    "R6": 0.9534175498411059,
                    "R7": 0.9414430847391486,
                    "R8": 0.94069406343624,
                    "R9": 0.9377824030816555,
                    "as": 5.189616357907653,
                    "comp": 1.6861169659532607,
                    "dc": 0
                }
            },
            "gen-secure": {
                "reward": 49069,
                "time": 184.35498640686274,
                "time_by_components": {
                    "R0": 6.468703320249915,
                    "R1": 5.36589961592108,
                    "R10": 4.860094321426004,
                    "R11": 4.85550154466182,
                    "R12": 4.846550086978823,
                    "R13": 4.836941128131002,
                    "R14": 4.829416714608669,
                    "R15": 4.833104901947081,
                    "R16": 4.826763360761106,
                    "R17": 4.829191283322871,
                    "R18": 4.82551692193374,
                    "R19": 4.824525678995997,
                    "R2": 5.070146631915122,
                    "R3": 5.008780965115875,
                    "R4": 4.92456073127687,
                    "R5": 4.955424895044416,
                    "R6": 4.91667967941612,
                    "R7": 4.887054589577019,
                    "R8": 4.862141647841781,
                    "R9": 4.885871033649892,
                    "as": 6.3063218761235476,
                    "comp": 73.6955772251822,
                    "dc": 0.03341525420546532
                }
            },
            "std": {
                "reward": 49069,
                "time": 7.871899843215942
            }
        }
    },
    "e-greedy": {
        "it-14": {
            "args": {
                "alpha_seed": 672,
                "epsilon": 0.1,
                "epsilon_seed": 804,
                "random_arm_seed": 350,
                "reward_seed": 14,
                "sigma_seed": 991
            },
            "gen-distributed": {
                "reward": 50270,
                "time": 27.09662937792018,
                "time_by_components": {
                    "R0": 1.6762595428153872,
                    "R1": 0.887653412297368,
                    "R10": 0.8369171367958188,
                    "R11": 0.8355357903055847,
                    "R12": 0.8368522608652711,
                    "R13": 0.8365157493390143,
                    "R14": 0.8374713249504566,
                    "R15": 0.8361340593546629,
                    "R16": 0.8365658060647547,
                    "R17": 0.8368490454740822,
                    "R18": 0.8367706858552992,
                    "R19": 0.8359525362029672,
                    "R2": 0.841506261844188,
                    "R3": 0.8379600984044373,
                    "R4": 0.8371505276300013,
                    "R5": 0.8393340348266065,
                    "R6": 0.8399388291873038,
                    "R7": 0.836608087643981,
                    "R8": 0.8363967863842845,
                    "R9": 0.8371504549868405,
                    "as": 5.181964505463839,
                    "comp": 0.5095533784478903,
                    "dc": 0
                }
            },
            "gen-secure": {
                "reward": 50270,
                "time": 171.73263686196879,
                "time_by_components": {
                    "R0": 6.075126682873815,
                    "R1": 4.861865835264325,
                    "R10": 4.475142444949597,
                    "R11": 4.466401091311127,
                    "R12": 4.463052575942129,
                    "R13": 4.462400535587221,
                    "R14": 4.463286278303713,
                    "R15": 4.455173055175692,
                    "R16": 4.457062473520637,
                    "R17": 4.47136401431635,
                    "R18": 4.45700096199289,
                    "R19": 4.453699073754251,
                    "R2": 4.667280737310648,
                    "R3": 4.590013832785189,
                    "R4": 4.5228360197506845,
                    "R5": 4.523035422898829,
                    "R6": 4.502545980736613,
                    "R7": 4.507041292265058,
                    "R8": 4.488775924779475,
                    "R9": 4.4914495050907135,
                    "as": 6.167790012899786,
                    "comp": 68.47983511257917,
                    "dc": 0.033463495783507824
                }
            },
            "std": {
                "reward": 50270,
                "time": 7.106038808822632
            }
        }
    },
    "e-greedy-decreasing": {
        "it-14": {
            "args": {
                "alpha_seed": 982,
                "epsilon_seed": 133,
                "random_arm_seed": 432,
                "reward_seed": 14,
                "sigma_seed": 393
            },
            "gen-distributed": {
                "reward": 51442,
                "time": 27.510742290876806,
                "time_by_components": {
                    "R0": 1.7465924331918359,
                    "R1": 0.8695319285616279,
                    "R10": 0.8562843776308,
                    "R11": 0.8601152803748846,
                    "R12": 0.8566438890993595,
                    "R13": 0.8578000729903579,
                    "R14": 0.8564202454872429,
                    "R15": 0.8556795180775225,
                    "R16": 0.8554198751226068,
                    "R17": 0.8550957539118826,
                    "R18": 0.8573703384026885,
                    "R19": 0.8578103631734848,
                    "R2": 0.8610081868246198,
                    "R3": 0.8588107111863792,
                    "R4": 0.8571021044626832,
                    "R5": 0.8643319481052458,
                    "R6": 0.8629131657071412,
                    "R7": 0.8580298526212573,
                    "R8": 0.8579243770800531,
                    "R9": 0.8587079816497862,
                    "as": 5.140782353468239,
                    "comp": 0.4758299817331135,
                    "dc": 0
                }
            },
            "gen-secure": {
                "reward": 51442,
                "time": 174.84594854805619,
                "time_by_components": {
                    "R0": 6.209636107087135,