{
    "N": 100000,
    "arms": [
        0.5312831389183457,
        0.4305408271474019,
        0.3647932131495228,
        0.3404029692470838,
        0.3117709437963945,
        0.2799575821845175,
        0.2788971367974549,
        0.2704135737009544,
        0.24602332979851538,
        0.24602332979851538,
        0.23966065747614,
        0.23860021208907742,
        0.23223753976670203,
        0.22375397667020147,
        0.21208907741251326,
        0.19936373276776245,
        0.17709437963944857,
        0.17709437963944857,
        0.17179215270413573,
        0.16861081654294804
    ],
    "boltzmann": {
        "it-4": {
            "args": {
                "alpha_seed": 10,
                "random_arm_seed": 767,
                "reward_seed": 4,
                "sigma_seed": 352,
                "tau": 0.06
            },
            "gen-distributed": {
                "reward": 48216,
                "time": 30.005931427702308,
                "time_by_components": {
                    "R0": 1.674185061827302,
                    "R1": 1.0802195346914232,
                    "R10": 0.9463246520608664,
                    "R11": 0.9488619086332619,
                    "R12": 0.9420593832619488,
                    "R13": 0.9455413669347763,
                    "R14": 0.9487528237514198,
                    "R15": 0.9447487043216825,
                    "R16": 0.9473214694298804,
                    "R17": 0.942869686987251,
                    "R18": 0.9421272836625576,
                    "R19": 0.9453708920627832,
                    "R2": 0.9956963523291051,
                    "R3": 0.9808103903196752,
                    "R4": 0.9617661717347801,
                    "R5": 0.9549502735026181,
                    "R6": 0.9556287163868546,
                    "R7": 0.94715974945575,
                    "R8": 0.9509545634500682,
                    "R9": 0.9537770664319396,
                    "as": 5.2384006273932755,
                    "comp": 1.711613112129271,
                    "dc": 0
                }
            },
            "gen-secure": {
                "reward": 48216,
                "time": 184.7294838000089,
                "time_by_components": {
                    "R0": 6.4461216176860034,
                    "R1": 5.3618104159832,
                    "R10": 4.8524575983174145,
                    "R11": 4.8657765202224255,
                    "R12": 4.852649319916964,
                    "R13": 4.8417324353940785,
                    "R14": 4.840271869208664,
                    "R15": 4.849222160875797,
                    "R16": 4.838828053325415,
                    "R17": 4.838001827709377,
                    "R18": 4.830029730219394,
                    "R19": 4.839959413744509,
                    "R2": 5.130984182935208,
                    "R3": 5.022117372602224,
                    "R4": 4.918776047881693,
                    "R5": 4.9165694853290915,
                    "R6": 4.892789252102375,
                    "R7": 4.915837864391506,
                    "R8": 4.889267997350544,
                    "R9": 4.877557599451393,
                    "as": 6.302380174398422,
                    "comp": 73.99053975800052,
                    "dc": 0.03320955391973257
                }
            },
            "std": {
                "reward": 48216,
                "time": 7.838037967681885
            }
        }
    },
    "e-greedy": {
        "it-4": {
            "args": {
                "alpha_seed": 889,
                "epsilon": 0.1,
                "epsilon_seed": 995,
                "random_arm_seed": 910,
                "reward_seed": 4,
                "sigma_seed": 637
            },
            "gen-distributed": {
                "reward": 48882,
                "time": 26.79976491909474,
                "time_by_components": {
                    "R0": 1.5557304765097797,
                    "R1": 0.9812758998014033,
                    "R10": 0.8320142738521099,
                    "R11": 0.8316536922939122,
                    "R12": 0.8295824020169675,
                    "R13": 0.8305532918311656,
                    "R14": 0.8302646283991635,
                    "R15": 0.8321676519699395,
                    "R16": 0.830604387447238,
                    "R17": 0.8299572402611375,
                    "R18": 0.8285614876076579,
                    "R19": 0.8292423016391695,
                    "R2": 0.83543233666569,
                    "R3": 0.836439985781908,
                    "R4": 0.8298036907799542,
                    "R5": 0.8302376694045961,
                    "R6": 0.8301078923977911,
                    "R7": 0.8290323475375772,
                    "R8": 0.8292387989349663,
                    "R9": 0.8322224151343107,
                    "as": 5.099197847303003,
                    "comp": 0.5051515102386475,
                    "dc": 0
                }
            },
            "gen-secure": {
                "reward": 48882,
                "time": 173.15279756020755,
                "time_by_components": {
                    "R0": 5.993961652275175,
                    "R1": 5.003112767357379,
                    "R10": 4.513968496583402,
                    "R11": 4.503570643719286,
                    "R12": 4.501638561021537,
                    "R13": 4.495907709468156,
                    "R14": 4.494907237589359,
                    "R15": 4.4893836891278625,
                    "R16": 4.48954167868942,
                    "R17": 4.487317563965917,
                    "R18": 4.491457112133503,
                    "R19": 4.4989860551431775,
                    "R2": 4.684581526555121,
                    "R3": 4.643933266401291,
                    "R4": 4.555312406271696,
                    "R5": 4.555093934759498,
                    "R6": 4.555254967883229,
                    "R7": 4.558414960280061,
                    "R8": 4.551183226518333,
                    "R9": 4.515709910541773,
                    "as": 6.176179661415517,
                    "comp": 69.17166618537158,
                    "dc": 0.03378056176006794
                }
            },
            "std": {
                "reward": 48882,
                "time": 7.1470091342926025
            }
        }
    },
    "e-greedy-decreasing": {
        "it-4": {
            "args": {
                "alpha_seed": 315,
                "epsilon_seed": 10,
                "random_arm_seed": 767,
                "reward_seed": 4,
                "sigma_seed": 44
            },
            "gen-distributed": {
                "reward": 51446,
                "time": 27.005867775995284,
                "time_by_components": {
                    "R0": 1.7155348770320415,
                    "R1": 0.8551860051229596,
                    "R10": 0.8422085838392377,
                    "R11": 0.8440884500741959,
                    "R12": 0.8407245436683297,
                    "R13": 0.8405490079894662,
                    "R14": 0.8404106018133461,
                    "R15": 0.8402803218923509,
                    "R16": 0.8407918489538133,
                    "R17": 0.840749372728169,
                    "R18": 0.8401356446556747,
                    "R19": 0.8394448100589216,
                    "R2": 0.8446325594559312,
                    "R3": 0.8438762277364731,
                    "R4": 0.8431986621581018,
                    "R5": 0.8433988159522414,
                    "R6": 0.8417938686907291,
                    "R7": 0.8418772341683507,
                    "R8": 0.843191341497004,
                    "R9": 0.8424071986228228,
                    "as": 5.05997274722904,
                    "comp": 0.46796567365527153,
                    "dc": 0
                }
            },
            "gen-secure": {
                "reward": 51446,
                "time": 176.21193893486634,
                "time_by_components": {
                    "R0": 6.268174714874476,