{
    "N": 70000,
    "arms": [
        0.5312831389183457,
        0.4305408271474019,
        0.3647932131495228,
        0.3404029692470838,
        0.3117709437963945,
        0.2799575821845175,
        0.2788971367974549,
        0.2704135737009544,
        0.24602332979851538,
        0.24602332979851538
    ],
    "boltzmann": {
        "it-3": {
            "args": {
                "alpha_seed": 130,
                "random_arm_seed": 991,
                "reward_seed": 3,
                "sigma_seed": 590,
                "tau": 0.06
            },
            "gen-distributed": {
                "reward": 35228,
                "time": 12.749032917898148,
                "time_by_components": {
                    "R0": 1.2390360636636615,
                    "R1": 0.7249950068071485,
                    "R2": 0.6741085993126035,
                    "R3": 0.6938110399059951,
                    "R4": 0.6763188974000514,
                    "R5": 0.6664796601980925,
                    "R6": 0.6650173766538501,
                    "R7": 0.6653509857133031,
                    "R8": 0.6629742123186588,
                    "R9": 0.6627186234109104,
                    "as": 3.0553057068027556,
                    "comp": 1.0990659515373409,
                    "dc": 0
                }
            },
            "gen-secure": {
                "reward": 35228,
                "time": 68.18718462996185,
                "time_by_components": {
                    "R0": 4.433725098147988,
                    "R1": 3.696743451990187,
                    "R2": 3.5419822544790804,
                    "R3": 3.5277056763879955,
                    "R4": 3.469419996254146,
                    "R5": 3.4510398018173873,
                    "R6": 3.4337897207587957,
                    "R7": 3.429199868347496,
                    "R8": 3.429145839996636,
                    "R9": 3.4248376856558025,
                    "as": 3.5536711467429996,
                    "comp": 26.887906440068036,
                    "dc": 0.03301933826878667
                }
            },
            "std": {
                "reward": 35228,
                "time": 4.5333251953125
            }
        }
    },
    "e-greedy": {
        "it-3": {
            "args": {
                "alpha_seed": 688,
                "epsilon": 0.1,
                "epsilon_seed": 13,
                "random_arm_seed": 374,
                "reward_seed": 3,
                "sigma_seed": 579
            },
            "gen-distributed": {
                "reward": 35956,
                "time": 11.426116913091391,
                "time_by_components": {
                    "R0": 1.1778331934474409,
                    "R1": 0.5910011907108128,
                    "R2": 0.5854341532103717,
                    "R3": 0.5851638833992183,
                    "R4": 0.5847124643623829,
                    "R5": 0.5833885986357927,
                    "R6": 0.5818768716417253,
                    "R7": 0.5808776398189366,
                    "R8": 0.5816530575975776,
                    "R9": 0.5828887401148677,
                    "as": 2.955833015963435,
                    "comp": 0.2805110071785748,
                    "dc": 0
                }
            },
            "gen-secure": {
                "reward": 35956,
                "time": 64.5656800577417,
                "time_by_components": {
                    "R0": 4.258604820817709,
                    "R1": 3.40306443721056,
                    "R2": 3.3074792167171836,
                    "R3": 3.2683094744570553,
                    "R4": 3.238413424231112,
                    "R5": 3.2202297537587583,
                    "R6": 3.2356240884400904,
                    "R7": 3.225633286871016,
                    "R8": 3.2043150276876986,
                    "R9": 3.2223502206616104,
                    "as": 3.5201006839051843,
                    "comp": 25.012902412563562,
                    "dc": 0.03331336472183466
                }
            },
            "std": {
                "reward": 35956,
                "time": 4.231217622756958
            }
        }
    },
    "e-greedy-decreasing": {
        "it-3": {
            "args": {
                "alpha_seed": 688,
                "epsilon_seed": 13,
                "random_arm_seed": 374,
                "reward_seed": 3,
                "sigma_seed": 579
            },
            "gen-distributed": {
                "reward": 36378,
                "time": 11.189046653918922,
                "time_by_components": {
                    "R0": 1.1630499842576683,
                    "R1": 0.5814266973175108,
                    "R2": 0.5772193418815732,
                    "R3": 0.5754816634580493,
                    "R4": 0.5752605916932225,
                    "R5": 0.574604750610888,
                    "R6": 0.5747240395285189,
                    "R7": 0.5746014872565866,
                    "R8": 0.5739383404143155,
                    "R9": 0.5751609010621905,
                    "as": 2.8514133151620626,
                    "comp": 0.2547186966985464,
                    "dc": 0
                }
            },
            "gen-secure": {
                "reward": 36378,
                "time": 64.19874677993357,
                "time_by_components": {
                    "R0": 4.235977993346751,
                    "R1": 3.4371233549900353,
                    "R2": 3.326095152180642,
                    "R3": 3.283858748152852,
                    "R4": 3.2416838565841317,
                    "R5": 3.229071081150323,
                    "R6": 3.222738927230239,
                    "R7": 3.2142335535027087,
                    "R8": 3.2106702770106494,
                    "R9": 3.2169695142656565,
                    "as": 3.4944107495248318,
                    "comp": 24.665662492159754,
                    "dc": 0.033353887032717466
                }
            },
            "std": {
                "reward": 36378,
                "time": 4.258891344070435
            }
        }
    },
    "nb_iterations": 30,
    "pursuit": {
        "it-3": {
            "args": {
                "alpha_seed": 130,
                "beta": 0.1,
                "random_arm_seed": 991,
                "reward_seed": 3,
                "sigma_seed": 981
            },
            "gen-distributed": {
                "reward": 37368,
                "time": 23.443655801936984,
                "time_by_components": {
                    "R0": 2.049897885415703,
                    "R1": 1.3370252894237638,
                    "R2": 1.3130135564133525,
                    "R3": 1.3117316421121359,
                    "R4": 1.3066675160080194,
                    "R5": 1.3084459393285215,
                    "R6": 1.3073699823580682,
                    "R7": 1.3111936911009252,
                    "R8": 1.3034501639194787,
                    "R9": 1.3081311131827533,
                    "as": 5.969722082838416,
                    "comp": 1.2250065384432673,
                    "dc": 0
                }
            },
            "gen-secure": {
                "reward": 37368,
                "time": 131.05792788928375,
                "time_by_components": {
                    "R0": 8.240548497065902,
                    "R1": 7.136972774751484,
                    "R2": 6.830476864241064,
                    "R3": 6.7904573059640825,
                    "R4": 6.698666509706527,
                    "R5": 6.62959206989035,
                    "R6": 6.6059220703318715,
                    "R7": 6.5920754401013255,
                    "R8": 6.601566642988473,
                    "R9": 6.601533005014062,
                    "as": 7.089385703206062,
                    "comp": 51.66448645433411,
                    "dc": 0.03313766699284315
                }
            },
            "std": {
                "reward": 37368,