{
    "N": 100000,
    "arms": [
        0.5312831389183457,
        0.4305408271474019,
        0.3647932131495228,
        0.3404029692470838,
        0.3117709437963945,
        0.2799575821845175,
        0.2788971367974549,
        0.2704135737009544,
        0.24602332979851538,
        0.24602332979851538,
        0.23966065747614,
        0.23860021208907742,
        0.23223753976670203,
        0.22375397667020147,
        0.21208907741251326,
        0.19936373276776245,
        0.17709437963944857,
        0.17709437963944857,
        0.17179215270413573,
        0.16861081654294804
    ],
    "boltzmann": {
        "it-45": {
            "args": {
                "alpha_seed": 252,
                "random_arm_seed": 647,
                "reward_seed": 45,
                "sigma_seed": 714,
                "tau": 0.06
            },
            "gen-distributed": {
                "reward": 47747,
                "time": 29.5970232761465,
                "time_by_components": {
                    "R0": 1.595844591036439,
                    "R1": 1.1211090632714331,
                    "R10": 0.9327880558557808,
                    "R11": 0.9347332259640098,
                    "R12": 0.9333095187321305,
                    "R13": 0.9302163440734148,
                    "R14": 0.9331790506839752,
                    "R15": 0.9307967335917056,
                    "R16": 0.9350783019326627,
                    "R17": 0.928441924508661,
                    "R18": 0.9296414623968303,
                    "R19": 0.9276585499756038,
                    "R2": 0.9771614256314933,
                    "R3": 0.9745845557190478,
                    "R4": 0.9342746790498495,
                    "R5": 0.9416998629458249,
                    "R6": 0.9400572902522981,
                    "R7": 0.9337989650666714,
                    "R8": 0.9362619123421609,
                    "R9": 0.9390908996574581,
                    "as": 5.161888660863042,
                    "comp": 1.6993955331854522,
                    "dc": 0
                }
            },
            "gen-secure": {
                "reward": 47747,
                "time": 185.07582144392654,
                "time_by_components": {
                    "R0": 6.407710375264287,
                    "R1": 5.479678703472018,
                    "R10": 4.852173584047705,
                    "R11": 4.855127987451851,
                    "R12": 4.866428580135107,
                    "R13": 4.871072331443429,
                    "R14": 4.858271551318467,
                    "R15": 4.83988342853263,
                    "R16": 4.861205652356148,
                    "R17": 4.848081311676651,
                    "R18": 4.841408561449498,
                    "R19": 4.837295146193355,
                    "R2": 5.139885762706399,
                    "R3": 5.02925292076543,
                    "R4": 4.911207995377481,
                    "R5": 4.913670785725117,
                    "R6": 4.8971897987648845,
                    "R7": 4.883975298609585,
                    "R8": 4.8691095928661525,
                    "R9": 4.867802010383457,
                    "as": 6.363255173899233,
                    "comp": 74.16343971481547,
                    "dc": 0.033361385110765696
                }
            },
            "std": {
                "reward": 47747,
                "time": 7.914207458496094
            }
        }
    },
    "e-greedy": {
        "it-45": {
            "args": {
                "alpha_seed": 786,
                "epsilon": 0.1,
                "epsilon_seed": 819,
                "random_arm_seed": 831,
                "reward_seed": 45,
                "sigma_seed": 33
            },
            "gen-distributed": {
                "reward": 50488,
                "time": 26.746214556042105,
                "time_by_components": {
                    "R0": 1.685326848179102,
                    "R1": 0.8576936917379498,
                    "R10": 0.8290911382064223,
                    "R11": 0.8271480384282768,
                    "R12": 0.8283175909891725,
                    "R13": 0.8283050558529794,
                    "R14": 0.8284229496493936,
                    "R15": 0.8281754492782056,
                    "R16": 0.8287376561202109,
                    "R17": 0.8295422089286149,
                    "R18": 0.8268904429860413,
                    "R19": 0.8298653373494744,
                    "R2": 0.8334654294885695,
                    "R3": 0.8311256882734597,
                    "R4": 0.8279964891262352,
                    "R5": 0.8312769723124802,
                    "R6": 0.8315775883384049,
                    "R7": 0.8312163418158889,
                    "R8": 0.8309718356467783,
                    "R9": 0.8300030091777444,
                    "as": 5.065469819586724,
                    "comp": 0.4972436837852001,
                    "dc": 0
                }
            },
            "gen-secure": {
                "reward": 50488,
                "time": 171.81265031499788,
                "time_by_components": {
                    "R0": 6.11508745001629,
                    "R1": 4.834069601725787,
                    "R10": 4.478502333164215,
                    "R11": 4.473761970642954,
                    "R12": 4.468579173553735,
                    "R13": 4.464114106725901,
                    "R14": 4.466875507030636,
                    "R15": 4.461733272764832,
                    "R16": 4.479862614534795,
                    "R17": 4.4635443720035255,
                    "R18": 4.463520037941635,
                    "R19": 4.458031966816634,
                    "R2": 4.6460144547745585,
                    "R3": 4.5851942845620215,
                    "R4": 4.56684108171612,
                    "R5": 4.529509104322642,
                    "R6": 4.507154942024499,
                    "R7": 4.496137653011829,
                    "R8": 4.494486904703081,
                    "R9": 4.485016494058073,
                    "as": 6.07849545404315,
                    "comp": 68.59093627892435,
                    "dc": 0.03334865113720298
                }
            },
            "std": {
                "reward": 50488,
                "time": 7.115405082702637
            }
        }
    },
    "e-greedy-decreasing": {
        "it-45": {
            "args": {
                "alpha_seed": 269,
                "epsilon_seed": 252,
                "random_arm_seed": 647,
                "reward_seed": 45,
                "sigma_seed": 320
            },
            "gen-distributed": {
                "reward": 51330,
                "time": 27.35403742501512,
                "time_by_components": {
                    "R0": 1.7256323383189738,
                    "R1": 0.8755235695280135,
                    "R10": 0.8525747577659786,
                    "R11": 0.8524950770661235,
                    "R12": 0.8511400972492993,
                    "R13": 0.8527894760482013,
                    "R14": 0.8519791890867054,
                    "R15": 0.8515716199763119,
                    "R16": 0.8508524815551937,
                    "R17": 0.8519080481491983,
                    "R18": 0.8513018488883972,
                    "R19": 0.8504902594722807,
                    "R2": 0.8568688742816448,
                    "R3": 0.853706774301827,
                    "R4": 0.8545963549986482,
                    "R5": 0.8550661853514612,
                    "R6": 0.8535679331980646,
                    "R7": 0.8532108403742313,
                    "R8": 0.8528941473923624,
                    "R9": 0.852833217009902,
                    "as": 5.1032653553411365,
                    "comp": 0.4715352887287736,
                    "dc": 0
                }
            },
            "gen-secure": {
                "reward": 51330,
                "time": 174.47943321196362,
                "time_by_components": {
                    "R0": 6.189110642299056,