{
    "N": 50000,
    "arms": [
        0.5312831389183457,
        0.4305408271474019,
        0.3647932131495228,
        0.3404029692470838,
        0.3117709437963945,
        0.2799575821845175,
        0.2788971367974549,
        0.2704135737009544,
        0.24602332979851538,
        0.24602332979851538
    ],
    "boltzmann": {
        "it-50": {
            "args": {
                "alpha_seed": 80,
                "random_arm_seed": 712,
                "reward_seed": 50,
                "sigma_seed": 731,
                "tau": 0.06
            },
            "gen-distributed": {
                "reward": 25543,
                "time": 9.090911045204848,
                "time_by_components": {
                    "R0": 0.9160227584652603,
                    "R1": 0.47860446013510227,
                    "R2": 0.4771013390272856,
                    "R3": 0.4830713621340692,
                    "R4": 0.48405691143125296,
                    "R5": 0.47691289195790887,
                    "R6": 0.4844402256421745,
                    "R7": 0.47286936501041055,
                    "R8": 0.47607879946008325,
                    "R9": 0.4711818266659975,
                    "as": 2.175437052268535,
                    "comp": 0.7818019902333617,
                    "dc": 0
                }
            },
            "gen-secure": {
                "reward": 25543,
                "time": 49.869715564884245,
                "time_by_components": {
                    "R0": 3.320795714855194,
                    "R1": 2.701277084648609,
                    "R2": 2.601957167033106,
                    "R3": 2.5826384304091334,
                    "R4": 2.548365157097578,
                    "R5": 2.5329074752517045,
                    "R6": 2.5267335111275315,
                    "R7": 2.5171958501450717,
                    "R8": 2.5217916537076235,
                    "R9": 2.508008078671992,
                    "as": 2.63016823399812,
                    "comp": 19.530133745167404,
                    "dc": 0.030068099964410067
                }
            },
            "std": {
                "reward": 25543,
                "time": 3.293485641479492
            }
        }
    },
    "e-greedy": {
        "it-50": {
            "args": {
                "alpha_seed": 487,
                "epsilon": 0.1,
                "epsilon_seed": 36,
                "random_arm_seed": 895,
                "reward_seed": 50,
                "sigma_seed": 591
            },
            "gen-distributed": {
                "reward": 25727,
                "time": 8.287576813716441,
                "time_by_components": {
                    "R0": 0.8482195623219013,
                    "R1": 0.4245394612662494,
                    "R2": 0.42025703750550747,
                    "R3": 0.4193045813590288,
                    "R4": 0.41965658450499177,
                    "R5": 0.4205820616334677,
                    "R6": 0.41997762816026807,
                    "R7": 0.4207363724708557,
                    "R8": 0.41810785792768,
                    "R9": 0.4201662833802402,
                    "as": 2.156713818665594,
                    "comp": 0.20899260649457574,
                    "dc": 0
                }
            },
            "gen-secure": {
                "reward": 25727,
                "time": 46.01957937236875,
                "time_by_components": {
                    "R0": 3.027857863344252,
                    "R1": 2.4500329634174705,
                    "R2": 2.3900306676514447,
                    "R3": 2.3725117086432874,
                    "R4": 2.3343771416693926,
                    "R5": 2.327203115914017,
                    "R6": 2.318977447692305,
                    "R7": 2.312052178196609,
                    "R8": 2.310019691940397,
                    "R9": 2.3079445362091064,
                    "as": 2.500570172443986,
                    "comp": 17.666681334376335,
                    "dc": 0.03324370179325342
                }
            },
            "std": {
                "reward": 25727,
                "time": 3.0413358211517334
            }
        }
    },
    "e-greedy-decreasing": {
        "it-50": {
            "args": {
                "alpha_seed": 430,
                "epsilon_seed": 80,
                "random_arm_seed": 712,
                "reward_seed": 50,
                "sigma_seed": 226
            },
            "gen-distributed": {
                "reward": 25881,
                "time": 8.39500339096412,
                "time_by_components": {
                    "R0": 0.8689544056542218,
                    "R1": 0.43444792833179235,
                    "R2": 0.42918170476332307,
                    "R3": 0.428179491776973,
                    "R4": 0.42877518106251955,
                    "R5": 0.43056752486154437,
                    "R6": 0.42964317416772246,
                    "R7": 0.4286093106493354,
                    "R8": 0.42956174723803997,
                    "R9": 0.42915417021140456,
                    "as": 2.1496007470414042,
                    "comp": 0.19776720274239779,
                    "dc": 0
                }
            },
            "gen-secure": {
                "reward": 25881,
                "time": 46.543042215984315,
                "time_by_components": {
                    "R0": 3.095697217620909,
                    "R1": 2.502949178684503,
                    "R2": 2.4153115991503,
                    "R3": 2.38486844021827,
                    "R4": 2.3857537219300866,
                    "R5": 2.3748211609199643,
                    "R6": 2.343510819133371,
                    "R7": 2.3423623898997903,
                    "R8": 2.3354232776910067,
                    "R9": 2.3325469521805644,
                    "as": 2.518398044165224,
                    "comp": 17.761893728282303,
                    "dc": 0.03315921500325203
                }
            },
            "std": {
                "reward": 25881,
                "time": 3.028499126434326
            }
        }
    },
    "nb_iterations": 50,
    "pursuit": {
        "it-50": {
            "args": {
                "alpha_seed": 80,
                "beta": 0.1,
                "random_arm_seed": 712,
                "reward_seed": 50,
                "sigma_seed": 226
            },
            "gen-distributed": {
                "reward": 26692,
                "time": 16.814586789812893,
                "time_by_components": {
                    "R0": 1.458762189373374,
                    "R1": 0.9563616723753512,
                    "R2": 0.9414211958646774,
                    "R3": 0.9373312252573669,
                    "R4": 0.9347213404253125,
                    "R5": 0.9377876189537346,
                    "R6": 0.9373184321448207,
                    "R7": 0.9360004663467407,
                    "R8": 0.934642668813467,
                    "R9": 0.9349075746722519,
                    "as": 4.273851635865867,
                    "comp": 0.8812239728868008,
                    "dc": 0
                }
            },
            "gen-secure": {
                "reward": 26692,
                "time": 96.03600171487778,
                "time_by_components": {
                    "R0": 6.020536153577268,
                    "R1": 5.226277839858085,
                    "R2": 5.086456418503076,
                    "R3": 5.015854481142014,
                    "R4": 4.94593845680356,
                    "R5": 4.906454429030418,
                    "R6": 4.892749891616404,
                    "R7": 4.873154280241579,
                    "R8": 4.881001904606819,
                    "R9": 4.831672582775354,
                    "as": 5.192370562348515,
                    "comp": 37.62249230640009,
                    "dc": 0.033216253854334354
                }
            },
            "std": {
                "reward": 26692,