{
    "N": 50000,
    "arms": [
        0.5312831389183457,
        0.4305408271474019,
        0.3647932131495228,
        0.3404029692470838,
        0.3117709437963945,
        0.2799575821845175,
        0.2788971367974549,
        0.2704135737009544,
        0.24602332979851538,
        0.24602332979851538
    ],
    "boltzmann": {
        "it-40": {
            "args": {
                "alpha_seed": 780,
                "random_arm_seed": 421,
                "reward_seed": 40,
                "sigma_seed": 846,
                "tau": 0.06
            },
            "gen-distributed": {
                "reward": 25289,
                "time": 9.022375443950295,
                "time_by_components": {
                    "R0": 0.8649716060608625,
                    "R1": 0.530373374465853,
                    "R2": 0.4880178179591894,
                    "R3": 0.4699104414321482,
                    "R4": 0.47853401489555836,
                    "R5": 0.47042960254475474,
                    "R6": 0.47036314895376563,
                    "R7": 0.4721741797402501,
                    "R8": 0.4711225349456072,
                    "R9": 0.4707787209190428,
                    "as": 2.151332202833146,
                    "comp": 0.7790111848153174,
                    "dc": 0
                }
            },
            "gen-secure": {
                "reward": 25289,
                "time": 48.5357419308275,
                "time_by_components": {
                    "R0": 3.1776630454696715,
                    "R1": 2.67684192257002,
                    "R2": 2.556814270094037,
                    "R3": 2.530302326194942,
                    "R4": 2.483620333019644,
                    "R5": 2.4689225661568344,
                    "R6": 2.455984487198293,
                    "R7": 2.4597591757774353,
                    "R8": 2.4481552108190954,
                    "R9": 2.4468752960674465,
                    "as": 2.538585507310927,
                    "comp": 18.981693965848535,
                    "dc": 0.03331106109544635
                }
            },
            "std": {
                "reward": 25289,
                "time": 3.278261661529541
            }
        }
    },
    "e-greedy": {
        "it-40": {
            "args": {
                "alpha_seed": 353,
                "epsilon": 0.1,
                "epsilon_seed": 149,
                "random_arm_seed": 45,
                "reward_seed": 40,
                "sigma_seed": 751
            },
            "gen-distributed": {
                "reward": 25661,
                "time": 8.270421554334462,
                "time_by_components": {
                    "R0": 0.8487842283211648,
                    "R1": 0.4253581394441426,
                    "R2": 0.42111152363941073,
                    "R3": 0.42016175016760826,
                    "R4": 0.41937567852437496,
                    "R5": 0.4207415860146284,
                    "R6": 0.4194361586123705,
                    "R7": 0.4195490498095751,
                    "R8": 0.41938177635893226,
                    "R9": 0.4187923464924097,
                    "as": 2.148572043515742,
                    "comp": 0.20815624296665192,
                    "dc": 0
                }
            },
            "gen-secure": {
                "reward": 25661,
                "time": 46.19787749508396,
                "time_by_components": {
                    "R0": 3.0455186124891043,
                    "R1": 2.463826473336667,
                    "R2": 2.39213441638276,
                    "R3": 2.3691612910479307,
                    "R4": 2.3391707502305508,
                    "R5": 2.3312452803365886,
                    "R6": 2.3225441994145513,
                    "R7": 2.3210190501995385,
                    "R8": 2.3507048417814076,
                    "R9": 2.3187929270789027,
                    "as": 2.5384711022488773,
                    "comp": 17.694391413591802,
                    "dc": 0.03335751313716173
                }
            },
            "std": {
                "reward": 25661,
                "time": 3.107161045074463
            }
        }
    },
    "e-greedy-decreasing": {
        "it-40": {
            "args": {
                "alpha_seed": 269,
                "epsilon_seed": 780,
                "random_arm_seed": 421,
                "reward_seed": 40,
                "sigma_seed": 156
            },
            "gen-distributed": {
                "reward": 25929,
                "time": 8.358439780306071,
                "time_by_components": {
                    "R0": 0.8672343585640192,
                    "R1": 0.43402404617518187,
                    "R2": 0.42839283822104335,
                    "R3": 0.42826090240851045,
                    "R4": 0.42725693341344595,
                    "R5": 0.4270302886143327,
                    "R6": 0.4268256714567542,
                    "R7": 0.4270667973905802,
                    "R8": 0.4275107169523835,
                    "R9": 0.42700214870274067,
                    "as": 2.1435129097662866,
                    "comp": 0.19420196488499641,
                    "dc": 0
                }
            },
            "gen-secure": {
                "reward": 25929,
                "time": 46.45332808792591,
                "time_by_components": {
                    "R0": 3.0642561754211783,
                    "R1": 2.4821405154652894,
                    "R2": 2.4115969222038984,
                    "R3": 2.3823743010871112,
                    "R4": 2.360693207010627,
                    "R5": 2.358989375643432,
                    "R6": 2.349667612928897,
                    "R7": 2.347029330674559,
                    "R8": 2.339549587108195,
                    "R9": 2.340464030392468,
                    "as": 2.500489067286253,
                    "comp": 17.76557537354529,
                    "dc": 0.03246222296729684
                }
            },
            "std": {
                "reward": 25929,
                "time": 3.0855581760406494
            }
        }
    },
    "nb_iterations": 50,
    "pursuit": {
        "it-40": {
            "args": {
                "alpha_seed": 780,
                "beta": 0.1,
                "random_arm_seed": 421,
                "reward_seed": 40,
                "sigma_seed": 156
            },
            "gen-distributed": {
                "reward": 26694,
                "time": 16.822735011111945,
                "time_by_components": {
                    "R0": 1.4653486590832472,
                    "R1": 0.9562758188694715,
                    "R2": 0.9410946639254689,
                    "R3": 0.9371442995034158,
                    "R4": 0.9367880602367222,
                    "R5": 0.9374416652135551,
                    "R6": 0.9374260399490595,
                    "R7": 0.9367915163747966,
                    "R8": 0.9351792638190091,
                    "R9": 0.9361851345747709,
                    "as": 4.284218600951135,
                    "comp": 0.8816659720614552,
                    "dc": 0
                }
            },
            "gen-secure": {
                "reward": 26694,
                "time": 94.84755556378514,
                "time_by_components": {
                    "R0": 5.922289397101849,
                    "R1": 5.152648211456835,
                    "R2": 5.03399652056396,
                    "R3": 4.928521498572081,
                    "R4": 4.896318445447832,
                    "R5": 4.868314004037529,
                    "R6": 4.813517241738737,
                    "R7": 4.846569629386067,
                    "R8": 4.838227532338351,
                    "R9": 4.793748286552727,
                    "as": 5.081478962209076,
                    "comp": 37.14968464337289,
                    "dc": 0.03323935717344284
                }
            },
            "std": {
                "reward": 26694,