{
    "N": 90000,
    "arms": [
        0.5312831389183457,
        0.4305408271474019,
        0.3647932131495228,
        0.3404029692470838,
        0.3117709437963945,
        0.2799575821845175,
        0.2788971367974549,
        0.2704135737009544,
        0.24602332979851538,
        0.24602332979851538
    ],
    "boltzmann": {
        "it-24": {
            "args": {
                "alpha_seed": 766,
                "random_arm_seed": 873,
                "reward_seed": 24,
                "sigma_seed": 113,
                "tau": 0.06
            },
            "gen-distributed": {
                "reward": 44785,
                "time": 15.67601012531668,
                "time_by_components": {
                    "R0": 1.5149464500136673,
                    "R1": 0.8933401913382113,
                    "R2": 0.8414504956454039,
                    "R3": 0.8414494539611042,
                    "R4": 0.8245103149674833,
                    "R5": 0.8187607787549496,
                    "R6": 0.8287308202125132,
                    "R7": 0.8237894480116665,
                    "R8": 0.8177578649483621,
                    "R9": 0.8151623453013599,
                    "as": 3.7417363901622593,
                    "comp": 1.358892762567848,
                    "dc": 0
                }
            },
            "gen-secure": {
                "reward": 44785,
                "time": 88.83522917563096,
                "time_by_components": {
                    "R0": 5.798533909954131,
                    "R1": 4.764310121536255,
                    "R2": 4.572025689762086,
                    "R3": 4.521804642863572,
                    "R4": 4.4767759731039405,
                    "R5": 4.445507924538106,
                    "R6": 4.445402903016657,
                    "R7": 4.447094707749784,
                    "R8": 4.413234897423536,
                    "R9": 4.397313224617392,
                    "as": 5.145075201522559,
                    "comp": 34.911062294617295,
                    "dc": 0.03312495769932866
                }
            },
            "std": {
                "reward": 44785,
                "time": 6.019155979156494
            }
        }
    },
    "e-greedy": {
        "it-24": {
            "args": {
                "alpha_seed": 656,
                "epsilon": 0.1,
                "epsilon_seed": 841,
                "random_arm_seed": 954,
                "reward_seed": 24,
                "sigma_seed": 986
            },
            "gen-distributed": {
                "reward": 46089,
                "time": 14.564651519991457,
                "time_by_components": {
                    "R0": 1.5126560083590448,
                    "R1": 0.7561851092614233,
                    "R2": 0.7488368791528046,
                    "R3": 0.7462337780743837,
                    "R4": 0.7462258650921285,
                    "R5": 0.7461525411345065,
                    "R6": 0.7472469382919371,
                    "R7": 0.7427068231627345,
                    "R8": 0.7447385718114674,
                    "R9": 0.743880202062428,
                    "as": 3.741201752331108,
                    "comp": 0.35693071596324444,
                    "dc": 0
                }
            },
            "gen-secure": {
                "reward": 46089,
                "time": 82.01219837833196,
                "time_by_components": {
                    "R0": 5.370850467123091,
                    "R1": 4.329541301354766,
                    "R2": 4.20773356128484,
                    "R3": 4.164002471603453,
                    "R4": 4.114126250613481,
                    "R5": 4.099277309142053,
                    "R6": 4.0884817955084145,
                    "R7": 4.080007232259959,
                    "R8": 4.076342168264091,
                    "R9": 4.083987079560757,
                    "as": 4.444559452589601,
                    "comp": 31.817560461349785,
                    "dc": 0.033561984077095985
                }
            },
            "std": {
                "reward": 46089,
                "time": 5.4933435916900635
            }
        }
    },
    "e-greedy-decreasing": {
        "it-24": {
            "args": {
                "alpha_seed": 656,
                "epsilon_seed": 841,
                "random_arm_seed": 954,
                "reward_seed": 24,
                "sigma_seed": 986
            },
            "gen-distributed": {
                "reward": 46719,
                "time": 14.923647855874151,
                "time_by_components": {
                    "R0": 1.5578105980530381,
                    "R1": 0.7777900327928364,
                    "R2": 0.7704138727858663,
                    "R3": 0.7695213556289673,
                    "R4": 0.7681932309642434,
                    "R5": 0.7679277588613331,
                    "R6": 0.7685149712488055,
                    "R7": 0.7675283732824028,
                    "R8": 0.7672198992222548,
                    "R9": 0.7673897300846875,
                    "as": 3.803654824849218,
                    "comp": 0.33301644306629896,
                    "dc": 0
                }
            },
            "gen-secure": {
                "reward": 46719,
                "time": 82.92737995600328,
                "time_by_components": {
                    "R0": 5.4707713983953,
                    "R1": 4.411451192572713,
                    "R2": 4.270131728146225,
                    "R3": 4.2181600774638355,
                    "R4": 4.162275094538927,
                    "R5": 4.1617310512810946,
                    "R6": 4.143752605188638,
                    "R7": 4.135886365547776,
                    "R8": 4.128400749061257,
                    "R9": 4.1417808891274035,
                    "as": 4.483457209076732,
                    "comp": 32.0836515892297,
                    "dc": 0.03306078305467963
                }
            },
            "std": {
                "reward": 46719,
                "time": 5.44797945022583
            }
        }
    },
    "nb_iterations": 30,
    "pursuit": {
        "it-24": {
            "args": {
                "alpha_seed": 766,
                "beta": 0.1,
                "random_arm_seed": 873,
                "reward_seed": 24,
                "sigma_seed": 433
            },
            "gen-distributed": {
                "reward": 47892,
                "time": 30.201298668049276,
                "time_by_components": {
                    "R0": 2.6467993641272187,
                    "R1": 1.7221193234436214,
                    "R2": 1.6894236509688199,
                    "R3": 1.6856614239513874,
                    "R4": 1.679930909536779,
                    "R5": 1.6883718678727746,
                    "R6": 1.6901279729790986,
                    "R7": 1.6864441712386906,
                    "R8": 1.6783822397701442,
                    "R9": 1.680094842799008,
                    "as": 7.679005412384868,
                    "comp": 1.5949339889921248,
                    "dc": 0
                }
            },
            "gen-secure": {
                "reward": 47892,
                "time": 171.07889312831685,
                "time_by_components": {
                    "R0": 10.75954281212762,
                    "R1": 9.240008670371026,
                    "R2": 8.968860264401883,
                    "R3": 8.817955315113068,
                    "R4": 8.643667944706976,
                    "R5": 8.622769769281149,
                    "R6": 8.689874768722802,
                    "R7": 8.66966064227745,
                    "R8": 8.576482647564262,
                    "R9": 8.638248988427222,
                    "as": 9.201066571753472,
                    "comp": 67.55111549096182,
                    "dc": 0.0465509332716465
                }
            },
            "std": {
                "reward": 47892,