{
    "N": 70000,
    "arms": [
        0.5312831389183457,
        0.4305408271474019,
        0.3647932131495228,
        0.3404029692470838,
        0.3117709437963945,
        0.2799575821845175,
        0.2788971367974549,
        0.2704135737009544,
        0.24602332979851538,
        0.24602332979851538
    ],
    "boltzmann": {
        "it-50": {
            "args": {
                "alpha_seed": 666,
                "random_arm_seed": 882,
                "reward_seed": 50,
                "sigma_seed": 96,
                "tau": 0.06
            },
            "gen-distributed": {
                "reward": 35264,
                "time": 12.6130126491189,
                "time_by_components": {
                    "R0": 1.2328276582993567,
                    "R1": 0.6921708136796951,
                    "R2": 0.674925543833524,
                    "R3": 0.6726110144518316,
                    "R4": 0.6669414173811674,
                    "R5": 0.6573265856131911,
                    "R6": 0.666095947381109,
                    "R7": 0.6590914786793292,
                    "R8": 0.6621964648365974,
                    "R9": 0.6589310956187546,
                    "as": 3.0157819762825966,
                    "comp": 1.0802004081197083,
                    "dc": 0
                }
            },
            "gen-secure": {
                "reward": 35264,
                "time": 68.30505434796214,
                "time_by_components": {
                    "R0": 4.5147724649868906,
                    "R1": 3.692776598967612,
                    "R2": 3.560224288608879,
                    "R3": 3.532750121317804,
                    "R4": 3.467824811115861,
                    "R5": 3.4641303778626025,
                    "R6": 3.450727821327746,
                    "R7": 3.4332885360345244,
                    "R8": 3.4330149344168603,
                    "R9": 3.4255205569788814,
                    "as": 3.623492427635938,
                    "comp": 26.85929044848308,
                    "dc": 0.0331518417224288
                }
            },
            "std": {
                "reward": 35264,
                "time": 4.576305150985718
            }
        }
    },
    "e-greedy": {
        "it-50": {
            "args": {
                "alpha_seed": 277,
                "epsilon": 0.1,
                "epsilon_seed": 871,
                "random_arm_seed": 80,
                "reward_seed": 50,
                "sigma_seed": 844
            },
            "gen-distributed": {
                "reward": 35949,
                "time": 11.489922353997827,
                "time_by_components": {
                    "R0": 1.1803061431273818,
                    "R1": 0.5921296700835228,
                    "R2": 0.5852014124393463,
                    "R3": 0.5844408748671412,
                    "R4": 0.5837589614093304,
                    "R5": 0.5843454487621784,
                    "R6": 0.5849960660561919,
                    "R7": 0.5852993912994862,
                    "R8": 0.5837119552306831,
                    "R9": 0.5829436387866735,
                    "as": 2.9707140191458166,
                    "comp": 0.2861031414940953,
                    "dc": 0
                }
            },
            "gen-secure": {
                "reward": 35949,
                "time": 63.88007920188829,
                "time_by_components": {
                    "R0": 4.170734382234514,
                    "R1": 3.409656984731555,
                    "R2": 3.2900909301824868,
                    "R3": 3.2438147091306746,
                    "R4": 3.2045599734410644,
                    "R5": 3.202712274156511,
                    "R6": 3.2122684619389474,
                    "R7": 3.188413242343813,
                    "R8": 3.2166190333664417,
                    "R9": 3.18893836485222,
                    "as": 3.5132281887345016,
                    "comp": 24.66977620823309,
                    "dc": 0.03317329892888665
                }
            },
            "std": {
                "reward": 35949,
                "time": 4.230517148971558
            }
        }
    },
    "e-greedy-decreasing": {
        "it-50": {
            "args": {
                "alpha_seed": 828,
                "epsilon_seed": 666,
                "random_arm_seed": 882,
                "reward_seed": 50,
                "sigma_seed": 540
            },
            "gen-distributed": {
                "reward": 36353,
                "time": 10.785831194370985,
                "time_by_components": {
                    "R0": 1.1203200365416706,
                    "R1": 0.5595248588360846,
                    "R2": 0.5543065834790468,
                    "R3": 0.5529448837041855,
                    "R4": 0.5525513202883303,
                    "R5": 0.5551002775318921,
                    "R6": 0.5539874429814517,
                    "R7": 0.5542766992002726,
                    "R8": 0.554057470522821,
                    "R9": 0.5530735333450139,
                    "as": 2.7464092788286507,
                    "comp": 0.24811342684552073,
                    "dc": 0
                }
            },
            "gen-secure": {
                "reward": 36353,
                "time": 64.28651316603646,
                "time_by_components": {
                    "R0": 4.268797397613525,
                    "R1": 3.420502161141485,
                    "R2": 3.3184837577864528,
                    "R3": 3.281965663190931,
                    "R4": 3.2451120959594846,
                    "R5": 3.237908952869475,
                    "R6": 3.2262535095214844,
                    "R7": 3.2190438332036138,
                    "R8": 3.221358180511743,
                    "R9": 3.2141221347264946,
                    "as": 3.4808239894919097,
                    "comp": 24.72048620460555,
                    "dc": 0.033110474701970816
                }
            },
            "std": {
                "reward": 36353,
                "time": 4.216792821884155
            }
        }
    },
    "nb_iterations": 50,
    "pursuit": {
        "it-50": {
            "args": {
                "alpha_seed": 666,
                "beta": 0.1,
                "random_arm_seed": 882,
                "reward_seed": 50,
                "sigma_seed": 540
            },
            "gen-distributed": {
                "reward": 37367,
                "time": 23.655063564889133,
                "time_by_components": {
                    "R0": 2.0585603741928935,
                    "R1": 1.3469447861425579,
                    "R2": 1.3245172682218254,
                    "R3": 1.3184271911159158,
                    "R4": 1.3142049526795745,
                    "R5": 1.3223867150954902,
                    "R6": 1.3215087028220296,
                    "R7": 1.318083314690739,
                    "R8": 1.3176555945537984,
                    "R9": 1.3168758288957179,
                    "as": 5.979722152464092,
                    "comp": 1.2349848770536482,
                    "dc": 0
                }
            },
            "gen-secure": {
                "reward": 37367,
                "time": 131.9025706308894,
                "time_by_components": {
                    "R0": 8.298584167379886,
                    "R1": 7.172142560593784,
                    "R2": 6.871240659151226,
                    "R3": 6.799960698932409,
                    "R4": 6.764744731131941,
                    "R5": 6.6661336296238005,
                    "R6": 6.717655641026795,
                    "R7": 6.654129724483937,
                    "R8": 6.73359650792554,
                    "R9": 6.630959317553788,
                    "as": 7.140466124750674,
                    "comp": 51.95000581489876,
                    "dc": 0.033073747996240854
                }
            },
            "std": {
                "reward": 37367,