{
    "N": 80000,
    "arms": [
        0.5312831389183457,
        0.4305408271474019,
        0.3647932131495228,
        0.3404029692470838,
        0.3117709437963945,
        0.2799575821845175,
        0.2788971367974549,
        0.2704135737009544,
        0.24602332979851538,
        0.24602332979851538
    ],
    "boltzmann": {
        "it-23": {
            "args": {
                "alpha_seed": 298,
                "random_arm_seed": 585,
                "reward_seed": 23,
                "sigma_seed": 116,
                "tau": 0.06
            },
            "gen-distributed": {
                "reward": 38761,
                "time": 13.525564732961357,
                "time_by_components": {
                    "R0": 1.2183191562071443,
                    "R1": 0.8458788432180882,
                    "R2": 0.7343696337193251,
                    "R3": 0.7242575432173908,
                    "R4": 0.7206287356093526,
                    "R5": 0.7059714370407164,
                    "R6": 0.7107545784674585,
                    "R7": 0.7085220240987837,
                    "R8": 0.7067557126283646,
                    "R9": 0.7028075340203941,
                    "as": 3.2231657332740724,
                    "comp": 1.162212140392512,
                    "dc": 0
                }
            },
            "gen-secure": {
                "reward": 38761,
                "time": 76.12494665570557,
                "time_by_components": {
                    "R0": 4.863988094031811,
                    "R1": 4.257246088702232,
                    "R2": 4.022511347196996,
                    "R3": 3.9161568018607795,
                    "R4": 3.872782257385552,
                    "R5": 3.9095348119735718,
                    "R6": 3.833633477333933,
                    "R7": 3.824052188079804,
                    "R8": 3.814672482199967,
                    "R9": 3.802472490351647,
                    "as": 3.9782923692837358,
                    "comp": 29.866515018045902,
                    "dc": 0.0330339428037405
                }
            },
            "std": {
                "reward": 38761,
                "time": 5.192078351974487
            }
        }
    },
    "e-greedy": {
        "it-23": {
            "args": {
                "alpha_seed": 177,
                "epsilon": 0.1,
                "epsilon_seed": 52,
                "random_arm_seed": 475,
                "reward_seed": 23,
                "sigma_seed": 244
            },
            "gen-distributed": {
                "reward": 40834,
                "time": 12.966745679732412,
                "time_by_components": {
                    "R0": 1.3342175488360226,
                    "R1": 0.6813871110789478,
                    "R2": 0.6655814368277788,
                    "R3": 0.6645002081058919,
                    "R4": 0.6631198218092322,
                    "R5": 0.664783897344023,
                    "R6": 0.6651814496144652,
                    "R7": 0.6631340240128338,
                    "R8": 0.6631629061885178,
                    "R9": 0.6636843336746097,
                    "as": 3.3414598810486495,
                    "comp": 0.3158880244009197,
                    "dc": 0
                }
            },
            "gen-secure": {
                "reward": 40834,
                "time": 72.56689531821758,
                "time_by_components": {
                    "R0": 4.752593527082354,
                    "R1": 3.8684808425605297,
                    "R2": 3.731719082221389,
                    "R3": 3.6970355063676834,
                    "R4": 3.648823127616197,
                    "R5": 3.648488910868764,
                    "R6": 3.6364681953564286,
                    "R7": 3.626706666778773,
                    "R8": 3.6185722802765667,
                    "R9": 3.626898042857647,
                    "as": 3.92338783480227,
                    "comp": 27.995698362588882,
                    "dc": 0.03306882409378886
                }
            },
            "std": {
                "reward": 40834,
                "time": 4.832086086273193
            }
        }
    },
    "e-greedy-decreasing": {
        "it-23": {
            "args": {
                "alpha_seed": 708,
                "epsilon_seed": 915,
                "random_arm_seed": 945,
                "reward_seed": 23,
                "sigma_seed": 914
            },
            "gen-distributed": {
                "reward": 41549,
                "time": 13.237392426934093,
                "time_by_components": {
                    "R0": 1.380083145108074,
                    "R1": 0.690597081091255,
                    "R2": 0.6814413075335324,
                    "R3": 0.6798601364716887,
                    "R4": 0.6805370072834194,
                    "R5": 0.6805253122001886,
                    "R6": 0.6813646825030446,
                    "R7": 0.6813402301631868,
                    "R8": 0.6789671797305346,
                    "R9": 0.6802632096223533,
                    "as": 3.372171928640455,
                    "comp": 0.30179846193641424,
                    "dc": 0
                }
            },
            "gen-secure": {
                "reward": 41549,
                "time": 74.37124910065904,
                "time_by_components": {
                    "R0": 4.88636336196214,
                    "R1": 3.9479267532005906,
                    "R2": 3.832882116548717,
                    "R3": 3.788764666300267,
                    "R4": 3.7567754150368273,
                    "R5": 3.746792745310813,
                    "R6": 3.7282142229378223,
                    "R7": 3.7209140872582793,
                    "R8": 3.711836279835552,
                    "R9": 3.713085744995624,
                    "as": 3.990775232668966,
                    "comp": 28.78042868291959,
                    "dc": 0.033584689255803823
                }
            },
            "std": {
                "reward": 41549,
                "time": 4.703068733215332
            }
        }
    },
    "nb_iterations": 30,
    "pursuit": {
        "it-23": {
            "args": {
                "alpha_seed": 298,
                "beta": 0.1,
                "random_arm_seed": 585,
                "reward_seed": 23,
                "sigma_seed": 776
            },
            "gen-distributed": {
                "reward": 34414,
                "time": 26.699743050616235,
                "time_by_components": {
                    "R0": 1.6162178595550358,
                    "R1": 2.248318857047707,
                    "R2": 1.5039239921607077,
                    "R3": 1.489139546174556,
                    "R4": 1.4879187075421214,
                    "R5": 1.4905216749757528,
                    "R6": 1.4874371690675616,
                    "R7": 1.487131496425718,
                    "R8": 1.485961495898664,
                    "R9": 1.4824978462420404,
                    "as": 6.794503185432404,
                    "comp": 1.39753751270473,
                    "dc": 0
                }
            },
            "gen-secure": {
                "reward": 34414,
                "time": 150.86976578598842,
                "time_by_components": {
                    "R0": 8.747355029452592,
                    "R1": 8.912923957686871,
                    "R2": 7.921906551811844,
                    "R3": 7.7447979976423085,
                    "R4": 7.7357373726554215,
                    "R5": 7.63779861247167,
                    "R6": 7.607567879837006,
                    "R7": 7.6780640901997685,
                    "R8": 7.686243470292538,
                    "R9": 7.577645032200962,
                    "as": 8.085815255064517,
                    "comp": 59.35411422280595,
                    "dc": 0.02975390711799264
                }
            },
            "std": {
                "reward": 34414,