{
    "N": 60000,
    "arms": [
        0.5312831389183457,
        0.4305408271474019,
        0.3647932131495228,
        0.3404029692470838,
        0.3117709437963945,
        0.2799575821845175,
        0.2788971367974549,
        0.2704135737009544,
        0.24602332979851538,
        0.24602332979851538
    ],
    "boltzmann": {
        "it-12": {
            "args": {
                "alpha_seed": 887,
                "random_arm_seed": 505,
                "reward_seed": 12,
                "sigma_seed": 539,
                "tau": 0.06
            },
            "gen-distributed": {
                "reward": 29989,
                "time": 10.563197704963386,
                "time_by_components": {
                    "R0": 0.998187780380249,
                    "R1": 0.6425639297813177,
                    "R2": 0.5670506954193115,
                    "R3": 0.5529375988990068,
                    "R4": 0.5531375342980027,
                    "R5": 0.5565362898632884,
                    "R6": 0.5533840958960354,
                    "R7": 0.5508072138763964,
                    "R8": 0.5532636279240251,
                    "R9": 0.5502207931131124,
                    "as": 2.517279698047787,
                    "comp": 0.9092003693804145,
                    "dc": 0
                }
            },
            "gen-secure": {
                "reward": 29989,
                "time": 59.38252884382382,
                "time_by_components": {
                    "R0": 3.885238839779049,
                    "R1": 3.2797021022997797,
                    "R2": 3.130846176762134,
                    "R3": 3.045491235796362,
                    "R4": 3.0080556110478938,
                    "R5": 3.015897042118013,
                    "R6": 2.992979156319052,
                    "R7": 2.9859255165793,
                    "R8": 2.9873970593325794,
                    "R9": 2.979912890587002,
                    "as": 3.108690273016691,
                    "comp": 23.29428951209411,
                    "dc": 0.0330638219602406
                }
            },
            "std": {
                "reward": 29989,
                "time": 3.9627785682678223
            }
        }
    },
    "e-greedy": {
        "it-12": {
            "args": {
                "alpha_seed": 469,
                "epsilon": 0.1,
                "epsilon_seed": 837,
                "random_arm_seed": 836,
                "reward_seed": 12,
                "sigma_seed": 727
            },
            "gen-distributed": {
                "reward": 30787,
                "time": 9.806613184977323,
                "time_by_components": {
                    "R0": 1.0122212320566177,
                    "R1": 0.5059323841705918,
                    "R2": 0.5016877283342183,
                    "R3": 0.5016813124530017,
                    "R4": 0.5001909323036671,
                    "R5": 0.5038972157053649,
                    "R6": 0.5034833308309317,
                    "R7": 0.5023062736727297,
                    "R8": 0.5000935299322009,
                    "R9": 0.5022230572067201,
                    "as": 2.5260547008365393,
                    "comp": 0.2408393369987607,
                    "dc": 0
                }
            },
            "gen-secure": {
                "reward": 30787,
                "time": 55.13604156393558,
                "time_by_components": {
                    "R0": 3.630219572223723,
                    "R1": 2.933969118632376,
                    "R2": 2.851019780151546,
                    "R3": 2.8143567596562207,
                    "R4": 2.785282142460346,
                    "R5": 2.7812414527870715,
                    "R6": 2.764993075747043,
                    "R7": 2.7638237150385976,
                    "R8": 2.753340944647789,
                    "R9": 2.762107654940337,
                    "as": 3.0325232655741274,
                    "comp": 21.15418520476669,
                    "dc": 0.0331761222332716
                }
            },
            "std": {
                "reward": 30787,
                "time": 3.4481256008148193
            }
        }
    },
    "e-greedy-decreasing": {
        "it-12": {
            "args": {
                "alpha_seed": 469,
                "epsilon_seed": 837,
                "random_arm_seed": 836,
                "reward_seed": 12,
                "sigma_seed": 727
            },
            "gen-distributed": {
                "reward": 31132,
                "time": 9.990802623797208,
                "time_by_components": {
                    "R0": 1.0403220457956195,
                    "R1": 0.518016732763499,
                    "R2": 0.5130374999716878,
                    "R3": 0.511491431389004,
                    "R4": 0.5110535649582744,
                    "R5": 0.5117720500566065,
                    "R6": 0.5115181203000247,
                    "R7": 0.512299029622227,
                    "R8": 0.5129127684049308,
                    "R9": 0.51136385044083,
                    "as": 2.5576596343889832,
                    "comp": 0.23097829287871718,
                    "dc": 0
                }
            },
            "gen-secure": {
                "reward": 31132,
                "time": 55.744097128976136,
                "time_by_components": {
                    "R0": 3.668731710407883,
                    "R1": 2.976206939201802,
                    "R2": 2.8985345298424363,
                    "R3": 2.8599575888365507,
                    "R4": 2.8250100212171674,
                    "R5": 2.8144819447770715,
                    "R6": 2.810919951181859,
                    "R7": 2.8017589822411537,
                    "R8": 2.79934319620952,
                    "R9": 2.811695504002273,
                    "as": 2.989696707110852,
                    "comp": 21.40139189688489,
                    "dc": 0.03310323599725962
                }
            },
            "std": {
                "reward": 31132,
                "time": 3.6708195209503174
            }
        }
    },
    "nb_iterations": 30,
    "pursuit": {
        "it-12": {
            "args": {
                "alpha_seed": 887,
                "beta": 0.1,
                "random_arm_seed": 505,
                "reward_seed": 12,
                "sigma_seed": 664
            },
            "gen-distributed": {
                "reward": 32006,
                "time": 20.160937070846558,
                "time_by_components": {
                    "R0": 1.7655639671720564,
                    "R1": 1.1465364559553564,
                    "R2": 1.1296549076214433,
                    "R3": 1.1226403624750674,
                    "R4": 1.121497763786465,
                    "R5": 1.1251226305030286,
                    "R6": 1.1248595318756998,
                    "R7": 1.1187572511844337,
                    "R8": 1.1215380844660103,
                    "R9": 1.1206891941837966,
                    "as": 5.139055800624192,
                    "comp": 1.0589137789793313,
                    "dc": 0
                }
            },
            "gen-secure": {
                "reward": 32006,
                "time": 114.71670862613246,
                "time_by_components": {
                    "R0": 7.174734643660486,
                    "R1": 6.249877167865634,
                    "R2": 5.985782142728567,
                    "R3": 5.8933981875889,
                    "R4": 5.811978634446859,
                    "R5": 5.875491914805025,
                    "R6": 5.851904895156622,
                    "R7": 5.785492695868015,
                    "R8": 5.842210675124079,
                    "R9": 5.779234594665468,
                    "as": 6.151266782078892,
                    "comp": 45.17350594745949,
                    "dc": 0.030179148074239492
                }
            },
            "std": {
                "reward": 32006,