{
    "N": 50000,
    "arms": [
        0.5312831389183457,
        0.4305408271474019,
        0.3647932131495228,
        0.3404029692470838,
        0.3117709437963945,
        0.2799575821845175,
        0.2788971367974549,
        0.2704135737009544,
        0.24602332979851538,
        0.24602332979851538
    ],
    "boltzmann": {
        "it-36": {
            "args": {
                "alpha_seed": 659,
                "random_arm_seed": 975,
                "reward_seed": 36,
                "sigma_seed": 294,
                "tau": 0.06
            },
            "gen-distributed": {
                "reward": 25218,
                "time": 9.042315123137087,
                "time_by_components": {
                    "R0": 0.892716200556606,
                    "R1": 0.4776194798760116,
                    "R2": 0.5001577623188496,
                    "R3": 0.4800129015929997,
                    "R4": 0.47455057548359036,
                    "R5": 0.47726202942430973,
                    "R6": 0.476400313898921,
                    "R7": 0.47475672187283635,
                    "R8": 0.4692724337801337,
                    "R9": 0.47174524888396263,
                    "as": 2.158661567606032,
                    "comp": 0.7766542891040444,
                    "dc": 0
                }
            },
            "gen-secure": {
                "reward": 25218,
                "time": 49.40217420924455,
                "time_by_components": {
                    "R0": 3.2367819496430457,
                    "R1": 2.6690076286904514,
                    "R2": 2.6134073361754417,
                    "R3": 2.5592814194969833,
                    "R4": 2.5206910320557654,
                    "R5": 2.5185433886945248,
                    "R6": 2.50747889559716,
                    "R7": 2.5028261025436223,
                    "R8": 2.5114352218806744,
                    "R9": 2.4935431461781263,
                    "as": 2.568485887721181,
                    "comp": 19.36213942663744,
                    "dc": 0.033094760961830616
                }
            },
            "std": {
                "reward": 25218,
                "time": 3.269761323928833
            }
        }
    },
    "e-greedy": {
        "it-36": {
            "args": {
                "alpha_seed": 105,
                "epsilon": 0.1,
                "epsilon_seed": 667,
                "random_arm_seed": 255,
                "reward_seed": 36,
                "sigma_seed": 551
            },
            "gen-distributed": {
                "reward": 25515,
                "time": 8.239666716195643,
                "time_by_components": {
                    "R0": 0.8362098475918174,
                    "R1": 0.42784251226112247,
                    "R2": 0.4209878258407116,
                    "R3": 0.41779036773368716,
                    "R4": 0.4174056723713875,
                    "R5": 0.41817843820899725,
                    "R6": 0.41893617575988173,
                    "R7": 0.41842045122757554,
                    "R8": 0.41726661613211036,
                    "R9": 0.41740098781883717,
                    "as": 2.141014677938074,
                    "comp": 0.2078909883275628,
                    "dc": 0
                }
            },
            "gen-secure": {
                "reward": 25515,
                "time": 46.453988335095346,
                "time_by_components": {
                    "R0": 3.038322112057358,
                    "R1": 2.4828403717838228,
                    "R2": 2.4199629104696214,
                    "R3": 2.37814700929448,
                    "R4": 2.350555958226323,
                    "R5": 2.349954240489751,
                    "R6": 2.343462163116783,
                    "R7": 2.337471171282232,
                    "R8": 2.333720483351499,
                    "R9": 2.3321124422363937,
                    "as": 2.5072855302132666,
                    "comp": 17.856942538637668,
                    "dc": 0.03319090884178877
                }
            },
            "std": {
                "reward": 25515,
                "time": 3.054152488708496
            }
        }
    },
    "e-greedy-decreasing": {
        "it-36": {
            "args": {
                "alpha_seed": 408,
                "epsilon_seed": 659,
                "random_arm_seed": 975,
                "reward_seed": 36,
                "sigma_seed": 750
            },
            "gen-distributed": {
                "reward": 25866,
                "time": 8.314452271908522,
                "time_by_components": {
                    "R0": 0.8613658747635782,
                    "R1": 0.4322765194810927,
                    "R2": 0.42971505783498287,
                    "R3": 0.42664572689682245,
                    "R4": 0.42668240470811725,
                    "R5": 0.4262869628146291,
                    "R6": 0.42619364988058805,
                    "R7": 0.42504760855808854,
                    "R8": 0.42489998368546367,
                    "R9": 0.42501504952088,
                    "as": 2.1238893675617874,
                    "comp": 0.1937395865097642,
                    "dc": 0
                }
            },
            "gen-secure": {
                "reward": 25866,
                "time": 45.71154292020947,
                "time_by_components": {
                    "R0": 3.0092311771586537,
                    "R1": 2.434457362163812,
                    "R2": 2.3618428679183125,
                    "R3": 2.333852974232286,
                    "R4": 2.3098230636678636,
                    "R5": 2.3076518177986145,
                    "R6": 2.297067013569176,
                    "R7": 2.2902847821824253,
                    "R8": 2.329063965473324,
                    "R9": 2.2911312500946224,
                    "as": 2.44160542730242,
                    "comp": 17.59768605977297,
                    "dc": 0.03045873297378421
                }
            },
            "std": {
                "reward": 25866,
                "time": 3.0067408084869385
            }
        }
    },
    "nb_iterations": 50,
    "pursuit": {
        "it-36": {
            "args": {
                "alpha_seed": 659,
                "beta": 0.1,
                "random_arm_seed": 975,
                "reward_seed": 36,
                "sigma_seed": 750
            },
            "gen-distributed": {
                "reward": 16969,
                "time": 16.823267739266157,
                "time_by_components": {
                    "R0": 1.0048991944640875,
                    "R1": 0.945125694386661,
                    "R2": 0.9356295182369649,
                    "R3": 1.390944054350257,
                    "R4": 0.9367506420239806,
                    "R5": 0.9337478177621961,
                    "R6": 0.9319528099149466,
                    "R7": 0.9319183514453471,
                    "R8": 0.9306365847587585,
                    "R9": 0.9372792718932033,
                    "as": 4.286783702205867,
                    "comp": 0.8816119031980634,
                    "dc": 0
                }
            },
            "gen-secure": {
                "reward": 16969,
                "time": 96.02934609493241,
                "time_by_components": {
                    "R0": 5.552980452775955,
                    "R1": 5.137895330786705,
                    "R2": 5.045156334992498,
                    "R3": 5.490229529794306,
                    "R4": 4.907238197512925,
                    "R5": 4.931409062817693,
                    "R6": 4.903216634877026,
                    "R7": 4.861909505911171,
                    "R8": 4.846676286775619,
                    "R9": 4.892242512200028,
                    "as": 5.154306901153177,
                    "comp": 37.74427646584809,
                    "dc": 0.033124913927167654
                }
            },
            "std": {
                "reward": 16969,