{
    "N": 50000,
    "arms": [
        0.5312831389183457,
        0.4305408271474019,
        0.3647932131495228,
        0.3404029692470838,
        0.3117709437963945,
        0.2799575821845175,
        0.2788971367974549,
        0.2704135737009544,
        0.24602332979851538,
        0.24602332979851538
    ],
    "boltzmann": {
        "it-6": {
            "args": {
                "alpha_seed": 423,
                "random_arm_seed": 855,
                "reward_seed": 6,
                "sigma_seed": 953,
                "tau": 0.06
            },
            "gen-distributed": {
                "reward": 25242,
                "time": 9.026355175767094,
                "time_by_components": {
                    "R0": 0.875495932996273,
                    "R1": 0.5396681083366275,
                    "R2": 0.4747770959511399,
                    "R3": 0.47475962713360786,
                    "R4": 0.4698563115671277,
                    "R5": 0.47876284550875425,
                    "R6": 0.47411413909867406,
                    "R7": 0.4786219261586666,
                    "R8": 0.47414917312562466,
                    "R9": 0.46984120458364487,
                    "as": 2.147381503600627,
                    "comp": 0.7730893203988671,
                    "dc": 0
                }
            },
            "gen-secure": {
                "reward": 25242,
                "time": 49.190137214027345,
                "time_by_components": {
                    "R0": 3.204047227278352,
                    "R1": 2.712026197463274,
                    "R2": 2.5832402580417693,
                    "R3": 2.553775370121002,
                    "R4": 2.5197059512138367,
                    "R5": 2.5181653550826013,
                    "R6": 2.504958948586136,
                    "R7": 2.5043041286990047,
                    "R8": 2.492305693682283,
                    "R9": 2.4872557003982365,
                    "as": 2.529707607347518,
                    "comp": 19.184412161353976,
                    "dc": 0.033103170804679394
                }
            },
            "std": {
                "reward": 25242,
                "time": 3.277303695678711
            }
        }
    },
    "e-greedy": {
        "it-6": {
            "args": {
                "alpha_seed": 997,
                "epsilon": 0.1,
                "epsilon_seed": 536,
                "random_arm_seed": 723,
                "reward_seed": 6,
                "sigma_seed": 966
            },
            "gen-distributed": {
                "reward": 25680,
                "time": 8.232692391145974,
                "time_by_components": {
                    "R0": 0.8495142329484224,
                    "R1": 0.42324171075597405,
                    "R2": 0.41827498748898506,
                    "R3": 0.41823086608201265,
                    "R4": 0.41770848631858826,
                    "R5": 0.4191494737751782,
                    "R6": 0.4188092518597841,
                    "R7": 0.4186963518150151,
                    "R8": 0.4167590760625899,
                    "R9": 0.424654180649668,
                    "as": 2.1393521591089666,
                    "comp": 0.2052458692342043,
                    "dc": 0
                }
            },
            "gen-secure": {
                "reward": 25680,
                "time": 45.86842700187117,
                "time_by_components": {
                    "R0": 3.0098232845775783,
                    "R1": 2.440590898040682,
                    "R2": 2.3736759033054113,
                    "R3": 2.34599511930719,
                    "R4": 2.3209071112796664,
                    "R5": 2.319993324112147,
                    "R6": 2.3293913952074945,
                    "R7": 2.3171766344457865,
                    "R8": 2.308474525809288,
                    "R9": 2.3335690358653665,
                    "as": 2.468791242223233,
                    "comp": 17.55986819183454,
                    "dc": 0.03301947098225355
                }
            },
            "std": {
                "reward": 25680,
                "time": 3.0388119220733643
            }
        }
    },
    "e-greedy-decreasing": {
        "it-6": {
            "args": {
                "alpha_seed": 997,
                "epsilon_seed": 536,
                "random_arm_seed": 723,
                "reward_seed": 6,
                "sigma_seed": 966
            },
            "gen-distributed": {
                "reward": 25964,
                "time": 8.284376268275082,
                "time_by_components": {
                    "R0": 0.8670356329530478,
                    "R1": 0.42958073038607836,
                    "R2": 0.42640810925513506,
                    "R3": 0.4251218787394464,
                    "R4": 0.42353406734764576,
                    "R5": 0.42480098363012075,
                    "R6": 0.42564424267038703,
                    "R7": 0.4259641473181546,
                    "R8": 0.42448514280840755,
                    "R9": 0.4253488415852189,
                    "as": 2.1207115571014583,
                    "comp": 0.1899383096024394,
                    "dc": 0
                }
            },
            "gen-secure": {
                "reward": 25964,
                "time": 47.46547438763082,
                "time_by_components": {
                    "R0": 3.143423333298415,
                    "R1": 2.537694726139307,
                    "R2": 2.458937607705593,
                    "R3": 2.432703647762537,
                    "R4": 2.403844503685832,
                    "R5": 2.398020883090794,
                    "R6": 2.3944968869909644,
                    "R7": 2.388559483923018,
                    "R8": 2.3861999227665365,
                    "R9": 2.3862521648406982,
                    "as": 2.5886386004276574,
                    "comp": 18.145283388905227,
                    "dc": 0.04668011702597141
                }
            },
            "std": {
                "reward": 25964,
                "time": 3.022145986557007
            }
        }
    },
    "nb_iterations": 30,
    "pursuit": {
        "it-6": {
            "args": {
                "alpha_seed": 423,
                "beta": 0.1,
                "random_arm_seed": 855,
                "reward_seed": 6,
                "sigma_seed": 963
            },
            "gen-distributed": {
                "reward": 26692,
                "time": 16.754329490941018,
                "time_by_components": {
                    "R0": 1.4744564490392804,
                    "R1": 0.9589129211381078,
                    "R2": 0.9435606990009546,
                    "R3": 0.9392843041568995,
                    "R4": 0.9361784071661532,
                    "R5": 0.9388424456119537,
                    "R6": 0.9383756760507822,
                    "R7": 0.9372830525971949,
                    "R8": 0.935348856728524,
                    "R9": 0.9372584861703217,
                    "as": 4.258313045836985,
                    "comp": 0.87600152567029,
                    "dc": 0
                }
            },
            "gen-secure": {
                "reward": 26692,
                "time": 95.92806378984824,
                "time_by_components": {
                    "R0": 6.045688618440181,
                    "R1": 5.224266019649804,
                    "R2": 5.010353513527662,
                    "R3": 4.978151565417647,
                    "R4": 4.878916727844626,
                    "R5": 4.8646246758289635,
                    "R6": 4.903755389153957,
                    "R7": 4.88417859794572,
                    "R8": 4.874596073757857,
                    "R9": 4.837344160769135,
                    "as": 5.168093795422465,
                    "comp": 37.63324069743976,
                    "dc": 0.033144013956189156
                }
            },
            "std": {
                "reward": 26692,