{
    "N": 100000,
    "arms": [
        0.5312831389183457,
        0.4305408271474019,
        0.3647932131495228,
        0.3404029692470838,
        0.3117709437963945,
        0.2799575821845175,
        0.2788971367974549,
        0.2704135737009544,
        0.24602332979851538,
        0.24602332979851538
    ],
    "boltzmann": {
        "it-1": {
            "args": {
                "alpha_seed": 445,
                "random_arm_seed": 205,
                "reward_seed": 1,
                "sigma_seed": 676,
                "tau": 0.06
            },
            "gen-distributed": {
                "reward": 48949,
                "time": 17.896286379080266,
                "time_by_components": {
                    "R0": 1.6407480514608324,
                    "R1": 1.0971142943017185,
                    "R2": 0.9945967909879982,
                    "R3": 0.9431277676485479,
                    "R4": 0.9388336078263819,
                    "R5": 0.9440167848952115,
                    "R6": 0.9412585613317788,
                    "R7": 0.940241982229054,
                    "R8": 0.9383875941857696,
                    "R9": 0.9348460934124887,
                    "as": 4.279644505120814,
                    "comp": 1.5367803485132754,
                    "dc": 0
                }
            },
            "gen-secure": {
                "reward": 48949,
                "time": 98.37952416669577,
                "time_by_components": {
                    "R0": 6.263542534317821,
                    "R1": 5.39493518229574,
                    "R2": 5.146402549464256,
                    "R3": 5.07995613431558,
                    "R4": 4.976884386036545,
                    "R5": 4.960598490200937,
                    "R6": 4.9403045563958585,
                    "R7": 4.9230843666009605,
                    "R8": 4.917165462393314,
                    "R9": 4.910182212945074,
                    "as": 5.1540074702352285,
                    "comp": 38.96410130849108,
                    "dc": 0.0332644279114902
                }
            },
            "std": {
                "reward": 48949,
                "time": 6.538071632385254
            }
        }
    },
    "e-greedy": {
        "it-1": {
            "args": {
                "alpha_seed": 347,
                "epsilon": 0.1,
                "epsilon_seed": 961,
                "random_arm_seed": 116,
                "reward_seed": 1,
                "sigma_seed": 284
            },
            "gen-distributed": {
                "reward": 51185,
                "time": 16.27375412499532,
                "time_by_components": {
                    "R0": 1.6786539228633046,
                    "R1": 0.8443677835166454,
                    "R2": 0.8345404635183513,
                    "R3": 0.83302514674142,
                    "R4": 0.8338845553807914,
                    "R5": 0.8305423520505428,
                    "R6": 0.8311032573692501,
                    "R7": 0.8308597803115845,
                    "R8": 0.8307539485394955,
                    "R9": 0.8313928302377462,
                    "as": 4.208019885234535,
                    "comp": 0.3973442828282714,
                    "dc": 0
                }
            },
            "gen-secure": {
                "reward": 51185,
                "time": 89.69897438772023,
                "time_by_components": {
                    "R0": 5.83681291108951,
                    "R1": 4.7273134351707995,
                    "R2": 4.599766015075147,
                    "R3": 4.560966133605689,
                    "R4": 4.5018761907704175,
                    "R5": 4.475050930865109,
                    "R6": 4.460012681782246,
                    "R7": 4.455719798337668,
                    "R8": 4.448497126810253,
                    "R9": 4.444709117058665,
                    "as": 4.880656381137669,
                    "comp": 34.89039241056889,
                    "dc": 0.029528888873755932
                }
            },
            "std": {
                "reward": 51185,
                "time": 5.939969539642334
            }
        }
    },
    "e-greedy-decreasing": {
        "it-1": {
            "args": {
                "alpha_seed": 609,
                "epsilon_seed": 310,
                "random_arm_seed": 155,
                "reward_seed": 1,
                "sigma_seed": 840
            },
            "gen-distributed": {
                "reward": 51800,
                "time": 16.76473559020087,
                "time_by_components": {
                    "R0": 1.7391794514842331,
                    "R1": 0.8672739234752953,
                    "R2": 0.8630958185531199,
                    "R3": 0.8586316169239581,
                    "R4": 0.8578311111778021,
                    "R5": 0.8596178339794278,
                    "R6": 0.8590249782428145,
                    "R7": 0.8577156760729849,
                    "R8": 0.8569773132912815,
                    "R9": 0.8580817873589694,
                    "as": 4.304466570727527,
                    "comp": 0.37947329971939325,
                    "dc": 0
                }
            },
            "gen-secure": {
                "reward": 51800,
                "time": 91.87683680700138,
                "time_by_components": {
                    "R0": 6.044419975951314,
                    "R1": 4.885266582015902,
                    "R2": 4.734342654235661,
                    "R3": 4.686427744105458,
                    "R4": 4.631853593047708,
                    "R5": 4.605273447930813,
                    "R6": 4.580446783918887,
                    "R7": 4.573118878994137,
                    "R8": 4.565760406665504,
                    "R9": 4.563651610631496,
                    "as": 5.0137371532619,
                    "comp": 35.53819662379101,
                    "dc": 0.033215607050806284
                }
            },
            "std": {
                "reward": 51800,
                "time": 6.134339809417725
            }
        }
    },
    "nb_iterations": 30,
    "pursuit": {
        "it-1": {
            "args": {
                "alpha_seed": 445,
                "beta": 0.1,
                "random_arm_seed": 205,
                "reward_seed": 1,
                "sigma_seed": 496
            },
            "gen-distributed": {
                "reward": 53250,
                "time": 33.71075406996533,
                "time_by_components": {
                    "R0": 2.9445664044469595,
                    "R1": 1.9131078384816647,
                    "R2": 1.888316793832928,
                    "R3": 1.8789232457056642,
                    "R4": 1.8736523925326765,
                    "R5": 1.884877539705485,
                    "R6": 1.882500625681132,
                    "R7": 1.8775428561493754,
                    "R8": 1.8741770628839731,
                    "R9": 1.8712376640178263,
                    "as": 8.620964226778597,
                    "comp": 1.7683068965561688,
                    "dc": 0
                }
            },
            "gen-secure": {
                "reward": 53250,
                "time": 190.25222253520042,
                "time_by_components": {
                    "R0": 11.914941960014403,
                    "R1": 10.326424557715654,
                    "R2": 9.933696419931948,
                    "R3": 9.736723465844989,
                    "R4": 9.597498999908566,
                    "R5": 9.677611037623137,
                    "R6": 9.677782387007028,
                    "R7": 9.524343167897314,
                    "R8": 9.601155003532767,
                    "R9": 9.503648859448731,
                    "as": 10.286151582375169,
                    "comp": 75.27534711221233,
                    "dc": 0.03115176223218441
                }
            },
            "std": {
                "reward": 53250,