{
    "N": 60000,
    "arms": [
        0.5312831389183457,
        0.4305408271474019,
        0.3647932131495228,
        0.3404029692470838,
        0.3117709437963945,
        0.2799575821845175,
        0.2788971367974549,
        0.2704135737009544,
        0.24602332979851538,
        0.24602332979851538
    ],
    "boltzmann": {
        "it-38": {
            "args": {
                "alpha_seed": 52,
                "random_arm_seed": 969,
                "reward_seed": 38,
                "sigma_seed": 786,
                "tau": 0.06
            },
            "gen-distributed": {
                "reward": 30163,
                "time": 10.890236324165016,
                "time_by_components": {
                    "R0": 1.0347996288910508,
                    "R1": 0.6488572955131531,
                    "R2": 0.5857977727428079,
                    "R3": 0.576686454936862,
                    "R4": 0.5684871794655919,
                    "R5": 0.5685449899174273,
                    "R6": 0.5750135355629027,
                    "R7": 0.5666847242973745,
                    "R8": 0.5662130820564926,
                    "R9": 0.5684457002207637,
                    "as": 2.5970681556500494,
                    "comp": 0.940149943344295,
                    "dc": 0
                }
            },
            "gen-secure": {
                "reward": 30163,
                "time": 59.240121374838054,
                "time_by_components": {
                    "R0": 3.8444493184797466,
                    "R1": 3.2577701271511614,
                    "R2": 3.097487974911928,
                    "R3": 3.079157004598528,
                    "R4": 3.007169204298407,
                    "R5": 2.999469031114131,
                    "R6": 2.9931255211122334,
                    "R7": 2.979368794709444,
                    "R8": 2.976137722376734,
                    "R9": 2.9742412441410124,
                    "as": 3.1156493914313614,
                    "comp": 23.31412303633988,
                    "dc": 0.033186082262545824
                }
            },
            "std": {
                "reward": 30163,
                "time": 3.95590877532959
            }
        }
    },
    "e-greedy": {
        "it-38": {
            "args": {
                "alpha_seed": 220,
                "epsilon": 0.1,
                "epsilon_seed": 236,
                "random_arm_seed": 117,
                "reward_seed": 38,
                "sigma_seed": 610
            },
            "gen-distributed": {
                "reward": 30777,
                "time": 9.883102023974061,
                "time_by_components": {
                    "R0": 1.014015980064869,
                    "R1": 0.5082931132055819,
                    "R2": 0.5033439081162214,
                    "R3": 0.5028746305033565,
                    "R4": 0.5016803699545562,
                    "R5": 0.503922114148736,
                    "R6": 0.5034477291628718,
                    "R7": 0.5025206417776644,
                    "R8": 0.5023065218701959,
                    "R9": 0.5025547626428306,
                    "as": 2.566654886584729,
                    "comp": 0.24697566824033856,
                    "dc": 0
                }
            },
            "gen-secure": {
                "reward": 30777,
                "time": 54.57890100032091,
                "time_by_components": {
                    "R0": 3.569379868451506,
                    "R1": 2.901761095970869,
                    "R2": 2.8183659678325057,
                    "R3": 2.785458318889141,
                    "R4": 2.7533613918349147,
                    "R5": 2.7620974839664996,
                    "R6": 2.7457868978381157,
                    "R7": 2.738561235368252,
                    "R8": 2.7328916979022324,
                    "R9": 2.741015251725912,
                    "as": 2.9627769622020423,
                    "comp": 21.05559127870947,
                    "dc": 0.033120485953986645
                }
            },
            "std": {
                "reward": 30777,
                "time": 3.6024436950683594
            }
        }
    },
    "e-greedy-decreasing": {
        "it-38": {
            "args": {
                "alpha_seed": 752,
                "epsilon_seed": 52,
                "random_arm_seed": 969,
                "reward_seed": 38,
                "sigma_seed": 311
            },
            "gen-distributed": {
                "reward": 31137,
                "time": 9.972848595120013,
                "time_by_components": {
                    "R0": 1.0366714280098677,
                    "R1": 0.5195365608669817,
                    "R2": 0.5116603639908135,
                    "R3": 0.5116900922730565,
                    "R4": 0.5118440240621567,
                    "R5": 0.512872236315161,
                    "R6": 0.5128711359575391,
                    "R7": 0.5116464840248227,
                    "R8": 0.5118045601993799,
                    "R9": 0.5131184197962284,
                    "as": 2.5405247076414526,
                    "comp": 0.2291526780463755,
                    "dc": 0
                }
            },
            "gen-secure": {
                "reward": 31137,
                "time": 55.8131102421321,
                "time_by_components": {
                    "R0": 3.6864030272699893,
                    "R1": 2.976270070299506,
                    "R2": 2.88956217514351,
                    "R3": 2.8576260693371296,
                    "R4": 2.832134561147541,
                    "R5": 2.8310035592876375,
                    "R6": 2.8104708651080728,
                    "R7": 2.800930351484567,
                    "R8": 2.7996288794092834,
                    "R9": 2.8044775133021176,
                    "as": 3.0044552609324455,
                    "comp": 21.429275521542877,
                    "dc": 0.03324091201648116
                }
            },
            "std": {
                "reward": 31137,
                "time": 3.6066551208496094
            }
        }
    },
    "nb_iterations": 50,
    "pursuit": {
        "it-38": {
            "args": {
                "alpha_seed": 52,
                "beta": 0.1,
                "random_arm_seed": 969,
                "reward_seed": 38,
                "sigma_seed": 311
            },
            "gen-distributed": {
                "reward": 32008,
                "time": 20.20887041417882,
                "time_by_components": {
                    "R0": 1.7545963628217578,
                    "R1": 1.145634795539081,
                    "R2": 1.1278058513998985,
                    "R3": 1.1262919828295708,
                    "R4": 1.1225319341756403,
                    "R5": 1.1264195111580193,
                    "R6": 1.123143375851214,
                    "R7": 1.121148340869695,
                    "R8": 1.120385780930519,
                    "R9": 1.1222783322446048,
                    "as": 5.154644936788827,
                    "comp": 1.070285762194544,
                    "dc": 0
                }
            },
            "gen-secure": {
                "reward": 32008,
                "time": 114.81005342723802,
                "time_by_components": {
                    "R0": 7.172846567351371,
                    "R1": 6.264532054774463,
                    "R2": 6.067066217307001,
                    "R3": 5.931959532666951,
                    "R4": 5.893373353872448,
                    "R5": 5.831348498351872,
                    "R6": 5.868406389374286,
                    "R7": 5.807025677524507,
                    "R8": 5.789927453733981,
                    "R9": 5.78409087844193,
                    "as": 6.1582426792010665,
                    "comp": 45.18610762944445,
                    "dc": 0.033471439965069294
                }
            },
            "std": {
                "reward": 32008,