{
    "N": 70000,
    "arms": [
        0.5312831389183457,
        0.4305408271474019,
        0.3647932131495228,
        0.3404029692470838,
        0.3117709437963945,
        0.2799575821845175,
        0.2788971367974549,
        0.2704135737009544,
        0.24602332979851538,
        0.24602332979851538
    ],
    "boltzmann": {
        "it-37": {
            "args": {
                "alpha_seed": 248,
                "random_arm_seed": 795,
                "reward_seed": 37,
                "sigma_seed": 53,
                "tau": 0.06
            },
            "gen-distributed": {
                "reward": 33914,
                "time": 12.656535787973553,
                "time_by_components": {
                    "R0": 1.12497679842636,
                    "R1": 0.8010851969011128,
                    "R2": 0.690045933239162,
                    "R3": 0.6719106328673661,
                    "R4": 0.6706941486336291,
                    "R5": 0.6717826048843563,
                    "R6": 0.6713197687640786,
                    "R7": 0.6705081108957529,
                    "R8": 0.664890265557915,
                    "R9": 0.6595196230337024,
                    "as": 3.0049175899475813,
                    "comp": 1.07959672389552,
                    "dc": 0
                }
            },
            "gen-secure": {
                "reward": 33914,
                "time": 68.554169354029,
                "time_by_components": {
                    "R0": 4.373784884344786,
                    "R1": 3.8138070721179247,
                    "R2": 3.5984387807548046,
                    "R3": 3.532820293214172,
                    "R4": 3.48526817234233,
                    "R5": 3.475217796396464,
                    "R6": 3.459895388688892,
                    "R7": 3.4554280289448798,
                    "R8": 3.445707594510168,
                    "R9": 3.464811368379742,
                    "as": 3.6265864013694227,
                    "comp": 26.968555277679116,
                    "dc": 0.03334537008777261
                }
            },
            "std": {
                "reward": 33914,
                "time": 4.592714548110962
            }
        }
    },
    "e-greedy": {
        "it-37": {
            "args": {
                "alpha_seed": 321,
                "epsilon": 0.1,
                "epsilon_seed": 346,
                "random_arm_seed": 146,
                "reward_seed": 37,
                "sigma_seed": 145
            },
            "gen-distributed": {
                "reward": 35806,
                "time": 11.497887565754354,
                "time_by_components": {
                    "R0": 1.168391133658588,
                    "R1": 0.5977507391944528,
                    "R2": 0.5866377362981439,
                    "R3": 0.585955424234271,
                    "R4": 0.5858959942124784,
                    "R5": 0.5837909188121557,
                    "R6": 0.5842875335365534,
                    "R7": 0.584480763413012,
                    "R8": 0.5847990061156452,
                    "R9": 0.584727318957448,
                    "as": 2.970974205993116,
                    "comp": 0.28495978144928813,
                    "dc": 0
                }
            },
            "gen-secure": {
                "reward": 35806,
                "time": 63.8892363817431,
                "time_by_components": {
                    "R0": 4.195696947630495,
                    "R1": 3.393114224076271,
                    "R2": 3.2887765374034643,
                    "R3": 3.253196867648512,
                    "R4": 3.208298394922167,
                    "R5": 3.206920853815973,
                    "R6": 3.1930650221183896,
                    "R7": 3.2061594356782734,
                    "R8": 3.192510460037738,
                    "R9": 3.1875324356369674,
                    "as": 3.5218017236329615,
                    "comp": 24.686135784257203,
                    "dc": 0.03312195697799325
                }
            },
            "std": {
                "reward": 35806,
                "time": 4.221024036407471
            }
        }
    },
    "e-greedy-decreasing": {
        "it-37": {
            "args": {
                "alpha_seed": 327,
                "epsilon_seed": 248,
                "random_arm_seed": 795,
                "reward_seed": 37,
                "sigma_seed": 24
            },
            "gen-distributed": {
                "reward": 34791,
                "time": 11.614437782671303,
                "time_by_components": {
                    "R0": 1.0698399599641562,
                    "R1": 0.7452587061561644,
                    "R2": 0.6008085426874459,
                    "R3": 0.5987112992443144,
                    "R4": 0.5975403748452663,
                    "R5": 0.5977339586243033,
                    "R6": 0.5976487449370325,
                    "R7": 0.5961017641238868,
                    "R8": 0.5961377979256213,
                    "R9": 0.5971465315669775,
                    "as": 2.950765857473016,
                    "comp": 0.2628614818677306,
                    "dc": 0
                }
            },
            "gen-secure": {
                "reward": 34791,
                "time": 64.68706159014255,
                "time_by_components": {
                    "R0": 4.112820654641837,
                    "R1": 3.5949041871353984,
                    "R2": 3.347908948548138,
                    "R3": 3.3162067849189043,
                    "R4": 3.2659916956909,
                    "R5": 3.2511630970984697,
                    "R6": 3.2399390474893153,
                    "R7": 3.2340435767546296,
                    "R8": 3.2328739669173956,
                    "R9": 3.240989093668759,
                    "as": 3.4897674885578454,
                    "comp": 24.94136790325865,
                    "dc": 0.03324312111362815
                }
            },
            "std": {
                "reward": 34791,
                "time": 4.202413558959961
            }
        }
    },
    "nb_iterations": 50,
    "pursuit": {
        "it-37": {
            "args": {
                "alpha_seed": 248,
                "beta": 0.1,
                "random_arm_seed": 795,
                "reward_seed": 37,
                "sigma_seed": 24
            },
            "gen-distributed": {
                "reward": 30196,
                "time": 23.716336362063885,
                "time_by_components": {
                    "R0": 1.418532567564398,
                    "R1": 1.9822400291450322,
                    "R2": 1.3306341422721744,
                    "R3": 1.3200659705325961,
                    "R4": 1.317871242761612,
                    "R5": 1.3195267356932163,
                    "R6": 1.319410257972777,
                    "R7": 1.3184714000672102,
                    "R8": 1.3181109842844307,
                    "R9": 1.3194241062738001,
                    "as": 6.050644054077566,
                    "comp": 1.2423757705837488,
                    "dc": 0
                }
            },
            "gen-secure": {
                "reward": 30196,
                "time": 132.5287434598431,
                "time_by_components": {
                    "R0": 7.680649542249739,
                    "R1": 7.834146122448146,
                    "R2": 6.9575971039012074,
                    "R3": 6.880599185824394,
                    "R4": 6.73798224888742,
                    "R5": 6.7782963793724775,
                    "R6": 6.741517563350499,
                    "R7": 6.6811067829839885,
                    "R8": 6.68523876182735,
                    "R9": 6.756094146054238,
                    "as": 7.2030599899590015,
                    "comp": 52.07034264924005,
                    "dc": 0.03319650702178478
                }
            },
            "std": {
                "reward": 30196,