{
    "N": 90000,
    "arms": [
        0.5312831389183457,
        0.4305408271474019,
        0.3647932131495228,
        0.3404029692470838,
        0.3117709437963945,
        0.2799575821845175,
        0.2788971367974549,
        0.2704135737009544,
        0.24602332979851538,
        0.24602332979851538
    ],
    "boltzmann": {
        "it-34": {
            "args": {
                "alpha_seed": 89,
                "random_arm_seed": 106,
                "reward_seed": 34,
                "sigma_seed": 658,
                "tau": 0.06
            },
            "gen-distributed": {
                "reward": 44789,
                "time": 16.389093740843236,
                "time_by_components": {
                    "R0": 1.532325237058103,
                    "R1": 0.9934090268798172,
                    "R2": 0.8724557524546981,
                    "R3": 0.8579834359697998,
                    "R4": 0.8616324150934815,
                    "R5": 0.8598451116122305,
                    "R6": 0.8513006502762437,
                    "R7": 0.8518677577376366,
                    "R8": 0.8507014974020422,
                    "R9": 0.8546915333718061,
                    "as": 3.931563923601061,
                    "comp": 1.4121331060305238,
                    "dc": 0
                }
            },
            "gen-secure": {
                "reward": 44789,
                "time": 88.05349923297763,
                "time_by_components": {
                    "R0": 5.662685083691031,
                    "R1": 4.833765846211463,
                    "R2": 4.576822892297059,
                    "R3": 4.515510462690145,
                    "R4": 4.449117271229625,
                    "R5": 4.460168907884508,
                    "R6": 4.462955219205469,
                    "R7": 4.422063028439879,
                    "R8": 4.444993131794035,
                    "R9": 4.404446114785969,
                    "as": 4.667297813575715,
                    "comp": 34.79498574184254,
                    "dc": 0.03312347596511245
                }
            },
            "std": {
                "reward": 44789,
                "time": 6.051196336746216
            }
        }
    },
    "e-greedy": {
        "it-34": {
            "args": {
                "alpha_seed": 985,
                "epsilon": 0.1,
                "epsilon_seed": 820,
                "random_arm_seed": 118,
                "reward_seed": 34,
                "sigma_seed": 908
            },
            "gen-distributed": {
                "reward": 45867,
                "time": 14.56561587471515,
                "time_by_components": {
                    "R0": 1.482206237502396,
                    "R1": 0.7672864710912108,
                    "R2": 0.7488150238059461,
                    "R3": 0.7400667830370367,
                    "R4": 0.7385439202189445,
                    "R5": 0.7411970305256546,
                    "R6": 0.7409596699289978,
                    "R7": 0.7391723841428757,
                    "R8": 0.739351982716471,
                    "R9": 0.7402795585803688,
                    "as": 3.762790654785931,
                    "comp": 0.3615720449015498,
                    "dc": 0
                }
            },
            "gen-secure": {
                "reward": 45867,
                "time": 82.42984959576279,
                "time_by_components": {
                    "R0": 5.387306963093579,
                    "R1": 4.374054369982332,
                    "R2": 4.229060193058103,
                    "R3": 4.185323364567012,
                    "R4": 4.124816230032593,
                    "R5": 4.123260071501136,
                    "R6": 4.115548151545227,
                    "R7": 4.097390878479928,
                    "R8": 4.089327010791749,
                    "R9": 4.085438515525311,
                    "as": 4.518297696020454,
                    "comp": 32.04694748483598,
                    "dc": 0.033098324202001095
                }
            },
            "std": {
                "reward": 45867,
                "time": 5.062335968017578
            }
        }
    },
    "e-greedy-decreasing": {
        "it-34": {
            "args": {
                "alpha_seed": 328,
                "epsilon_seed": 89,
                "random_arm_seed": 106,
                "reward_seed": 34,
                "sigma_seed": 19
            },
            "gen-distributed": {
                "reward": 46658,
                "time": 14.465830911882222,
                "time_by_components": {
                    "R0": 1.5055671725422144,
                    "R1": 0.7511103935539722,
                    "R2": 0.7421566224656999,
                    "R3": 0.7405439303256571,
                    "R4": 0.7406619139946997,
                    "R5": 0.742307567037642,
                    "R6": 0.739672171883285,
                    "R7": 0.7410579212009907,
                    "R8": 0.7390131559222937,
                    "R9": 0.7403141944669187,
                    "as": 3.6946693654172122,
                    "comp": 0.3292260356247425,
                    "dc": 0
                }
            },
            "gen-secure": {
                "reward": 46658,
                "time": 82.59649774711579,
                "time_by_components": {
                    "R0": 5.427801437675953,
                    "R1": 4.382257342338562,
                    "R2": 4.248562837485224,
                    "R3": 4.197698671370745,
                    "R4": 4.151644840836525,
                    "R5": 4.1296134064905345,
                    "R6": 4.125200466718525,
                    "R7": 4.111460633110255,
                    "R8": 4.105294576846063,
                    "R9": 4.108939042314887,
                    "as": 4.46213300107047,
                    "comp": 32.04254095489159,
                    "dc": 0.0313524161465466
                }
            },
            "std": {
                "reward": 46658,
                "time": 5.276521921157837
            }
        }
    },
    "nb_iterations": 50,
    "pursuit": {
        "it-34": {
            "args": {
                "alpha_seed": 89,
                "beta": 0.1,
                "random_arm_seed": 106,
                "reward_seed": 34,
                "sigma_seed": 19
            },
            "gen-distributed": {
                "reward": 25073,
                "time": 28.817724015098065,
                "time_by_components": {
                    "R0": 1.7246986869722605,
                    "R1": 1.6223759492859244,
                    "R2": 1.6091061625629663,
                    "R3": 1.6032090559601784,
                    "R4": 1.598338050302118,
                    "R5": 1.6042707809247077,
                    "R6": 2.3892603241838515,
                    "R7": 1.6084572286345065,
                    "R8": 1.5982074555940926,
                    "R9": 1.599305178038776,
                    "as": 7.36517793033272,
                    "comp": 1.5122382170520723,
                    "dc": 0
                }
            },
            "gen-secure": {
                "reward": 25073,
                "time": 170.9579670210369,
                "time_by_components": {
                    "R0": 9.85350519604981,
                    "R1": 9.169571776408702,
                    "R2": 8.888864779379219,
                    "R3": 8.761197072453797,
                    "R4": 8.746951198205352,
                    "R5": 8.724798049312085,
                    "R6": 9.613546766340733,
                    "R7": 8.666124830022454,
                    "R8": 8.671080129221082,
                    "R9": 8.58551748143509,
                    "as": 9.190466756001115,
                    "comp": 67.54507146310061,
                    "dc": 0.03317508799955249
                }
            },
            "std": {
                "reward": 25073,
                "time": 9.078445434570312
            }
        }
    },