{
    "N": 100000,
    "arms": [
        0.5312831389183457,
        0.4305408271474019,
        0.3647932131495228,
        0.3404029692470838,
        0.3117709437963945,
        0.2799575821845175,
        0.2788971367974549,
        0.2704135737009544,
        0.24602332979851538,
        0.24602332979851538,
        0.23966065747614,
        0.23860021208907742,
        0.23223753976670203,
        0.22375397667020147,
        0.21208907741251326,
        0.19936373276776245,
        0.17709437963944857,
        0.17709437963944857,
        0.17179215270413573,
        0.16861081654294804
    ],
    "boltzmann": {
        "it-48": {
            "args": {
                "alpha_seed": 49,
                "random_arm_seed": 644,
                "reward_seed": 48,
                "sigma_seed": 777,
                "tau": 0.06
            },
            "gen-distributed": {
                "reward": 49351,
                "time": 30.089390762150288,
                "time_by_components": {
                    "R0": 1.7436884143389761,
                    "R1": 1.0552420746535063,
                    "R10": 0.9488768796436489,
                    "R11": 0.9432381340302527,
                    "R12": 0.9462048588320613,
                    "R13": 0.9412834062241018,
                    "R14": 0.9474387033842504,
                    "R15": 0.9478577105328441,
                    "R16": 0.9465317842550576,
                    "R17": 0.9469592748209834,
                    "R18": 0.9502254412509501,
                    "R19": 0.946387910284102,
                    "R2": 0.9858447094447911,
                    "R3": 0.9719823468476534,
                    "R4": 0.9459523102268577,
                    "R5": 0.9556199698708951,
                    "R6": 0.9545268602669239,
                    "R7": 0.9546976303681731,
                    "R8": 0.9517855169251561,
                    "R9": 0.9516924433410168,
                    "as": 5.280024126637727,
                    "comp": 1.7022815784439445,
                    "dc": 0
                }
            },
            "gen-secure": {
                "reward": 49351,
                "time": 184.38907369831577,
                "time_by_components": {
                    "R0": 6.468471251428127,
                    "R1": 5.333262733183801,
                    "R10": 4.852532850112766,
                    "R11": 4.8451417670585215,
                    "R12": 4.836453133262694,
                    "R13": 4.836219587363303,
                    "R14": 4.837006306741387,
                    "R15": 4.838379815220833,
                    "R16": 4.831255972851068,
                    "R17": 4.8304392150603235,
                    "R18": 4.8205565246753395,
                    "R19": 4.818158772308379,
                    "R2": 5.096501833293587,
                    "R3": 5.010978602338582,
                    "R4": 4.9608359220437706,
                    "R5": 4.9378083208575845,
                    "R6": 4.884713753126562,
                    "R7": 4.871246159076691,
                    "R8": 4.859440864995122,
                    "R9": 4.861147531308234,
                    "as": 6.300655796658248,
                    "comp": 73.88568571163341,
                    "dc": 0.03339172014966607
                }
            },
            "std": {
                "reward": 49351,
                "time": 7.954694032669067
            }
        }
    },
    "e-greedy": {
        "it-48": {
            "args": {
                "alpha_seed": 512,
                "epsilon": 0.1,
                "epsilon_seed": 449,
                "random_arm_seed": 920,
                "reward_seed": 48,
                "sigma_seed": 512
            },
            "gen-distributed": {
                "reward": 50607,
                "time": 26.743440539110452,
                "time_by_components": {
                    "R0": 1.6856776955537498,
                    "R1": 0.8505088370293379,
                    "R10": 0.8284945441409945,
                    "R11": 0.8284270386211574,
                    "R12": 0.8263206365518272,
                    "R13": 0.8292914340272546,
                    "R14": 0.8287168778479099,
                    "R15": 0.8309188149869442,
                    "R16": 0.8323250021785498,
                    "R17": 0.8272632816806436,
                    "R18": 0.8269399264827371,
                    "R19": 0.8274899297393858,
                    "R2": 0.8321902672760189,
                    "R3": 0.8307573501951993,
                    "R4": 0.828964551910758,
                    "R5": 0.8283651727251709,
                    "R6": 0.8276669289916754,
                    "R7": 0.8275802535936236,
                    "R8": 0.825757042504847,
                    "R9": 0.8288233890198171,
                    "as": 5.081372128333896,
                    "comp": 0.49253532849252224,
                    "dc": 0
                }
            },
            "gen-secure": {
                "reward": 50607,
                "time": 171.9805579497479,
                "time_by_components": {
                    "R0": 6.113421481568366,
                    "R1": 4.846205111127347,
                    "R10": 4.48923295782879,
                    "R11": 4.487115778028965,
                    "R12": 4.5177582167088985,
                    "R13": 4.478658380918205,
                    "R14": 4.477906528394669,
                    "R15": 4.473887693602592,
                    "R16": 4.476994031108916,
                    "R17": 4.471496938727796,
                    "R18": 4.473291472066194,
                    "R19": 4.488541525788605,
                    "R2": 4.665271537844092,
                    "R3": 4.600338500924408,
                    "R4": 4.539799745194614,
                    "R5": 4.523802845738828,
                    "R6": 4.518222744110972,
                    "R7": 4.500805500894785,
                    "R8": 4.492492063436657,
                    "R9": 4.505620293784887,
                    "as": 6.151081911753863,
                    "comp": 68.46489935042337,
                    "dc": 0.033433387987315655
                }
            },
            "std": {
                "reward": 50607,
                "time": 7.081808567047119
            }
        }
    },
    "e-greedy-decreasing": {
        "it-48": {
            "args": {
                "alpha_seed": 481,
                "epsilon_seed": 49,
                "random_arm_seed": 644,
                "reward_seed": 48,
                "sigma_seed": 816
            },
            "gen-distributed": {
                "reward": 51526,
                "time": 27.67908289236948,
                "time_by_components": {
                    "R0": 1.7633997276425362,
                    "R1": 0.8875180999748409,
                    "R10": 0.8618657067418098,
                    "R11": 0.8620517491362989,
                    "R12": 0.8591954936273396,
                    "R13": 0.8582137543708086,
                    "R14": 0.8581870798952878,
                    "R15": 0.8588894875720143,
                    "R16": 0.8583144452422857,
                    "R17": 0.8591861366294324,
                    "R18": 0.8592660133726895,
                    "R19": 0.8577674482949078,
                    "R2": 0.866330589633435,
                    "R3": 0.8643642612732947,
                    "R4": 0.8639637012965977,
                    "R5": 0.8617706438526511,
                    "R6": 0.8620682801119983,
                    "R7": 0.8639097018167377,
                    "R8": 0.862061953637749,
                    "R9": 0.8618120942264795,
                    "as": 5.196344831958413,
                    "comp": 0.47769652074202895,
                    "dc": 0
                }
            },
            "gen-secure": {
                "reward": 51526,
                "time": 175.67177632031962,