{
    "N": 60000,
    "arms": [
        0.5312831389183457,
        0.4305408271474019,
        0.3647932131495228,
        0.3404029692470838,
        0.3117709437963945,
        0.2799575821845175,
        0.2788971367974549,
        0.2704135737009544,
        0.24602332979851538,
        0.24602332979851538
    ],
    "boltzmann": {
        "it-31": {
            "args": {
                "alpha_seed": 361,
                "random_arm_seed": 705,
                "reward_seed": 31,
                "sigma_seed": 617,
                "tau": 0.06
            },
            "gen-distributed": {
                "reward": 30444,
                "time": 10.937315043061972,
                "time_by_components": {
                    "R0": 1.0698862178251147,
                    "R1": 0.6096284086816013,
                    "R2": 0.592192655429244,
                    "R3": 0.5747097516432405,
                    "R4": 0.5725987129844725,
                    "R5": 0.5681962319649756,
                    "R6": 0.5702369562350214,
                    "R7": 0.5755886249244213,
                    "R8": 0.5672531295567751,
                    "R9": 0.5649670702405274,
                    "as": 2.621232708916068,
                    "comp": 0.954230573028326,
                    "dc": 0
                }
            },
            "gen-secure": {
                "reward": 30444,
                "time": 59.13689876906574,
                "time_by_components": {
                    "R0": 3.8698723721317947,
                    "R1": 3.2060630479827523,
                    "R2": 3.1003521708771586,
                    "R3": 3.0418070550076663,
                    "R4": 3.0224205441772938,
                    "R5": 3.0080368388444185,
                    "R6": 2.9756093244068325,
                    "R7": 2.9762487839907408,
                    "R8": 2.9597367271780968,
                    "R9": 2.9570140629075468,
                    "as": 3.120068708434701,
                    "comp": 23.293757441919297,
                    "dc": 0.030467133969068527
                }
            },
            "std": {
                "reward": 30444,
                "time": 3.91418719291687
            }
        }
    },
    "e-greedy": {
        "it-31": {
            "args": {
                "alpha_seed": 259,
                "epsilon": 0.1,
                "epsilon_seed": 72,
                "random_arm_seed": 430,
                "reward_seed": 31,
                "sigma_seed": 85
            },
            "gen-distributed": {
                "reward": 30806,
                "time": 9.742390705272555,
                "time_by_components": {
                    "R0": 1.0030189352110028,
                    "R1": 0.5022027040831745,
                    "R2": 0.49717924324795604,
                    "R3": 0.4958977708593011,
                    "R4": 0.4949829177930951,
                    "R5": 0.49504930386319757,
                    "R6": 0.5040714386850595,
                    "R7": 0.4950263616628945,
                    "R8": 0.49820250598713756,
                    "R9": 0.496327914763242,
                    "as": 2.516394082456827,
                    "comp": 0.24166532652452588,
                    "dc": 0
                }
            },
            "gen-secure": {
                "reward": 30806,
                "time": 54.46455764211714,
                "time_by_components": {
                    "R0": 3.5587246720679104,
                    "R1": 2.8913245373405516,
                    "R2": 2.8130682087503374,
                    "R3": 2.780602791812271,
                    "R4": 2.748808337841183,
                    "R5": 2.7374268933199346,
                    "R6": 2.729967114981264,
                    "R7": 2.7355072032660246,
                    "R8": 2.723867260850966,
                    "R9": 2.7304527768865228,
                    "as": 2.9666582508943975,
                    "comp": 21.026355267502367,
                    "dc": 0.0312404022552073
                }
            },
            "std": {
                "reward": 30806,
                "time": 3.636146306991577
            }
        }
    },
    "e-greedy-decreasing": {
        "it-31": {
            "args": {
                "alpha_seed": 297,
                "epsilon_seed": 361,
                "random_arm_seed": 705,
                "reward_seed": 31,
                "sigma_seed": 727
            },
            "gen-distributed": {
                "reward": 31135,
                "time": 9.214102358091623,
                "time_by_components": {
                    "R0": 0.9589277869090438,
                    "R1": 0.48061312874779105,
                    "R2": 0.4740964062511921,
                    "R3": 0.47414728393778205,
                    "R4": 0.4731758371926844,
                    "R5": 0.47406576108187437,
                    "R6": 0.4729032348841429,
                    "R7": 0.47255711862817407,
                    "R8": 0.47336749965325,
                    "R9": 0.4725769888609648,
                    "as": 2.3472768855281174,
                    "comp": 0.2124297539703548,
                    "dc": 0
                }
            },
            "gen-secure": {
                "reward": 31135,
                "time": 55.535100407898426,
                "time_by_components": {
                    "R0": 3.66184262605384,
                    "R1": 2.9893221841193736,
                    "R2": 2.8683282085694373,
                    "R3": 2.8362406152300537,
                    "R4": 2.8161702612414956,
                    "R5": 2.8005245812237263,
                    "R6": 2.7871870398521423,
                    "R7": 2.7779534445144236,
                    "R8": 2.779761071782559,
                    "R9": 2.772223390173167,
                    "as": 3.005473672877997,
                    "comp": 21.35721066966653,
                    "dc": 0.033088908065110445
                }
            },
            "std": {
                "reward": 31135,
                "time": 3.4263663291931152
            }
        }
    },
    "nb_iterations": 50,
    "pursuit": {
        "it-31": {
            "args": {
                "alpha_seed": 361,
                "beta": 0.1,
                "random_arm_seed": 705,
                "reward_seed": 31,
                "sigma_seed": 727
            },
            "gen-distributed": {
                "reward": 32006,
                "time": 20.041867190040648,
                "time_by_components": {
                    "R0": 1.743894667364657,
                    "R1": 1.1401631175540388,
                    "R2": 1.1215289360843599,
                    "R3": 1.1175320320762694,
                    "R4": 1.115323563106358,
                    "R5": 1.117097815964371,
                    "R6": 1.1153271668590605,
                    "R7": 1.1143940766341984,
                    "R8": 1.112142605241388,
                    "R9": 1.1140284077264369,
                    "as": 5.1117988168261945,
                    "comp": 1.0478482549078763,
                    "dc": 0
                }
            },
            "gen-secure": {
                "reward": 32006,
                "time": 114.09248030092567,
                "time_by_components": {
                    "R0": 7.135020169429481,
                    "R1": 6.226744370535016,
                    "R2": 5.983820240013301,
                    "R3": 5.884262924082577,
                    "R4": 5.836629932746291,
                    "R5": 5.87832181667909,
                    "R6": 5.836500093806535,
                    "R7": 5.823316613212228,
                    "R8": 5.759080764837563,
                    "R9": 5.74786362843588,
                    "as": 6.136251077521592,
                    "comp": 44.80647275643423,
                    "dc": 0.034464816097170115
                }
            },
            "std": {
                "reward": 32006,