{
    "N": 80000,
    "arms": [
        0.5312831389183457,
        0.4305408271474019,
        0.3647932131495228,
        0.3404029692470838,
        0.3117709437963945,
        0.2799575821845175,
        0.2788971367974549,
        0.2704135737009544,
        0.24602332979851538,
        0.24602332979851538
    ],
    "boltzmann": {
        "it-35": {
            "args": {
                "alpha_seed": 630,
                "random_arm_seed": 993,
                "reward_seed": 35,
                "sigma_seed": 257,
                "tau": 0.06
            },
            "gen-distributed": {
                "reward": 40626,
                "time": 14.47575501166284,
                "time_by_components": {
                    "R0": 1.4263005489483476,
                    "R1": 0.8040035306476057,
                    "R2": 0.7693856237456203,
                    "R3": 0.778405325487256,
                    "R4": 0.7594279674813151,
                    "R5": 0.7544542630203068,
                    "R6": 0.7628333061002195,
                    "R7": 0.7563171568326652,
                    "R8": 0.7488349266350269,
                    "R9": 0.7511718971654773,
                    "as": 3.4672666117548943,
                    "comp": 1.2453536936081946,
                    "dc": 0
                }
            },
            "gen-secure": {
                "reward": 40626,
                "time": 76.90163217810914,
                "time_by_components": {
                    "R0": 5.042101619299501,
                    "R1": 4.159206940792501,
                    "R2": 3.9892311645671725,
                    "R3": 3.970116743352264,
                    "R4": 3.8901801998727024,
                    "R5": 3.888378371950239,
                    "R6": 3.8870915584266186,
                    "R7": 3.8745515439659357,
                    "R8": 3.8780193510465324,
                    "R9": 3.855736583471298,
                    "as": 4.074567830655724,
                    "comp": 30.323630104772747,
                    "dc": 0.03080889116972685
                }
            },
            "std": {
                "reward": 40626,
                "time": 5.246858835220337
            }
        }
    },
    "e-greedy": {
        "it-35": {
            "args": {
                "alpha_seed": 319,
                "epsilon": 0.1,
                "epsilon_seed": 774,
                "random_arm_seed": 436,
                "reward_seed": 35,
                "sigma_seed": 378
            },
            "gen-distributed": {
                "reward": 40963,
                "time": 13.123567237984389,
                "time_by_components": {
                    "R0": 1.3421345655806363,
                    "R1": 0.6747405081987381,
                    "R2": 0.6683213445357978,
                    "R3": 0.6765630915760994,
                    "R4": 0.6767587563954294,
                    "R5": 0.6658538286574185,
                    "R6": 0.6677212184295058,
                    "R7": 0.665276188403368,
                    "R8": 0.6663489737547934,
                    "R9": 0.6654889862984419,
                    "as": 3.394266909919679,
                    "comp": 0.3274520970880985,
                    "dc": 0
                }
            },
            "gen-secure": {
                "reward": 40963,
                "time": 71.9952928009443,
                "time_by_components": {
                    "R0": 4.705957649741322,
                    "R1": 3.812279323115945,
                    "R2": 3.6974446661770344,
                    "R3": 3.6549561843276024,
                    "R4": 3.615269639994949,
                    "R5": 3.5954499230720103,
                    "R6": 3.591510414145887,
                    "R7": 3.5824440009891987,
                    "R8": 3.5917124380357563,
                    "R9": 3.5774692837148905,
                    "as": 3.9232061109505594,
                    "comp": 27.996332181151956,
                    "dc": 0.03358839498832822
                }
            },
            "std": {
                "reward": 40963,
                "time": 4.827186822891235
            }
        }
    },
    "e-greedy-decreasing": {
        "it-35": {
            "args": {
                "alpha_seed": 810,
                "epsilon_seed": 630,
                "random_arm_seed": 993,
                "reward_seed": 35,
                "sigma_seed": 783
            },
            "gen-distributed": {
                "reward": 41524,
                "time": 12.392786795273423,
                "time_by_components": {
                    "R0": 1.292627406772226,
                    "R1": 0.6460782317444682,
                    "R2": 0.6409712652675807,
                    "R3": 0.6372390859760344,
                    "R4": 0.6352500896900892,
                    "R5": 0.6369827967137098,
                    "R6": 0.6363707762211561,
                    "R7": 0.6367813972756267,
                    "R8": 0.6361170378513634,
                    "R9": 0.635502677410841,
                    "as": 3.160417304839939,
                    "comp": 0.282237034291029,
                    "dc": 0
                }
            },
            "gen-secure": {
                "reward": 41524,
                "time": 71.82365008909255,
                "time_by_components": {
                    "R0": 4.751402647700161,
                    "R1": 3.819834009744227,
                    "R2": 3.7036038525402546,
                    "R3": 3.6623942088335752,
                    "R4": 3.615021106787026,
                    "R5": 3.601254786364734,
                    "R6": 3.589916911907494,
                    "R7": 3.5848975889384747,
                    "R8": 3.5836368431337178,
                    "R9": 3.5855446406640112,
                    "as": 3.9056778149679303,
                    "comp": 27.728232872206718,
                    "dc": 0.03312101075425744
                }
            },
            "std": {
                "reward": 41524,
                "time": 4.563096046447754
            }
        }
    },
    "nb_iterations": 50,
    "pursuit": {
        "it-35": {
            "args": {
                "alpha_seed": 630,
                "beta": 0.1,
                "random_arm_seed": 993,
                "reward_seed": 35,
                "sigma_seed": 783
            },
            "gen-distributed": {
                "reward": 42610,
                "time": 27.05996035784483,
                "time_by_components": {
                    "R0": 2.3520838995464146,
                    "R1": 1.5360576743260026,
                    "R2": 1.509486555121839,
                    "R3": 1.504180974792689,
                    "R4": 1.5024150069803,
                    "R5": 1.5079694711603224,
                    "R6": 1.5053222980350256,
                    "R7": 1.5035709184594452,
                    "R8": 1.500226216390729,
                    "R9": 1.5024967356584966,
                    "as": 6.890644221100956,
                    "comp": 1.4207685007713735,
                    "dc": 0
                }
            },
            "gen-secure": {
                "reward": 42610,
                "time": 151.18136812467128,
                "time_by_components": {
                    "R0": 9.406933101825416,
                    "R1": 8.21845935890451,
                    "R2": 7.9304502652958035,
                    "R3": 7.834220673888922,
                    "R4": 7.6987277222797275,
                    "R5": 7.659778947941959,
                    "R6": 7.629238335415721,
                    "R7": 7.692110648844391,
                    "R8": 7.614219270646572,
                    "R9": 7.686971309129149,
                    "as": 8.145067269448191,
                    "comp": 59.62971939332783,
                    "dc": 0.03306565387174487
                }
            },
            "std": {
                "reward": 42610,