{
    "N": 60000,
    "arms": [
        0.5312831389183457,
        0.4305408271474019,
        0.3647932131495228,
        0.3404029692470838,
        0.3117709437963945,
        0.2799575821845175,
        0.2788971367974549,
        0.2704135737009544,
        0.24602332979851538,
        0.24602332979851538
    ],
    "boltzmann": {
        "it-35": {
            "args": {
                "alpha_seed": 569,
                "random_arm_seed": 65,
                "reward_seed": 35,
                "sigma_seed": 868,
                "tau": 0.06
            },
            "gen-distributed": {
                "reward": 30271,
                "time": 10.827489939052612,
                "time_by_components": {
                    "R0": 1.0323315765708685,
                    "R1": 0.6470286189578474,
                    "R2": 0.5689771641045809,
                    "R3": 0.5841729156672955,
                    "R4": 0.55958929983899,
                    "R5": 0.5706059378571808,
                    "R6": 0.571275700815022,
                    "R7": 0.5672782738693058,
                    "R8": 0.5595000782050192,
                    "R9": 0.5657042232342064,
                    "as": 2.595492540858686,
                    "comp": 0.9263988924212754,
                    "dc": 0
                }
            },
            "gen-secure": {
                "reward": 30271,
                "time": 59.098310029599816,
                "time_by_components": {
                    "R0": 3.8698108280077577,
                    "R1": 3.2527861553244293,
                    "R2": 3.0820939242839813,
                    "R3": 3.0682375794276595,
                    "R4": 3.0029623676091433,
                    "R5": 2.98587887827307,
                    "R6": 2.9766954206861556,
                    "R7": 2.9814056479372084,
                    "R8": 2.9727518279105425,
                    "R9": 2.9783469564281404,
                    "as": 3.1281102034263313,
                    "comp": 23.19790253555402,
                    "dc": 0.03319158824160695
                }
            },
            "std": {
                "reward": 30271,
                "time": 3.9976418018341064
            }
        }
    },
    "e-greedy": {
        "it-35": {
            "args": {
                "alpha_seed": 690,
                "epsilon": 0.1,
                "epsilon_seed": 755,
                "random_arm_seed": 256,
                "reward_seed": 35,
                "sigma_seed": 236
            },
            "gen-distributed": {
                "reward": 30710,
                "time": 9.324966956861317,
                "time_by_components": {
                    "R0": 0.957204557955265,
                    "R1": 0.47891112929210067,
                    "R2": 0.4737766860052943,
                    "R3": 0.47269494784995914,
                    "R4": 0.47258383547887206,
                    "R5": 0.4750442891381681,
                    "R6": 0.47400792594999075,
                    "R7": 0.47307720175012946,
                    "R8": 0.47161060851067305,
                    "R9": 0.4731558784842491,
                    "as": 2.4189834077842534,
                    "comp": 0.2335360744036734,
                    "dc": 0
                }
            },
            "gen-secure": {
                "reward": 30710,
                "time": 54.86803318466991,
                "time_by_components": {
                    "R0": 3.623508170247078,
                    "R1": 2.9059673002921045,
                    "R2": 2.825209580361843,
                    "R3": 2.7953839409165084,
                    "R4": 2.764276193920523,
                    "R5": 2.763693126384169,
                    "R6": 2.7478803070262074,
                    "R7": 2.753216593991965,
                    "R8": 2.7400954491458833,
                    "R9": 2.7434889459982514,
                    "as": 3.0022355457767844,
                    "comp": 21.146271880716085,
                    "dc": 0.03324775816872716
                }
            },
            "std": {
                "reward": 30710,
                "time": 3.637155055999756
            }
        }
    },
    "e-greedy-decreasing": {
        "it-35": {
            "args": {
                "alpha_seed": 147,
                "epsilon_seed": 569,
                "random_arm_seed": 65,
                "reward_seed": 35,
                "sigma_seed": 934
            },
            "gen-distributed": {
                "reward": 31137,
                "time": 10.055293661076576,
                "time_by_components": {
                    "R0": 1.0444327811710536,
                    "R1": 0.5213299631141126,
                    "R2": 0.5165213891305029,
                    "R3": 0.5166675332002342,
                    "R4": 0.5156550132669508,
                    "R5": 0.5150144887156785,
                    "R6": 0.5145310484804213,
                    "R7": 0.5154747338965535,
                    "R8": 0.5134111139923334,
                    "R9": 0.5160198197700083,
                    "as": 2.5665972004644573,
                    "comp": 0.23197297798469663,
                    "dc": 0
                }
            },
            "gen-secure": {
                "reward": 31137,
                "time": 55.715592111926526,
                "time_by_components": {
                    "R0": 3.6968160499818623,
                    "R1": 2.9722089865244925,
                    "R2": 2.8838839819654822,
                    "R3": 2.8513331129215658,
                    "R4": 2.8133053365163505,
                    "R5": 2.8130642818287015,
                    "R6": 2.8022126932628453,
                    "R7": 2.7936978740617633,
                    "R8": 2.7929327744059265,
                    "R9": 2.7905053328722715,
                    "as": 3.0103431488387287,
                    "comp": 21.401363076642156,
                    "dc": 0.033405732829123735
                }
            },
            "std": {
                "reward": 31137,
                "time": 3.666727066040039
            }
        }
    },
    "nb_iterations": 50,
    "pursuit": {
        "it-35": {
            "args": {
                "alpha_seed": 569,
                "beta": 0.1,
                "random_arm_seed": 65,
                "reward_seed": 35,
                "sigma_seed": 934
            },
            "gen-distributed": {
                "reward": 32010,
                "time": 20.345176537986845,
                "time_by_components": {
                    "R0": 1.7652060072869062,
                    "R1": 1.1512249088846147,
                    "R2": 1.1393030304461718,
                    "R3": 1.1314997705630958,
                    "R4": 1.1274679289199412,
                    "R5": 1.1312818857841194,
                    "R6": 1.1262481254525483,
                    "R7": 1.1276945853605866,
                    "R8": 1.1225488921627402,
                    "R9": 1.1292782444506884,
                    "as": 5.1933766710571945,
                    "comp": 1.0741325160488486,
                    "dc": 0
                }
            },
            "gen-secure": {
                "reward": 32010,
                "time": 115.60292744915932,
                "time_by_components": {
                    "R0": 7.237517681438476,
                    "R1": 6.269698822405189,
                    "R2": 6.094464443158358,
                    "R3": 6.002539321780205,
                    "R4": 5.8833643877878785,
                    "R5": 5.861077537294477,
                    "R6": 5.839862140826881,
                    "R7": 5.885663608554751,
                    "R8": 5.820445921737701,
                    "R9": 5.806176967918873,
                    "as": 6.358596470206976,
                    "comp": 45.45113634504378,
                    "dc": 0.03318381402641535
                }
            },
            "std": {
                "reward": 32010,