{
    "N": 70000,
    "arms": [
        0.5312831389183457,
        0.4305408271474019,
        0.3647932131495228,
        0.3404029692470838,
        0.3117709437963945,
        0.2799575821845175,
        0.2788971367974549,
        0.2704135737009544,
        0.24602332979851538,
        0.24602332979851538
    ],
    "boltzmann": {
        "it-26": {
            "args": {
                "alpha_seed": 192,
                "random_arm_seed": 427,
                "reward_seed": 26,
                "sigma_seed": 844,
                "tau": 0.06
            },
            "gen-distributed": {
                "reward": 34157,
                "time": 12.755737809929997,
                "time_by_components": {
                    "R0": 1.1660571061074734,
                    "R1": 0.7817590194754303,
                    "R2": 0.7005668673664331,
                    "R3": 0.6797742815688252,
                    "R4": 0.675847165286541,
                    "R5": 0.6701152813620865,
                    "R6": 0.6708551058545709,
                    "R7": 0.6672248658724129,
                    "R8": 0.6652969345450401,
                    "R9": 0.6622586245648563,
                    "as": 3.0450387001037598,
                    "comp": 1.0949755287729204,
                    "dc": 0
                }
            },
            "gen-secure": {
                "reward": 34157,
                "time": 68.98539836704731,
                "time_by_components": {
                    "R0": 4.416856944095343,
                    "R1": 3.799124135635793,
                    "R2": 3.609191820025444,
                    "R3": 3.5507515375502408,
                    "R4": 3.5011543831788003,
                    "R5": 3.4930960456840694,
                    "R6": 3.4779913243837655,
                    "R7": 3.4770853691734374,
                    "R8": 3.471643433906138,
                    "R9": 3.470615928992629,
                    "as": 3.616378956474364,
                    "comp": 27.15135420067236,
                    "dc": 0.034468736965209246
                }
            },
            "std": {
                "reward": 34157,
                "time": 4.592280864715576
            }
        }
    },
    "e-greedy": {
        "it-26": {
            "args": {
                "alpha_seed": 49,
                "epsilon": 0.1,
                "epsilon_seed": 458,
                "random_arm_seed": 724,
                "reward_seed": 26,
                "sigma_seed": 109
            },
            "gen-distributed": {
                "reward": 35588,
                "time": 11.389068029820919,
                "time_by_components": {
                    "R0": 1.1493392535485327,
                    "R1": 0.614125641528517,
                    "R2": 0.5838012029416859,
                    "R3": 0.5826228098012507,
                    "R4": 0.5832508676685393,
                    "R5": 0.5884644337929785,
                    "R6": 0.58429483929649,
                    "R7": 0.5825794907286763,
                    "R8": 0.5818270975723863,
                    "R9": 0.5826648506335914,
                    "as": 2.938736936543137,
                    "comp": 0.27968572033569217,
                    "dc": 0
                }
            },
            "gen-secure": {
                "reward": 35588,
                "time": 64.049947143998,
                "time_by_components": {
                    "R0": 4.175777345430106,
                    "R1": 3.4191867047920823,
                    "R2": 3.2985289827920496,
                    "R3": 3.2615579082630575,
                    "R4": 3.2226091506890953,
                    "R5": 3.216453416272998,
                    "R6": 3.2078470028936863,
                    "R7": 3.1993816564790905,
                    "R8": 3.1968049807474017,
                    "R9": 3.1929731564596295,
                    "as": 3.485453851521015,
                    "comp": 24.744190841913223,
                    "dc": 0.033170652110129595
                }
            },
            "std": {
                "reward": 35588,
                "time": 4.51536750793457
            }
        }
    },
    "e-greedy-decreasing": {
        "it-26": {
            "args": {
                "alpha_seed": 49,
                "epsilon_seed": 458,
                "random_arm_seed": 724,
                "reward_seed": 26,
                "sigma_seed": 109
            },
            "gen-distributed": {
                "reward": 36339,
                "time": 10.714789550751448,
                "time_by_components": {
                    "R0": 1.1168929603882134,
                    "R1": 0.5574173792265356,
                    "R2": 0.5519557534717023,
                    "R3": 0.5508898003026843,
                    "R4": 0.5512188114225864,
                    "R5": 0.5512193073518574,
                    "R6": 0.5511987679637969,
                    "R7": 0.5509362192824483,
                    "R8": 0.5503830052912235,
                    "R9": 0.5516306073404849,
                    "as": 2.7305960105732083,
                    "comp": 0.24241112358868122,
                    "dc": 0
                }
            },
            "gen-secure": {
                "reward": 36339,
                "time": 60.58357682870701,
                "time_by_components": {
                    "R0": 4.012087012641132,
                    "R1": 3.2327166185714304,
                    "R2": 3.163173709064722,
                    "R3": 3.1003430536948144,
                    "R4": 3.05695322714746,
                    "R5": 3.0457482440397143,
                    "R6": 3.0355408429168165,
                    "R7": 3.041279785800725,
                    "R8": 3.029888803139329,
                    "R9": 3.023658159188926,
                    "as": 3.290033984463662,
                    "comp": 23.276269533205777,
                    "dc": 0.03320972668007016
                }
            },
            "std": {
                "reward": 36339,
                "time": 3.878314733505249
            }
        }
    },
    "nb_iterations": 30,
    "pursuit": {
        "it-26": {
            "args": {
                "alpha_seed": 192,
                "beta": 0.1,
                "random_arm_seed": 427,
                "reward_seed": 26,
                "sigma_seed": 693
            },
            "gen-distributed": {
                "reward": 30192,
                "time": 23.344186149071902,
                "time_by_components": {
                    "R0": 1.4147046571597457,
                    "R1": 1.9625312481075525,
                    "R2": 1.315575362648815,
                    "R3": 1.3046569065190852,
                    "R4": 1.3037686189636588,
                    "R5": 1.309206064324826,
                    "R6": 1.3055788902565837,
                    "R7": 1.3048276170156896,
                    "R8": 1.3024074151180685,
                    "R9": 1.3053475269116461,
                    "as": 5.9196035652421415,
                    "comp": 1.2188421441242099,
                    "dc": 0
                }
            },
            "gen-secure": {
                "reward": 30192,
                "time": 134.2485542600043,
                "time_by_components": {
                    "R0": 7.690273616928607,
                    "R1": 7.949155033100396,
                    "R2": 7.088348526507616,
                    "R3": 6.906473908107728,
                    "R4": 6.872027228120714,
                    "R5": 6.8652911381796,
                    "R6": 6.823216697201133,
                    "R7": 6.7736295675858855,
                    "R8": 6.7583186835981905,
                    "R9": 6.7541695376858115,
                    "as": 7.179333482403308,
                    "comp": 52.92067437246442,
                    "dc": 0.03308703890070319
                }
            },
            "std": {
                "reward": 30192,