{
    "N": 70000,
    "arms": [
        0.5312831389183457,
        0.4305408271474019,
        0.3647932131495228,
        0.3404029692470838,
        0.3117709437963945,
        0.2799575821845175,
        0.2788971367974549,
        0.2704135737009544,
        0.24602332979851538,
        0.24602332979851538
    ],
    "boltzmann": {
        "it-38": {
            "args": {
                "alpha_seed": 264,
                "random_arm_seed": 468,
                "reward_seed": 38,
                "sigma_seed": 340,
                "tau": 0.06
            },
            "gen-distributed": {
                "reward": 35160,
                "time": 12.79983695782721,
                "time_by_components": {
                    "R0": 1.2258708328008652,
                    "R1": 0.7297833920456469,
                    "R2": 0.6949280793778598,
                    "R3": 0.6751247518695891,
                    "R4": 0.683833260089159,
                    "R5": 0.668809074908495,
                    "R6": 0.6767564318142831,
                    "R7": 0.6667146300897002,
                    "R8": 0.668034550268203,
                    "R9": 0.6685715997591615,
                    "as": 3.049690615385771,
                    "comp": 1.0990966209210455,
                    "dc": 0
                }
            },
            "gen-secure": {
                "reward": 35160,
                "time": 67.49487148178741,
                "time_by_components": {
                    "R0": 4.391287344507873,
                    "R1": 3.673598973080516,
                    "R2": 3.5290741552598774,
                    "R3": 3.470458037685603,
                    "R4": 3.4381647929549217,
                    "R5": 3.4202713980339468,
                    "R6": 3.4076965139247477,
                    "R7": 3.4054138474166393,
                    "R8": 3.3923235703259706,
                    "R9": 3.389869812410325,
                    "as": 3.548450015950948,
                    "comp": 26.602261929307133,
                    "dc": 0.033233423717319965
                }
            },
            "std": {
                "reward": 35160,
                "time": 4.573864936828613
            }
        }
    },
    "e-greedy": {
        "it-38": {
            "args": {
                "alpha_seed": 327,
                "epsilon": 0.1,
                "epsilon_seed": 248,
                "random_arm_seed": 795,
                "reward_seed": 38,
                "sigma_seed": 24
            },
            "gen-distributed": {
                "reward": 35908,
                "time": 11.46264591626823,
                "time_by_components": {
                    "R0": 1.1716452385298908,
                    "R1": 0.5928515312261879,
                    "R2": 0.5862628309987485,
                    "R3": 0.5842996346764266,
                    "R4": 0.5844230381771922,
                    "R5": 0.5834730439819396,
                    "R6": 0.5834869402460754,
                    "R7": 0.5834325118921697,
                    "R8": 0.5828892616555095,
                    "R9": 0.5836460706777871,
                    "as": 2.962669320870191,
                    "comp": 0.2850658465176821,
                    "dc": 0
                }
            },
            "gen-secure": {
                "reward": 35908,
                "time": 63.60288909217343,
                "time_by_components": {
                    "R0": 4.1843578102998435,
                    "R1": 3.376151654869318,
                    "R2": 3.2729589329101145,
                    "R3": 3.2311023147776723,
                    "R4": 3.1933954944834113,
                    "R5": 3.189217747654766,
                    "R6": 3.1782829156145453,
                    "R7": 3.182316718623042,
                    "R8": 3.15909133059904,
                    "R9": 3.1566708721220493,
                    "as": 3.504304500762373,
                    "comp": 24.629193372558802,
                    "dc": 0.03081670729443431
                }
            },
            "std": {
                "reward": 35908,
                "time": 4.212761402130127
            }
        }
    },
    "e-greedy-decreasing": {
        "it-38": {
            "args": {
                "alpha_seed": 211,
                "epsilon_seed": 264,
                "random_arm_seed": 468,
                "reward_seed": 38,
                "sigma_seed": 741
            },
            "gen-distributed": {
                "reward": 36344,
                "time": 11.69369471585378,
                "time_by_components": {
                    "R0": 1.2069536023773253,
                    "R1": 0.6082212519831955,
                    "R2": 0.6046629515476525,
                    "R3": 0.6007548267953098,
                    "R4": 0.5996459629386663,
                    "R5": 0.602750149089843,
                    "R6": 0.6022297656163573,
                    "R7": 0.6054328260943294,
                    "R8": 0.6043789186514914,
                    "R9": 0.6003222786821425,
                    "as": 2.9805311150848866,
                    "comp": 0.2654221882112324,
                    "dc": 0
                }
            },
            "gen-secure": {
                "reward": 36344,
                "time": 64.89250317309052,
                "time_by_components": {
                    "R0": 4.309556936379522,
                    "R1": 3.448665321338922,
                    "R2": 3.3629480926319957,
                    "R3": 3.3276505623944104,
                    "R4": 3.272591336630285,
                    "R5": 3.2496490995399654,
                    "R6": 3.2515145004726946,
                    "R7": 3.236580617260188,
                    "R8": 3.2312824511900544,
                    "R9": 3.231401809491217,
                    "as": 3.536084177903831,
                    "comp": 25.00523340376094,
                    "dc": 0.03308630594983697
                }
            },
            "std": {
                "reward": 36344,
                "time": 3.98012113571167
            }
        }
    },
    "nb_iterations": 50,
    "pursuit": {
        "it-38": {
            "args": {
                "alpha_seed": 264,
                "beta": 0.1,
                "random_arm_seed": 468,
                "reward_seed": 38,
                "sigma_seed": 741
            },
            "gen-distributed": {
                "reward": 37370,
                "time": 23.658615346997976,
                "time_by_components": {
                    "R0": 2.0589672597125173,
                    "R1": 1.3464557901024818,
                    "R2": 1.3246835619211197,
                    "R3": 1.319028363097459,
                    "R4": 1.3186183529905975,
                    "R5": 1.3206266537308693,
                    "R6": 1.3178079249337316,
                    "R7": 1.3138107056729496,
                    "R8": 1.3135073496960104,
                    "R9": 1.3135875556617975,
                    "as": 6.0168259353376925,
                    "comp": 1.242857621051371,
                    "dc": 0
                }
            },
            "gen-secure": {
                "reward": 37370,
                "time": 133.33902125200257,
                "time_by_components": {
                    "R0": 8.305863994173706,
                    "R1": 7.2204173556528986,
                    "R2": 7.03295057779178,
                    "R3": 6.883553810417652,
                    "R4": 6.86403885576874,
                    "R5": 6.828688631299883,
                    "R6": 6.809522465337068,
                    "R7": 6.7547641368582845,
                    "R8": 6.756588547490537,
                    "R9": 6.731599726714194,
                    "as": 7.11108293524012,
                    "comp": 52.52448835177347,
                    "dc": 0.033081301022320986
                }
            },
            "std": {
                "reward": 37370,