{
    "N": 100000,
    "arms": [
        0.5312831389183457,
        0.4305408271474019,
        0.3647932131495228,
        0.3404029692470838,
        0.3117709437963945,
        0.2799575821845175,
        0.2788971367974549,
        0.2704135737009544,
        0.24602332979851538,
        0.24602332979851538
    ],
    "boltzmann": {
        "it-4": {
            "args": {
                "alpha_seed": 10,
                "random_arm_seed": 767,
                "reward_seed": 4,
                "sigma_seed": 352,
                "tau": 0.06
            },
            "gen-distributed": {
                "reward": 50144,
                "time": 18.164059813134372,
                "time_by_components": {
                    "R0": 1.7823571427725255,
                    "R1": 0.993435628246516,
                    "R2": 0.9911285112611949,
                    "R3": 0.9711745753884315,
                    "R4": 0.955967781599611,
                    "R5": 0.9597028833813965,
                    "R6": 0.9518656861037016,
                    "R7": 0.947657894808799,
                    "R8": 0.9457803908735514,
                    "R9": 0.9496666616760194,
                    "as": 4.335885138250887,
                    "comp": 1.5656793187372386,
                    "dc": 0
                }
            },
            "gen-secure": {
                "reward": 50144,
                "time": 97.78237354615703,
                "time_by_components": {
                    "R0": 6.399291416164488,
                    "R1": 5.240010367706418,
                    "R2": 5.0948132667690516,
                    "R3": 5.013866709545255,
                    "R4": 4.936284450814128,
                    "R5": 4.950707762967795,
                    "R6": 4.923259270843118,
                    "R7": 4.9040765943937,
                    "R8": 4.913763243705034,
                    "R9": 4.895204144529998,
                    "as": 5.153783110901713,
                    "comp": 38.60838725557551,
                    "dc": 0.033136446960270405
                }
            },
            "std": {
                "reward": 50144,
                "time": 6.5303051471710205
            }
        }
    },
    "e-greedy": {
        "it-4": {
            "args": {
                "alpha_seed": 889,
                "epsilon": 0.1,
                "epsilon_seed": 995,
                "random_arm_seed": 910,
                "reward_seed": 4,
                "sigma_seed": 637
            },
            "gen-distributed": {
                "reward": 51180,
                "time": 16.326607177965343,
                "time_by_components": {
                    "R0": 1.68633488798514,
                    "R1": 0.8464537891559303,
                    "R2": 0.8382701617665589,
                    "R3": 0.8359338250011206,
                    "R4": 0.8364239544607699,
                    "R5": 0.8350382642820477,
                    "R6": 0.8364516170695424,
                    "R7": 0.8353569018654525,
                    "R8": 0.8341329474933445,
                    "R9": 0.8354718345217407,
                    "as": 4.200124961324036,
                    "comp": 0.4016239885240793,
                    "dc": 0
                }
            },
            "gen-secure": {
                "reward": 51180,
                "time": 91.4258505338803,
                "time_by_components": {
                    "R0": 5.967214410658926,
                    "R1": 4.8184679304249585,
                    "R2": 4.6876479559578,
                    "R3": 4.630624669138342,
                    "R4": 4.585970320738852,
                    "R5": 4.565245717763901,
                    "R6": 4.557013488840312,
                    "R7": 4.547160896938294,
                    "R8": 4.575208151713014,
                    "R9": 4.543375097215176,
                    "as": 4.956065118778497,
                    "comp": 35.51953935157508,
                    "dc": 0.03309039957821369
                }
            },
            "std": {
                "reward": 51180,
                "time": 5.98903489112854
            }
        }
    },
    "e-greedy-decreasing": {
        "it-4": {
            "args": {
                "alpha_seed": 889,
                "epsilon_seed": 995,
                "random_arm_seed": 910,
                "reward_seed": 4,
                "sigma_seed": 637
            },
            "gen-distributed": {
                "reward": 51882,
                "time": 16.658611324150115,
                "time_by_components": {
                    "R0": 1.733203129377216,
                    "R1": 0.866021846421063,
                    "R2": 0.8579087038524449,
                    "R3": 0.8575867335312068,
                    "R4": 0.8601875212043524,
                    "R5": 0.8593390542082489,
                    "R6": 0.8579847598448396,
                    "R7": 0.8584273583255708,
                    "R8": 0.8587673059664667,
                    "R9": 0.8594357948750257,
                    "as": 4.242426743265241,
                    "comp": 0.37159348325803876,
                    "dc": 0
                }
            },
            "gen-secure": {
                "reward": 51882,
                "time": 91.37706383224577,
                "time_by_components": {
                    "R0": 5.997609682381153,
                    "R1": 4.8356290752999485,
                    "R2": 4.700540600344539,
                    "R3": 4.659992570988834,
                    "R4": 4.593728399369866,
                    "R5": 4.577415963634849,
                    "R6": 4.572182353120297,
                    "R7": 4.5581709407269955,
                    "R8": 4.553638830780983,
                    "R9": 4.584530684165657,
                    "as": 4.945737692061812,
                    "comp": 35.35082777403295,
                    "dc": 0.03311544703319669
                }
            },
            "std": {
                "reward": 51882,
                "time": 6.037662744522095
            }
        }
    },
    "nb_iterations": 30,
    "pursuit": {
        "it-4": {
            "args": {
                "alpha_seed": 10,
                "beta": 0.1,
                "random_arm_seed": 767,
                "reward_seed": 4,
                "sigma_seed": 44
            },
            "gen-distributed": {
                "reward": 33922,
                "time": 32.80216510826722,
                "time_by_components": {
                    "R0": 1.9911957220174372,
                    "R1": 1.849716145079583,
                    "R2": 1.8354939436540008,
                    "R3": 2.731013264041394,
                    "R4": 1.8333803149871528,
                    "R5": 1.8357253717258573,
                    "R6": 1.829469838179648,
                    "R7": 1.8256142642349005,
                    "R8": 1.8208558978512883,
                    "R9": 1.8289994322694838,
                    "as": 8.368143260013312,
                    "comp": 1.7381760510616004,
                    "dc": 0
                }
            },
            "gen-secure": {
                "reward": 33922,
                "time": 189.7342602983117,
                "time_by_components": {
                    "R0": 10.950415283907205,
                    "R1": 10.065766662359238,
                    "R2": 9.962270244956017,
                    "R3": 10.870084971189499,
                    "R4": 9.658352118451148,
                    "R5": 9.589907710906118,
                    "R6": 9.549813814926893,
                    "R7": 9.542153046000749,
                    "R8": 9.524121013004333,
                    "R9": 9.635524925310165,
                    "as": 10.294398365076631,
                    "comp": 74.90255615208298,
                    "dc": 0.0336074479855597
                }
            },
            "std": {
                "reward": 33922,
                "time": 10.63841986656189
            }
        }
    },