{
    "N": 100000,
    "arms": [
        0.5312831389183457,
        0.4305408271474019,
        0.3647932131495228,
        0.3404029692470838,
        0.3117709437963945,
        0.2799575821845175,
        0.2788971367974549,
        0.2704135737009544,
        0.24602332979851538,
        0.24602332979851538,
        0.23966065747614,
        0.23860021208907742,
        0.23223753976670203,
        0.22375397667020147,
        0.21208907741251326,
        0.19936373276776245,
        0.17709437963944857,
        0.17709437963944857,
        0.17179215270413573,
        0.16861081654294804
    ],
    "boltzmann": {
        "it-19": {
            "args": {
                "alpha_seed": 467,
                "random_arm_seed": 958,
                "reward_seed": 19,
                "sigma_seed": 653,
                "tau": 0.06
            },
            "gen-distributed": {
                "reward": 48239,
                "time": 29.779853231739253,
                "time_by_components": {
                    "R0": 1.647185018286109,
                    "R1": 1.1042470820248127,
                    "R10": 0.9375583417713642,
                    "R11": 0.9441767251119018,
                    "R12": 0.9427387830801308,
                    "R13": 0.9397890199907124,
                    "R14": 0.9470230112783611,
                    "R15": 0.9376973644830287,
                    "R16": 0.9310403447598219,
                    "R17": 0.9412261829711497,
                    "R18": 0.9437230275943875,
                    "R19": 0.934233442414552,
                    "R2": 0.9893240323290229,
                    "R3": 0.9645791915245354,
                    "R4": 0.9649333008565009,
                    "R5": 0.9554518363438547,
                    "R6": 0.9432162949815392,
                    "R7": 0.94720856891945,
                    "R8": 0.9413207536563277,
                    "R9": 0.9393803351558745,
                    "as": 5.204360939562321,
                    "comp": 1.7020003241486847,
                    "dc": 0
                }
            },
            "gen-secure": {
                "reward": 48239,
                "time": 184.183478792198,
                "time_by_components": {
                    "R0": 6.409386139828712,
                    "R1": 5.37454539258033,
                    "R10": 4.856605100911111,
                    "R11": 4.844497030600905,
                    "R12": 4.837425580713898,
                    "R13": 4.831399428192526,
                    "R14": 4.833006830420345,
                    "R15": 4.840696794446558,
                    "R16": 4.830516463611275,
                    "R17": 4.880953744053841,
                    "R18": 4.85444993339479,
                    "R19": 4.8696694183163345,
                    "R2": 5.084730332251638,
                    "R3": 5.048089779447764,
                    "R4": 4.916304321959615,
                    "R5": 4.9083853722549975,
                    "R6": 4.885526390280575,
                    "R7": 4.868515253998339,
                    "R8": 4.8581809010356665,
                    "R9": 4.855630034580827,
                    "as": 6.355188125278801,
                    "comp": 73.5630534212105,
                    "dc": 0.03357427008450031
                }
            },
            "std": {
                "reward": 48239,
                "time": 7.888598918914795
            }
        }
    },
    "e-greedy": {
        "it-19": {
            "args": {
                "alpha_seed": 272,
                "epsilon": 0.1,
                "epsilon_seed": 370,
                "random_arm_seed": 167,
                "reward_seed": 19,
                "sigma_seed": 930
            },
            "gen-distributed": {
                "reward": 50475,
                "time": 26.93988262116909,
                "time_by_components": {
                    "R0": 1.6909742839634418,
                    "R1": 0.8629090497270226,
                    "R10": 0.8337063654325902,
                    "R11": 0.8340459153987467,
                    "R12": 0.8350447895936668,
                    "R13": 0.8340529673732817,
                    "R14": 0.8337323064915836,
                    "R15": 0.8354984470643103,
                    "R16": 0.8354532616212964,
                    "R17": 0.8335779160261154,
                    "R18": 0.8303952254354954,
                    "R19": 0.834459743462503,
                    "R2": 0.836329635232687,
                    "R3": 0.8351523648016155,
                    "R4": 0.8329022168181837,
                    "R5": 0.8319762074388564,
                    "R6": 0.8327510356903076,
                    "R7": 0.8335142685100436,
                    "R8": 0.8330539911985397,
                    "R9": 0.8345735184848309,
                    "as": 5.117175585590303,
                    "comp": 0.5039076069369912,
                    "dc": 0
                }
            },
            "gen-secure": {
                "reward": 50475,
                "time": 171.74362611584365,
                "time_by_components": {
                    "R0": 6.107251895125955,
                    "R1": 4.854294258635491,
                    "R10": 4.481504713650793,
                    "R11": 4.477316941134632,
                    "R12": 4.513134587556124,
                    "R13": 4.498278402723372,
                    "R14": 4.535506417043507,
                    "R15": 4.466477882582694,
                    "R16": 4.461708729155362,
                    "R17": 4.457075674086809,
                    "R18": 4.456762542016804,
                    "R19": 4.452751759439707,
                    "R2": 4.660080544650555,
                    "R3": 4.592222322709858,
                    "R4": 4.525932479649782,
                    "R5": 4.53013163106516,
                    "R6": 4.508582065347582,
                    "R7": 4.498494875151664,
                    "R8": 4.495101269800216,
                    "R9": 4.484012306667864,
                    "as": 6.138153997249901,
                    "comp": 68.32888780720532,
                    "dc": 0.03342192620038986
                }
            },
            "std": {
                "reward": 50475,
                "time": 7.1306376457214355
            }
        }
    },
    "e-greedy-decreasing": {
        "it-19": {
            "args": {
                "alpha_seed": 678,
                "epsilon_seed": 467,
                "random_arm_seed": 958,
                "reward_seed": 19,
                "sigma_seed": 54
            },
            "gen-distributed": {
                "reward": 51457,
                "time": 27.570328617934138,
                "time_by_components": {
                    "R0": 1.7514017182402313,
                    "R1": 0.8744275448843837,
                    "R10": 0.8588650356978178,
                    "R11": 0.8589227185584605,
                    "R12": 0.8604176882654428,
                    "R13": 0.8592257085256279,
                    "R14": 0.8597353687509894,
                    "R15": 0.8593845572322607,
                    "R16": 0.8592928699217737,
                    "R17": 0.8589757336303592,
                    "R18": 0.8600174910388887,
                    "R19": 0.8586943713016808,
                    "R2": 0.8641900676302612,
                    "R3": 0.8605118887498975,
                    "R4": 0.8614888289012015,
                    "R5": 0.8618612671270967,
                    "R6": 0.8596733277663589,
                    "R7": 0.8597824526950717,
                    "R8": 0.8596328189596534,
                    "R9": 0.8589516184292734,
                    "as": 5.141270232852548,
                    "comp": 0.4768652729690075,
                    "dc": 0
                }
            },
            "gen-secure": {
                "reward": 51457,
                "time": 175.35677834693342,
                "time_by_components": {
                    "R0": 6.246992938686162,