{
    "N": 100000,
    "arms": [
        0.5312831389183457,
        0.4305408271474019,
        0.3647932131495228,
        0.3404029692470838,
        0.3117709437963945,
        0.2799575821845175,
        0.2788971367974549,
        0.2704135737009544,
        0.24602332979851538,
        0.24602332979851538,
        0.23966065747614,
        0.23860021208907742,
        0.23223753976670203,
        0.22375397667020147,
        0.21208907741251326,
        0.19936373276776245,
        0.17709437963944857,
        0.17709437963944857,
        0.17179215270413573,
        0.16861081654294804
    ],
    "boltzmann": {
        "it-17": {
            "args": {
                "alpha_seed": 98,
                "random_arm_seed": 868,
                "reward_seed": 17,
                "sigma_seed": 566,
                "tau": 0.06
            },
            "gen-distributed": {
                "reward": 49378,
                "time": 29.195602543186396,
                "time_by_components": {
                    "R0": 1.6968107190914452,
                    "R1": 1.0329689583741128,
                    "R10": 0.9232231890782714,
                    "R11": 0.9232827494852245,
                    "R12": 0.9233686765655875,
                    "R13": 0.9215450561605394,
                    "R14": 0.9225859357975423,
                    "R15": 0.92031334573403,
                    "R16": 0.9196859509684145,
                    "R17": 0.9178036088123918,
                    "R18": 0.917472867295146,
                    "R19": 0.9181095310486853,
                    "R2": 0.941853987518698,
                    "R3": 0.9438329190015793,
                    "R4": 0.9243586850352585,
                    "R5": 0.9316915855742991,
                    "R6": 0.924457082990557,
                    "R7": 0.9300673576071858,
                    "R8": 0.9203869723714888,
                    "R9": 0.9247306454926729,
                    "as": 5.100030564703047,
                    "comp": 1.661744105629623,
                    "dc": 0
                }
            },
            "gen-secure": {
                "reward": 49378,
                "time": 184.05929934373125,
                "time_by_components": {
                    "R0": 6.489840584807098,
                    "R1": 5.322574480436742,
                    "R10": 4.860010431613773,
                    "R11": 4.844598660245538,
                    "R12": 4.841248004231602,
                    "R13": 4.826998324599117,
                    "R14": 4.822826886083931,
                    "R15": 4.82175704324618,
                    "R16": 4.822143742348999,
                    "R17": 4.827913464047015,
                    "R18": 4.8243064628914,
                    "R19": 4.818789383396506,
                    "R2": 5.067849599290639,
                    "R3": 5.00938416691497,
                    "R4": 4.909031916875392,
                    "R5": 4.9029394974932075,
                    "R6": 4.876411561388522,
                    "R7": 4.89313006028533,
                    "R8": 4.866527772508562,
                    "R9": 4.857036423869431,
                    "as": 6.292859579436481,
                    "comp": 73.67809267854318,
                    "dc": 0.03330351412296295
                }
            },
            "std": {
                "reward": 49378,
                "time": 7.875866413116455
            }
        }
    },
    "e-greedy": {
        "it-17": {
            "args": {
                "alpha_seed": 871,
                "epsilon": 0.1,
                "epsilon_seed": 923,
                "random_arm_seed": 246,
                "reward_seed": 17,
                "sigma_seed": 534
            },
            "gen-distributed": {
                "reward": 50566,
                "time": 26.781220578122884,
                "time_by_components": {
                    "R0": 1.688189116306603,
                    "R1": 0.8518908517435193,
                    "R10": 0.8304807688109577,
                    "R11": 0.8275886280462146,
                    "R12": 0.8281230069696903,
                    "R13": 0.8281490239314735,
                    "R14": 0.8282508864067495,
                    "R15": 0.8275122828781605,
                    "R16": 0.8268475825898349,
                    "R17": 0.8269050917588174,
                    "R18": 0.8271973319351673,
                    "R19": 0.8265749174170196,
                    "R2": 0.8313931599259377,
                    "R3": 0.8301171571947634,
                    "R4": 0.8285905830562115,
                    "R5": 0.8276551710441709,
                    "R6": 0.8289352571591735,
                    "R7": 0.8287849454209208,
                    "R8": 0.8284234199672937,
                    "R9": 0.8283605757169425,
                    "as": 5.125399021897465,
                    "comp": 0.49926395528018475,
                    "dc": 0
                }
            },
            "gen-secure": {
                "reward": 50566,
                "time": 171.96316556306556,
                "time_by_components": {
                    "R0": 6.121848466340452,
                    "R1": 4.844961819238961,
                    "R10": 4.488941486459225,
                    "R11": 4.491369724273682,
                    "R12": 4.508223992306739,
                    "R13": 4.47924995329231,
                    "R14": 4.477655739989132,
                    "R15": 4.471420094836503,
                    "R16": 4.471623033750802,
                    "R17": 4.490024741739035,
                    "R18": 4.47270736284554,
                    "R19": 4.46927696140483,
                    "R2": 4.667743627447635,
                    "R3": 4.603922189678997,
                    "R4": 4.539760030806065,
                    "R5": 4.5398672660812736,
                    "R6": 4.518138601444662,
                    "R7": 4.506131888832897,
                    "R8": 4.5016744351014495,
                    "R9": 4.49428893532604,
                    "as": 6.113207077141851,
                    "comp": 68.52459993073717,
                    "dc": 0.03331819409504533
                }
            },
            "std": {
                "reward": 50566,
                "time": 7.322717666625977
            }
        }
    },
    "e-greedy-decreasing": {
        "it-17": {
            "args": {
                "alpha_seed": 219,
                "epsilon_seed": 98,
                "random_arm_seed": 868,
                "reward_seed": 17,
                "sigma_seed": 955
            },
            "gen-distributed": {
                "reward": 51382,
                "time": 27.399685262702405,
                "time_by_components": {
                    "R0": 1.7398301176726818,
                    "R1": 0.86924366094172,
                    "R10": 0.8544605630449951,
                    "R11": 0.855521191842854,
                    "R12": 0.8553255307488143,
                    "R13": 0.8565996205434203,
                    "R14": 0.8566648801788688,
                    "R15": 0.8561497344635427,
                    "R16": 0.8542282939888537,
                    "R17": 0.8553188750520349,
                    "R18": 0.855603524018079,
                    "R19": 0.8556173034012318,
                    "R2": 0.8587637315504253,
                    "R3": 0.8562697395682335,
                    "R4": 0.8577507822774351,
                    "R5": 0.8574109002947807,
                    "R6": 0.8573672343045473,
                    "R7": 0.8573802500031888,
                    "R8": 0.8564023729413748,
                    "R9": 0.8577773571014404,
                    "as": 5.108464506920427,
                    "comp": 0.47036894131451845,
                    "dc": 0
                }
            },
            "gen-secure": {
                "reward": 51382,
                "time": 174.51836102083325,
                "time_by_components": {
                    "R0": 6.184393600560725,