{
    "N": 100000,
    "arms": [
        0.5312831389183457,
        0.4305408271474019,
        0.3647932131495228,
        0.3404029692470838,
        0.3117709437963945,
        0.2799575821845175,
        0.2788971367974549,
        0.2704135737009544,
        0.24602332979851538,
        0.24602332979851538
    ],
    "boltzmann": {
        "it-43": {
            "args": {
                "alpha_seed": 156,
                "random_arm_seed": 475,
                "reward_seed": 43,
                "sigma_seed": 581,
                "tau": 0.06
            },
            "gen-distributed": {
                "reward": 49913,
                "time": 18.12562517588958,
                "time_by_components": {
                    "R0": 1.7082898202352226,
                    "R1": 1.09733383404091,
                    "R2": 0.9611533512361348,
                    "R3": 0.9473209846764803,
                    "R4": 0.9519738149829209,
                    "R5": 0.9505782006308436,
                    "R6": 0.9461590950377285,
                    "R7": 0.9492128994315863,
                    "R8": 0.9441221668384969,
                    "R9": 0.9440633822232485,
                    "as": 4.352679871022701,
                    "comp": 1.5561555055901408,
                    "dc": 0
                }
            },
            "gen-secure": {
                "reward": 49913,
                "time": 97.20835389615968,
                "time_by_components": {
                    "R0": 6.2884131404571235,
                    "R1": 5.331346337217838,
                    "R2": 5.045420889742672,
                    "R3": 4.987966549582779,
                    "R4": 4.916775645222515,
                    "R5": 4.883204410318285,
                    "R6": 4.8711456544697285,
                    "R7": 4.860070544760674,
                    "R8": 4.8439426105469465,
                    "R9": 4.830865455325693,
                    "as": 5.199940035119653,
                    "comp": 38.51854065107182,
                    "dc": 0.03323066094890237
                }
            },
            "std": {
                "reward": 49913,
                "time": 6.553959608078003
            }
        }
    },
    "e-greedy": {
        "it-43": {
            "args": {
                "alpha_seed": 179,
                "epsilon": 0.1,
                "epsilon_seed": 228,
                "random_arm_seed": 176,
                "reward_seed": 43,
                "sigma_seed": 154
            },
            "gen-distributed": {
                "reward": 51216,
                "time": 16.338674816302955,
                "time_by_components": {
                    "R0": 1.6713993307203054,
                    "R1": 0.842104525770992,
                    "R2": 0.8331609098240733,
                    "R3": 0.8291743109002709,
                    "R4": 0.829541286919266,
                    "R5": 0.8303293553180993,
                    "R6": 0.8283245987258852,
                    "R7": 0.8275855770334601,
                    "R8": 0.8273987853899598,
                    "R9": 0.8295536623336375,
                    "as": 4.252857626415789,
                    "comp": 0.4096505204215646,
                    "dc": 0
                }
            },
            "gen-secure": {
                "reward": 51216,
                "time": 89.5310303834267,
                "time_by_components": {
                    "R0": 5.824215954169631,
                    "R1": 4.732764834538102,
                    "R2": 4.590871332213283,
                    "R3": 4.536264256108552,
                    "R4": 4.482877317350358,
                    "R5": 4.48835901543498,
                    "R6": 4.45735593046993,
                    "R7": 4.446746664121747,
                    "R8": 4.442915607243776,
                    "R9": 4.437101598829031,
                    "as": 4.939631310291588,
                    "comp": 34.83431974006817,
                    "dc": 0.03318178793415427
                }
            },
            "std": {
                "reward": 51216,
                "time": 6.105060577392578
            }
        }
    },
    "e-greedy-decreasing": {
        "it-43": {
            "args": {
                "alpha_seed": 655,
                "epsilon_seed": 156,
                "random_arm_seed": 475,
                "reward_seed": 43,
                "sigma_seed": 524
            },
            "gen-distributed": {
                "reward": 51847,
                "time": 16.6082916399464,
                "time_by_components": {
                    "R0": 1.7288844101130962,
                    "R1": 0.8637983123771846,
                    "R2": 0.8551677488721907,
                    "R3": 0.8532450664788485,
                    "R4": 0.8534159217961133,
                    "R5": 0.8530667936429381,
                    "R6": 0.8528330721892416,
                    "R7": 0.8520040288567543,
                    "R8": 0.8532587820664048,
                    "R9": 0.8532670242711902,
                    "as": 4.2431010897271335,
                    "comp": 0.3763588718138635,
                    "dc": 0
                }
            },
            "gen-secure": {
                "reward": 51847,
                "time": 91.77887898590416,
                "time_by_components": {
                    "R0": 6.027998401783407,
                    "R1": 4.860011470504105,
                    "R2": 4.730450914707035,
                    "R3": 4.667862765491009,
                    "R4": 4.619300837628543,
                    "R5": 4.595603581517935,
                    "R6": 4.580571569036692,
                    "R7": 4.594065575860441,
                    "R8": 4.577743971720338,
                    "R9": 4.567090509459376,
                    "as": 4.999997267499566,
                    "comp": 35.49126659985632,
                    "dc": 0.03330007800832391
                }
            },
            "std": {
                "reward": 51847,
                "time": 6.02785587310791
            }
        }
    },
    "nb_iterations": 50,
    "pursuit": {
        "it-43": {
            "args": {
                "alpha_seed": 156,
                "beta": 0.1,
                "random_arm_seed": 475,
                "reward_seed": 43,
                "sigma_seed": 524
            },
            "gen-distributed": {
                "reward": 53246,
                "time": 33.50079307425767,
                "time_by_components": {
                    "R0": 2.909670886117965,
                    "R1": 1.9055809448473155,
                    "R2": 1.8735779891721904,
                    "R3": 1.8634222433902323,
                    "R4": 1.8579186331480742,
                    "R5": 1.8591990428976715,
                    "R6": 1.8569197286851704,
                    "R7": 1.857159907463938,
                    "R8": 1.858288151677698,
                    "R9": 1.8598804976791143,
                    "as": 8.561660650651902,
                    "comp": 1.7523914175108075,
                    "dc": 0
                }
            },
            "gen-secure": {
                "reward": 53246,
                "time": 184.48093145014718,
                "time_by_components": {
                    "R0": 11.483990609645844,
                    "R1": 10.030837018974125,
                    "R2": 9.621902652084827,
                    "R3": 9.48175097303465,
                    "R4": 9.348836993332952,
                    "R5": 9.424339512828737,
                    "R6": 9.322717620059848,
                    "R7": 9.40975678153336,
                    "R8": 9.380008740816265,
                    "R9": 9.285216744057834,
                    "as": 9.978210349567235,
                    "comp": 72.80107008479536,
                    "dc": 0.03326020110398531
                }
            },
            "std": {
                "reward": 53246,