{
    "N": 90000,
    "arms": [
        0.5312831389183457,
        0.4305408271474019,
        0.3647932131495228,
        0.3404029692470838,
        0.3117709437963945,
        0.2799575821845175,
        0.2788971367974549,
        0.2704135737009544,
        0.24602332979851538,
        0.24602332979851538
    ],
    "boltzmann": {
        "it-33": {
            "args": {
                "alpha_seed": 820,
                "random_arm_seed": 118,
                "reward_seed": 33,
                "sigma_seed": 34,
                "tau": 0.06
            },
            "gen-distributed": {
                "reward": 44915,
                "time": 15.238270432688296,
                "time_by_components": {
                    "R0": 1.464611048810184,
                    "R1": 0.8536963118240237,
                    "R2": 0.8397178421728313,
                    "R3": 0.8126523015089333,
                    "R4": 0.790037234313786,
                    "R5": 0.7993462425656617,
                    "R6": 0.795198482926935,
                    "R7": 0.7949849208816886,
                    "R8": 0.7899591624736786,
                    "R9": 0.8021214012987912,
                    "as": 3.6461040494032204,
                    "comp": 1.3183293314650655,
                    "dc": 0
                }
            },
            "gen-secure": {
                "reward": 44915,
                "time": 88.2534821741283,
                "time_by_components": {
                    "R0": 5.732299098744988,
                    "R1": 4.772884840611368,
                    "R2": 4.606718958355486,
                    "R3": 4.521281581372023,
                    "R4": 4.459973093122244,
                    "R5": 4.448156758677214,
                    "R6": 4.418102084193379,
                    "R7": 4.412311281543225,
                    "R8": 4.3994935736991465,
                    "R9": 4.425772686954588,
                    "as": 4.720914809033275,
                    "comp": 34.97720533562824,
                    "dc": 0.033145817928016186
                }
            },
            "std": {
                "reward": 44915,
                "time": 5.392353296279907
            }
        }
    },
    "e-greedy": {
        "it-33": {
            "args": {
                "alpha_seed": 213,
                "epsilon": 0.1,
                "epsilon_seed": 131,
                "random_arm_seed": 690,
                "reward_seed": 33,
                "sigma_seed": 448
            },
            "gen-distributed": {
                "reward": 45801,
                "time": 14.213525602128357,
                "time_by_components": {
                    "R0": 1.4576656832359731,
                    "R1": 0.7324471864849329,
                    "R2": 0.7302965335547924,
                    "R3": 0.7227689912542701,
                    "R4": 0.7210291563533247,
                    "R5": 0.7277932786382735,
                    "R6": 0.7240608003921807,
                    "R7": 0.7216377416625619,
                    "R8": 0.7215999602340162,
                    "R9": 0.7239205255173147,
                    "as": 3.67384645761922,
                    "comp": 0.3541540950536728,
                    "dc": 0
                }
            },
            "gen-secure": {
                "reward": 45801,
                "time": 81.44212954724208,
                "time_by_components": {
                    "R0": 5.219613460358232,
                    "R1": 4.29220390226692,
                    "R2": 4.190228829625994,
                    "R3": 4.218779116868973,
                    "R4": 4.107555472292006,
                    "R5": 4.083809310104698,
                    "R6": 4.068718105088919,
                    "R7": 4.0602805921807885,
                    "R8": 4.050830740481615,
                    "R9": 4.04680126067251,
                    "as": 4.241248288191855,
                    "comp": 31.88873070338741,
                    "dc": 0.030503726098686457
                }
            },
            "std": {
                "reward": 45801,
                "time": 5.211369752883911
            }
        }
    },
    "e-greedy-decreasing": {
        "it-33": {
            "args": {
                "alpha_seed": 985,
                "epsilon_seed": 820,
                "random_arm_seed": 118,
                "reward_seed": 33,
                "sigma_seed": 908
            },
            "gen-distributed": {
                "reward": 46662,
                "time": 13.929202628787607,
                "time_by_components": {
                    "R0": 1.4557060026563704,
                    "R1": 0.7251749285496771,
                    "R2": 0.7159617338329554,
                    "R3": 0.7148660910315812,
                    "R4": 0.7132355431094766,
                    "R5": 0.7198577863164246,
                    "R6": 0.7174484161660075,
                    "R7": 0.7167976209893823,
                    "R8": 0.7151554771699011,
                    "R9": 0.7152857477776706,
                    "as": 3.5447131167165935,
                    "comp": 0.3115306864492595,
                    "dc": 0
                }
            },
            "gen-secure": {
                "reward": 46662,
                "time": 82.97089461795986,
                "time_by_components": {
                    "R0": 5.41752437222749,
                    "R1": 4.413661502767354,
                    "R2": 4.281630501616746,
                    "R3": 4.235355349257588,
                    "R4": 4.1846271408721805,
                    "R5": 4.167199824005365,
                    "R6": 4.154332826379687,
                    "R7": 4.14434015378356,
                    "R8": 4.139463637955487,
                    "R9": 4.138166934251785,
                    "as": 4.387865758500993,
                    "comp": 32.22555602900684,
                    "dc": 0.033110877964645624
                }
            },
            "std": {
                "reward": 46662,
                "time": 5.048253059387207
            }
        }
    },
    "nb_iterations": 50,
    "pursuit": {
        "it-33": {
            "args": {
                "alpha_seed": 820,
                "beta": 0.1,
                "random_arm_seed": 118,
                "reward_seed": 33,
                "sigma_seed": 908
            },
            "gen-distributed": {
                "reward": 47894,
                "time": 27.881853360682726,
                "time_by_components": {
                    "R0": 2.4197275801561773,
                    "R1": 1.5817762012593448,
                    "R2": 1.5584528488107026,
                    "R3": 1.554215773474425,
                    "R4": 1.546752117574215,
                    "R5": 1.5501517904922366,
                    "R6": 1.549668618477881,
                    "R7": 1.5463765058666468,
                    "R8": 1.5428418098017573,
                    "R9": 1.5488882763311267,
                    "as": 7.150353773497045,
                    "comp": 1.4508854690939188,
                    "dc": 0
                }
            },
            "gen-secure": {
                "reward": 47894,
                "time": 169.86948105692863,
                "time_by_components": {
                    "R0": 10.54319648211822,
                    "R1": 9.230153150390834,
                    "R2": 8.900470945984125,
                    "R3": 8.807113743387163,
                    "R4": 8.647991470061243,
                    "R5": 8.68390787532553,
                    "R6": 8.641531862318516,
                    "R7": 8.58500484470278,
                    "R8": 8.555167755577713,
                    "R9": 8.641065138857812,
                    "as": 9.03036724589765,
                    "comp": 67.15031071798876,
                    "dc": 0.03004905115813017
                }
            },
            "std": {
                "reward": 47894,