{
    "N": 60000,
    "arms": [
        0.5312831389183457,
        0.4305408271474019,
        0.3647932131495228,
        0.3404029692470838,
        0.3117709437963945,
        0.2799575821845175,
        0.2788971367974549,
        0.2704135737009544,
        0.24602332979851538,
        0.24602332979851538
    ],
    "boltzmann": {
        "it-50": {
            "args": {
                "alpha_seed": 429,
                "random_arm_seed": 59,
                "reward_seed": 50,
                "sigma_seed": 747,
                "tau": 0.06
            },
            "gen-distributed": {
                "reward": 30158,
                "time": 10.874211092013866,
                "time_by_components": {
                    "R0": 1.0572212706319988,
                    "R1": 0.5994061972014606,
                    "R2": 0.5945330006070435,
                    "R3": 0.5652650324627757,
                    "R4": 0.5770860933698714,
                    "R5": 0.5665853940881789,
                    "R6": 0.5684464876540005,
                    "R7": 0.5682743485085666,
                    "R8": 0.572678096126765,
                    "R9": 0.5633953390643001,
                    "as": 2.6037042709067464,
                    "comp": 0.9368226355873048,
                    "dc": 0
                }
            },
            "gen-secure": {
                "reward": 30158,
                "time": 59.34242805279791,
                "time_by_components": {
                    "R0": 3.8790063560009003,
                    "R1": 3.2250437634065747,
                    "R2": 3.1290455646812916,
                    "R3": 3.058634817134589,
                    "R4": 3.0346240610815585,
                    "R5": 3.0122222481295466,
                    "R6": 3.0062083546072245,
                    "R7": 3.0046925749629736,
                    "R8": 3.013172664679587,
                    "R9": 3.0044704652391374,
                    "as": 3.066259700804949,
                    "comp": 23.308829633053392,
                    "dc": 0.03310523089021444
                }
            },
            "std": {
                "reward": 30158,
                "time": 3.9459614753723145
            }
        }
    },
    "e-greedy": {
        "it-50": {
            "args": {
                "alpha_seed": 895,
                "epsilon": 0.1,
                "epsilon_seed": 626,
                "random_arm_seed": 893,
                "reward_seed": 50,
                "sigma_seed": 631
            },
            "gen-distributed": {
                "reward": 30767,
                "time": 9.848639899864793,
                "time_by_components": {
                    "R0": 1.0061849104240537,
                    "R1": 0.5057742698118091,
                    "R2": 0.5008023916743696,
                    "R3": 0.49931031884625554,
                    "R4": 0.4983756262809038,
                    "R5": 0.4996078363619745,
                    "R6": 0.4993438529781997,
                    "R7": 0.49913253588601947,
                    "R8": 0.4991499469615519,
                    "R9": 0.4992116875946522,
                    "as": 2.5549896666780114,
                    "comp": 0.24679611157625914,
                    "dc": 0
                }
            },
            "gen-secure": {
                "reward": 30767,
                "time": 55.12263474892825,
                "time_by_components": {
                    "R0": 3.604663088452071,
                    "R1": 2.9226375208236277,
                    "R2": 2.8490620008669794,
                    "R3": 2.815740085672587,
                    "R4": 2.7820879109203815,
                    "R5": 2.782103652600199,
                    "R6": 2.7796667008660734,
                    "R7": 2.7810110356658697,
                    "R8": 2.764328271150589,
                    "R9": 2.7595534790307283,
                    "as": 3.0247940188273787,
                    "comp": 21.222193179186434,
                    "dc": 0.03310588374733925
                }
            },
            "std": {
                "reward": 30767,
                "time": 3.6341769695281982
            }
        }
    },
    "e-greedy-decreasing": {
        "it-50": {
            "args": {
                "alpha_seed": 137,
                "epsilon_seed": 429,
                "random_arm_seed": 59,
                "reward_seed": 50,
                "sigma_seed": 352
            },
            "gen-distributed": {
                "reward": 31156,
                "time": 9.974231612402946,
                "time_by_components": {
                    "R0": 1.0366047932766378,
                    "R1": 0.5169430188834667,
                    "R2": 0.5128556462004781,
                    "R3": 0.510250823572278,
                    "R4": 0.5103927822783589,
                    "R5": 0.5096513438038528,
                    "R6": 0.5097890621982515,
                    "R7": 0.5100445179268718,
                    "R8": 0.5097328019328415,
                    "R9": 0.509914789814502,
                    "as": 2.5510543691925704,
                    "comp": 0.23038742365315557,
                    "dc": 0
                }
            },
            "gen-secure": {
                "reward": 31156,
                "time": 55.99453226104379,
                "time_by_components": {
                    "R0": 3.698616160545498,
                    "R1": 2.9902243483811617,
                    "R2": 2.8959358651190996,
                    "R3": 2.862116852309555,
                    "R4": 2.82930073980242,
                    "R5": 2.815961635671556,
                    "R6": 2.820172451902181,
                    "R7": 2.806453660596162,
                    "R8": 2.804295528680086,
                    "R9": 2.8016453720629215,
                    "as": 3.0530085964128375,
                    "comp": 21.5081896497868,
                    "dc": 0.033302364870905876
                }
            },
            "std": {
                "reward": 31156,
                "time": 3.6385276317596436
            }
        }
    },
    "nb_iterations": 50,
    "pursuit": {
        "it-50": {
            "args": {
                "alpha_seed": 429,
                "beta": 0.1,
                "random_arm_seed": 59,
                "reward_seed": 50,
                "sigma_seed": 352
            },
            "gen-distributed": {
                "reward": 31993,
                "time": 20.249287114012986,
                "time_by_components": {
                    "R0": 1.7606367412954569,
                    "R1": 1.1475944826379418,
                    "R2": 1.1287288963794708,
                    "R3": 1.1242676842957735,
                    "R4": 1.1218930259346962,
                    "R5": 1.1308256722986698,
                    "R6": 1.1286275363527238,
                    "R7": 1.1227157362736762,
                    "R8": 1.1226748921908438,
                    "R9": 1.121537083759904,
                    "as": 5.16808776371181,
                    "comp": 1.0671441061422229,
                    "dc": 0
                }
            },
            "gen-secure": {
                "reward": 31993,
                "time": 113.9910982507281,
                "time_by_components": {
                    "R0": 7.166767038404942,
                    "R1": 6.222567671444267,
                    "R2": 5.9591282536275685,
                    "R3": 5.873894869349897,
                    "R4": 5.856926757376641,
                    "R5": 5.797941305208951,
                    "R6": 5.814630982466042,
                    "R7": 5.776794977486134,
                    "R8": 5.817170215770602,
                    "R9": 5.756369833834469,
                    "as": 6.192913697566837,
                    "comp": 44.74180193198845,
                    "dc": 0.033133239950984716
                }
            },
            "std": {
                "reward": 31993,