{
    "N": 100000,
    "arms": [
        0.5312831389183457,
        0.4305408271474019,
        0.3647932131495228,
        0.3404029692470838,
        0.3117709437963945,
        0.2799575821845175,
        0.2788971367974549,
        0.2704135737009544,
        0.24602332979851538,
        0.24602332979851538
    ],
    "boltzmann": {
        "it-39": {
            "args": {
                "alpha_seed": 682,
                "random_arm_seed": 600,
                "reward_seed": 39,
                "sigma_seed": 134,
                "tau": 0.06
            },
            "gen-distributed": {
                "reward": 50057,
                "time": 18.168858542107046,
                "time_by_components": {
                    "R0": 1.7249906309880316,
                    "R1": 1.0690751802176237,
                    "R2": 0.9478093516081572,
                    "R3": 0.9730807626619935,
                    "R4": 0.9612715034745634,
                    "R5": 0.9553397130221128,
                    "R6": 0.9552552807144821,
                    "R7": 0.9427132750861347,
                    "R8": 0.942423022352159,
                    "R9": 0.947381294798106,
                    "as": 4.336648191791028,
                    "comp": 1.5510489037260413,
                    "dc": 0
                }
            },
            "gen-secure": {
                "reward": 50057,
                "time": 96.91029199026525,
                "time_by_components": {
                    "R0": 6.263709152583033,
                    "R1": 5.301080607809126,
                    "R2": 5.031872233375907,
                    "R3": 4.9840793129988015,
                    "R4": 4.917588314507157,
                    "R5": 4.893463135231286,
                    "R6": 4.8700272287242115,
                    "R7": 4.844519626814872,
                    "R8": 4.838355720043182,
                    "R9": 4.841206145472825,
                    "as": 5.149971123319119,
                    "comp": 38.35032572923228,
                    "dc": 0.03309624036774039
                }
            },
            "std": {
                "reward": 50057,
                "time": 6.581517934799194
            }
        }
    },
    "e-greedy": {
        "it-39": {
            "args": {
                "alpha_seed": 465,
                "epsilon": 0.1,
                "epsilon_seed": 262,
                "random_arm_seed": 20,
                "reward_seed": 39,
                "sigma_seed": 740
            },
            "gen-distributed": {
                "reward": 51214,
                "time": 16.377325936686248,
                "time_by_components": {
                    "R0": 1.6765701547265053,
                    "R1": 0.8406740897335112,
                    "R2": 0.8340984336100519,
                    "R3": 0.8319588447920978,
                    "R4": 0.8300748076289892,
                    "R5": 0.8316158936358988,
                    "R6": 0.830836487468332,
                    "R7": 0.83037846442312,
                    "R8": 0.8298304476775229,
                    "R9": 0.8318198453634977,
                    "as": 4.262430811300874,
                    "comp": 0.4105807119049132,
                    "dc": 0
                }
            },
            "gen-secure": {
                "reward": 51214,
                "time": 90.98440893087536,
                "time_by_components": {
                    "R0": 5.942799585405737,
                    "R1": 4.805143570993096,
                    "R2": 4.662712718825787,
                    "R3": 4.611077771522105,
                    "R4": 4.551228538155556,
                    "R5": 4.548208481632173,
                    "R6": 4.5258517153561115,
                    "R7": 4.516034638974816,
                    "R8": 4.511611300054938,
                    "R9": 4.522776740603149,
                    "as": 5.042355247307569,
                    "comp": 35.372399863321334,
                    "dc": 0.033268348313868046
                }
            },
            "std": {
                "reward": 51214,
                "time": 6.069631099700928
            }
        }
    },
    "e-greedy-decreasing": {
        "it-39": {
            "args": {
                "alpha_seed": 800,
                "epsilon_seed": 682,
                "random_arm_seed": 600,
                "reward_seed": 39,
                "sigma_seed": 596
            },
            "gen-distributed": {
                "reward": 51777,
                "time": 16.658286514226347,
                "time_by_components": {
                    "R0": 1.7235623863525689,
                    "R1": 0.8765879343263805,
                    "R2": 0.858926905784756,
                    "R3": 0.857009562663734,
                    "R4": 0.8559611914679408,
                    "R5": 0.8551685996353626,
                    "R6": 0.854080612771213,
                    "R7": 0.8548566149547696,
                    "R8": 0.8536938391625881,
                    "R9": 0.8533230563625693,
                    "as": 4.261905844788998,
                    "comp": 0.37840748578310013,
                    "dc": 0
                }
            },
            "gen-secure": {
                "reward": 51777,
                "time": 91.131314415019,
                "time_by_components": {
                    "R0": 5.973636106122285,
                    "R1": 4.829324636142701,
                    "R2": 4.684074416290969,
                    "R3": 4.628866238053888,
                    "R4": 4.568590535782278,
                    "R5": 4.5786188575439155,
                    "R6": 4.549387125764042,
                    "R7": 4.543359494302422,
                    "R8": 4.536835490260273,
                    "R9": 4.558122240006924,
                    "as": 4.935781694948673,
                    "comp": 35.324939619749784,
                    "dc": 0.03349487716332078
                }
            },
            "std": {
                "reward": 51777,
                "time": 6.161243200302124
            }
        }
    },
    "nb_iterations": 50,
    "pursuit": {
        "it-39": {
            "args": {
                "alpha_seed": 682,
                "beta": 0.1,
                "random_arm_seed": 600,
                "reward_seed": 39,
                "sigma_seed": 596
            },
            "gen-distributed": {
                "reward": 53245,
                "time": 33.59134199516848,
                "time_by_components": {
                    "R0": 2.9174553849734366,
                    "R1": 1.905156725551933,
                    "R2": 1.8709339117631316,
                    "R3": 1.8599901073612273,
                    "R4": 1.8625641260296106,
                    "R5": 1.869444061536342,
                    "R6": 1.8660363396629691,
                    "R7": 1.861180764157325,
                    "R8": 1.8603832321241498,
                    "R9": 1.8662362843751907,
                    "as": 8.566897759679705,
                    "comp": 1.7677506413310766,
                    "dc": 0
                }
            },
            "gen-secure": {
                "reward": 53245,
                "time": 189.54174972791225,
                "time_by_components": {
                    "R0": 11.82364353351295,
                    "R1": 10.297472872305661,
                    "R2": 9.877137364353985,
                    "R3": 9.82782444730401,
                    "R4": 9.614847757387906,
                    "R5": 9.660717391874641,
                    "R6": 9.532420294824988,
                    "R7": 9.596212660893798,
                    "R8": 9.529238077811897,
                    "R9": 9.58640406653285,
                    "as": 10.286774941720068,
                    "comp": 74.87623095372692,
                    "dc": 0.03311940189450979
                }
            },
            "std": {
                "reward": 53245,