{
    "N": 60000,
    "arms": [
        0.5312831389183457,
        0.4305408271474019,
        0.3647932131495228,
        0.3404029692470838,
        0.3117709437963945,
        0.2799575821845175,
        0.2788971367974549,
        0.2704135737009544,
        0.24602332979851538,
        0.24602332979851538
    ],
    "boltzmann": {
        "it-6": {
            "args": {
                "alpha_seed": 87,
                "random_arm_seed": 803,
                "reward_seed": 6,
                "sigma_seed": 462,
                "tau": 0.06
            },
            "gen-distributed": {
                "reward": 30367,
                "time": 10.882501744665205,
                "time_by_components": {
                    "R0": 1.0438161585479975,
                    "R1": 0.6553163635544479,
                    "R2": 0.5896576782688498,
                    "R3": 0.5649442519061267,
                    "R4": 0.5701631205156446,
                    "R5": 0.5646649431437254,
                    "R6": 0.5700934794731438,
                    "R7": 0.5664331335574389,
                    "R8": 0.5608574585057795,
                    "R9": 0.5611367849633098,
                    "as": 2.6107889069244266,
                    "comp": 0.9397797486744821,
                    "dc": 0
                }
            },
            "gen-secure": {
                "reward": 30367,
                "time": 58.8318310957402,
                "time_by_components": {
                    "R0": 3.837557388935238,
                    "R1": 3.2503451285883784,
                    "R2": 3.085783137008548,
                    "R3": 3.032305964268744,
                    "R4": 2.992183456197381,
                    "R5": 2.9809301090426743,
                    "R6": 2.9733385727740824,
                    "R7": 2.966060571372509,
                    "R8": 2.9601631104014814,
                    "R9": 2.9536905363202095,
                    "as": 3.0624667429365218,
                    "comp": 23.074186484795064,
                    "dc": 0.03312713233754039
                }
            },
            "std": {
                "reward": 30367,
                "time": 3.9263081550598145
            }
        }
    },
    "e-greedy": {
        "it-6": {
            "args": {
                "alpha_seed": 944,
                "epsilon": 0.1,
                "epsilon_seed": 841,
                "random_arm_seed": 260,
                "reward_seed": 6,
                "sigma_seed": 422
            },
            "gen-distributed": {
                "reward": 30776,
                "time": 9.830203172750771,
                "time_by_components": {
                    "R0": 1.0105201695114374,
                    "R1": 0.5083122760988772,
                    "R2": 0.5054478729143739,
                    "R3": 0.5077690184116364,
                    "R4": 0.505451335106045,
                    "R5": 0.5012251958251,
                    "R6": 0.5023055365309119,
                    "R7": 0.5013724332675338,
                    "R8": 0.4999000676907599,
                    "R9": 0.505706480704248,
                    "as": 2.5278475182130933,
                    "comp": 0.24165846733376384,
                    "dc": 0
                }
            },
            "gen-secure": {
                "reward": 30776,
                "time": 54.115447317715734,
                "time_by_components": {
                    "R0": 3.5520769665017724,
                    "R1": 2.8739820765331388,
                    "R2": 2.8029756699688733,
                    "R3": 2.7616359014064074,
                    "R4": 2.731325624510646,
                    "R5": 2.7237970419228077,
                    "R6": 2.7173124523833394,
                    "R7": 2.7097512492910028,
                    "R8": 2.704367713071406,
                    "R9": 2.7034549419768155,
                    "as": 2.9388262387365103,
                    "comp": 20.83890313236043,
                    "dc": 0.03309028688818216
                }
            },
            "std": {
                "reward": 30776,
                "time": 3.621583938598633
            }
        }
    },
    "e-greedy-decreasing": {
        "it-6": {
            "args": {
                "alpha_seed": 944,
                "epsilon_seed": 841,
                "random_arm_seed": 260,
                "reward_seed": 6,
                "sigma_seed": 422
            },
            "gen-distributed": {
                "reward": 31134,
                "time": 9.990660796873271,
                "time_by_components": {
                    "R0": 1.0355423167347908,
                    "R1": 0.5179849131964147,
                    "R2": 0.5137439961545169,
                    "R3": 0.5125141753815114,
                    "R4": 0.5112601304426789,
                    "R5": 0.5151481628417969,
                    "R6": 0.5119616189040244,
                    "R7": 0.5113894697278738,
                    "R8": 0.5118224946781993,
                    "R9": 0.5118688992224634,
                    "as": 2.5482867881655693,
                    "comp": 0.22855552658438683,
                    "dc": 0
                }
            },
            "gen-secure": {
                "reward": 31134,
                "time": 55.59084342094138,
                "time_by_components": {
                    "R0": 3.661260440479964,
                    "R1": 2.9632320483215153,
                    "R2": 2.8752753706648946,
                    "R3": 2.8491892092861235,
                    "R4": 2.8079398665577173,
                    "R5": 2.802599661052227,
                    "R6": 2.7968344623222947,
                    "R7": 2.7871925085783005,
                    "R8": 2.7828168338164687,
                    "R9": 2.78233608789742,
                    "as": 2.9926750361919403,
                    "comp": 21.402551971841604,
                    "dc": 0.0305532431229949
                }
            },
            "std": {
                "reward": 31134,
                "time": 3.6170191764831543
            }
        }
    },
    "nb_iterations": 30,
    "pursuit": {
        "it-6": {
            "args": {
                "alpha_seed": 87,
                "beta": 0.1,
                "random_arm_seed": 803,
                "reward_seed": 6,
                "sigma_seed": 935
            },
            "gen-distributed": {
                "reward": 25860,
                "time": 20.2270658868365,
                "time_by_components": {
                    "R0": 1.224215648137033,
                    "R1": 1.6979911383241415,
                    "R2": 1.1381661430932581,
                    "R3": 1.1275375951081514,
                    "R4": 1.1254267035983503,
                    "R5": 1.1265547843649983,
                    "R6": 1.1283525000326335,
                    "R7": 1.127459589857608,
                    "R8": 1.124215742573142,
                    "R9": 1.1273443554528058,
                    "as": 5.16081827878952,
                    "comp": 1.0620784712955356,
                    "dc": 0
                }
            },
            "gen-secure": {
                "reward": 25860,
                "time": 114.35651876172051,
                "time_by_components": {
                    "R0": 6.633679166436195,
                    "R1": 6.7669527949765325,
                    "R2": 6.001856374088675,
                    "R3": 5.880094442982227,
                    "R4": 5.802407573442906,
                    "R5": 5.791161487344652,
                    "R6": 5.843641579151154,
                    "R7": 5.82973767677322,
                    "R8": 5.7608792046085,
                    "R9": 5.753856425173581,
                    "as": 6.132436759304255,
                    "comp": 45.05137101234868,
                    "dc": 0.03331063175573945
                }
            },
            "std": {
                "reward": 25860,