{
    "N": 100000,
    "arms": [
        0.5312831389183457,
        0.4305408271474019,
        0.3647932131495228,
        0.3404029692470838,
        0.3117709437963945,
        0.2799575821845175,
        0.2788971367974549,
        0.2704135737009544,
        0.24602332979851538,
        0.24602332979851538
    ],
    "boltzmann": {
        "it-2": {
            "args": {
                "alpha_seed": 726,
                "random_arm_seed": 93,
                "reward_seed": 2,
                "sigma_seed": 834,
                "tau": 0.06
            },
            "gen-distributed": {
                "reward": 49883,
                "time": 18.147897672839463,
                "time_by_components": {
                    "R0": 1.7276835879310966,
                    "R1": 1.0763687253929675,
                    "R2": 0.9780121678486466,
                    "R3": 0.9624843932688236,
                    "R4": 0.9568156911991537,
                    "R5": 0.9550829911604524,
                    "R6": 0.9497635769657791,
                    "R7": 0.9457530891522765,
                    "R8": 0.9539825622923672,
                    "R9": 0.9497758368961513,
                    "as": 4.338493763934821,
                    "comp": 1.5624322593212128,
                    "dc": 0
                }
            },
            "gen-secure": {
                "reward": 49883,
                "time": 97.87171948794276,
                "time_by_components": {
                    "R0": 6.321611003484577,
                    "R1": 5.33436492132023,
                    "R2": 5.089393174275756,
                    "R3": 5.009293825365603,
                    "R4": 4.947414877358824,
                    "R5": 4.935742245521396,
                    "R6": 4.911233042832464,
                    "R7": 4.901291347108781,
                    "R8": 4.886002368293703,
                    "R9": 4.907586436253041,
                    "as": 5.158950870390981,
                    "comp": 38.71707477327436,
                    "dc": 0.03313876409083605
                }
            },
            "std": {
                "reward": 49883,
                "time": 6.5477142333984375
            }
        }
    },
    "e-greedy": {
        "it-2": {
            "args": {
                "alpha_seed": 483,
                "epsilon": 0.1,
                "epsilon_seed": 445,
                "random_arm_seed": 205,
                "reward_seed": 2,
                "sigma_seed": 496
            },
            "gen-distributed": {
                "reward": 51236,
                "time": 16.458985042292625,
                "time_by_components": {
                    "R0": 1.6930792229250073,
                    "R1": 0.8474155403673649,
                    "R2": 0.8394092135131359,
                    "R3": 0.8379363659769297,
                    "R4": 0.8386640581302345,
                    "R5": 0.8409746321849525,
                    "R6": 0.8381282859481871,
                    "R7": 0.8364614872261882,
                    "R8": 0.8354083457961679,
                    "R9": 0.8359694294631481,
                    "as": 4.278752125799656,
                    "comp": 0.40693980548530817,
                    "dc": 0
                }
            },
            "gen-secure": {
                "reward": 51236,
                "time": 90.9162152800709,
                "time_by_components": {
                    "R0": 5.9543325724080205,
                    "R1": 4.800042320042849,
                    "R2": 4.65664446959272,
                    "R3": 4.602285264059901,
                    "R4": 4.551632450893521,
                    "R5": 4.53355901222676,
                    "R6": 4.519841239321977,
                    "R7": 4.513599781319499,
                    "R8": 4.544720864389092,
                    "R9": 4.547358333598822,
                    "as": 4.986014689318836,
                    "comp": 35.25117543525994,
                    "dc": 0.03344568284228444
                }
            },
            "std": {
                "reward": 51236,
                "time": 6.041318893432617
            }
        }
    },
    "e-greedy-decreasing": {
        "it-2": {
            "args": {
                "alpha_seed": 483,
                "epsilon_seed": 445,
                "random_arm_seed": 205,
                "reward_seed": 2,
                "sigma_seed": 496
            },
            "gen-distributed": {
                "reward": 51922,
                "time": 16.70337801380083,
                "time_by_components": {
                    "R0": 1.7388960025273263,
                    "R1": 0.8677968699485064,
                    "R2": 0.8609735500067472,
                    "R3": 0.858310058247298,
                    "R4": 0.8581232451833785,
                    "R5": 0.8587050088681281,
                    "R6": 0.8579211276955903,
                    "R7": 0.8574258647859097,
                    "R8": 0.8575664516538382,
                    "R9": 0.8576409425586462,
                    "as": 4.260470583103597,
                    "comp": 0.37509037367999554,
                    "dc": 0
                }
            },
            "gen-secure": {
                "reward": 51922,
                "time": 90.70801217108965,
                "time_by_components": {
                    "R0": 5.983229569159448,
                    "R1": 4.800501301884651,
                    "R2": 4.658696467988193,
                    "R3": 4.605816157069057,
                    "R4": 4.558163148816675,
                    "R5": 4.540661400184035,
                    "R6": 4.529283673502505,
                    "R7": 4.520368502475321,
                    "R8": 4.51315746223554,
                    "R9": 4.511885393410921,
                    "as": 4.9166658953763545,
                    "comp": 35.138677357696,
                    "dc": 0.030488444957882166
                }
            },
            "std": {
                "reward": 51922,
                "time": 6.076326847076416
            }
        }
    },
    "nb_iterations": 30,
    "pursuit": {
        "it-2": {
            "args": {
                "alpha_seed": 726,
                "beta": 0.1,
                "random_arm_seed": 93,
                "reward_seed": 2,
                "sigma_seed": 327
            },
            "gen-distributed": {
                "reward": 53251,
                "time": 33.13580077700317,
                "time_by_components": {
                    "R0": 2.8992216465994716,
                    "R1": 1.88976328400895,
                    "R2": 1.8566952031105757,
                    "R3": 1.8483690675348043,
                    "R4": 1.8444800372235477,
                    "R5": 1.8479490960016847,
                    "R6": 1.8456042767502367,
                    "R7": 1.8437114176340401,
                    "R8": 1.83997444761917,
                    "R9": 1.8455118327401578,
                    "as": 8.481346315704286,
                    "comp": 1.735312080476433,
                    "dc": 0
                }
            },
            "gen-secure": {
                "reward": 53251,
                "time": 190.0424806731753,
                "time_by_components": {
                    "R0": 11.898092647083104,
                    "R1": 10.328845351934433,
                    "R2": 9.86307726521045,
                    "R3": 9.809855392668396,
                    "R4": 9.674454109277576,
                    "R5": 9.650848234072328,
                    "R6": 9.605862570460886,
                    "R7": 9.588883363641798,
                    "R8": 9.52359332004562,
                    "R9": 9.49602789990604,
                    "as": 10.262063921894878,
                    "comp": 75.16580110695213,
                    "dc": 0.0330756320618093
                }
            },
            "std": {
                "reward": 53251,
                "time": 10.702659606933594
            }
        }
    },