{
    "N": 70000,
    "arms": [
        0.5312831389183457,
        0.4305408271474019,
        0.3647932131495228,
        0.3404029692470838,
        0.3117709437963945,
        0.2799575821845175,
        0.2788971367974549,
        0.2704135737009544,
        0.24602332979851538,
        0.24602332979851538
    ],
    "boltzmann": {
        "it-23": {
            "args": {
                "alpha_seed": 41,
                "random_arm_seed": 651,
                "reward_seed": 23,
                "sigma_seed": 473,
                "tau": 0.06
            },
            "gen-distributed": {
                "reward": 33828,
                "time": 12.200054660905153,
                "time_by_components": {
                    "R0": 1.098129108082503,
                    "R1": 0.7696146573871374,
                    "R2": 0.6632044706493616,
                    "R3": 0.6493931319564581,
                    "R4": 0.6488071219064295,
                    "R5": 0.6403583809733391,
                    "R6": 0.6406560712493956,
                    "R7": 0.6348577435128391,
                    "R8": 0.638710708823055,
                    "R9": 0.6371281081810594,
                    "as": 2.907784409355372,
                    "comp": 1.0590594531968236,
                    "dc": 0
                }
            },
            "gen-secure": {
                "reward": 33828,
                "time": 68.68849447742105,
                "time_by_components": {
                    "R0": 4.319887739606202,
                    "R1": 3.7969552879221737,
                    "R2": 3.6011275672353804,
                    "R3": 3.5779065499082208,
                    "R4": 3.5104047511704266,
                    "R5": 3.5035216389223933,
                    "R6": 3.484581844881177,
                    "R7": 3.469884818419814,
                    "R8": 3.463737467303872,
                    "R9": 3.5037212567403913,
                    "as": 3.3913917569443583,
                    "comp": 27.129097164142877,
                    "dc": 0.03312220983207226
                }
            },
            "std": {
                "reward": 33828,
                "time": 4.674361228942871
            }
        }
    },
    "e-greedy": {
        "it-23": {
            "args": {
                "alpha_seed": 699,
                "epsilon": 0.1,
                "epsilon_seed": 309,
                "random_arm_seed": 20,
                "reward_seed": 23,
                "sigma_seed": 219
            },
            "gen-distributed": {
                "reward": 35938,
                "time": 11.357694127131253,
                "time_by_components": {
                    "R0": 1.1741804466582835,
                    "R1": 0.5919834044761956,
                    "R2": 0.5862100142985582,
                    "R3": 0.5825739628635347,
                    "R4": 0.581785196904093,
                    "R5": 0.5864313268102705,
                    "R6": 0.5830857530236244,
                    "R7": 0.5830851630307734,
                    "R8": 0.5827487027272582,
                    "R9": 0.5831815735436976,
                    "as": 2.91067852685228,
                    "comp": 0.2760449224151671,
                    "dc": 0
                }
            },
            "gen-secure": {
                "reward": 35938,
                "time": 62.66547583602369,
                "time_by_components": {
                    "R0": 4.0878333915025,
                    "R1": 3.313017066102475,
                    "R2": 3.2288690265268087,
                    "R3": 3.185897591523826,
                    "R4": 3.170523262117058,
                    "R5": 3.1683568535372615,
                    "R6": 3.1289572273381054,
                    "R7": 3.1469081034883857,
                    "R8": 3.1161324246786535,
                    "R9": 3.111063166987151,
                    "as": 3.3875777279026806,
                    "comp": 24.242511509452015,
                    "dc": 0.03314052103087306
                }
            },
            "std": {
                "reward": 35938,
                "time": 4.2488014698028564
            }
        }
    },
    "e-greedy-decreasing": {
        "it-23": {
            "args": {
                "alpha_seed": 699,
                "epsilon_seed": 309,
                "random_arm_seed": 20,
                "reward_seed": 23,
                "sigma_seed": 219
            },
            "gen-distributed": {
                "reward": 36393,
                "time": 11.523575280793011,
                "time_by_components": {
                    "R0": 1.2010776163078845,
                    "R1": 0.5986528913490474,
                    "R2": 0.5925780409015715,
                    "R3": 0.5920559442602098,
                    "R4": 0.5926907397806644,
                    "R5": 0.5927800852805376,
                    "R6": 0.5923487157560885,
                    "R7": 0.5920119732618332,
                    "R8": 0.591254276689142,
                    "R9": 0.5924001871608198,
                    "as": 2.943510418292135,
                    "comp": 0.26726387441158295,
                    "dc": 0
                }
            },
            "gen-secure": {
                "reward": 36393,
                "time": 65.0786300720647,
                "time_by_components": {
                    "R0": 4.298026784323156,
                    "R1": 3.465128638781607,
                    "R2": 3.3537357030436397,
                    "R3": 3.349778967909515,
                    "R4": 3.2823983910493553,
                    "R5": 3.2655866383574903,
                    "R6": 3.2691306052729487,
                    "R7": 3.2597195957787335,
                    "R8": 3.2603055527433753,
                    "R9": 3.2479390129446983,
                    "as": 3.5312516866251826,
                    "comp": 25.05618347460404,
                    "dc": 0.03340722480788827
                }
            },
            "std": {
                "reward": 36393,
                "time": 4.234388589859009
            }
        }
    },
    "nb_iterations": 30,
    "pursuit": {
        "it-23": {
            "args": {
                "alpha_seed": 41,
                "beta": 0.1,
                "random_arm_seed": 651,
                "reward_seed": 23,
                "sigma_seed": 620
            },
            "gen-distributed": {
                "reward": 30205,
                "time": 23.54374505393207,
                "time_by_components": {
                    "R0": 1.4247249742038548,
                    "R1": 1.977298233192414,
                    "R2": 1.3250271785072982,
                    "R3": 1.313643669243902,
                    "R4": 1.3103149416856468,
                    "R5": 1.3159453039988875,
                    "R6": 1.311042798217386,
                    "R7": 1.3100978354923427,
                    "R8": 1.3118208325468004,
                    "R9": 1.3096293504349887,
                    "as": 5.992814185563475,
                    "comp": 1.2331531653180718,
                    "dc": 0
                }
            },
            "gen-secure": {
                "reward": 30205,
                "time": 134.39621162600815,
                "time_by_components": {
                    "R0": 7.772979818284512,
                    "R1": 7.944419450126588,
                    "R2": 7.082502894103527,
                    "R3": 6.904591575264931,
                    "R4": 6.865437525790185,
                    "R5": 6.808406330179423,
                    "R6": 6.766069094650447,
                    "R7": 6.81429370585829,
                    "R8": 6.806332845240831,
                    "R9": 6.739056673366576,
                    "as": 7.113835391122848,
                    "comp": 53.1016384633258,
                    "dc": 0.03365782601758838
                }
            },
            "std": {
                "reward": 30205,