{
    "N": 50000,
    "arms": [
        0.5312831389183457,
        0.4305408271474019,
        0.3647932131495228,
        0.3404029692470838,
        0.3117709437963945,
        0.2799575821845175,
        0.2788971367974549,
        0.2704135737009544,
        0.24602332979851538,
        0.24602332979851538
    ],
    "boltzmann": {
        "it-15": {
            "args": {
                "alpha_seed": 759,
                "random_arm_seed": 421,
                "reward_seed": 15,
                "sigma_seed": 723,
                "tau": 0.06
            },
            "gen-distributed": {
                "reward": 25281,
                "time": 9.05522260023281,
                "time_by_components": {
                    "R0": 0.8852991573512554,
                    "R1": 0.518686730414629,
                    "R2": 0.4965471397154033,
                    "R3": 0.47347433352842927,
                    "R4": 0.4831387693993747,
                    "R5": 0.4804204669781029,
                    "R6": 0.47381562599912286,
                    "R7": 0.47008752450346947,
                    "R8": 0.4705765098333359,
                    "R9": 0.4724568030796945,
                    "as": 2.1486831377260387,
                    "comp": 0.7761166039854288,
                    "dc": 0
                }
            },
            "gen-secure": {
                "reward": 25281,
                "time": 49.31250072084367,
                "time_by_components": {
                    "R0": 3.2322184345684946,
                    "R1": 2.690417548175901,
                    "R2": 2.6006160560064018,
                    "R3": 2.5567749552428722,
                    "R4": 2.5246672346256673,
                    "R5": 2.51295218244195,
                    "R6": 2.4960280884988606,
                    "R7": 2.4885762352496386,
                    "R8": 2.4891718765720725,
                    "R9": 2.4940001289360225,
                    "as": 2.5527070737443864,
                    "comp": 19.281416278332472,
                    "dc": 0.03322857292369008
                }
            },
            "std": {
                "reward": 25281,
                "time": 3.2365527153015137
            }
        }
    },
    "e-greedy": {
        "it-15": {
            "args": {
                "alpha_seed": 834,
                "epsilon": 0.1,
                "epsilon_seed": 654,
                "random_arm_seed": 260,
                "reward_seed": 15,
                "sigma_seed": 681
            },
            "gen-distributed": {
                "reward": 25659,
                "time": 8.109413793776184,
                "time_by_components": {
                    "R0": 0.8377497754991055,
                    "R1": 0.41989816911518574,
                    "R2": 0.41565351840108633,
                    "R3": 0.4149928046390414,
                    "R4": 0.4144630115479231,
                    "R5": 0.4136508218944073,
                    "R6": 0.4139145747758448,
                    "R7": 0.413969234097749,
                    "R8": 0.41329103242605925,
                    "R9": 0.41428486350923777,
                    "as": 2.0940689318813384,
                    "comp": 0.19752303883433342,
                    "dc": 0
                }
            },
            "gen-secure": {
                "reward": 25659,
                "time": 45.838951963,
                "time_by_components": {
                    "R0": 3.020430355332792,
                    "R1": 2.4471022076904774,
                    "R2": 2.375406512990594,
                    "R3": 2.350887610577047,
                    "R4": 2.3210730352438986,
                    "R5": 2.3164061470888555,
                    "R6": 2.314889684319496,
                    "R7": 2.307891913689673,
                    "R8": 2.3029576665721834,
                    "R9": 2.306924315635115,
                    "as": 2.4545023776590824,
                    "comp": 17.580512231681496,
                    "dc": 0.033161032013595104
                }
            },
            "std": {
                "reward": 25659,
                "time": 2.732992172241211
            }
        }
    },
    "e-greedy-decreasing": {
        "it-15": {
            "args": {
                "alpha_seed": 834,
                "epsilon_seed": 654,
                "random_arm_seed": 260,
                "reward_seed": 15,
                "sigma_seed": 681
            },
            "gen-distributed": {
                "reward": 25912,
                "time": 8.309469480998814,
                "time_by_components": {
                    "R0": 0.8637407817877829,
                    "R1": 0.43216400779783726,
                    "R2": 0.42779278103262186,
                    "R3": 0.4255412630736828,
                    "R4": 0.4251593234948814,
                    "R5": 0.4249079888686538,
                    "R6": 0.4254848724231124,
                    "R7": 0.4247128972783685,
                    "R8": 0.4251950611360371,
                    "R9": 0.4252448854967952,
                    "as": 2.132250635419041,
                    "comp": 0.19333956018090248,
                    "dc": 0
                }
            },
            "gen-secure": {
                "reward": 25912,
                "time": 46.609639471396804,
                "time_by_components": {
                    "R0": 3.08440244756639,
                    "R1": 2.497676905244589,
                    "R2": 2.4287223066203296,
                    "R3": 2.3962385449558496,
                    "R4": 2.368282350245863,
                    "R5": 2.360125469043851,
                    "R6": 2.352998553775251,
                    "R7": 2.3464423487894237,
                    "R8": 2.344659820664674,
                    "R9": 2.3430340816266835,
                    "as": 2.507817725185305,
                    "comp": 17.839983504731208,
                    "dc": 0.03306477703154087
                }
            },
            "std": {
                "reward": 25912,
                "time": 3.029391050338745
            }
        }
    },
    "nb_iterations": 30,
    "pursuit": {
        "it-15": {
            "args": {
                "alpha_seed": 759,
                "beta": 0.1,
                "random_arm_seed": 421,
                "reward_seed": 15,
                "sigma_seed": 881
            },
            "gen-distributed": {
                "reward": 26693,
                "time": 16.54222895903513,
                "time_by_components": {
                    "R0": 1.4510284811258316,
                    "R1": 0.9446904663927853,
                    "R2": 0.930017446167767,
                    "R3": 0.9228820567950606,
                    "R4": 0.9235397255979478,
                    "R5": 0.9233661689795554,
                    "R6": 0.9230807567946613,
                    "R7": 0.9198180297389627,
                    "R8": 0.9207827574573457,
                    "R9": 0.9211068642325699,
                    "as": 4.1882438329048455,
                    "comp": 0.8695083116181195,
                    "dc": 0
                }
            },
            "gen-secure": {
                "reward": 26693,
                "time": 95.44498431030661,
                "time_by_components": {
                    "R0": 6.004216426983476,
                    "R1": 5.1762213301844895,
                    "R2": 5.03159105964005,
                    "R3": 4.92368556978181,
                    "R4": 4.898164699785411,
                    "R5": 4.886304657906294,
                    "R6": 4.8467684192582965,
                    "R7": 4.844789957161993,
                    "R8": 4.856893282849342,
                    "R9": 4.851496866904199,
                    "as": 5.090390582103282,
                    "comp": 37.423907838296145,
                    "dc": 0.03320038504898548
                }
            },
            "std": {
                "reward": 26693,