{
    "N": 60000,
    "arms": [
        0.5312831389183457,
        0.4305408271474019,
        0.3647932131495228,
        0.3404029692470838,
        0.3117709437963945,
        0.2799575821845175,
        0.2788971367974549,
        0.2704135737009544,
        0.24602332979851538,
        0.24602332979851538
    ],
    "boltzmann": {
        "it-26": {
            "args": {
                "alpha_seed": 38,
                "random_arm_seed": 517,
                "reward_seed": 26,
                "sigma_seed": 499,
                "tau": 0.06
            },
            "gen-distributed": {
                "reward": 29492,
                "time": 10.924904824234545,
                "time_by_components": {
                    "R0": 1.0000841855071485,
                    "R1": 0.6857269937172532,
                    "R2": 0.5957974935881793,
                    "R3": 0.5771536557003856,
                    "R4": 0.57564906636253,
                    "R5": 0.5762234251014888,
                    "R6": 0.5682359617203474,
                    "R7": 0.572200816590339,
                    "R8": 0.5661091520451009,
                    "R9": 0.5701670008711517,
                    "as": 2.6094996463507414,
                    "comp": 0.9427828225307167,
                    "dc": 0
                }
            },
            "gen-secure": {
                "reward": 29492,
                "time": 59.62885990506038,
                "time_by_components": {
                    "R0": 3.8556132214143872,
                    "R1": 3.396008983720094,
                    "R2": 3.118896807078272,
                    "R3": 3.06342387618497,
                    "R4": 3.0294553921557963,
                    "R5": 3.0158271002583206,
                    "R6": 3.0033208336681128,
                    "R7": 2.9961473918519914,
                    "R8": 2.9926338740624487,
                    "R9": 3.0021851579658687,
                    "as": 3.1202433914877474,
                    "comp": 23.365637832786888,
                    "dc": 0.03322383388876915
                }
            },
            "std": {
                "reward": 29492,
                "time": 3.8952996730804443
            }
        }
    },
    "e-greedy": {
        "it-26": {
            "args": {
                "alpha_seed": 78,
                "epsilon": 0.1,
                "epsilon_seed": 586,
                "random_arm_seed": 745,
                "reward_seed": 26,
                "sigma_seed": 192
            },
            "gen-distributed": {
                "reward": 30665,
                "time": 9.742847236339003,
                "time_by_components": {
                    "R0": 1.0013101221993566,
                    "R1": 0.5050543816760182,
                    "R2": 0.5074706771411002,
                    "R3": 0.5000457791611552,
                    "R4": 0.4996935143135488,
                    "R5": 0.5032809334807098,
                    "R6": 0.4993666848167777,
                    "R7": 0.49957005586475134,
                    "R8": 0.4989099716767669,
                    "R9": 0.49909318471327424,
                    "as": 2.5056262025609612,
                    "comp": 0.23585934890434146,
                    "dc": 0
                }
            },
            "gen-secure": {
                "reward": 30665,
                "time": 52.24369826866314,
                "time_by_components": {
                    "R0": 3.441743578761816,
                    "R1": 2.7626853715628386,
                    "R2": 2.6904875990003347,
                    "R3": 2.654021135531366,
                    "R4": 2.623743492178619,
                    "R5": 2.6850331528112292,
                    "R6": 2.616561899892986,
                    "R7": 2.6093366146087646,
                    "R8": 2.6029765107668936,
                    "R9": 2.6003500102087855,
                    "as": 2.847345205489546,
                    "comp": 20.131836655549705,
                    "dc": 0.030850565992295742
                }
            },
            "std": {
                "reward": 30665,
                "time": 3.577511787414551
            }
        }
    },
    "e-greedy-decreasing": {
        "it-26": {
            "args": {
                "alpha_seed": 78,
                "epsilon_seed": 586,
                "random_arm_seed": 745,
                "reward_seed": 26,
                "sigma_seed": 192
            },
            "gen-distributed": {
                "reward": 31146,
                "time": 9.979746009223163,
                "time_by_components": {
                    "R0": 1.0388270900584757,
                    "R1": 0.5170712806284428,
                    "R2": 0.5128298406489193,
                    "R3": 0.5117659578099847,
                    "R4": 0.5118301189504564,
                    "R5": 0.5115289469249547,
                    "R6": 0.5102730821818113,
                    "R7": 0.5098646339029074,
                    "R8": 0.5094065959565341,
                    "R9": 0.5105261215940118,
                    "as": 2.5502936439588666,
                    "comp": 0.23265711776912212,
                    "dc": 0
                }
            },
            "gen-secure": {
                "reward": 31146,
                "time": 56.89072638284415,
                "time_by_components": {
                    "R0": 3.742614587303251,
                    "R1": 3.0289045786485076,
                    "R2": 2.9454753352329135,
                    "R3": 2.9200978982262313,
                    "R4": 2.8838806319981813,
                    "R5": 2.872618642169982,
                    "R6": 2.857880812138319,
                    "R7": 2.8547478606924415,
                    "R8": 2.848207797855139,
                    "R9": 2.8514961930923164,
                    "as": 3.024558557663113,
                    "comp": 21.923849187325686,
                    "dc": 0.03308361815288663
                }
            },
            "std": {
                "reward": 31146,
                "time": 3.7258031368255615
            }
        }
    },
    "nb_iterations": 30,
    "pursuit": {
        "it-26": {
            "args": {
                "alpha_seed": 38,
                "beta": 0.1,
                "random_arm_seed": 517,
                "reward_seed": 26,
                "sigma_seed": 541
            },
            "gen-distributed": {
                "reward": 25856,
                "time": 20.03781957179308,
                "time_by_components": {
                    "R0": 1.2152059176005423,
                    "R1": 1.6858546906150877,
                    "R2": 1.1281238086521626,
                    "R3": 1.12151934299618,
                    "R4": 1.1176736154593527,
                    "R5": 1.1232154127210379,
                    "R6": 1.120051171630621,
                    "R7": 1.1243513310328126,
                    "R8": 1.1177899595350027,
                    "R9": 1.120476394891739,
                    "as": 5.082143965642899,
                    "comp": 1.0399239570833743,
                    "dc": 0
                }
            },
            "gen-secure": {
                "reward": 25856,
                "time": 115.14886864693835,
                "time_by_components": {
                    "R0": 6.63780874479562,
                    "R1": 6.828625396359712,
                    "R2": 6.035089050419629,
                    "R3": 5.917706688866019,
                    "R4": 5.915183600503951,
                    "R5": 5.894875305239111,
                    "R6": 5.820122868288308,
                    "R7": 5.794890692923218,
                    "R8": 5.830613173544407,
                    "R9": 5.845546710304916,
                    "as": 6.23867951054126,
                    "comp": 45.21982112200931,
                    "dc": 0.045227848924696445
                }
            },
            "std": {
                "reward": 25856,