{
    "N": 60000,
    "arms": [
        0.5312831389183457,
        0.4305408271474019,
        0.3647932131495228,
        0.3404029692470838,
        0.3117709437963945,
        0.2799575821845175,
        0.2788971367974549,
        0.2704135737009544,
        0.24602332979851538,
        0.24602332979851538
    ],
    "boltzmann": {
        "it-10": {
            "args": {
                "alpha_seed": 52,
                "random_arm_seed": 76,
                "reward_seed": 10,
                "sigma_seed": 884,
                "tau": 0.06
            },
            "gen-distributed": {
                "reward": 30029,
                "time": 10.909039777237922,
                "time_by_components": {
                    "R0": 1.0499052656814456,
                    "R1": 0.6257085748948157,
                    "R2": 0.5954440711066127,
                    "R3": 0.5791289894841611,
                    "R4": 0.5734279537573457,
                    "R5": 0.5751913976855576,
                    "R6": 0.5750217167660594,
                    "R7": 0.5717347552999854,
                    "R8": 0.5695906868204474,
                    "R9": 0.5696085938252509,
                    "as": 2.593122133985162,
                    "comp": 0.9396193102002144,
                    "dc": 0
                }
            },
            "gen-secure": {
                "reward": 30029,
                "time": 59.56450365995988,
                "time_by_components": {
                    "R0": 3.885468148160726,
                    "R1": 3.239429878536612,
                    "R2": 3.116629084572196,
                    "R3": 3.0719174942933023,
                    "R4": 3.0390051607973874,
                    "R5": 3.053525392431766,
                    "R6": 3.011045013088733,
                    "R7": 2.9997913856059313,
                    "R8": 3.0008476772345603,
                    "R9": 2.9962191418744624,
                    "as": 3.1003359598107636,
                    "comp": 23.37635848298669,
                    "dc": 0.03331483993679285
                }
            },
            "std": {
                "reward": 30029,
                "time": 3.9559683799743652
            }
        }
    },
    "e-greedy": {
        "it-10": {
            "args": {
                "alpha_seed": 689,
                "epsilon": 0.1,
                "epsilon_seed": 326,
                "random_arm_seed": 626,
                "reward_seed": 10,
                "sigma_seed": 379
            },
            "gen-distributed": {
                "reward": 30766,
                "time": 9.71989338286221,
                "time_by_components": {
                    "R0": 1.0065919416956604,
                    "R1": 0.5047886562533677,
                    "R2": 0.49958765460178256,
                    "R3": 0.4983315677382052,
                    "R4": 0.4978484744206071,
                    "R5": 0.5006267824210227,
                    "R6": 0.4987474731169641,
                    "R7": 0.49895204650238156,
                    "R8": 0.49757404485717416,
                    "R9": 0.49676797445863485,
                    "as": 2.488691932056099,
                    "comp": 0.23798210127279162,
                    "dc": 0
                }
            },
            "gen-secure": {
                "reward": 30766,
                "time": 54.54144732002169,
                "time_by_components": {
                    "R0": 3.5668848208151758,
                    "R1": 2.894902206491679,
                    "R2": 2.8196521275676787,
                    "R3": 2.7866014963947237,
                    "R4": 2.758853306528181,
                    "R5": 2.755282416474074,
                    "R6": 2.7476221532560885,
                    "R7": 2.739560018759221,
                    "R8": 2.7399786855094135,
                    "R9": 2.736994879785925,
                    "as": 2.9351332606747746,
                    "comp": 21.002648351248354,
                    "dc": 0.03302921028807759
                }
            },
            "std": {
                "reward": 30766,
                "time": 3.6120166778564453
            }
        }
    },
    "e-greedy-decreasing": {
        "it-10": {
            "args": {
                "alpha_seed": 689,
                "epsilon_seed": 326,
                "random_arm_seed": 626,
                "reward_seed": 10,
                "sigma_seed": 379
            },
            "gen-distributed": {
                "reward": 31124,
                "time": 9.993940450251102,
                "time_by_components": {
                    "R0": 1.0386096094734967,
                    "R1": 0.5185013925656676,
                    "R2": 0.514326844830066,
                    "R3": 0.5134266731329262,
                    "R4": 0.5139319244772196,
                    "R5": 0.5134204714559019,
                    "R6": 0.5148862674832344,
                    "R7": 0.5131732085719705,
                    "R8": 0.5127560747787356,
                    "R9": 0.513135636691004,
                    "as": 2.5489185424521565,
                    "comp": 0.22894989419728518,
                    "dc": 0
                }
            },
            "gen-secure": {
                "reward": 31124,
                "time": 56.39730237796903,
                "time_by_components": {
                    "R0": 3.7246083859354258,
                    "R1": 3.0090074418112636,
                    "R2": 2.9167752722278237,
                    "R3": 2.8798607452772558,
                    "R4": 2.8642405699938536,
                    "R5": 2.864587426185608,
                    "R6": 2.8269592886790633,
                    "R7": 2.8215692155063152,
                    "R8": 2.8155622398480773,
                    "R9": 2.8197525199502707,
                    "as": 3.037943625357002,
                    "comp": 21.71286740479991,
                    "dc": 0.033267800230532885
                }
            },
            "std": {
                "reward": 31124,
                "time": 3.6898446083068848
            }
        }
    },
    "nb_iterations": 30,
    "pursuit": {
        "it-10": {
            "args": {
                "alpha_seed": 52,
                "beta": 0.1,
                "random_arm_seed": 76,
                "reward_seed": 10,
                "sigma_seed": 816
            },
            "gen-distributed": {
                "reward": 32008,
                "time": 20.003700979985297,
                "time_by_components": {
                    "R0": 1.7543389764614403,
                    "R1": 1.1407470609992743,
                    "R2": 1.125098118558526,
                    "R3": 1.1181766516529024,
                    "R4": 1.1164379017427564,
                    "R5": 1.119113496504724,
                    "R6": 1.119313655886799,
                    "R7": 1.1190671133808792,
                    "R8": 1.1177319223061204,
                    "R9": 1.1155472630634904,
                    "as": 5.079084191937,
                    "comp": 1.0517847025766969,
                    "dc": 0
                }
            },
            "gen-secure": {
                "reward": 32008,
                "time": 112.66919722687453,
                "time_by_components": {
                    "R0": 7.109133730176836,
                    "R1": 6.089465955272317,
                    "R2": 5.933939459733665,
                    "R3": 5.85947933467105,
                    "R4": 5.7272153231315315,
                    "R5": 5.694577763322741,
                    "R6": 5.673360092099756,
                    "R7": 5.731056883465499,
                    "R8": 5.737167101819068,
                    "R9": 5.693382408469915,
                    "as": 6.0606497367843986,
                    "comp": 44.28359464276582,
                    "dc": 0.03337306575849652
                }
            },
            "std": {
                "reward": 32008,