{
    "N": 100000,
    "arms": [
        0.5312831389183457,
        0.4305408271474019,
        0.3647932131495228,
        0.3404029692470838,
        0.3117709437963945,
        0.2799575821845175,
        0.2788971367974549,
        0.2704135737009544,
        0.24602332979851538,
        0.24602332979851538,
        0.23966065747614,
        0.23860021208907742,
        0.23223753976670203,
        0.22375397667020147,
        0.21208907741251326,
        0.19936373276776245,
        0.17709437963944857,
        0.17709437963944857,
        0.17179215270413573,
        0.16861081654294804
    ],
    "boltzmann": {
        "it-7": {
            "args": {
                "alpha_seed": 316,
                "random_arm_seed": 785,
                "reward_seed": 7,
                "sigma_seed": 861,
                "tau": 0.06
            },
            "gen-distributed": {
                "reward": 48768,
                "time": 30.02823215071112,
                "time_by_components": {
                    "R0": 1.7087853350676596,
                    "R1": 1.0599873261526227,
                    "R10": 0.9445570786483586,
                    "R11": 0.9500152198597789,
                    "R12": 0.9486185247078538,
                    "R13": 0.9462809143587947,
                    "R14": 0.9448648099787533,
                    "R15": 0.9464315120130777,
                    "R16": 0.9428358776494861,
                    "R17": 0.9439819827675819,
                    "R18": 0.9425453958101571,
                    "R19": 0.942526145838201,
                    "R2": 0.9913162426091731,
                    "R3": 0.9708361444063485,
                    "R4": 0.9576766747049987,
                    "R5": 0.9609951740130782,
                    "R6": 0.9569286066107452,
                    "R7": 0.9472339022904634,
                    "R8": 0.9471354652196169,
                    "R9": 0.9518106458708644,
                    "as": 5.2413044036366045,
                    "comp": 1.7083754874765873,
                    "dc": 0
                }
            },
            "gen-secure": {
                "reward": 48768,
                "time": 185.4862505150959,
                "time_by_components": {
                    "R0": 6.474314707797021,
                    "R1": 5.3546327208168805,
                    "R10": 4.8822860065847635,
                    "R11": 4.876797334291041,
                    "R12": 4.8673943295143545,
                    "R13": 4.862051079981029,
                    "R14": 4.854384955018759,
                    "R15": 4.862557014450431,
                    "R16": 4.8588546817190945,
                    "R17": 4.866284011863172,
                    "R18": 4.853615317959338,
                    "R19": 4.8523897235281765,
                    "R2": 5.113699362613261,
                    "R3": 5.022384067066014,
                    "R4": 4.940884775482118,
                    "R5": 4.96151882968843,
                    "R6": 4.938560668379068,
                    "R7": 4.908503203652799,
                    "R8": 4.897570253815502,
                    "R9": 4.889143472071737,
                    "as": 6.309551070909947,
                    "comp": 74.41475880052894,
                    "dc": 0.0331937400624156
                }
            },
            "std": {
                "reward": 48768,
                "time": 7.8264875411987305
            }
        }
    },
    "e-greedy": {
        "it-7": {
            "args": {
                "alpha_seed": 72,
                "epsilon": 0.1,
                "epsilon_seed": 765,
                "random_arm_seed": 504,
                "reward_seed": 7,
                "sigma_seed": 572
            },
            "gen-distributed": {
                "reward": 50511,
                "time": 26.827448327094316,
                "time_by_components": {
                    "R0": 1.6946283290162683,
                    "R1": 0.8524528667330742,
                    "R10": 0.8288757945410907,
                    "R11": 0.8307219161652029,
                    "R12": 0.8292861059308052,
                    "R13": 0.8290919046849012,
                    "R14": 0.8312455271370709,
                    "R15": 0.8294178089126945,
                    "R16": 0.8297173473984003,
                    "R17": 0.8262369679287076,
                    "R18": 0.8273551505990326,
                    "R19": 0.83150371350348,
                    "R2": 0.83333361428231,
                    "R3": 0.8319191639311612,
                    "R4": 0.830908824224025,
                    "R5": 0.8295074999332428,
                    "R6": 0.8300582598894835,
                    "R7": 0.8304432453587651,
                    "R8": 0.8296507028862834,
                    "R9": 0.8308536345139146,
                    "as": 5.095830419100821,
                    "comp": 0.49647716572508216,
                    "dc": 0
                }
            },
            "gen-secure": {
                "reward": 50511,
                "time": 171.2206766391173,
                "time_by_components": {
                    "R0": 6.086336586158723,
                    "R1": 4.818359113764018,
                    "R10": 4.494196989107877,
                    "R11": 4.461661658715457,
                    "R12": 4.491133169736713,
                    "R13": 4.472940682433546,
                    "R14": 4.451405433006585,
                    "R15": 4.452230764552951,
                    "R16": 4.449465494137257,
                    "R17": 4.44584540463984,
                    "R18": 4.444660797715187,
                    "R19": 4.456841506063938,
                    "R2": 4.639669146388769,
                    "R3": 4.593993427231908,
                    "R4": 4.522218744736165,
                    "R5": 4.514838590752333,
                    "R6": 4.4952341401949525,
                    "R7": 4.494235266465694,
                    "R8": 4.492045382037759,
                    "R9": 4.4751043831929564,
                    "as": 6.112127490341663,
                    "comp": 68.16544009046629,
                    "dc": 0.033238304778933525
                }
            },
            "std": {
                "reward": 50511,
                "time": 7.157331943511963
            }
        }
    },
    "e-greedy-decreasing": {
        "it-7": {
            "args": {
                "alpha_seed": 77,
                "epsilon_seed": 316,
                "random_arm_seed": 785,
                "reward_seed": 7,
                "sigma_seed": 755
            },
            "gen-distributed": {
                "reward": 51448,
                "time": 27.520374333951622,
                "time_by_components": {
                    "R0": 1.7583243981935084,
                    "R1": 0.8708136435598135,
                    "R10": 0.8583437306806445,
                    "R11": 0.8570122621022165,
                    "R12": 0.8585187681019306,
                    "R13": 0.8607583991251886,
                    "R14": 0.8595214770175517,
                    "R15": 0.8582001207396388,
                    "R16": 0.859056159388274,
                    "R17": 0.8577206172049046,
                    "R18": 0.8586073918268085,
                    "R19": 0.8572655781172216,
                    "R2": 0.8643989805132151,
                    "R3": 0.8586481204256415,
                    "R4": 0.8597837430424988,
                    "R5": 0.8583993213251233,
                    "R6": 0.8589496701024473,
                    "R7": 0.8581201080232859,
                    "R8": 0.8591408939100802,
                    "R9": 0.8622023472562432,
                    "as": 5.140980303287506,
                    "comp": 0.47227428620681167,
                    "dc": 0
                }
            },
            "gen-secure": {
                "reward": 51448,
                "time": 174.58612968493253,
                "time_by_components": {
                    "R0": 6.207777771167457,