{
    "N": 100000,
    "arms": [
        0.5312831389183457,
        0.4305408271474019,
        0.3647932131495228,
        0.3404029692470838,
        0.3117709437963945,
        0.2799575821845175,
        0.2788971367974549,
        0.2704135737009544,
        0.24602332979851538,
        0.24602332979851538
    ],
    "boltzmann": {
        "it-22": {
            "args": {
                "alpha_seed": 412,
                "random_arm_seed": 855,
                "reward_seed": 22,
                "sigma_seed": 939,
                "tau": 0.06
            },
            "gen-distributed": {
                "reward": 50091,
                "time": 18.346065840218216,
                "time_by_components": {
                    "R0": 1.7768552959896624,
                    "R1": 1.0699698673561215,
                    "R2": 0.9600926996208727,
                    "R3": 0.9691216549836099,
                    "R4": 0.9684369172900915,
                    "R5": 0.9673897395841777,
                    "R6": 0.9560125973075628,
                    "R7": 0.9656419353559613,
                    "R8": 0.9553790804930031,
                    "R9": 0.9579055174253881,
                    "as": 4.380208226852119,
                    "comp": 1.5884211538359523,
                    "dc": 0
                }
            },
            "gen-secure": {
                "reward": 50091,
                "time": 98.4313064715825,
                "time_by_components": {
                    "R0": 6.436553835403174,
                    "R1": 5.343461784999818,
                    "R2": 5.088095468003303,
                    "R3": 5.0348017094656825,
                    "R4": 5.049364682752639,
                    "R5": 4.969536982942373,
                    "R6": 4.9496772713027894,
                    "R7": 4.930467050522566,
                    "R8": 4.902812318410724,
                    "R9": 4.896989369764924,
                    "as": 5.188219079747796,
                    "comp": 38.872146342881024,
                    "dc": 0.033115643076598644
                }
            },
            "std": {
                "reward": 50091,
                "time": 6.060478448867798
            }
        }
    },
    "e-greedy": {
        "it-22": {
            "args": {
                "alpha_seed": 58,
                "epsilon": 0.1,
                "epsilon_seed": 925,
                "random_arm_seed": 104,
                "reward_seed": 22,
                "sigma_seed": 400
            },
            "gen-distributed": {
                "reward": 51222,
                "time": 16.142077445983887,
                "time_by_components": {
                    "R0": 1.673589613288641,
                    "R1": 0.8402575221844018,
                    "R2": 0.832603620365262,
                    "R3": 0.8313296637497842,
                    "R4": 0.828838205896318,
                    "R5": 0.8298888341523707,
                    "R6": 0.8289956874214113,
                    "R7": 0.8280739351175725,
                    "R8": 0.8286329372785985,
                    "R9": 0.829180074390024,
                    "as": 4.135158428456634,
                    "comp": 0.39310981798917055,
                    "dc": 0
                }
            },
            "gen-secure": {
                "reward": 51222,
                "time": 90.6794262570329,
                "time_by_components": {
                    "R0": 5.902287010569125,
                    "R1": 4.784037759527564,
                    "R2": 4.653108412399888,
                    "R3": 4.601311177480966,
                    "R4": 4.554450541734695,
                    "R5": 4.534982085693628,
                    "R6": 4.523433787748218,
                    "R7": 4.518923924304545,
                    "R8": 4.509793603792787,
                    "R9": 4.526569285430014,
                    "as": 4.852311042603105,
                    "comp": 35.27336483122781,
                    "dc": 0.03300044499337673
                }
            },
            "std": {
                "reward": 51222,
                "time": 5.567568063735962
            }
        }
    },
    "e-greedy-decreasing": {
        "it-22": {
            "args": {
                "alpha_seed": 58,
                "epsilon_seed": 925,
                "random_arm_seed": 104,
                "reward_seed": 22,
                "sigma_seed": 400
            },
            "gen-distributed": {
                "reward": 51925,
                "time": 16.69878895068541,
                "time_by_components": {
                    "R0": 1.7387569602578878,
                    "R1": 0.8646733677014709,
                    "R2": 0.8593730954453349,
                    "R3": 0.8555732136592269,
                    "R4": 0.8566765231080353,
                    "R5": 0.8589142179116607,
                    "R6": 0.855187566485256,
                    "R7": 0.8557734689675272,
                    "R8": 0.8559431149624288,
                    "R9": 0.8571642083115876,
                    "as": 4.267704073339701,
                    "comp": 0.3813250199891627,
                    "dc": 0
                }
            },
            "gen-secure": {
                "reward": 51925,
                "time": 91.22079811105505,
                "time_by_components": {
                    "R0": 6.041834437288344,
                    "R1": 4.834931462071836,
                    "R2": 4.670672533567995,
                    "R3": 4.624942484777421,
                    "R4": 4.5572929927147925,
                    "R5": 4.56426166696474,
                    "R6": 4.54157562693581,
                    "R7": 4.537954146042466,
                    "R8": 4.571415352635086,
                    "R9": 4.5422676196321845,
                    "as": 4.977312895935029,
                    "comp": 35.355477472767234,
                    "dc": 0.030597477685660124
                }
            },
            "std": {
                "reward": 51925,
                "time": 5.851281642913818
            }
        }
    },
    "nb_iterations": 30,
    "pursuit": {
        "it-22": {
            "args": {
                "alpha_seed": 412,
                "beta": 0.1,
                "random_arm_seed": 855,
                "reward_seed": 22,
                "sigma_seed": 685
            },
            "gen-distributed": {
                "reward": 53247,
                "time": 32.3013223093003,
                "time_by_components": {
                    "R0": 2.836849615909159,
                    "R1": 1.8373916950076818,
                    "R2": 1.807299011386931,
                    "R3": 1.8004800011403859,
                    "R4": 1.7962112175300717,
                    "R5": 1.8069321843795478,
                    "R6": 1.7971338261850178,
                    "R7": 1.7960534659214318,
                    "R8": 1.7951809307560325,
                    "R9": 1.7986980476416647,
                    "as": 8.235963537357748,
                    "comp": 1.714606641791761,
                    "dc": 0
                }
            },
            "gen-secure": {
                "reward": 53247,
                "time": 184.17805341398343,
                "time_by_components": {
                    "R0": 11.606612469535321,
                    "R1": 10.052086113486439,
                    "R2": 9.58639900572598,
                    "R3": 9.421555911190808,
                    "R4": 9.28943463601172,
                    "R5": 9.391250481829047,
                    "R6": 9.24731487268582,
                    "R7": 9.223233561497182,
                    "R8": 9.35795761551708,
                    "R9": 9.318609899375588,
                    "as": 10.023814196232706,
                    "comp": 72.59023464797065,
                    "dc": 0.033167576882988214
                }
            },
            "std": {
                "reward": 53247,