{
    "N": 60000,
    "arms": [
        0.5312831389183457,
        0.4305408271474019,
        0.3647932131495228,
        0.3404029692470838,
        0.3117709437963945,
        0.2799575821845175,
        0.2788971367974549,
        0.2704135737009544,
        0.24602332979851538,
        0.24602332979851538
    ],
    "boltzmann": {
        "it-11": {
            "args": {
                "alpha_seed": 837,
                "random_arm_seed": 836,
                "reward_seed": 11,
                "sigma_seed": 93,
                "tau": 0.06
            },
            "gen-distributed": {
                "reward": 29724,
                "time": 10.927635697182268,
                "time_by_components": {
                    "R0": 1.028285593725741,
                    "R1": 0.6522226850502193,
                    "R2": 0.5971765439026058,
                    "R3": 0.5880489605478942,
                    "R4": 0.5678528468124568,
                    "R5": 0.5727648455649614,
                    "R6": 0.5778704397380352,
                    "R7": 0.5666894530877471,
                    "R8": 0.5657333694398403,
                    "R9": 0.5749292843975127,
                    "as": 2.6187470364384353,
                    "comp": 0.9353360985405743,
                    "dc": 0
                }
            },
            "gen-secure": {
                "reward": 29724,
                "time": 57.89874405460432,
                "time_by_components": {
                    "R0": 3.7636413448490202,
                    "R1": 3.1876951991580427,
                    "R2": 3.0363002973608673,
                    "R3": 2.9908894188702106,
                    "R4": 2.9426639126613736,
                    "R5": 2.934371239040047,
                    "R6": 2.9296927340328693,
                    "R7": 2.9110968629829586,
                    "R8": 2.9032480060122907,
                    "R9": 2.9123284351080656,
                    "as": 3.037439941894263,
                    "comp": 22.731215206440538,
                    "dc": 0.033505311235785484
                }
            },
            "std": {
                "reward": 29724,
                "time": 3.975308656692505
            }
        }
    },
    "e-greedy": {
        "it-11": {
            "args": {
                "alpha_seed": 449,
                "epsilon": 0.1,
                "epsilon_seed": 31,
                "random_arm_seed": 62,
                "reward_seed": 11,
                "sigma_seed": 793
            },
            "gen-distributed": {
                "reward": 30745,
                "time": 9.923794696107507,
                "time_by_components": {
                    "R0": 1.0216604438610375,
                    "R1": 0.5108119631186128,
                    "R2": 0.5066226022318006,
                    "R3": 0.5050717913545668,
                    "R4": 0.5048341583460569,
                    "R5": 0.5064102238975465,
                    "R6": 0.5052825887687504,
                    "R7": 0.5053585036657751,
                    "R8": 0.5052447887137532,
                    "R9": 0.5065849148668349,
                    "as": 2.580420703161508,
                    "comp": 0.2478937292471528,
                    "dc": 0
                }
            },
            "gen-secure": {
                "reward": 30745,
                "time": 55.81761094043031,
                "time_by_components": {
                    "R0": 3.6775822727940977,
                    "R1": 2.959540085401386,
                    "R2": 2.8769525000825524,
                    "R3": 2.8460407946258783,
                    "R4": 2.812531743198633,
                    "R5": 2.804525181185454,
                    "R6": 2.7983333999291062,
                    "R7": 2.7928212410770357,
                    "R8": 2.7896661274135113,
                    "R9": 2.78961418569088,
                    "as": 2.996798819396645,
                    "comp": 21.55953613622114,
                    "dc": 0.03316934360191226
                }
            },
            "std": {
                "reward": 30745,
                "time": 3.792435884475708
            }
        }
    },
    "e-greedy-decreasing": {
        "it-11": {
            "args": {
                "alpha_seed": 316,
                "epsilon_seed": 52,
                "random_arm_seed": 76,
                "reward_seed": 11,
                "sigma_seed": 816
            },
            "gen-distributed": {
                "reward": 31148,
                "time": 10.036956630181521,
                "time_by_components": {
                    "R0": 1.0429344126023352,
                    "R1": 0.5208853390067816,
                    "R2": 0.5132390549406409,
                    "R3": 0.5126629318110645,
                    "R4": 0.5132469949312508,
                    "R5": 0.5134142651222646,
                    "R6": 0.5132734756916761,
                    "R7": 0.5128757087513804,
                    "R8": 0.5135672315955162,
                    "R9": 0.5124193984083831,
                    "as": 2.574596902821213,
                    "comp": 0.232127595692873,
                    "dc": 0
                }
            },
            "gen-secure": {
                "reward": 31148,
                "time": 56.272334028966725,
                "time_by_components": {
                    "R0": 3.7304067900404334,
                    "R1": 3.00827383575961,
                    "R2": 2.9119822261855006,
                    "R3": 2.887363700196147,
                    "R4": 2.846951954998076,
                    "R5": 2.834678138140589,
                    "R6": 2.8267508186399937,
                    "R7": 2.8194776377640665,
                    "R8": 2.8152923975139856,
                    "R9": 2.8146602460183203,
                    "as": 3.0725698079913855,
                    "comp": 21.59595097368583,
                    "dc": 0.033245461992919445
                }
            },
            "std": {
                "reward": 31148,
                "time": 3.626375675201416
            }
        }
    },
    "nb_iterations": 30,
    "pursuit": {
        "it-11": {
            "args": {
                "alpha_seed": 837,
                "beta": 0.1,
                "random_arm_seed": 836,
                "reward_seed": 11,
                "sigma_seed": 727
            },
            "gen-distributed": {
                "reward": 32006,
                "time": 20.1955845518969,
                "time_by_components": {
                    "R0": 1.7714951988309622,
                    "R1": 1.1501760049723089,
                    "R2": 1.1316881333477795,
                    "R3": 1.12794703617692,
                    "R4": 1.1253292420879006,
                    "R5": 1.1280383709818125,
                    "R6": 1.1256514587439597,
                    "R7": 1.1240200507454574,
                    "R8": 1.1247424087487161,
                    "R9": 1.1229367703199387,
                    "as": 5.15460558142513,
                    "comp": 1.0604996820911765,
                    "dc": 0
                }
            },
            "gen-secure": {
                "reward": 32006,
                "time": 115.26429032580927,
                "time_by_components": {
                    "R0": 7.232376229483634,
                    "R1": 6.2772009070031345,
                    "R2": 6.0581242251209915,
                    "R3": 5.941961609292775,
                    "R4": 5.851769100874662,
                    "R5": 5.8186872666701674,
                    "R6": 5.870022376533598,
                    "R7": 5.848057161085308,
                    "R8": 5.850763824302703,
                    "R9": 5.843425036873668,
                    "as": 6.220019200351089,
                    "comp": 45.31798656005412,
                    "dc": 0.033842298202216625
                }
            },
            "std": {
                "reward": 32006,