{
    "N": 100000,
    "arms": [
        0.5312831389183457,
        0.4305408271474019,
        0.3647932131495228,
        0.3404029692470838,
        0.3117709437963945,
        0.2799575821845175,
        0.2788971367974549,
        0.2704135737009544,
        0.24602332979851538,
        0.24602332979851538,
        0.23966065747614,
        0.23860021208907742,
        0.23223753976670203,
        0.22375397667020147,
        0.21208907741251326,
        0.19936373276776245,
        0.17709437963944857,
        0.17709437963944857,
        0.17179215270413573,
        0.16861081654294804
    ],
    "boltzmann": {
        "it-40": {
            "args": {
                "alpha_seed": 978,
                "random_arm_seed": 836,
                "reward_seed": 40,
                "sigma_seed": 358,
                "tau": 0.06
            },
            "gen-distributed": {
                "reward": 49163,
                "time": 29.8270276109688,
                "time_by_components": {
                    "R0": 1.7264162232168019,
                    "R1": 1.0379182291217148,
                    "R10": 0.9398270980454981,
                    "R11": 0.9486559648066759,
                    "R12": 0.9437610297463834,
                    "R13": 0.9405495375394821,
                    "R14": 0.9422753928229213,
                    "R15": 0.942049054428935,
                    "R16": 0.937091707251966,
                    "R17": 0.9405779973603785,
                    "R18": 0.9394231070764363,
                    "R19": 0.9352935417555273,
                    "R2": 0.9891908261924982,
                    "R3": 0.9715135111473501,
                    "R4": 0.9527116464450955,
                    "R5": 0.9508719774894416,
                    "R6": 0.9523179377429187,
                    "R7": 0.9480748474597931,
                    "R8": 0.9469627384096384,
                    "R9": 0.9432645789347589,
                    "as": 5.1766019416972995,
                    "comp": 1.69907346367836,
                    "dc": 0
                }
            },
            "gen-secure": {
                "reward": 49163,
                "time": 184.9727674368769,
                "time_by_components": {
                    "R0": 6.476099833846092,
                    "R1": 5.33048746548593,
                    "R10": 4.925554475281388,
                    "R11": 4.885970096569508,
                    "R12": 4.865001297090203,
                    "R13": 4.865637382958084,
                    "R14": 4.849959788378328,
                    "R15": 4.852581275161356,
                    "R16": 4.849023857153952,
                    "R17": 4.845402751117945,
                    "R18": 4.832670072093606,
                    "R19": 4.8412548284977674,
                    "R2": 5.0989332315512,
                    "R3": 5.009967570193112,
                    "R4": 4.922827314119786,
                    "R5": 4.96466413512826,
                    "R6": 4.90157031128183,
                    "R7": 4.875160185620189,
                    "R8": 4.875572334975004,
                    "R9": 4.866169879678637,
                    "as": 6.274639607407153,
                    "comp": 74.15242496877909,
                    "dc": 0.033138166181743145
                }
            },
            "std": {
                "reward": 49163,
                "time": 7.872761249542236
            }
        }
    },
    "e-greedy": {
        "it-40": {
            "args": {
                "alpha_seed": 800,
                "epsilon": 0.1,
                "epsilon_seed": 682,
                "random_arm_seed": 600,
                "reward_seed": 40,
                "sigma_seed": 596
            },
            "gen-distributed": {
                "reward": 50520,
                "time": 26.951884008944035,
                "time_by_components": {
                    "R0": 1.6993348328396678,
                    "R1": 0.8614113377407193,
                    "R10": 0.8333028117194772,
                    "R11": 0.8339337692596018,
                    "R12": 0.8316157753579319,
                    "R13": 0.8313347119837999,
                    "R14": 0.8313794676214457,
                    "R15": 0.8305081254802644,
                    "R16": 0.8311109719797969,
                    "R17": 0.8310367539525032,
                    "R18": 0.8327656197361648,
                    "R19": 0.8311653318814933,
                    "R2": 0.8385761817917228,
                    "R3": 0.8349789357744157,
                    "R4": 0.8356774924322963,
                    "R5": 0.8378832908347249,
                    "R6": 0.8388876803219318,
                    "R7": 0.8391830422915518,
                    "R8": 0.833845148794353,
                    "R9": 0.8330842610448599,
                    "as": 5.13655946822837,
                    "comp": 0.5041670291684568,
                    "dc": 0
                }
            },
            "gen-secure": {
                "reward": 50520,
                "time": 173.07765839714557,
                "time_by_components": {
                    "R0": 6.183770123869181,
                    "R1": 4.882602179888636,
                    "R10": 4.499607900623232,
                    "R11": 4.494564513210207,
                    "R12": 4.550773135852069,
                    "R13": 4.492222210392356,
                    "R14": 4.55265013454482,
                    "R15": 4.492824807297438,
                    "R16": 4.48717698501423,
                    "R17": 4.482235127594322,
                    "R18": 4.487576332408935,
                    "R19": 4.505247281398624,
                    "R2": 4.681964816059917,
                    "R3": 4.609334041364491,
                    "R4": 4.5501802852377295,
                    "R5": 4.552253868896514,
                    "R6": 4.531234662979841,
                    "R7": 4.519566749222577,
                    "R8": 4.510510731022805,
                    "R9": 4.504687147215009,
                    "as": 6.211238072719425,
                    "comp": 69.02157157333568,
                    "dc": 0.033160883001983166
                }
            },
            "std": {
                "reward": 50520,
                "time": 7.190211772918701
            }
        }
    },
    "e-greedy-decreasing": {
        "it-40": {
            "args": {
                "alpha_seed": 700,
                "epsilon_seed": 978,
                "random_arm_seed": 836,
                "reward_seed": 40,
                "sigma_seed": 22
            },
            "gen-distributed": {
                "reward": 51495,
                "time": 27.48881148500368,
                "time_by_components": {
                    "R0": 1.7538166916929185,
                    "R1": 0.8819223740138113,
                    "R10": 0.8549629501067102,
                    "R11": 0.8639090247452259,
                    "R12": 0.8557346588931978,
                    "R13": 0.8584082247689366,
                    "R14": 0.8562665437348187,
                    "R15": 0.8544575595296919,
                    "R16": 0.8562822705134749,
                    "R17": 0.8593909069895744,
                    "R18": 0.858097433578223,
                    "R19": 0.8549810745753348,
                    "R2": 0.8602274092845619,
                    "R3": 0.8587234360165894,
                    "R4": 0.8570024543441832,
                    "R5": 0.857286071870476,
                    "R6": 0.8575136186555028,
                    "R7": 0.8560833362862468,
                    "R8": 0.8556685843504965,
                    "R9": 0.8567283316515386,
                    "as": 5.145715741440654,
                    "comp": 0.4729634141549468,
                    "dc": 0
                }
            },
            "gen-secure": {
                "reward": 51495,
                "time": 174.72175719076768,
                "time_by_components": {
                    "R0": 6.224175950977951,