{
    "N": 80000,
    "arms": [
        0.5312831389183457,
        0.4305408271474019,
        0.3647932131495228,
        0.3404029692470838,
        0.3117709437963945,
        0.2799575821845175,
        0.2788971367974549,
        0.2704135737009544,
        0.24602332979851538,
        0.24602332979851538
    ],
    "boltzmann": {
        "it-10": {
            "args": {
                "alpha_seed": 368,
                "random_arm_seed": 209,
                "reward_seed": 10,
                "sigma_seed": 562,
                "tau": 0.06
            },
            "gen-distributed": {
                "reward": 39882,
                "time": 14.512165097985417,
                "time_by_components": {
                    "R0": 1.385957745835185,
                    "R1": 0.8467175965197384,
                    "R2": 0.7925485423766077,
                    "R3": 0.7796526332385838,
                    "R4": 0.7602022867649794,
                    "R5": 0.7637713672593236,
                    "R6": 0.7596727730706334,
                    "R7": 0.7591542843729258,
                    "R8": 0.7535138307139277,
                    "R9": 0.7563979146070778,
                    "as": 3.464571153745055,
                    "comp": 1.2526361304335296,
                    "dc": 0
                }
            },
            "gen-secure": {
                "reward": 39882,
                "time": 78.91629265481606,
                "time_by_components": {
                    "R0": 5.114480878226459,
                    "R1": 4.298239293973893,
                    "R2": 4.125014831312001,
                    "R3": 4.058701222296804,
                    "R4": 3.994912890717387,
                    "R5": 3.985341771040112,
                    "R6": 3.977764373179525,
                    "R7": 3.968312217388302,
                    "R8": 3.9595076153054833,
                    "R9": 3.9491396443918347,
                    "as": 4.133632429409772,
                    "comp": 31.129204619210213,
                    "dc": 0.033160834107548
                }
            },
            "std": {
                "reward": 39882,
                "time": 5.2625367641448975
            }
        }
    },
    "e-greedy": {
        "it-10": {
            "args": {
                "alpha_seed": 796,
                "epsilon": 0.1,
                "epsilon_seed": 629,
                "random_arm_seed": 177,
                "reward_seed": 10,
                "sigma_seed": 172
            },
            "gen-distributed": {
                "reward": 40942,
                "time": 13.013584905769676,
                "time_by_components": {
                    "R0": 1.3417905629612505,
                    "R1": 0.673842937219888,
                    "R2": 0.6670312280766666,
                    "R3": 0.6661937939934433,
                    "R4": 0.665645579341799,
                    "R5": 0.6651976290158927,
                    "R6": 0.6648395708762109,
                    "R7": 0.6637005829252303,
                    "R8": 0.6643274584785104,
                    "R9": 0.6641656244173646,
                    "as": 3.363463792949915,
                    "comp": 0.31940848426893353,
                    "dc": 0
                }
            },
            "gen-secure": {
                "reward": 40942,
                "time": 72.64156899601221,
                "time_by_components": {
                    "R0": 4.7450502146966755,
                    "R1": 3.8377093630842865,
                    "R2": 3.7347126491367817,
                    "R3": 3.7018786603584886,
                    "R4": 3.6507777143269777,
                    "R5": 3.6351833269000053,
                    "R6": 3.6265842597931623,
                    "R7": 3.6194634260609746,
                    "R8": 3.6157371271401644,
                    "R9": 3.621564199216664,
                    "as": 3.9832505765371025,
                    "comp": 28.09561441000551,
                    "dc": 0.033224024809896946
                }
            },
            "std": {
                "reward": 40942,
                "time": 4.814703941345215
            }
        }
    },
    "e-greedy-decreasing": {
        "it-10": {
            "args": {
                "alpha_seed": 796,
                "epsilon_seed": 629,
                "random_arm_seed": 177,
                "reward_seed": 10,
                "sigma_seed": 172
            },
            "gen-distributed": {
                "reward": 41447,
                "time": 13.195357055868953,
                "time_by_components": {
                    "R0": 1.3713144450448453,
                    "R1": 0.6842991029843688,
                    "R2": 0.6795369801111519,
                    "R3": 0.6771162282675505,
                    "R4": 0.6758925034664571,
                    "R5": 0.6766669172793627,
                    "R6": 0.676468709949404,
                    "R7": 0.6768847298808396,
                    "R8": 0.6767901927232742,
                    "R9": 0.6763418130576611,
                    "as": 3.3855471732094884,
                    "comp": 0.29957797611132264,
                    "dc": 0
                }
            },
            "gen-secure": {
                "reward": 41447,
                "time": 74.38664915319532,
                "time_by_components": {
                    "R0": 4.915469819214195,
                    "R1": 3.9528650804422796,
                    "R2": 3.8304927544668317,
                    "R3": 3.78803222021088,
                    "R4": 3.773268721997738,
                    "R5": 3.7458439716137946,
                    "R6": 3.7279256116598845,
                    "R7": 3.7081750007346272,
                    "R8": 3.7120752902701497,
                    "R9": 3.7002460146322846,
                    "as": 4.076793059706688,
                    "comp": 28.67680336907506,
                    "dc": 0.03310192422941327
                }
            },
            "std": {
                "reward": 41447,
                "time": 4.853614330291748
            }
        }
    },
    "nb_iterations": 30,
    "pursuit": {
        "it-10": {
            "args": {
                "alpha_seed": 368,
                "beta": 0.1,
                "random_arm_seed": 209,
                "reward_seed": 10,
                "sigma_seed": 603
            },
            "gen-distributed": {
                "reward": 29119,
                "time": 25.872671662829816,
                "time_by_components": {
                    "R0": 1.5640960317105055,
                    "R1": 1.4605234232731164,
                    "R2": 2.161623179446906,
                    "R3": 1.4448900590650737,
                    "R4": 1.435851076617837,
                    "R5": 1.443531900178641,
                    "R6": 1.4397092401050031,
                    "R7": 1.4365727696567774,
                    "R8": 1.4362347880378366,
                    "R9": 1.4340976034291089,
                    "as": 6.594889179803431,
                    "comp": 1.365675883833319,
                    "dc": 0
                }
            },
            "gen-secure": {
                "reward": 29119,
                "time": 152.82250556116924,
                "time_by_components": {
                    "R0": 8.93305056868121,
                    "R1": 8.16489671729505,
                    "R2": 8.86546956980601,
                    "R3": 7.967964751645923,
                    "R4": 7.7582609402015805,
                    "R5": 7.730741397943348,
                    "R6": 7.701117135118693,
                    "R7": 7.777940941043198,
                    "R8": 7.673994779586792,
                    "R9": 7.664341836702079,
                    "as": 8.23530265269801,
                    "comp": 60.17707533761859,
                    "dc": 0.03370665106922388
                }
            },
            "std": {
                "reward": 29119,