{
    "N": 100000,
    "arms": [
        0.4960973461954129,
        0.46519633350678463,
        0.4564303726534043,
        0.45410879397990633,
        0.4505463715326422,
        0.4449825881599488,
        0.4438618260417084,
        0.4347356202217508,
        0.42404835287995835,
        0.41264059560501143,
        0.4033943081295281,
        0.40123283833006446,
        0.39658968098306846,
        0.39566905495737104,
        0.3877836929111796,
        0.3750550374254493,
        0.3676900292198695,
        0.3489973181763599,
        0.33867029580114477,
        0.32770283792979227,
        0.3078093103310251,
        0.30512748669094986,
        0.2958011447784493,
        0.2891165992875155,
        0.2846735780330625,
        0.27646799823880236,
        0.27354601128767564,
        0.2727054396989953,
        0.26149781851659126,
        0.25205139494856504,
        0.24944962574550694,
        0.24916943521594684,
        0.24912940799743827,
        0.23812192290757717,
        0.23696113357082815,
        0.23215786734979788,
        0.21734779650162112,
        0.2032181883680903,
        0.20237761677941,
        0.19937557539126607,
        0.195613016851459,
        0.19465236360725294,
        0.19028939678981707,
        0.18324460633230596,
        0.17704038746347517,
        0.17283752952007364,
        0.17207701236841053,
        0.17171676740183325,
        0.1707160869391186,
        0.16267061601889285,
        0.1625105071448585,
        0.15926830244566306,
        0.15554577112436457,
        0.15338430132490094,
        0.15334427410639234,
        0.14493855821958931,
        0.1410559180242565,
        0.1410559180242565,
        0.14057559140215348,
        0.14033542809110194,
        0.1388143937877757,
        0.13725333226594083,
        0.13437137253332265,
        0.1331705559780651,
        0.1286474802865949,
        0.12668614657967417,
        0.12620581995757116,
        0.12508505783933074,
        0.12360405075451307,
        0.12320377856942721,
        0.12248328863627267,
        0.12200296201416963,
        0.12176279870311812,
        0.12160268982908377,
        0.12140255373654085,
        0.12136252651803227,
        0.12076211824040348,
        0.12032181883680904,
        0.11543849817876156,
        0.11155585798342874,
        0.10563182964415803,
        0.10539166633310651,
        0.10495136692951207,
        0.10471120361846055,
        0.09962774686787015,
        0.09874714806068126,
        0.09842693031261257,
        0.09602529720209743,
        0.09566505223552016,
        0.09446423568026258,
        0.09070167714045552,
        0.09026137773686106,
        0.09014129608133531,
        0.08781971740783732,
        0.0833766961533843,
        0.08265620622022976,
        0.08137533522795501,
        0.08009446423568026,
        0.050474322539326745,
        0.048432934395388864
    ],
    "boltzmann": {
        "it-93": {
            "args": {
                "alpha_seed": 227,
                "random_arm_seed": 676,
                "reward_seed": 93,
                "sigma_seed": 187,
                "tau": 0.02
            },
            "std": {
                "reward": 44395,
                "time": 17.960268020629883
            }
        }
    },
    "e-greedy": {
        "it-93": {
            "args": {
                "alpha_seed": 202,
                "epsilon": 0.1,
                "epsilon_seed": 319,
                "random_arm_seed": 541,
                "reward_seed": 93,
                "sigma_seed": 584
            },
            "std": {
                "reward": 45145,
                "time": 26.990225315093994
            }
        }
    },
    "e-greedy-decreasing": {
        "it-93": {
            "args": {
                "alpha_seed": 813,
                "epsilon_seed": 227,
                "random_arm_seed": 676,
                "reward_seed": 93,
                "sigma_seed": 806
            },
            "std": {
                "reward": 44467,
                "time": 28.05698823928833
            }
        }
    },
    "nb_iterations": 150,
    "pursuit": {
        "it-93": {
            "args": {
                "alpha_seed": 227,
                "beta": 0.2,
                "random_arm_seed": 676,
                "reward_seed": 93,
                "sigma_seed": 806
            },
            "std": {
                "reward": 44434,
                "time": 50.94823884963989
            }
        }
    },
    "thompson-sampling": {
        "it-93": {
            "args": {
                "alpha_seed": 813,
                "beta_seed": 676,
                "random_arm_seed": 227,
                "reward_seed": 93,
                "sigma_seed": 187
            },
            "std": {
                "reward": 48766,
                "time": 149.80944538116455
            }
        }
    },
    "ucb": {
        "it-93": {
            "args": {
                "alpha_seed": 676,
                "reward_seed": 93,
                "sigma_seed": 187
            },
            "std": {
                "reward": 41418,
                "time": 19.512267112731934
            }
        }
    }
}