{
    "N": 60000,
    "arms": [
        0.4960973461954129,
        0.46519633350678463,
        0.4564303726534043,
        0.45410879397990633,
        0.4505463715326422,
        0.4449825881599488,
        0.4438618260417084,
        0.4347356202217508,
        0.42404835287995835,
        0.41264059560501143,
        0.4033943081295281,
        0.40123283833006446,
        0.39658968098306846,
        0.39566905495737104,
        0.3877836929111796,
        0.3750550374254493,
        0.3676900292198695,
        0.3489973181763599,
        0.33867029580114477,
        0.32770283792979227,
        0.3078093103310251,
        0.30512748669094986,
        0.2958011447784493,
        0.2891165992875155,
        0.2846735780330625,
        0.27646799823880236,
        0.27354601128767564,
        0.2727054396989953,
        0.26149781851659126,
        0.25205139494856504,
        0.24944962574550694,
        0.24916943521594684,
        0.24912940799743827,
        0.23812192290757717,
        0.23696113357082815,
        0.23215786734979788,
        0.21734779650162112,
        0.2032181883680903,
        0.20237761677941,
        0.19937557539126607,
        0.195613016851459,
        0.19465236360725294,
        0.19028939678981707,
        0.18324460633230596,
        0.17704038746347517,
        0.17283752952007364,
        0.17207701236841053,
        0.17171676740183325,
        0.1707160869391186,
        0.16267061601889285,
        0.1625105071448585,
        0.15926830244566306,
        0.15554577112436457,
        0.15338430132490094,
        0.15334427410639234,
        0.14493855821958931,
        0.1410559180242565,
        0.1410559180242565,
        0.14057559140215348,
        0.14033542809110194,
        0.1388143937877757,
        0.13725333226594083,
        0.13437137253332265,
        0.1331705559780651,
        0.1286474802865949,
        0.12668614657967417,
        0.12620581995757116,
        0.12508505783933074,
        0.12360405075451307,
        0.12320377856942721,
        0.12248328863627267,
        0.12200296201416963,
        0.12176279870311812,
        0.12160268982908377,
        0.12140255373654085,
        0.12136252651803227,
        0.12076211824040348,
        0.12032181883680904,
        0.11543849817876156,
        0.11155585798342874,
        0.10563182964415803,
        0.10539166633310651,
        0.10495136692951207,
        0.10471120361846055,
        0.09962774686787015,
        0.09874714806068126,
        0.09842693031261257,
        0.09602529720209743,
        0.09566505223552016,
        0.09446423568026258,
        0.09070167714045552,
        0.09026137773686106,
        0.09014129608133531,
        0.08781971740783732,
        0.0833766961533843,
        0.08265620622022976,
        0.08137533522795501,
        0.08009446423568026,
        0.050474322539326745,
        0.048432934395388864
    ],
    "boltzmann": {
        "it-8": {
            "args": {
                "alpha_seed": 659,
                "random_arm_seed": 163,
                "reward_seed": 8,
                "sigma_seed": 435,
                "tau": 0.02
            },
            "std": {
                "reward": 28813,
                "time": 18.688135623931885
            }
        }
    },
    "e-greedy": {
        "it-8": {
            "args": {
                "alpha_seed": 587,
                "epsilon": 0.1,
                "epsilon_seed": 689,
                "random_arm_seed": 129,
                "reward_seed": 8,
                "sigma_seed": 279
            },
            "std": {
                "reward": 28016,
                "time": 16.46013355255127
            }
        }
    },
    "e-greedy-decreasing": {
        "it-8": {
            "args": {
                "alpha_seed": 84,
                "epsilon_seed": 659,
                "random_arm_seed": 163,
                "reward_seed": 8,
                "sigma_seed": 897
            },
            "std": {
                "reward": 28464,
                "time": 16.656070709228516
            }
        }
    },
    "nb_iterations": 150,
    "pursuit": {
        "it-8": {
            "args": {
                "alpha_seed": 659,
                "beta": 0.2,
                "random_arm_seed": 163,
                "reward_seed": 8,
                "sigma_seed": 897
            },
            "std": {
                "reward": 29787,
                "time": 31.144123077392578
            }
        }
    },
    "thompson-sampling": {
        "it-8": {
            "args": {
                "alpha_seed": 84,
                "beta_seed": 163,
                "random_arm_seed": 659,
                "reward_seed": 8,
                "sigma_seed": 435
            },
            "std": {
                "reward": 29008,
                "time": 88.63845300674438
            }
        }
    },
    "ucb": {
        "it-8": {
            "args": {
                "alpha_seed": 163,
                "reward_seed": 8,
                "sigma_seed": 435
            },
            "std": {
                "reward": 23437,
                "time": 18.722864866256714
            }
        }
    }
}