{
    "N": 90000,
    "arms": [
        0.5312831389183457,
        0.4305408271474019,
        0.3647932131495228,
        0.3404029692470838,
        0.3117709437963945,
        0.2799575821845175,
        0.2788971367974549,
        0.2704135737009544,
        0.24602332979851538,
        0.24602332979851538,
        0.23966065747614,
        0.23860021208907742,
        0.23223753976670203,
        0.22375397667020147,
        0.21208907741251326,
        0.19936373276776245,
        0.17709437963944857,
        0.17709437963944857,
        0.17179215270413573,
        0.16861081654294804,
        0.16436903499469777,
        0.1633085896076352,
        0.15482502651113467,
        0.15270413573700956,
        0.1474019088016967,
        0.1420996818663839,
        0.14103923647932132,
        0.13361611876988336,
        0.12937433722163308,
        0.11983032873807,
        0.10922587486744433,
        0.10604453870625663,
        0.10286320254506894,
        0.10286320254506894,
        0.10180275715800637,
        0.10180275715800637,
        0.09968186638388123,
        0.09862142099681867,
        0.09544008483563096,
        0.09013785790031813,
        0.08695652173913043,
        0.08377518557794274,
        0.0816542948038176,
        0.07317073170731707,
        0.07211028632025451,
        0.06998939554612937,
        0.06786850477200425,
        0.06468716861081654,
        0.06468716861081654,
        0.06468716861081654,
        0.06256627783669141,
        0.061505832449628844,
        0.05938494167550371,
        0.05620360551431601,
        0.05514316012725345,
        0.05408271474019088,
        0.05408271474019088,
        0.053022269353128315,
        0.053022269353128315,
        0.051961823966065745,
        0.04878048780487805,
        0.04772004241781548,
        0.04559915164369035,
        0.04559915164369035,
        0.043478260869565216,
        0.043478260869565216,
        0.042417815482502653,
        0.042417815482502653,
        0.041357370095440084,
        0.04029692470837752,
        0.04029692470837752,
        0.03711558854718982,
        0.036055143160127257,
        0.03499469777306469,
        0.031813361611876985,
        0.031813361611876985,
        0.031813361611876985,
        0.031813361611876985,
        0.02863202545068929,
        0.027571580063626724,
        0.02332979851537646,
        0.021208907741251327,
        0.02014846235418876,
        0.019088016967126194,
        0.016967126193001062,
        0.016967126193001062,
        0.016967126193001062,
        0.015906680805938492,
        0.015906680805938492,
        0.013785790031813362,
        0.010604453870625663,
        0.006362672322375398,
        0.006362672322375398,
        0.003181336161187699,
        0.003181336161187699,
        0.003181336161187699,
        0.0021208907741251328,
        0.0021208907741251328,
        0.0010604453870625664,
        0.0010604453870625664
    ],
    "boltzmann": {
        "it-68": {
            "args": {
                "alpha_seed": 314,
                "random_arm_seed": 563,
                "reward_seed": 68,
                "sigma_seed": 900,
                "tau": 0.06
            },
            "std": {
                "reward": 41875,
                "time": 17.33725333213806
            }
        }
    },
    "e-greedy": {
        "it-68": {
            "args": {
                "alpha_seed": 445,
                "epsilon": 0.1,
                "epsilon_seed": 640,
                "random_arm_seed": 399,
                "reward_seed": 68,
                "sigma_seed": 729
            },
            "std": {
                "reward": 43411,
                "time": 21.045305490493774
            }
        }
    },
    "e-greedy-decreasing": {
        "it-68": {
            "args": {
                "alpha_seed": 389,
                "epsilon_seed": 314,
                "random_arm_seed": 563,
                "reward_seed": 68,
                "sigma_seed": 600
            },
            "std": {
                "reward": 44364,
                "time": 16.986191272735596
            }
        }
    },
    "nb_iterations": 150,
    "pursuit": {
        "it-68": {
            "args": {
                "alpha_seed": 314,
                "beta": 0.1,
                "random_arm_seed": 563,
                "reward_seed": 68,
                "sigma_seed": 600
            },
            "std": {
                "reward": 32668,
                "time": 31.268308401107788
            }
        }
    },
    "thompson-sampling": {
        "it-68": {
            "args": {
                "alpha_seed": 389,
                "beta_seed": 563,
                "random_arm_seed": 314,
                "reward_seed": 68,
                "sigma_seed": 900
            },
            "std": {
                "reward": 47271,
                "time": 146.68994164466858
            }
        }
    },
    "ucb": {
        "it-68": {
            "args": {
                "alpha_seed": 563,
                "reward_seed": 68,
                "sigma_seed": 900
            },
            "std": {
                "reward": 42744,
                "time": 25.012351274490356
            }
        }
    }
}