{
    "N": 80000,
    "arms": [
        0.4960973461954129,
        0.46519633350678463,
        0.4564303726534043,
        0.45410879397990633,
        0.4505463715326422,
        0.4449825881599488,
        0.4438618260417084,
        0.4347356202217508,
        0.42404835287995835,
        0.41264059560501143
    ],
    "boltzmann": {
        "it-35": {
            "args": {
                "alpha_seed": 630,
                "random_arm_seed": 993,
                "reward_seed": 35,
                "sigma_seed": 257,
                "tau": 0.02
            },
            "gen-distributed": {
                "reward": 38784,
                "time": 13.675746563822031,
                "time_by_components": {
                    "R0": 1.294932575430721,
                    "R1": 0.7247579810209572,
                    "R2": 0.7114017633721232,
                    "R3": 0.8089106320403516,
                    "R4": 0.7093058144673705,
                    "R5": 0.73058528220281,
                    "R6": 0.7124476497992873,
                    "R7": 0.7332786554470658,
                    "R8": 0.7319446662440896,
                    "R9": 0.7210368528030813,
                    "as": 3.2654202142730355,
                    "comp": 1.1799367303028703,
                    "dc": 0
                }
            },
            "gen-secure": {
                "reward": 38784,
                "time": 79.11569447396323,
                "time_by_components": {
                    "R0": 5.122213344555348,
                    "R1": 4.250057858414948,
                    "R2": 4.09404627000913,
                    "R3": 4.1627747737802565,
                    "R4": 3.989190448541194,
                    "R5": 4.0474771610461175,
                    "R6": 3.9736363971605897,
                    "R7": 3.9907710258848965,
                    "R8": 4.01297818031162,
                    "R9": 3.9740925915539265,
                    "as": 4.126014734618366,
                    "comp": 31.31407036539167,
                    "dc": 0.03303915821015835
                }
            },
            "std": {
                "reward": 38784,
                "time": 4.852254629135132
            }
        }
    },
    "e-greedy": {
        "it-35": {
            "args": {
                "alpha_seed": 319,
                "epsilon": 0.1,
                "epsilon_seed": 774,
                "random_arm_seed": 436,
                "reward_seed": 35,
                "sigma_seed": 378
            },
            "gen-distributed": {
                "reward": 39295,
                "time": 13.011160123161972,
                "time_by_components": {
                    "R0": 1.3311835108324885,
                    "R1": 0.6768693262711167,
                    "R2": 0.6714553446508944,
                    "R3": 0.6685759257525206,
                    "R4": 0.666211866773665,
                    "R5": 0.6661372110247612,
                    "R6": 0.6655556089244783,
                    "R7": 0.6669017933309078,
                    "R8": 0.6659987797029316,
                    "R9": 0.6648316918872297,
                    "as": 3.3616005680523813,
                    "comp": 0.3255423833616078,
                    "dc": 0
                }
            },
            "gen-secure": {
                "reward": 39295,
                "time": 72.31669533997774,
                "time_by_components": {
                    "R0": 4.736104766372591,
                    "R1": 3.8411360955797136,
                    "R2": 3.731972761452198,
                    "R3": 3.681248915847391,
                    "R4": 3.6361683108843863,
                    "R5": 3.6463456749916077,
                    "R6": 3.6242717229761183,
                    "R7": 3.618229167535901,
                    "R8": 3.611544451210648,
                    "R9": 3.6034204559400678,
                    "as": 3.914811328984797,
                    "comp": 28.078390852548182,
                    "dc": 0.03292940091341734
                }
            },
            "std": {
                "reward": 39295,
                "time": 4.839756965637207
            }
        }
    },
    "e-greedy-decreasing": {
        "it-35": {
            "args": {
                "alpha_seed": 810,
                "epsilon_seed": 630,
                "random_arm_seed": 993,
                "reward_seed": 35,
                "sigma_seed": 783
            },
            "gen-distributed": {
                "reward": 39482,
                "time": 13.125614598859102,
                "time_by_components": {
                    "R0": 1.3630834519863129,
                    "R1": 0.6839907956309617,
                    "R2": 0.6769957351498306,
                    "R3": 0.6755944802425802,
                    "R4": 0.6744105615653098,
                    "R5": 0.6746276821941137,
                    "R6": 0.6748014111071825,
                    "R7": 0.675877274479717,
                    "R8": 0.6742842686362565,
                    "R9": 0.6750116194598377,
                    "as": 3.3390499050728977,
                    "comp": 0.3008168819360435,
                    "dc": 0
                }
            },
            "gen-secure": {
                "reward": 39482,
                "time": 69.55473667522892,
                "time_by_components": {
                    "R0": 4.578002425841987,
                    "R1": 3.6982184229418635,
                    "R2": 3.5921751889400184,
                    "R3": 3.546983006875962,
                    "R4": 3.501829717308283,
                    "R5": 3.48948140675202,
                    "R6": 3.474345048889518,
                    "R7": 3.486170653719455,
                    "R8": 3.4704273315146565,
                    "R9": 3.4806742882356048,
                    "as": 3.6942138536833227,
                    "comp": 26.975209831260145,
                    "dc": 0.04042086098343134
                }
            },
            "std": {
                "reward": 39482,
                "time": 4.781123638153076
            }
        }
    },
    "nb_iterations": 50,
    "pursuit": {
        "it-35": {
            "args": {
                "alpha_seed": 630,
                "beta": 0.2,
                "random_arm_seed": 993,
                "reward_seed": 35,
                "sigma_seed": 783
            },
            "gen-distributed": {
                "reward": 39724,
                "time": 25.271246478892863,
                "time_by_components": {
                    "R0": 2.209180824458599,
                    "R1": 1.4332310953177512,
                    "R2": 1.4093289864249527,
                    "R3": 1.4071127506904304,
                    "R4": 1.4016889967024326,
                    "R5": 1.4066523630172014,
                    "R6": 1.405250712763518,
                    "R7": 1.4067568508908153,
                    "R8": 1.400052597746253,
                    "R9": 1.405964049976319,
                    "as": 6.39961615158245,
                    "comp": 1.343786328099668,
                    "dc": 0
                }
            },
            "gen-secure": {
                "reward": 39724,
                "time": 142.66705888090655,
                "time_by_components": {
                    "R0": 9.004540401510894,
                    "R1": 7.71398847270757,
                    "R2": 7.390872201882303,
                    "R3": 7.39575128396973,
                    "R4": 7.198763389606029,
                    "R5": 7.280513857956976,
                    "R6": 7.175539697986096,
                    "R7": 7.239552240818739,
                    "R8": 7.22873220173642,
                    "R9": 7.215431068558246,
                    "as": 7.639306250959635,
                    "comp": 56.427573782391846,
                    "dc": 0.029979392420500517
                }
            },
            "std": {
                "reward": 39724,