{
    "N": 50000,
    "arms": [
        0.4960973461954129,
        0.46519633350678463,
        0.4564303726534043,
        0.45410879397990633,
        0.4505463715326422,
        0.4449825881599488,
        0.4438618260417084,
        0.4347356202217508,
        0.42404835287995835,
        0.41264059560501143
    ],
    "boltzmann": {
        "it-12": {
            "args": {
                "alpha_seed": 575,
                "random_arm_seed": 331,
                "reward_seed": 12,
                "sigma_seed": 504,
                "tau": 0.02
            },
            "gen-distributed": {
                "reward": 24594,
                "time": 9.019899105187505,
                "time_by_components": {
                    "R0": 0.8840085226111114,
                    "R1": 0.5381300239823759,
                    "R2": 0.4707327838987112,
                    "R3": 0.4697965541854501,
                    "R4": 0.46913793915882707,
                    "R5": 0.48311052890494466,
                    "R6": 0.46937195956707,
                    "R7": 0.4684310029260814,
                    "R8": 0.47058309940621257,
                    "R9": 0.46880228305235505,
                    "as": 2.155285519082099,
                    "comp": 0.779805869795382,
                    "dc": 0
                }
            },
            "gen-secure": {
                "reward": 24594,
                "time": 49.996048900764436,
                "time_by_components": {
                    "R0": 3.2762227137573063,
                    "R1": 2.763863205909729,
                    "R2": 2.6240553916431963,
                    "R3": 2.58242297032848,
                    "R4": 2.5437786178663373,
                    "R5": 2.5561319058761,
                    "R6": 2.5340829505585134,
                    "R7": 2.521221267990768,
                    "R8": 2.5250586001202464,
                    "R9": 2.5167912426404655,
                    "as": 2.571910931263119,
                    "comp": 19.669851131737232,
                    "dc": 0.03300611488521099
                }
            },
            "std": {
                "reward": 24594,
                "time": 3.268958806991577
            }
        }
    },
    "e-greedy": {
        "it-12": {
            "args": {
                "alpha_seed": 950,
                "epsilon": 0.1,
                "epsilon_seed": 24,
                "random_arm_seed": 359,
                "reward_seed": 12,
                "sigma_seed": 266
            },
            "gen-distributed": {
                "reward": 24627,
                "time": 8.074119690805674,
                "time_by_components": {
                    "R0": 0.8310890607535839,
                    "R1": 0.41887061949819326,
                    "R2": 0.41423857351765037,
                    "R3": 0.4150397265329957,
                    "R4": 0.41352025512605906,
                    "R5": 0.41367490077391267,
                    "R6": 0.4134909501299262,
                    "R7": 0.4127453351393342,
                    "R8": 0.41299636336043477,
                    "R9": 0.4141899896785617,
                    "as": 2.0946445311419666,
                    "comp": 0.19961611414328218,
                    "dc": 0
                }
            },
            "gen-secure": {
                "reward": 24627,
                "time": 46.427521858364344,
                "time_by_components": {
                    "R0": 3.0447965315543115,
                    "R1": 2.4856178257614374,
                    "R2": 2.4124793359078467,
                    "R3": 2.387377690989524,
                    "R4": 2.3571811951696873,
                    "R5": 2.355905858334154,
                    "R6": 2.3491249619983137,
                    "R7": 2.344694312196225,
                    "R8": 2.3402773067355156,
                    "R9": 2.338763829320669,
                    "as": 2.4612105661071837,
                    "comp": 17.907323005143553,
                    "dc": 0.03286048490554094
                }
            },
            "std": {
                "reward": 24627,
                "time": 3.021122694015503
            }
        }
    },
    "e-greedy-decreasing": {
        "it-12": {
            "args": {
                "alpha_seed": 561,
                "epsilon_seed": 575,
                "random_arm_seed": 331,
                "reward_seed": 12,
                "sigma_seed": 122
            },
            "gen-distributed": {
                "reward": 24677,
                "time": 8.297743812203407,
                "time_by_components": {
                    "R0": 0.8627671808935702,
                    "R1": 0.43381536565721035,
                    "R2": 0.4276035903021693,
                    "R3": 0.4269928350113332,
                    "R4": 0.4256544937379658,
                    "R5": 0.4253494320437312,
                    "R6": 0.42554571432992816,
                    "R7": 0.42662985995411873,
                    "R8": 0.4278006781823933,
                    "R9": 0.42555814841762185,
                    "as": 2.120837766677141,
                    "comp": 0.19168608775362372,
                    "dc": 0
                }
            },
            "gen-secure": {
                "reward": 24677,
                "time": 47.747571198269725,
                "time_by_components": {
                    "R0": 3.1522811204195023,
                    "R1": 2.5532116177491844,
                    "R2": 2.4881766960024834,
                    "R3": 2.4555342122912407,
                    "R4": 2.4223910798318684,
                    "R5": 2.4114807886071503,
                    "R6": 2.4102341602556407,
                    "R7": 2.4022404039278626,
                    "R8": 2.401873372029513,
                    "R9": 2.398493042215705,
                    "as": 2.4768926249817014,
                    "comp": 18.442451236303896,
                    "dc": 0.03302295319736004
                }
            },
            "std": {
                "reward": 24677,
                "time": 3.065415620803833
            }
        }
    },
    "nb_iterations": 50,
    "pursuit": {
        "it-12": {
            "args": {
                "alpha_seed": 575,
                "beta": 0.2,
                "random_arm_seed": 331,
                "reward_seed": 12,
                "sigma_seed": 122
            },
            "gen-distributed": {
                "reward": 23385,
                "time": 16.033761760685593,
                "time_by_components": {
                    "R0": 0.9695974043570459,
                    "R1": 1.3392901462502778,
                    "R2": 0.8996080243960023,
                    "R3": 0.8939386354759336,
                    "R4": 0.8928416878916323,
                    "R5": 0.8944665268063545,
                    "R6": 0.891869570594281,
                    "R7": 0.8924394375644624,
                    "R8": 0.8945768587291241,
                    "R9": 0.8921668594703078,
                    "as": 4.08407034445554,
                    "comp": 0.8530166549608111,
                    "dc": 0
                }
            },
            "gen-secure": {
                "reward": 23385,
                "time": 93.45153123093769,
                "time_by_components": {
                    "R0": 5.443021500017494,
                    "R1": 5.530442784074694,
                    "R2": 4.926187922246754,
                    "R3": 4.851708153262734,
                    "R4": 4.736690039280802,
                    "R5": 4.793134779203683,
                    "R6": 4.722436570096761,
                    "R7": 4.707365225534886,
                    "R8": 4.755119677167386,
                    "R9": 4.702848923858255,
                    "as": 4.969776444602758,
                    "comp": 36.8836345304735,
                    "dc": 0.03286299668252468
                }
            },
            "std": {
                "reward": 23385,