{
    "N": 100000,
    "arms": [
        0.4960973461954129,
        0.46519633350678463,
        0.4564303726534043,
        0.45410879397990633,
        0.4505463715326422,
        0.4449825881599488,
        0.4438618260417084,
        0.4347356202217508,
        0.42404835287995835,
        0.41264059560501143
    ],
    "boltzmann": {
        "it-1": {
            "args": {
                "alpha_seed": 445,
                "random_arm_seed": 205,
                "reward_seed": 1,
                "sigma_seed": 676,
                "tau": 0.02
            },
            "gen-distributed": {
                "reward": 45795,
                "time": 18.07809347845614,
                "time_by_components": {
                    "R0": 1.002317971084267,
                    "R1": 1.5400867480784655,
                    "R2": 0.9611165490932763,
                    "R3": 0.9420821550302207,
                    "R4": 0.9386156173422933,
                    "R5": 1.0792629020288587,
                    "R6": 1.133493784815073,
                    "R7": 0.93994465097785,
                    "R8": 0.9373245774768293,
                    "R9": 0.9414908024482429,
                    "as": 4.324361133389175,
                    "comp": 1.5676869382150471,
                    "dc": 0
                }
            },
            "gen-secure": {
                "reward": 45795,
                "time": 98.10805921303108,
                "time_by_components": {
                    "R0": 5.583731284830719,
                    "R1": 5.874491721857339,
                    "R2": 5.150688479654491,
                    "R3": 5.02768657496199,
                    "R4": 4.951781039591879,
                    "R5": 5.09261682536453,
                    "R6": 5.130580296739936,
                    "R7": 4.91250925231725,
                    "R8": 4.886395084206015,
                    "R9": 4.879152776207775,
                    "as": 5.176465206313878,
                    "comp": 38.85034694802016,
                    "dc": 0.032899608835577965
                }
            },
            "std": {
                "reward": 45795,
                "time": 6.524834156036377
            }
        }
    },
    "e-greedy": {
        "it-1": {
            "args": {
                "alpha_seed": 609,
                "epsilon": 0.1,
                "epsilon_seed": 310,
                "random_arm_seed": 155,
                "reward_seed": 1,
                "sigma_seed": 840
            },
            "gen-distributed": {
                "reward": 48835,
                "time": 16.39425700902939,
                "time_by_components": {
                    "R0": 1.6096296636387706,
                    "R1": 0.886443791911006,
                    "R2": 0.8624158771708608,
                    "R3": 0.8351976391859353,
                    "R4": 0.8496475778520107,
                    "R5": 0.8404816635884345,
                    "R6": 0.8390451781451702,
                    "R7": 0.8346753912046552,
                    "R8": 0.8335496997460723,
                    "R9": 0.8396624643355608,
                    "as": 4.247438292019069,
                    "comp": 0.41197073785588145,
                    "dc": 0
                }
            },
            "gen-secure": {
                "reward": 48835,
                "time": 92.17605529818684,
                "time_by_components": {
                    "R0": 5.932797503657639,
                    "R1": 4.930356681812555,
                    "R2": 4.770089948549867,
                    "R3": 4.6859710635617375,
                    "R4": 4.63464005663991,
                    "R5": 4.617587017826736,
                    "R6": 4.5994393094442785,
                    "R7": 4.5919461119920015,
                    "R8": 4.584087479393929,
                    "R9": 4.578183858189732,
                    "as": 4.979523038025945,
                    "comp": 35.942116123624146,
                    "dc": 0.03287571622058749
                }
            },
            "std": {
                "reward": 48835,
                "time": 6.032577276229858
            }
        }
    },
    "e-greedy-decreasing": {
        "it-1": {
            "args": {
                "alpha_seed": 483,
                "epsilon_seed": 445,
                "random_arm_seed": 205,
                "reward_seed": 1,
                "sigma_seed": 496
            },
            "gen-distributed": {
                "reward": 48464,
                "time": 16.653058590833098,
                "time_by_components": {
                    "R0": 1.4835868827067316,
                    "R1": 1.1208507400006056,
                    "R2": 0.8655709424056113,
                    "R3": 0.863586287945509,
                    "R4": 0.8726300885900855,
                    "R5": 0.8662282833829522,
                    "R6": 0.8633002038113773,
                    "R7": 0.8631173023022711,
                    "R8": 0.8610800192691386,
                    "R9": 0.86404885398224,
                    "as": 4.2111027436330914,
                    "comp": 0.38096023304387927,
                    "dc": 0
                }
            },
            "gen-secure": {
                "reward": 48464,
                "time": 94.26232774183154,
                "time_by_components": {
                    "R0": 5.958218441344798,
                    "R1": 5.26961581595242,
                    "R2": 4.85105267399922,
                    "R3": 4.784692108631134,
                    "R4": 4.73319092951715,
                    "R5": 4.715146566275507,
                    "R6": 4.711393949110061,
                    "R7": 4.688654565252364,
                    "R8": 4.673190877307206,
                    "R9": 4.675396017730236,
                    "as": 5.095627663657069,
                    "comp": 36.6344375917688,
                    "dc": 0.0329561629332602
                }
            },
            "std": {
                "reward": 48464,
                "time": 5.9942626953125
            }
        }
    },
    "nb_iterations": 50,
    "pursuit": {
        "it-1": {
            "args": {
                "alpha_seed": 445,
                "beta": 0.2,
                "random_arm_seed": 205,
                "reward_seed": 1,
                "sigma_seed": 496
            },
            "gen-distributed": {
                "reward": 44328,
                "time": 33.96064101299271,
                "time_by_components": {
                    "R0": 2.053475983440876,
                    "R1": 1.9135294859297574,
                    "R2": 1.8936082078143954,
                    "R3": 1.8854170949198306,
                    "R4": 1.8867920320481062,
                    "R5": 1.8947587083093822,
                    "R6": 2.8041720800101757,
                    "R7": 1.8811521911993623,
                    "R8": 1.8771070158109069,
                    "R9": 1.8779862951487303,
                    "as": 8.649508677423,
                    "comp": 1.8140518399886787,
                    "dc": 0
                }
            },
            "gen-secure": {
                "reward": 44328,
                "time": 190.37673223484308,
                "time_by_components": {
                    "R0": 10.93248383840546,
                    "R1": 10.300058037042618,
                    "R2": 10.010041209403425,
                    "R3": 9.747266213875264,
                    "R4": 9.580375077668577,
                    "R5": 9.723554098047316,
                    "R6": 10.764190182089806,
                    "R7": 9.607854351401329,
                    "R8": 9.51548219518736,
                    "R9": 9.492726287804544,
                    "as": 10.22712313896045,
                    "comp": 75.45695900497958,
                    "dc": 0.03287893394008279
                }
            },
            "std": {
                "reward": 44328,
                "time": 10.765961170196533
            }
        }
    },