{
    "N": 70000,
    "arms": [
        0.4960973461954129,
        0.46519633350678463,
        0.4564303726534043,
        0.45410879397990633,
        0.4505463715326422,
        0.4449825881599488,
        0.4438618260417084,
        0.4347356202217508,
        0.42404835287995835,
        0.41264059560501143
    ],
    "boltzmann": {
        "it-13": {
            "args": {
                "alpha_seed": 26,
                "random_arm_seed": 65,
                "reward_seed": 13,
                "sigma_seed": 978,
                "tau": 0.02
            },
            "gen-distributed": {
                "reward": 31891,
                "time": 12.688923947978765,
                "time_by_components": {
                    "R0": 0.7075953418388963,
                    "R1": 0.6654520235024393,
                    "R2": 1.0403252942487597,
                    "R3": 0.6614125594496727,
                    "R4": 0.9285051762126386,
                    "R5": 0.6625224854797125,
                    "R6": 0.6604342176578939,
                    "R7": 0.6626419345848262,
                    "R8": 0.6588517399504781,
                    "R9": 0.6591537622734904,
                    "as": 3.0359950750134885,
                    "comp": 1.09832301735878,
                    "dc": 0
                }
            },
            "gen-secure": {
                "reward": 31891,
                "time": 69.32380391890183,
                "time_by_components": {
                    "R0": 3.9638906624168158,
                    "R1": 3.69948240974918,
                    "R2": 4.015111017972231,
                    "R3": 3.566976513247937,
                    "R4": 3.7963883662596345,
                    "R5": 3.514073494821787,
                    "R6": 3.476359023246914,
                    "R7": 3.511007318738848,
                    "R8": 3.4985942877829075,
                    "R9": 3.475697114598006,
                    "as": 3.6259730239398777,
                    "comp": 27.360836851410568,
                    "dc": 0.03293959517031908
                }
            },
            "std": {
                "reward": 31891,
                "time": 4.563255310058594
            }
        }
    },
    "e-greedy": {
        "it-13": {
            "args": {
                "alpha_seed": 547,
                "epsilon": 0.1,
                "epsilon_seed": 172,
                "random_arm_seed": 554,
                "reward_seed": 13,
                "sigma_seed": 319
            },
            "gen-distributed": {
                "reward": 34073,
                "time": 11.466534048784524,
                "time_by_components": {
                    "R0": 1.1024709944613278,
                    "R1": 0.5923122940585017,
                    "R2": 0.5876061888411641,
                    "R3": 0.5845656599849463,
                    "R4": 0.584522707387805,
                    "R5": 0.6595217227004468,
                    "R6": 0.5849355878308415,
                    "R7": 0.583098640665412,
                    "R8": 0.5833878754638135,
                    "R9": 0.5835273843258619,
                    "as": 2.9817778863944113,
                    "comp": 0.2869082293473184,
                    "dc": 0
                }
            },
            "gen-secure": {
                "reward": 34073,
                "time": 64.81659398321062,
                "time_by_components": {
                    "R0": 4.180615704972297,
                    "R1": 3.4411822240799665,
                    "R2": 3.3439458906650543,
                    "R3": 3.2976616006344557,
                    "R4": 3.259331707842648,
                    "R5": 3.3442071792669594,
                    "R6": 3.247924671974033,
                    "R7": 3.2373942001722753,
                    "R8": 3.242910044733435,
                    "R9": 3.2402000171132386,
                    "as": 3.543654935900122,
                    "comp": 25.089584277477115,
                    "dc": 0.03299923799932003
                }
            },
            "std": {
                "reward": 34073,
                "time": 4.244221210479736
            }
        }
    },
    "e-greedy-decreasing": {
        "it-13": {
            "args": {
                "alpha_seed": 745,
                "epsilon_seed": 26,
                "random_arm_seed": 65,
                "reward_seed": 13,
                "sigma_seed": 990
            },
            "gen-distributed": {
                "reward": 33421,
                "time": 11.853763858787715,
                "time_by_components": {
                    "R0": 0.9496789081022143,
                    "R1": 0.6135877650231123,
                    "R2": 0.8493294692598283,
                    "R3": 0.6285702167078853,
                    "R4": 0.60856166575104,
                    "R5": 0.6107888603582978,
                    "R6": 0.6202556490898132,
                    "R7": 0.6094253589399159,
                    "R8": 0.606468299869448,
                    "R9": 0.60646947985515,
                    "as": 3.045417129062116,
                    "comp": 0.27662685979157686,
                    "dc": 0
                }
            },
            "gen-secure": {
                "reward": 33421,
                "time": 66.26923791086301,
                "time_by_components": {
                    "R0": 4.070184186566621,
                    "R1": 3.513311405200511,
                    "R2": 3.6858302196487784,
                    "R3": 3.4176455987617373,
                    "R4": 3.341577569488436,
                    "R5": 3.32884119823575,
                    "R6": 3.3283620961010456,
                    "R7": 3.322556939907372,
                    "R8": 3.304466063156724,
                    "R9": 3.3175057293847203,
                    "as": 3.579471896868199,
                    "comp": 25.62196622369811,
                    "dc": 0.033133869990706444
                }
            },
            "std": {
                "reward": 33421,
                "time": 4.225457668304443
            }
        }
    },
    "nb_iterations": 50,
    "pursuit": {
        "it-13": {
            "args": {
                "alpha_seed": 26,
                "beta": 0.2,
                "random_arm_seed": 65,
                "reward_seed": 13,
                "sigma_seed": 990
            },
            "gen-distributed": {
                "reward": 32054,
                "time": 23.229137502145022,
                "time_by_components": {
                    "R0": 1.4032340669073164,
                    "R1": 1.3115110006183386,
                    "R2": 1.8945169849321246,
                    "R3": 1.2968636979348958,
                    "R4": 1.326741605065763,
                    "R5": 1.2977034952491522,
                    "R6": 1.292740679346025,
                    "R7": 1.2905444512143731,
                    "R8": 1.287779891397804,
                    "R9": 1.2891181744635105,
                    "as": 5.907967747189105,
                    "comp": 1.2294472209177911,
                    "dc": 0
                }
            },
            "gen-secure": {
                "reward": 32054,
                "time": 135.1864690571092,
                "time_by_components": {
                    "R0": 7.871239009313285,
                    "R1": 7.208553943783045,
                    "R2": 7.806977985426784,
                    "R3": 7.01178783737123,
                    "R4": 6.959869779646397,
                    "R5": 6.847669000737369,
                    "R6": 6.8116908757947385,
                    "R7": 6.880272463429719,
                    "R8": 6.8831896195188165,
                    "R9": 6.773134057875723,
                    "as": 7.20421049091965,
                    "comp": 53.3478328557685,
                    "dc": 0.0330568659119308
                }
            },
            "std": {
                "reward": 32054,