{
    "N": 90000,
    "arms": [
        0.4960973461954129,
        0.46519633350678463,
        0.4564303726534043,
        0.45410879397990633,
        0.4505463715326422,
        0.4449825881599488,
        0.4438618260417084,
        0.4347356202217508,
        0.42404835287995835,
        0.41264059560501143
    ],
    "boltzmann": {
        "it-31": {
            "args": {
                "alpha_seed": 633,
                "random_arm_seed": 829,
                "reward_seed": 31,
                "sigma_seed": 985,
                "tau": 0.02
            },
            "gen-distributed": {
                "reward": 44222,
                "time": 15.971967149991542,
                "time_by_components": {
                    "R0": 1.637667704373598,
                    "R1": 0.8424702952615917,
                    "R2": 0.8327400395646691,
                    "R3": 0.8288159854710102,
                    "R4": 0.8540898188948631,
                    "R5": 0.8329380713403225,
                    "R6": 0.8295437009073794,
                    "R7": 0.860553172416985,
                    "R8": 0.8293137135915458,
                    "R9": 0.845974154304713,
                    "as": 3.8164647365920246,
                    "comp": 1.3804988428018987,
                    "dc": 0
                }
            },
            "gen-secure": {
                "reward": 44222,
                "time": 85.97146751405671,
                "time_by_components": {
                    "R0": 5.673110313713551,
                    "R1": 4.621550456620753,
                    "R2": 4.462611429858953,
                    "R3": 4.398883813992143,
                    "R4": 4.377808573655784,
                    "R5": 4.3425626223906875,
                    "R6": 4.334181733895093,
                    "R7": 4.411749794147909,
                    "R8": 4.3267455832101405,
                    "R9": 4.336530731525272,
                    "as": 4.44277057191357,
                    "comp": 33.98306202003732,
                    "dc": 0.03291788278147578
                }
            },
            "std": {
                "reward": 44222,
                "time": 5.880014419555664
            }
        }
    },
    "e-greedy": {
        "it-31": {
            "args": {
                "alpha_seed": 347,
                "epsilon": 0.1,
                "epsilon_seed": 961,
                "random_arm_seed": 116,
                "reward_seed": 31,
                "sigma_seed": 284
            },
            "gen-distributed": {
                "reward": 44167,
                "time": 14.75770706962794,
                "time_by_components": {
                    "R0": 1.5143643645569682,
                    "R1": 0.767229363322258,
                    "R2": 0.7534027765505016,
                    "R3": 0.7528587016277015,
                    "R4": 0.7519298898987472,
                    "R5": 0.7573872841894627,
                    "R6": 0.7546866433694959,
                    "R7": 0.7525339019484818,
                    "R8": 0.7506055720150471,
                    "R9": 0.7529956283979118,
                    "as": 3.8217057418078184,
                    "comp": 0.3730727285146713,
                    "dc": 0
                }
            },
            "gen-secure": {
                "reward": 44167,
                "time": 83.65566010121256,
                "time_by_components": {
                    "R0": 5.49944941746071,
                    "R1": 4.438414969481528,
                    "R2": 4.297416728455573,
                    "R3": 4.244485878385603,
                    "R4": 4.190370895434171,
                    "R5": 4.186528928112239,
                    "R6": 4.173947956413031,
                    "R7": 4.163672550581396,
                    "R8": 4.156399763189256,
                    "R9": 4.150481307413429,
                    "as": 4.578249151352793,
                    "comp": 32.54455035412684,
                    "dc": 0.03339318837970495
                }
            },
            "std": {
                "reward": 44167,
                "time": 5.5135498046875
            }
        }
    },
    "e-greedy-decreasing": {
        "it-31": {
            "args": {
                "alpha_seed": 642,
                "epsilon_seed": 633,
                "random_arm_seed": 829,
                "reward_seed": 31,
                "sigma_seed": 861
            },
            "gen-distributed": {
                "reward": 44334,
                "time": 15.030656812246889,
                "time_by_components": {
                    "R0": 1.5623089759610593,
                    "R1": 0.7841177019290626,
                    "R2": 0.7745938585139811,
                    "R3": 0.7707301354967058,
                    "R4": 0.772482740227133,
                    "R5": 0.7757910471409559,
                    "R6": 0.7730043833144009,
                    "R7": 0.7720488137565553,
                    "R8": 0.7714695231989026,
                    "R9": 0.7727516731247306,
                    "as": 3.8152160830795765,
                    "comp": 0.34308933606371284,
                    "dc": 0
                }
            },
            "gen-secure": {
                "reward": 44334,
                "time": 84.06370737496763,
                "time_by_components": {
                    "R0": 5.532258993014693,
                    "R1": 4.462808025535196,
                    "R2": 4.335300251841545,
                    "R3": 4.273497509304434,
                    "R4": 4.21753883222118,
                    "R5": 4.214089590124786,
                    "R6": 4.200236066710204,
                    "R7": 4.195096456445754,
                    "R8": 4.221871912479401,
                    "R9": 4.2020809929817915,
                    "as": 4.505618582945317,
                    "comp": 32.565603552851826,
                    "dc": 0.03285256261005998
                }
            },
            "std": {
                "reward": 44334,
                "time": 5.435424327850342
            }
        }
    },
    "nb_iterations": 50,
    "pursuit": {
        "it-31": {
            "args": {
                "alpha_seed": 633,
                "beta": 0.2,
                "random_arm_seed": 829,
                "reward_seed": 31,
                "sigma_seed": 861
            },
            "gen-distributed": {
                "reward": 44640,
                "time": 30.399590648245066,
                "time_by_components": {
                    "R0": 2.6484538135118783,
                    "R1": 1.7226238087750971,
                    "R2": 1.6925731138326228,
                    "R3": 1.685686903540045,
                    "R4": 1.6841287896968424,
                    "R5": 1.688109782524407,
                    "R6": 1.684004746377468,
                    "R7": 1.683732331264764,
                    "R8": 1.67981320573017,
                    "R9": 1.681473819538951,
                    "as": 7.772462734486908,
                    "comp": 1.616936712525785,
                    "dc": 0
                }
            },
            "gen-secure": {
                "reward": 44640,
                "time": 171.8695076261647,
                "time_by_components": {
                    "R0": 10.824815916828811,
                    "R1": 9.297436677850783,
                    "R2": 8.931407167576253,
                    "R3": 8.816457256209105,
                    "R4": 8.820195467211306,
                    "R5": 8.701193760614842,
                    "R6": 8.666286088060588,
                    "R7": 8.762923999223858,
                    "R8": 8.633063297718763,
                    "R9": 8.734732990153134,
                    "as": 9.195065929554403,
                    "comp": 67.9336444339715,
                    "dc": 0.03288844507187605
                }
            },
            "std": {
                "reward": 44640,