{
    "N": 50000,
    "arms": [
        0.4960973461954129,
        0.46519633350678463,
        0.4564303726534043,
        0.45410879397990633,
        0.4505463715326422,
        0.4449825881599488,
        0.4438618260417084,
        0.4347356202217508,
        0.42404835287995835,
        0.41264059560501143
    ],
    "boltzmann": {
        "it-48": {
            "args": {
                "alpha_seed": 393,
                "random_arm_seed": 541,
                "reward_seed": 48,
                "sigma_seed": 737,
                "tau": 0.02
            },
            "gen-distributed": {
                "reward": 24550,
                "time": 9.092027733568102,
                "time_by_components": {
                    "R0": 0.9039806630462408,
                    "R1": 0.4805737268179655,
                    "R2": 0.4820083207450807,
                    "R3": 0.4713854817673564,
                    "R4": 0.47056865226477385,
                    "R5": 0.472715275362134,
                    "R6": 0.5217402679845691,
                    "R7": 0.47151658590883017,
                    "R8": 0.47915290482342243,
                    "R9": 0.4736124915070832,
                    "as": 2.1793010449036956,
                    "comp": 0.7872077524662018,
                    "dc": 0
                }
            },
            "gen-secure": {
                "reward": 24550,
                "time": 49.621027185581625,
                "time_by_components": {
                    "R0": 3.3172174566425383,
                    "R1": 2.68860902544111,
                    "R2": 2.6077769207768142,
                    "R3": 2.5634544151835144,
                    "R4": 2.5252428986132145,
                    "R5": 2.5224115191958845,
                    "R6": 2.572453668806702,
                    "R7": 2.5104391872882843,
                    "R8": 2.523073934484273,
                    "R9": 2.514996482990682,
                    "as": 2.5711013223044574,
                    "comp": 19.419206214603037,
                    "dc": 0.03298287885263562
                }
            },
            "std": {
                "reward": 24550,
                "time": 3.295013189315796
            }
        }
    },
    "e-greedy": {
        "it-48": {
            "args": {
                "alpha_seed": 211,
                "epsilon": 0.1,
                "epsilon_seed": 213,
                "random_arm_seed": 845,
                "reward_seed": 48,
                "sigma_seed": 974
            },
            "gen-distributed": {
                "reward": 24633,
                "time": 8.182745477650315,
                "time_by_components": {
                    "R0": 0.8381926575675607,
                    "R1": 0.4222796307876706,
                    "R2": 0.4192055147141218,
                    "R3": 0.41738134156912565,
                    "R4": 0.4180834316648543,
                    "R5": 0.41695518884807825,
                    "R6": 0.42053399654105306,
                    "R7": 0.416820764541626,
                    "R8": 0.4168121269904077,
                    "R9": 0.4166999030858278,
                    "as": 2.125150087289512,
                    "comp": 0.20342344418168068,
                    "dc": 0
                }
            },
            "gen-secure": {
                "reward": 24633,
                "time": 46.095147617161274,
                "time_by_components": {
                    "R0": 2.9939511050470173,
                    "R1": 2.461926417425275,
                    "R2": 2.3974045580253005,
                    "R3": 2.370094754267484,
                    "R4": 2.33984631113708,
                    "R5": 2.334861527197063,
                    "R6": 2.3334830570966005,
                    "R7": 2.3290951657108963,
                    "R8": 2.32163048395887,
                    "R9": 2.337311301846057,
                    "as": 2.395953794941306,
                    "comp": 17.846541062463075,
                    "dc": 0.030883843079209328
                }
            },
            "std": {
                "reward": 24633,
                "time": 2.997530698776245
            }
        }
    },
    "e-greedy-decreasing": {
        "it-48": {
            "args": {
                "alpha_seed": 433,
                "epsilon_seed": 393,
                "random_arm_seed": 541,
                "reward_seed": 48,
                "sigma_seed": 922
            },
            "gen-distributed": {
                "reward": 24682,
                "time": 7.587068816181272,
                "time_by_components": {
                    "R0": 0.7908617123030126,
                    "R1": 0.3953361241146922,
                    "R2": 0.39313472621142864,
                    "R3": 0.3959124437533319,
                    "R4": 0.39137766044586897,
                    "R5": 0.39181265234947205,
                    "R6": 0.39071165723726153,
                    "R7": 0.3892595088109374,
                    "R8": 0.3908407287672162,
                    "R9": 0.3902271785773337,
                    "as": 1.930538595188409,
                    "comp": 0.173296052031219,
                    "dc": 0
                }
            },
            "gen-secure": {
                "reward": 24682,
                "time": 45.51407474791631,
                "time_by_components": {
                    "R0": 3.0716813593171537,
                    "R1": 2.455740897450596,
                    "R2": 2.3617926854640245,
                    "R3": 2.335854592267424,
                    "R4": 2.303652192465961,
                    "R5": 2.2934899828396738,
                    "R6": 2.2883890704251826,
                    "R7": 2.2948436131700873,
                    "R8": 2.2849336224608123,
                    "R9": 2.280230790376663,
                    "as": 2.399444861803204,
                    "comp": 17.478832975495607,
                    "dc": 0.03303132811561227
                }
            },
            "std": {
                "reward": 24682,
                "time": 2.775860548019409
            }
        }
    },
    "nb_iterations": 50,
    "pursuit": {
        "it-48": {
            "args": {
                "alpha_seed": 393,
                "beta": 0.2,
                "random_arm_seed": 541,
                "reward_seed": 48,
                "sigma_seed": 922
            },
            "gen-distributed": {
                "reward": 21782,
                "time": 16.92273611901328,
                "time_by_components": {
                    "R0": 1.0205417010001838,
                    "R1": 0.9542651446536183,
                    "R2": 0.9433550145477057,
                    "R3": 0.9398529455065727,
                    "R4": 0.9369110674597323,
                    "R5": 0.9418545286171138,
                    "R6": 0.9411426014266908,
                    "R7": 1.4001569063402712,
                    "R8": 0.93932169303298,
                    "R9": 0.938586990814656,
                    "as": 4.327151701319963,
                    "comp": 0.8957552709616721,
                    "dc": 0
                }
            },
            "gen-secure": {
                "reward": 21782,
                "time": 96.20447250735015,
                "time_by_components": {
                    "R0": 5.607468906790018,
                    "R1": 5.143613402266055,
                    "R2": 5.067889687139541,
                    "R3": 4.943377043586224,
                    "R4": 4.872865397948772,
                    "R5": 4.87775319442153,
                    "R6": 4.928556781262159,
                    "R7": 5.4492505341768265,
                    "R8": 4.94701713649556,
                    "R9": 4.894425184465945,
                    "as": 5.169534589163959,
                    "comp": 37.75723987072706,
                    "dc": 0.03198031522333622
                }
            },
            "std": {
                "reward": 21782,