{
    "N": 100000,
    "arms": [
        0.4960973461954129,
        0.46519633350678463,
        0.4564303726534043,
        0.45410879397990633,
        0.4505463715326422,
        0.4449825881599488,
        0.4438618260417084,
        0.4347356202217508,
        0.42404835287995835,
        0.41264059560501143
    ],
    "boltzmann": {
        "it-17": {
            "args": {
                "alpha_seed": 98,
                "random_arm_seed": 868,
                "reward_seed": 17,
                "sigma_seed": 566,
                "tau": 0.02
            },
            "gen-distributed": {
                "reward": 49133,
                "time": 17.985372790601104,
                "time_by_components": {
                    "R0": 1.806284863036126,
                    "R1": 0.9501294256187975,
                    "R2": 0.9355248468928039,
                    "R3": 1.0283934916369617,
                    "R4": 0.9344012946821749,
                    "R5": 0.9393783723935485,
                    "R6": 0.9366281214170158,
                    "R7": 0.958860126323998,
                    "R8": 0.9354560230858624,
                    "R9": 0.9362565092742443,
                    "as": 4.303588934708387,
                    "comp": 1.5541856111958623,
                    "dc": 0
                }
            },
            "gen-secure": {
                "reward": 49133,
                "time": 98.48682469828054,
                "time_by_components": {
                    "R0": 6.489586116280407,
                    "R1": 5.280136743560433,
                    "R2": 5.09940397599712,
                    "R3": 5.15401551220566,
                    "R4": 4.990363756194711,
                    "R5": 4.96646620053798,
                    "R6": 4.938619777560234,
                    "R7": 4.969972744584084,
                    "R8": 4.933907527010888,
                    "R9": 4.917263466399163,
                    "as": 5.134178755804896,
                    "comp": 39.03366406774148,
                    "dc": 0.03331756591796875
                }
            },
            "std": {
                "reward": 49133,
                "time": 6.557464361190796
            }
        }
    },
    "e-greedy": {
        "it-17": {
            "args": {
                "alpha_seed": 871,
                "epsilon": 0.1,
                "epsilon_seed": 923,
                "random_arm_seed": 246,
                "reward_seed": 17,
                "sigma_seed": 534
            },
            "gen-distributed": {
                "reward": 49154,
                "time": 14.84970247419551,
                "time_by_components": {
                    "R0": 1.5291831786744297,
                    "R1": 0.7679285537451506,
                    "R2": 0.7617007349617779,
                    "R3": 0.7611495894379914,
                    "R4": 0.7561555975116789,
                    "R5": 0.7645133882761002,
                    "R6": 0.7634990001097322,
                    "R7": 0.7588824313133955,
                    "R8": 0.7587458975613117,
                    "R9": 0.7584148095920682,
                    "as": 3.849246713798493,
                    "comp": 0.3728288523852825,
                    "dc": 0
                }
            },
            "gen-secure": {
                "reward": 49154,
                "time": 87.07380818901584,
                "time_by_components": {
                    "R0": 5.703773380257189,
                    "R1": 4.609246285166591,
                    "R2": 4.46795740025118,
                    "R3": 4.418148368131369,
                    "R4": 4.363960085902363,
                    "R5": 4.360128256492317,
                    "R6": 4.347091631498188,
                    "R7": 4.336452380288392,
                    "R8": 4.331174563150853,
                    "R9": 4.324485216289759,
                    "as": 4.695569859817624,
                    "comp": 33.982764763291925,
                    "dc": 0.0321117052808404
                }
            },
            "std": {
                "reward": 49154,
                "time": 5.873464822769165
            }
        }
    },
    "e-greedy-decreasing": {
        "it-17": {
            "args": {
                "alpha_seed": 219,
                "epsilon_seed": 98,
                "random_arm_seed": 868,
                "reward_seed": 17,
                "sigma_seed": 955
            },
            "gen-distributed": {
                "reward": 49294,
                "time": 16.703808347228914,
                "time_by_components": {
                    "R0": 1.742162519134581,
                    "R1": 0.8709433530457318,
                    "R2": 0.8634853162802756,
                    "R3": 0.8595618363469839,
                    "R4": 0.8580584176816046,
                    "R5": 0.8658278766088188,
                    "R6": 0.8622618946246803,
                    "R7": 0.8608962958678603,
                    "R8": 0.8581363894045353,
                    "R9": 0.8590855416841805,
                    "as": 4.258552490733564,
                    "comp": 0.38272819155827165,
                    "dc": 0
                }
            },
            "gen-secure": {
                "reward": 49294,
                "time": 93.36976160295308,
                "time_by_components": {
                    "R0": 6.153267690911889,
                    "R1": 4.972515427041799,
                    "R2": 4.813152140937746,
                    "R3": 4.751745676156133,
                    "R4": 4.6865711831487715,
                    "R5": 4.677652874030173,
                    "R6": 4.645053310785443,
                    "R7": 4.636252269148827,
                    "R8": 4.628626200836152,
                    "R9": 4.648584121372551,
                    "as": 5.017652923706919,
                    "comp": 36.28984796022996,
                    "dc": 0.03272087313234806
                }
            },
            "std": {
                "reward": 49294,
                "time": 6.138862371444702
            }
        }
    },
    "nb_iterations": 50,
    "pursuit": {
        "it-17": {
            "args": {
                "alpha_seed": 98,
                "beta": 0.2,
                "random_arm_seed": 868,
                "reward_seed": 17,
                "sigma_seed": 955
            },
            "gen-distributed": {
                "reward": 49650,
                "time": 34.05084359180182,
                "time_by_components": {
                    "R0": 2.97051185881719,
                    "R1": 1.9345736601389945,
                    "R2": 1.8991240309551358,
                    "R3": 1.892628266941756,
                    "R4": 1.886354699730873,
                    "R5": 1.8957658051513135,
                    "R6": 1.8900982970371842,
                    "R7": 1.88904153322801,
                    "R8": 1.891016237437725,
                    "R9": 1.8921434138901532,
                    "as": 8.68707330711186,
                    "comp": 1.8156241960823536,
                    "dc": 0
                }
            },
            "gen-secure": {
                "reward": 49650,
                "time": 189.4072152879089,
                "time_by_components": {
                    "R0": 11.926124495919794,
                    "R1": 10.230234877672046,
                    "R2": 9.8281325455755,
                    "R3": 9.816421323921531,
                    "R4": 9.554506244137883,
                    "R5": 9.534187494311482,
                    "R6": 9.626089165918529,
                    "R7": 9.617874906398356,
                    "R8": 9.497699204366654,
                    "R9": 9.586975015234202,
                    "as": 10.211528980638832,
                    "comp": 74.9601270230487,
                    "dc": 0.033289415296167135
                }
            },
            "std": {
                "reward": 49650,