{
    "N": 100000,
    "arms": [
        0.4960973461954129,
        0.46519633350678463,
        0.4564303726534043,
        0.45410879397990633,
        0.4505463715326422,
        0.4449825881599488,
        0.4438618260417084,
        0.4347356202217508,
        0.42404835287995835,
        0.41264059560501143,
        0.4033943081295281,
        0.40123283833006446,
        0.39658968098306846,
        0.39566905495737104,
        0.3877836929111796,
        0.3750550374254493,
        0.3676900292198695,
        0.3489973181763599,
        0.33867029580114477,
        0.32770283792979227
    ],
    "boltzmann": {
        "it-17": {
            "args": {
                "alpha_seed": 98,
                "random_arm_seed": 868,
                "reward_seed": 17,
                "sigma_seed": 566,
                "tau": 0.02
            },
            "gen-distributed": {
                "reward": 49495,
                "time": 29.970701046753675,
                "time_by_components": {
                    "R0": 1.9196406896226108,
                    "R1": 0.9660303327254951,
                    "R10": 0.9494410092011094,
                    "R11": 0.9421010916121304,
                    "R12": 0.9412165195681155,
                    "R13": 0.952201135456562,
                    "R14": 0.9457499086856842,
                    "R15": 0.942289724946022,
                    "R16": 0.9410296198911965,
                    "R17": 0.944173151627183,
                    "R18": 0.9460194110870361,
                    "R19": 0.9422361734323204,
                    "R2": 0.9513533664867282,
                    "R3": 0.9500441830605268,
                    "R4": 0.944499583914876,
                    "R5": 0.9494110732339323,
                    "R6": 0.9431904959492385,
                    "R7": 0.9482603669166565,
                    "R8": 0.9424834507517517,
                    "R9": 0.9466209514066577,
                    "as": 5.2114070216193795,
                    "comp": 1.703381430823356,
                    "dc": 0
                }
            },
            "gen-secure": {
                "reward": 49495,
                "time": 184.63911000685766,
                "time_by_components": {
                    "R0": 6.643026445992291,
                    "R1": 5.263369945343584,
                    "R10": 4.872153262607753,
                    "R11": 4.843059740960598,
                    "R12": 4.831132590770721,
                    "R13": 4.878686555661261,
                    "R14": 4.8479763036593795,
                    "R15": 4.829523044172674,
                    "R16": 4.821308331564069,
                    "R17": 4.825794138479978,
                    "R18": 4.84786390280351,
                    "R19": 4.855238778050989,
                    "R2": 5.050586281809956,
                    "R3": 5.010260751470923,
                    "R4": 4.923387642018497,
                    "R5": 4.898119295015931,
                    "R6": 4.872281820978969,
                    "R7": 4.896665989421308,
                    "R8": 4.860411598347127,
                    "R9": 4.856753151863813,
                    "as": 6.203869822900742,
                    "comp": 74.27522938838229,
                    "dc": 0.03339121025055647
                }
            },
            "std": {
                "reward": 49495,
                "time": 7.765195846557617
            }
        }
    },
    "e-greedy": {
        "it-17": {
            "args": {
                "alpha_seed": 871,
                "epsilon": 0.1,
                "epsilon_seed": 923,
                "random_arm_seed": 246,
                "reward_seed": 17,
                "sigma_seed": 534
            },
            "gen-distributed": {
                "reward": 48794,
                "time": 26.897321628872305,
                "time_by_components": {
                    "R0": 1.6864337930455804,
                    "R1": 0.8487081336788833,
                    "R10": 0.8347853282466531,
                    "R11": 0.8334452016279101,
                    "R12": 0.8325660484842956,
                    "R13": 0.8335136650130153,
                    "R14": 0.8326387982815504,
                    "R15": 0.83431540383026,
                    "R16": 0.8326282170601189,
                    "R17": 0.8345621908083558,
                    "R18": 0.8315610503777862,
                    "R19": 0.8330107368528843,
                    "R2": 0.8383525763638318,
                    "R3": 0.8384286612272263,
                    "R4": 0.8361186133697629,
                    "R5": 0.8359633916988969,
                    "R6": 0.832270332146436,
                    "R7": 0.8356988839805126,
                    "R8": 0.834235577378422,
                    "R9": 0.8351785014383495,
                    "as": 5.068676873575896,
                    "comp": 0.4992272793315351,
                    "dc": 0
                }
            },
            "gen-secure": {
                "reward": 48794,
                "time": 172.92468437971547,
                "time_by_components": {
                    "R0": 6.067223427351564,
                    "R1": 4.839005095418543,
                    "R10": 4.501380749512464,
                    "R11": 4.493196840863675,
                    "R12": 4.492153089027852,
                    "R13": 4.48807410383597,
                    "R14": 4.483540215995163,
                    "R15": 4.4838736155070364,
                    "R16": 4.48342575179413,
                    "R17": 4.484300263226032,
                    "R18": 4.483288565650582,
                    "R19": 4.495025680866092,
                    "R2": 4.6772831859998405,
                    "R3": 4.613171258941293,
                    "R4": 4.550394670572132,
                    "R5": 4.533242162782699,
                    "R6": 4.520433522295207,
                    "R7": 4.513105136808008,
                    "R8": 4.504891316406429,
                    "R9": 4.501932265702635,
                    "as": 6.040660432074219,
                    "comp": 69.5597604624927,
                    "dc": 0.033656325191259384
                }
            },
            "std": {
                "reward": 48794,
                "time": 7.212413311004639
            }
        }
    },
    "e-greedy-decreasing": {
        "it-17": {
            "args": {
                "alpha_seed": 219,
                "epsilon_seed": 98,
                "random_arm_seed": 868,
                "reward_seed": 17,
                "sigma_seed": 955
            },
            "gen-distributed": {
                "reward": 49037,
                "time": 27.6364866187796,
                "time_by_components": {
                    "R0": 1.7527303341776133,
                    "R1": 0.8788152518682182,
                    "R10": 0.8640928622335196,
                    "R11": 0.8636518302373588,
                    "R12": 0.861547670327127,
                    "R13": 0.8658712822943926,
                    "R14": 0.863758101593703,
                    "R15": 0.8631902760826051,
                    "R16": 0.8622668902389705,
                    "R17": 0.8657561177387834,
                    "R18": 0.8640707097947598,
                    "R19": 0.8633610415272415,
                    "R2": 0.8691469510085881,
                    "R3": 0.8677503010258079,
                    "R4": 0.864804532378912,
                    "R5": 0.865801484324038,
                    "R6": 0.8634084537625313,
                    "R7": 0.8650579387322068,
                    "R8": 0.865967720746994,
                    "R9": 0.8679366097785532,
                    "as": 5.11331800557673,
                    "comp": 0.4721084078773856,
                    "dc": 0
                }
            },
            "gen-secure": {
                "reward": 49037,
                "time": 176.79362323787063,
                "time_by_components": {
                    "R0": 6.280973381362855,