{
    "N": 90000,
    "arms": [
        0.4960973461954129,
        0.46519633350678463,
        0.4564303726534043,
        0.45410879397990633,
        0.4505463715326422,
        0.4449825881599488,
        0.4438618260417084,
        0.4347356202217508,
        0.42404835287995835,
        0.41264059560501143
    ],
    "boltzmann": {
        "it-30": {
            "args": {
                "alpha_seed": 961,
                "random_arm_seed": 116,
                "reward_seed": 30,
                "sigma_seed": 534,
                "tau": 0.02
            },
            "gen-distributed": {
                "reward": 43672,
                "time": 16.251266808249056,
                "time_by_components": {
                    "R0": 1.5369362412020564,
                    "R1": 0.9587847492657602,
                    "R2": 0.8510810313746333,
                    "R3": 0.8464489923790097,
                    "R4": 0.8440851159393787,
                    "R5": 0.9216177174821496,
                    "R6": 0.8468124181963503,
                    "R7": 0.8453563498333097,
                    "R8": 0.871999392285943,
                    "R9": 0.844833271112293,
                    "as": 3.870875326450914,
                    "comp": 1.4033107608556747,
                    "dc": 0
                }
            },
            "gen-secure": {
                "reward": 43672,
                "time": 88.93784268479794,
                "time_by_components": {
                    "R0": 5.718832609243691,
                    "R1": 4.8605641685426235,
                    "R2": 4.671671120449901,
                    "R3": 4.562525189481676,
                    "R4": 4.488534742034972,
                    "R5": 4.577970017679036,
                    "R6": 4.523237287532538,
                    "R7": 4.454833952244371,
                    "R8": 4.483784018550068,
                    "R9": 4.483651552349329,
                    "as": 4.560679905582219,
                    "comp": 35.21739476220682,
                    "dc": 0.03287094971165061
                }
            },
            "std": {
                "reward": 43672,
                "time": 5.972108364105225
            }
        }
    },
    "e-greedy": {
        "it-30": {
            "args": {
                "alpha_seed": 688,
                "epsilon": 0.1,
                "epsilon_seed": 132,
                "random_arm_seed": 552,
                "reward_seed": 30,
                "sigma_seed": 469
            },
            "gen-distributed": {
                "reward": 44148,
                "time": 14.649212658870965,
                "time_by_components": {
                    "R0": 1.5076751057058573,
                    "R1": 0.7564229858107865,
                    "R2": 0.7501131142489612,
                    "R3": 0.7485873755067587,
                    "R4": 0.749027319252491,
                    "R5": 0.7548072608187795,
                    "R6": 0.7511762729845941,
                    "R7": 0.7502256738953292,
                    "R8": 0.7504365378990769,
                    "R9": 0.7478559729643166,
                    "as": 3.7855465984903276,
                    "comp": 0.3646921166218817,
                    "dc": 0
                }
            },
            "gen-secure": {
                "reward": 44148,
                "time": 82.25024139275774,
                "time_by_components": {
                    "R0": 5.382257838267833,
                    "R1": 4.364410404581577,
                    "R2": 4.235781303606927,
                    "R3": 4.184216977562755,
                    "R4": 4.127781460061669,
                    "R5": 4.125595232471824,
                    "R6": 4.134704464115202,
                    "R7": 4.127753762993962,
                    "R8": 4.091934512369335,
                    "R9": 4.093745933379978,
                    "as": 4.476495981216431,
                    "comp": 31.922959801275283,
                    "dc": 0.03298890218138695
                }
            },
            "std": {
                "reward": 44148,
                "time": 5.393962144851685
            }
        }
    },
    "e-greedy-decreasing": {
        "it-30": {
            "args": {
                "alpha_seed": 347,
                "epsilon_seed": 961,
                "random_arm_seed": 116,
                "reward_seed": 30,
                "sigma_seed": 284
            },
            "gen-distributed": {
                "reward": 44230,
                "time": 14.991139387246221,
                "time_by_components": {
                    "R0": 1.5417424645274878,
                    "R1": 0.7816238128580153,
                    "R2": 0.7719080508686602,
                    "R3": 0.7701226361095905,
                    "R4": 0.7831274224445224,
                    "R5": 0.7820058707147837,
                    "R6": 0.7708989665843546,
                    "R7": 0.7748105148784816,
                    "R8": 0.7695470275357366,
                    "R9": 0.770868627820164,
                    "as": 3.7921750908717513,
                    "comp": 0.34075586032122374,
                    "dc": 0
                }
            },
            "gen-secure": {
                "reward": 44230,
                "time": 83.45681937318295,
                "time_by_components": {
                    "R0": 5.459289522841573,
                    "R1": 4.486683630850166,
                    "R2": 4.30710378754884,
                    "R3": 4.253852196969092,
                    "R4": 4.205280523747206,
                    "R5": 4.196973003912717,
                    "R6": 4.175479013007134,
                    "R7": 4.175549822393805,
                    "R8": 4.1538969445973635,
                    "R9": 4.158127007074654,
                    "as": 4.4817303591407835,
                    "comp": 32.31914184615016,
                    "dc": 0.03299157414585352
                }
            },
            "std": {
                "reward": 44230,
                "time": 5.453033208847046
            }
        }
    },
    "nb_iterations": 50,
    "pursuit": {
        "it-30": {
            "args": {
                "alpha_seed": 961,
                "beta": 0.2,
                "random_arm_seed": 116,
                "reward_seed": 30,
                "sigma_seed": 284
            },
            "gen-distributed": {
                "reward": 39960,
                "time": 30.403898782096803,
                "time_by_components": {
                    "R0": 1.8367500859312713,
                    "R1": 1.7152697769924998,
                    "R2": 1.7024079225957394,
                    "R3": 1.690945042297244,
                    "R4": 1.6886122450232506,
                    "R5": 2.526395939756185,
                    "R6": 1.6974894064478576,
                    "R7": 1.6920032282359898,
                    "R8": 1.6900005652569234,
                    "R9": 1.6923512029461563,
                    "as": 7.7134128510952,
                    "comp": 1.609231918118894,
                    "dc": 0
                }
            },
            "gen-secure": {
                "reward": 39960,
                "time": 172.93522879714146,
                "time_by_components": {
                    "R0": 9.996306956280023,
                    "R1": 9.261920750141144,
                    "R2": 9.05585447885096,
                    "R3": 8.93270624987781,
                    "R4": 8.771808319725096,
                    "R5": 9.802569491323084,
                    "R6": 8.78147633280605,
                    "R7": 8.696556574199349,
                    "R8": 8.79599154740572,
                    "R9": 8.678571720607579,
                    "as": 9.132863871287555,
                    "comp": 68.46874497178942,
                    "dc": 0.03286109305918217
                }
            },
            "std": {
                "reward": 39960,