{
    "N": 50000,
    "arms": [
        0.4960973461954129,
        0.46519633350678463,
        0.4564303726534043,
        0.45410879397990633,
        0.4505463715326422,
        0.4449825881599488,
        0.4438618260417084,
        0.4347356202217508,
        0.42404835287995835,
        0.41264059560501143
    ],
    "boltzmann": {
        "it-50": {
            "args": {
                "alpha_seed": 80,
                "random_arm_seed": 712,
                "reward_seed": 50,
                "sigma_seed": 731,
                "tau": 0.02
            },
            "gen-distributed": {
                "reward": 24393,
                "time": 9.024390338920057,
                "time_by_components": {
                    "R0": 0.8814989305101335,
                    "R1": 0.4770978316664696,
                    "R2": 0.4738273019902408,
                    "R3": 0.4700726862065494,
                    "R4": 0.5284845195710659,
                    "R5": 0.4716710550710559,
                    "R6": 0.4724260210059583,
                    "R7": 0.470028736628592,
                    "R8": 0.4861972532235086,
                    "R9": 0.47547457832843065,
                    "as": 2.1548966518603265,
                    "comp": 0.7802958036772907,
                    "dc": 0
                }
            },
            "gen-secure": {
                "reward": 24393,
                "time": 49.26251276163384,
                "time_by_components": {
                    "R0": 3.2825809880159795,
                    "R1": 2.6781556555069983,
                    "R2": 2.5866223452612758,
                    "R3": 2.5460202042013407,
                    "R4": 2.583616815507412,
                    "R5": 2.513757359236479,
                    "R6": 2.5036922181025147,
                    "R7": 2.4950182582251728,
                    "R8": 2.5110581712797284,
                    "R9": 2.4953617304563522,
                    "as": 2.5304727870970964,
                    "comp": 19.259112797211856,
                    "dc": 0.03292152984067798
                }
            },
            "std": {
                "reward": 24393,
                "time": 3.263859272003174
            }
        }
    },
    "e-greedy": {
        "it-50": {
            "args": {
                "alpha_seed": 487,
                "epsilon": 0.1,
                "epsilon_seed": 36,
                "random_arm_seed": 895,
                "reward_seed": 50,
                "sigma_seed": 591
            },
            "gen-distributed": {
                "reward": 24621,
                "time": 7.543340723030269,
                "time_by_components": {
                    "R0": 0.7721043131314218,
                    "R1": 0.39309655502438545,
                    "R2": 0.3860961878672242,
                    "R3": 0.38458203291520476,
                    "R4": 0.38599185459315777,
                    "R5": 0.38471114821732044,
                    "R6": 0.3853648682124913,
                    "R7": 0.38509146589785814,
                    "R8": 0.3846408617682755,
                    "R9": 0.38390851859003305,
                    "as": 1.9634463181719184,
                    "comp": 0.18814460095018148,
                    "dc": 0
                }
            },
            "gen-secure": {
                "reward": 24621,
                "time": 46.197076064068824,
                "time_by_components": {
                    "R0": 3.067394259851426,
                    "R1": 2.4817774584516883,
                    "R2": 2.4213428795337677,
                    "R3": 2.3658789419569075,
                    "R4": 2.3401135858148336,
                    "R5": 2.332425643224269,
                    "R6": 2.3246140675619245,
                    "R7": 2.3210159041918814,
                    "R8": 2.3170897867530584,
                    "R9": 2.3167654471471906,
                    "as": 2.513568850234151,
                    "comp": 17.739444438833743,
                    "dc": 0.03289808938279748
                }
            },
            "std": {
                "reward": 24621,
                "time": 2.8372886180877686
            }
        }
    },
    "e-greedy-decreasing": {
        "it-50": {
            "args": {
                "alpha_seed": 430,
                "epsilon_seed": 80,
                "random_arm_seed": 712,
                "reward_seed": 50,
                "sigma_seed": 226
            },
            "gen-distributed": {
                "reward": 24644,
                "time": 8.27565573528409,
                "time_by_components": {
                    "R0": 0.8504810039885342,
                    "R1": 0.4375114571303129,
                    "R2": 0.42869790829718113,
                    "R3": 0.42683690367266536,
                    "R4": 0.4270131839439273,
                    "R5": 0.43161448603495955,
                    "R6": 0.426498600281775,
                    "R7": 0.42570139514282346,
                    "R8": 0.4278697967529297,
                    "R9": 0.4254831266589463,
                    "as": 2.107805963139981,
                    "comp": 0.19225164456292987,
                    "dc": 0
                }
            },
            "gen-secure": {
                "reward": 24644,
                "time": 46.957750600297004,
                "time_by_components": {
                    "R0": 3.0945032564923167,
                    "R1": 2.5157348960638046,
                    "R2": 2.444305702112615,
                    "R3": 2.4114468130283058,
                    "R4": 2.3846321902237833,
                    "R5": 2.380353801883757,
                    "R6": 2.3633999889716506,
                    "R7": 2.362493734806776,
                    "R8": 2.356243086978793,
                    "R9": 2.3771367254666984,
                    "as": 2.5065875709988177,
                    "comp": 18.0324568701908,
                    "dc": 0.03295157104730606
                }
            },
            "std": {
                "reward": 24644,
                "time": 3.0183093547821045
            }
        }
    },
    "nb_iterations": 50,
    "pursuit": {
        "it-50": {
            "args": {
                "alpha_seed": 80,
                "beta": 0.2,
                "random_arm_seed": 712,
                "reward_seed": 50,
                "sigma_seed": 226
            },
            "gen-distributed": {
                "reward": 24877,
                "time": 16.95067796576768,
                "time_by_components": {
                    "R0": 1.4741408764384687,
                    "R1": 0.9600833253934979,
                    "R2": 0.9492403548210859,
                    "R3": 0.9437142792157829,
                    "R4": 0.9405801789835095,
                    "R5": 0.9456737437285483,
                    "R6": 0.9400014565326273,
                    "R7": 0.9412751761265099,
                    "R8": 0.9408059101551771,
                    "R9": 0.9417421743273735,
                    "as": 4.3153852936811745,
                    "comp": 0.9026723043061793,
                    "dc": 0
                }
            },
            "gen-secure": {
                "reward": 24877,
                "time": 96.22341796802357,
                "time_by_components": {
                    "R0": 6.059199649374932,
                    "R1": 5.220137640833855,
                    "R2": 4.9990999000146985,
                    "R3": 4.987067582085729,
                    "R4": 4.918061081320047,
                    "R5": 4.928371733054519,
                    "R6": 4.974454916547984,
                    "R7": 4.851546117570251,
                    "R8": 4.894398758653551,
                    "R9": 4.870301336050034,
                    "as": 5.1151350028812885,
                    "comp": 37.87670601438731,
                    "dc": 0.03293067263439298
                }
            },
            "std": {
                "reward": 24877,