{
    "N": 70000,
    "arms": [
        0.4960973461954129,
        0.46519633350678463,
        0.4564303726534043,
        0.45410879397990633,
        0.4505463715326422,
        0.4449825881599488,
        0.4438618260417084,
        0.4347356202217508,
        0.42404835287995835,
        0.41264059560501143
    ],
    "boltzmann": {
        "it-45": {
            "args": {
                "alpha_seed": 186,
                "random_arm_seed": 851,
                "reward_seed": 45,
                "sigma_seed": 305,
                "tau": 0.02
            },
            "gen-distributed": {
                "reward": 32085,
                "time": 12.600870732218027,
                "time_by_components": {
                    "R0": 0.7022302621044219,
                    "R1": 1.1164720887318254,
                    "R2": 0.6589761073701084,
                    "R3": 0.6634285477921367,
                    "R4": 0.6544843637384474,
                    "R5": 0.7883457690477371,
                    "R6": 0.6557626836001873,
                    "R7": 0.6542409514077008,
                    "R8": 0.6536138053052127,
                    "R9": 0.7126354700885713,
                    "as": 3.0084560574032366,
                    "comp": 1.085512361023575,
                    "dc": 0
                }
            },
            "gen-secure": {
                "reward": 32085,
                "time": 68.60533236386254,
                "time_by_components": {
                    "R0": 3.909466805867851,
                    "R1": 4.1711426973342896,
                    "R2": 3.5939328083768487,
                    "R3": 3.556845546234399,
                    "R4": 3.4887146619148552,
                    "R5": 3.6208535716868937,
                    "R6": 3.464415804017335,
                    "R7": 3.45469174021855,
                    "R8": 3.440559077076614,
                    "R9": 3.502604159526527,
                    "as": 3.5582310794852674,
                    "comp": 27.037609082181007,
                    "dc": 0.03288609487935901
                }
            },
            "std": {
                "reward": 32085,
                "time": 4.6275129318237305
            }
        }
    },
    "e-greedy": {
        "it-45": {
            "args": {
                "alpha_seed": 863,
                "epsilon": 0.1,
                "epsilon_seed": 659,
                "random_arm_seed": 601,
                "reward_seed": 45,
                "sigma_seed": 394
            },
            "gen-distributed": {
                "reward": 34072,
                "time": 11.394310106988996,
                "time_by_components": {
                    "R0": 1.0683649135753512,
                    "R1": 0.6528858435340226,
                    "R2": 0.6102453800849617,
                    "R3": 0.5856386818923056,
                    "R4": 0.5918973688967526,
                    "R5": 0.5882080784067512,
                    "R6": 0.58560043387115,
                    "R7": 0.5816337540745735,
                    "R8": 0.5820891307666898,
                    "R9": 0.582930673379451,
                    "as": 2.9442228102125227,
                    "comp": 0.2868080250918865,
                    "dc": 0
                }
            },
            "gen-secure": {
                "reward": 34072,
                "time": 64.37493091169745,
                "time_by_components": {
                    "R0": 4.144677632022649,
                    "R1": 3.492089232429862,
                    "R2": 3.360278345644474,
                    "R3": 3.2889474062249064,
                    "R4": 3.261249817442149,
                    "R5": 3.2337182527408004,
                    "R6": 3.224881560076028,
                    "R7": 3.2212322619743645,
                    "R8": 3.217820435296744,
                    "R9": 3.230034460313618,
                    "as": 3.5031892959959805,
                    "comp": 24.856041416991502,
                    "dc": 0.0331539842300117
                }
            },
            "std": {
                "reward": 34072,
                "time": 4.24336838722229
            }
        }
    },
    "e-greedy-decreasing": {
        "it-45": {
            "args": {
                "alpha_seed": 547,
                "epsilon_seed": 186,
                "random_arm_seed": 851,
                "reward_seed": 45,
                "sigma_seed": 295
            },
            "gen-distributed": {
                "reward": 34360,
                "time": 11.806819200050086,
                "time_by_components": {
                    "R0": 1.159158546011895,
                    "R1": 0.6746151093393564,
                    "R2": 0.6058895708993077,
                    "R3": 0.605163546744734,
                    "R4": 0.6045459792949259,
                    "R5": 0.60456882417202,
                    "R6": 0.6049938770011067,
                    "R7": 0.6056249965913594,
                    "R8": 0.6028439258225262,
                    "R9": 0.6043457295745611,
                    "as": 3.0238426071591675,
                    "comp": 0.2771076145581901,
                    "dc": 0
                }
            },
            "gen-secure": {
                "reward": 34360,
                "time": 65.3945824620314,
                "time_by_components": {
                    "R0": 4.235450380947441,
                    "R1": 3.5516412686556578,
                    "R2": 3.388124088291079,
                    "R3": 3.3393022753298283,
                    "R4": 3.297285540960729,
                    "R5": 3.294725905172527,
                    "R6": 3.2832456370815635,
                    "R7": 3.2850944735109806,
                    "R8": 3.278190974611789,
                    "R9": 3.2667075898498297,
                    "as": 3.4946096520870924,
                    "comp": 25.26670554932207,
                    "dc": 0.03291436191648245
                }
            },
            "std": {
                "reward": 34360,
                "time": 4.2484917640686035
            }
        }
    },
    "nb_iterations": 50,
    "pursuit": {
        "it-45": {
            "args": {
                "alpha_seed": 186,
                "beta": 0.2,
                "random_arm_seed": 851,
                "reward_seed": 45,
                "sigma_seed": 295
            },
            "gen-distributed": {
                "reward": 32721,
                "time": 23.82785913394764,
                "time_by_components": {
                    "R0": 1.4447959107346833,
                    "R1": 1.9868288384750485,
                    "R2": 1.3332861680537462,
                    "R3": 1.322764849755913,
                    "R4": 1.3186062346212566,
                    "R5": 1.3271571267396212,
                    "R6": 1.3231589817442,
                    "R7": 1.3154432913288474,
                    "R8": 1.3152538100257516,
                    "R9": 1.3191227111965418,
                    "as": 6.06558477692306,
                    "comp": 1.2602547672577202,
                    "dc": 0
                }
            },
            "gen-secure": {
                "reward": 32721,
                "time": 129.40773986419663,
                "time_by_components": {
                    "R0": 7.470142454840243,
                    "R1": 7.72036847518757,
                    "R2": 6.795375561341643,
                    "R3": 6.7431481028907,
                    "R4": 6.573679040186107,
                    "R5": 6.616810076404363,
                    "R6": 6.549264850094914,
                    "R7": 6.525219329632819,
                    "R8": 6.507799247279763,
                    "R9": 6.600752237252891,
                    "as": 6.948544647078961,
                    "comp": 50.91339538432658,
                    "dc": 0.03289540484547615
                }
            },
            "std": {
                "reward": 32721,