{
    "N": 100000,
    "arms": [
        0.4960973461954129,
        0.46519633350678463,
        0.4564303726534043,
        0.45410879397990633,
        0.4505463715326422,
        0.4449825881599488,
        0.4438618260417084,
        0.4347356202217508,
        0.42404835287995835,
        0.41264059560501143
    ],
    "boltzmann": {
        "it-50": {
            "args": {
                "alpha_seed": 341,
                "random_arm_seed": 489,
                "reward_seed": 50,
                "sigma_seed": 690,
                "tau": 0.02
            },
            "gen-distributed": {
                "reward": 48693,
                "time": 18.01598927518353,
                "time_by_components": {
                    "R0": 1.7961190333589911,
                    "R1": 0.9520510993897915,
                    "R2": 0.9364442657679319,
                    "R3": 0.9359449478797615,
                    "R4": 0.9766727495007217,
                    "R5": 0.938776140101254,
                    "R6": 0.9591246801428497,
                    "R7": 0.9364466401748359,
                    "R8": 0.9605608251877129,
                    "R9": 0.9806116782128811,
                    "as": 4.304387754295021,
                    "comp": 1.559511082712561,
                    "dc": 0
                }
            },
            "gen-secure": {
                "reward": 48693,
                "time": 97.99601863091812,
                "time_by_components": {
                    "R0": 6.455153835006058,
                    "R1": 5.263293728232384,
                    "R2": 5.07646080898121,
                    "R3": 5.001079517416656,
                    "R4": 4.999457685276866,
                    "R5": 4.943181816954166,
                    "R6": 4.951957166660577,
                    "R7": 4.907585051842034,
                    "R8": 4.931294342502952,
                    "R9": 4.951636288780719,
                    "as": 5.137039882596582,
                    "comp": 38.81274741515517,
                    "dc": 0.033162031788378954
                }
            },
            "std": {
                "reward": 48693,
                "time": 6.581597328186035
            }
        }
    },
    "e-greedy": {
        "it-50": {
            "args": {
                "alpha_seed": 506,
                "epsilon": 0.1,
                "epsilon_seed": 789,
                "random_arm_seed": 147,
                "reward_seed": 50,
                "sigma_seed": 62
            },
            "gen-distributed": {
                "reward": 49131,
                "time": 16.207201948855072,
                "time_by_components": {
                    "R0": 1.6634542988613248,
                    "R1": 0.840886530932039,
                    "R2": 0.8331911712884903,
                    "R3": 0.8301019840873778,
                    "R4": 0.8349750130437315,
                    "R5": 0.8363384688273072,
                    "R6": 0.8318175077438354,
                    "R7": 0.8314235871657729,
                    "R8": 0.8305392083711922,
                    "R9": 0.8333318219520152,
                    "as": 4.190260034054518,
                    "comp": 0.4025475517846644,
                    "dc": 0
                }
            },
            "gen-secure": {
                "reward": 49131,
                "time": 91.43236010987312,
                "time_by_components": {
                    "R0": 5.9983500386588275,
                    "R1": 4.858648714143783,
                    "R2": 4.725995050743222,
                    "R3": 4.660971167962998,
                    "R4": 4.604985618032515,
                    "R5": 4.58598477113992,
                    "R6": 4.5710421348921955,
                    "R7": 4.563534316141158,
                    "R8": 4.555126313120127,
                    "R9": 4.561131660360843,
                    "as": 4.981713337358087,
                    "comp": 35.48324855277315,
                    "dc": 0.032883659936487675
                }
            },
            "std": {
                "reward": 49131,
                "time": 6.055348634719849
            }
        }
    },
    "e-greedy-decreasing": {
        "it-50": {
            "args": {
                "alpha_seed": 526,
                "epsilon_seed": 341,
                "random_arm_seed": 489,
                "reward_seed": 50,
                "sigma_seed": 459
            },
            "gen-distributed": {
                "reward": 49124,
                "time": 16.63817666983232,
                "time_by_components": {
                    "R0": 1.7040360746905208,
                    "R1": 0.8673955206759274,
                    "R2": 0.8742722924798727,
                    "R3": 0.8561097397468984,
                    "R4": 0.854716232046485,
                    "R5": 0.860004457179457,
                    "R6": 0.8567373752593994,
                    "R7": 0.8585104532539845,
                    "R8": 0.8589217774569988,
                    "R9": 0.8698626067489386,
                    "as": 4.227887642104179,
                    "comp": 0.3815664662979543,
                    "dc": 0
                }
            },
            "gen-secure": {
                "reward": 49124,
                "time": 93.10746232699603,
                "time_by_components": {
                    "R0": 6.130854396149516,
                    "R1": 4.950584018602967,
                    "R2": 4.821388753131032,
                    "R3": 4.750469938386232,
                    "R4": 4.686781593132764,
                    "R5": 4.678241814021021,
                    "R6": 4.652458332944661,
                    "R7": 4.642805892042816,
                    "R8": 4.636398586444557,
                    "R9": 4.660134628415108,
                    "as": 5.007001460995525,
                    "comp": 36.047183038666844,
                    "dc": 0.03298833314329386
                }
            },
            "std": {
                "reward": 49124,
                "time": 6.0190629959106445
            }
        }
    },
    "nb_iterations": 50,
    "pursuit": {
        "it-50": {
            "args": {
                "alpha_seed": 341,
                "beta": 0.2,
                "random_arm_seed": 489,
                "reward_seed": 50,
                "sigma_seed": 459
            },
            "gen-distributed": {
                "reward": 49655,
                "time": 33.804027802776545,
                "time_by_components": {
                    "R0": 2.9522689636796713,
                    "R1": 1.921504225116223,
                    "R2": 1.8907579244114459,
                    "R3": 1.8768325014971197,
                    "R4": 1.8761426163837314,
                    "R5": 1.8804182675667107,
                    "R6": 1.8801149558275938,
                    "R7": 1.8711993992328644,
                    "R8": 1.8704035156406462,
                    "R9": 1.8749995031394064,
                    "as": 8.638076656963676,
                    "comp": 1.793214592617005,
                    "dc": 0
                }
            },
            "gen-secure": {
                "reward": 49655,
                "time": 192.7169427680783,
                "time_by_components": {
                    "R0": 12.1660673241131,
                    "R1": 10.433874686714262,
                    "R2": 9.998881154693663,
                    "R3": 9.845186180900782,
                    "R4": 9.848168185912073,
                    "R5": 9.681858899071813,
                    "R6": 9.780925574712455,
                    "R7": 9.654702041763812,
                    "R8": 9.761295086704195,
                    "R9": 9.737477026879787,
                    "as": 10.372177591081709,
                    "comp": 76.38277108455077,
                    "dc": 0.03315509110689163
                }
            },
            "std": {
                "reward": 49655,