{
    "N": 50000,
    "arms": [
        0.4960973461954129,
        0.46519633350678463,
        0.4564303726534043,
        0.45410879397990633,
        0.4505463715326422,
        0.4449825881599488,
        0.4438618260417084,
        0.4347356202217508,
        0.42404835287995835,
        0.41264059560501143
    ],
    "boltzmann": {
        "it-40": {
            "args": {
                "alpha_seed": 780,
                "random_arm_seed": 421,
                "reward_seed": 40,
                "sigma_seed": 846,
                "tau": 0.02
            },
            "gen-distributed": {
                "reward": 24225,
                "time": 9.035317020025104,
                "time_by_components": {
                    "R0": 0.8152802134864032,
                    "R1": 0.4792942381463945,
                    "R2": 0.4993480322882533,
                    "R3": 0.568511298391968,
                    "R4": 0.49163191113620996,
                    "R5": 0.4695948311127722,
                    "R6": 0.4772967123426497,
                    "R7": 0.4702865038998425,
                    "R8": 0.470334071200341,
                    "R9": 0.46930970856919885,
                    "as": 2.156524526886642,
                    "comp": 0.7752302805893123,
                    "dc": 0
                }
            },
            "gen-secure": {
                "reward": 24225,
                "time": 50.054901807103306,
                "time_by_components": {
                    "R0": 3.2167177977971733,
                    "R1": 2.7098120329901576,
                    "R2": 2.6503943321295083,
                    "R3": 2.7297456744126976,
                    "R4": 2.573671850375831,
                    "R5": 2.560885869897902,
                    "R6": 2.5467541459947824,
                    "R7": 2.5306761218234897,
                    "R8": 2.5478844800964,
                    "R9": 2.5262252162210643,
                    "as": 2.584416718687862,
                    "comp": 19.566065330058336,
                    "dc": 0.032894650008529425
                }
            },
            "std": {
                "reward": 24225,
                "time": 3.3085787296295166
            }
        }
    },
    "e-greedy": {
        "it-40": {
            "args": {
                "alpha_seed": 386,
                "epsilon": 0.1,
                "epsilon_seed": 289,
                "random_arm_seed": 840,
                "reward_seed": 40,
                "sigma_seed": 26
            },
            "gen-distributed": {
                "reward": 24602,
                "time": 9.0151307717897,
                "time_by_components": {
                    "R0": 0.8411897630430758,
                    "R1": 0.4270674134604633,
                    "R2": 0.42116978392004967,
                    "R3": 0.42210398335009813,
                    "R4": 0.4201214499771595,
                    "R5": 0.41995011642575264,
                    "R6": 0.41744312085211277,
                    "R7": 0.4243251425214112,
                    "R8": 0.4184461385011673,
                    "R9": 0.41776951728388667,
                    "as": 2.9204034470021725,
                    "comp": 0.20774322748184204,
                    "dc": 0
                }
            },
            "gen-secure": {
                "reward": 24602,
                "time": 46.3474136129953,
                "time_by_components": {
                    "R0": 3.053193164523691,
                    "R1": 2.4749132697470486,
                    "R2": 2.409389584325254,
                    "R3": 2.373629999347031,
                    "R4": 2.3439212581142783,
                    "R5": 2.3415502654388547,
                    "R6": 2.336813415866345,
                    "R7": 2.380953059066087,
                    "R8": 2.3303155400790274,
                    "R9": 2.3266885029152036,
                    "as": 2.4921634388156235,
                    "comp": 17.806733017321676,
                    "dc": 0.03405524278059602
                }
            },
            "std": {
                "reward": 24602,
                "time": 3.0998764038085938
            }
        }
    },
    "e-greedy-decreasing": {
        "it-40": {
            "args": {
                "alpha_seed": 269,
                "epsilon_seed": 780,
                "random_arm_seed": 421,
                "reward_seed": 40,
                "sigma_seed": 156
            },
            "gen-distributed": {
                "reward": 24682,
                "time": 8.314023856073618,
                "time_by_components": {
                    "R0": 0.8610474532470107,
                    "R1": 0.4333407827652991,
                    "R2": 0.43210525903850794,
                    "R3": 0.42792846355587244,
                    "R4": 0.42786309169605374,
                    "R5": 0.4286153269931674,
                    "R6": 0.42674208991229534,
                    "R7": 0.4269643500447273,
                    "R8": 0.4284307062625885,
                    "R9": 0.42740665655583143,
                    "as": 2.1294066859409213,
                    "comp": 0.19225452467799187,
                    "dc": 0
                }
            },
            "gen-secure": {
                "reward": 24682,
                "time": 47.06644953088835,
                "time_by_components": {
                    "R0": 3.148967709392309,
                    "R1": 2.524647762067616,
                    "R2": 2.45355330966413,
                    "R3": 2.4205179805867374,
                    "R4": 2.3964448063634336,
                    "R5": 2.381439779419452,
                    "R6": 2.3715653186663985,
                    "R7": 2.3689074548892677,
                    "R8": 2.3657992095686495,
                    "R9": 2.3652173280715942,
                    "as": 2.5003608083352447,
                    "comp": 18.031304138246924,
                    "dc": 0.03310669073835015
                }
            },
            "std": {
                "reward": 24682,
                "time": 3.0091640949249268
            }
        }
    },
    "nb_iterations": 50,
    "pursuit": {
        "it-40": {
            "args": {
                "alpha_seed": 780,
                "beta": 0.2,
                "random_arm_seed": 421,
                "reward_seed": 40,
                "sigma_seed": 156
            },
            "gen-distributed": {
                "reward": 22784,
                "time": 17.03456538496539,
                "time_by_components": {
                    "R0": 1.0307439034804702,
                    "R1": 0.959555400069803,
                    "R2": 0.9474717751145363,
                    "R3": 1.410131141077727,
                    "R4": 0.9450753615237772,
                    "R5": 0.9473341847769916,
                    "R6": 0.9457885818555951,
                    "R7": 0.9411978009156883,
                    "R8": 0.9402736686170101,
                    "R9": 0.942913452629,
                    "as": 4.332704979926348,
                    "comp": 0.9018549765460193,
                    "dc": 0
                }
            },
            "gen-secure": {
                "reward": 22784,
                "time": 96.21371727297083,
                "time_by_components": {
                    "R0": 5.644052502233535,
                    "R1": 5.180458311922848,
                    "R2": 5.052690953481942,
                    "R3": 5.530737911816686,
                    "R4": 4.957567849662155,
                    "R5": 4.872207802720368,
                    "R6": 4.899026243016124,
                    "R7": 4.849910678341985,
                    "R8": 4.889360903762281,
                    "R9": 4.8296380317769945,
                    "as": 5.146700466051698,
                    "comp": 37.78910264419392,
                    "dc": 0.03292470099404454
                }
            },
            "std": {
                "reward": 22784,