{
    "N": 100000,
    "arms": [
        0.4960973461954129,
        0.46519633350678463,
        0.4564303726534043,
        0.45410879397990633,
        0.4505463715326422,
        0.4449825881599488,
        0.4438618260417084,
        0.4347356202217508,
        0.42404835287995835,
        0.41264059560501143,
        0.4033943081295281,
        0.40123283833006446,
        0.39658968098306846,
        0.39566905495737104,
        0.3877836929111796,
        0.3750550374254493,
        0.3676900292198695,
        0.3489973181763599,
        0.33867029580114477,
        0.32770283792979227
    ],
    "boltzmann": {
        "it-37": {
            "args": {
                "alpha_seed": 201,
                "random_arm_seed": 783,
                "reward_seed": 37,
                "sigma_seed": 448,
                "tau": 0.02
            },
            "gen-distributed": {
                "reward": 44196,
                "time": 29.95462397299707,
                "time_by_components": {
                    "R0": 1.010918211657554,
                    "R1": 0.9640664029866457,
                    "R10": 0.9420733265578747,
                    "R11": 0.943351493217051,
                    "R12": 0.9401788306422532,
                    "R13": 0.9585917186923325,
                    "R14": 0.9395880899392068,
                    "R15": 0.944747076369822,
                    "R16": 0.9406626303680241,
                    "R17": 0.9491060306318104,
                    "R18": 0.941522587556392,
                    "R19": 0.9432758428156376,
                    "R2": 0.9527561846189201,
                    "R3": 1.3618445214815438,
                    "R4": 0.9465179513208568,
                    "R5": 0.9503536093980074,
                    "R6": 1.1328013995662332,
                    "R7": 1.184040165040642,
                    "R8": 0.9427016577683389,
                    "R9": 1.0192474857904017,
                    "as": 5.177882810123265,
                    "comp": 1.6892435983754694,
                    "dc": 0
                }
            },
            "gen-secure": {
                "reward": 44196,
                "time": 181.5116460849531,
                "time_by_components": {
                    "R0": 5.562956358771771,
                    "R1": 5.123049528338015,
                    "R10": 4.771340925246477,
                    "R11": 4.7718696761876345,
                    "R12": 4.758671751245856,
                    "R13": 4.785850705578923,
                    "R14": 4.7528823292814195,
                    "R15": 4.7557247201912105,
                    "R16": 4.743155347649008,
                    "R17": 4.775562347844243,
                    "R18": 4.742002252023667,
                    "R19": 4.75975130032748,
                    "R2": 4.963664247188717,
                    "R3": 5.363944477867335,
                    "R4": 4.846294096671045,
                    "R5": 4.830943767447025,
                    "R6": 5.019475593231618,
                    "R7": 5.104849119205028,
                    "R8": 4.796379921492189,
                    "R9": 4.871892344206572,
                    "as": 6.131664947606623,
                    "comp": 72.89860541839153,
                    "dc": 0.03362232493236661
                }
            },
            "std": {
                "reward": 44196,
                "time": 7.844575881958008
            }
        }
    },
    "e-greedy": {
        "it-37": {
            "args": {
                "alpha_seed": 147,
                "epsilon": 0.1,
                "epsilon_seed": 119,
                "random_arm_seed": 142,
                "reward_seed": 37,
                "sigma_seed": 310
            },
            "gen-distributed": {
                "reward": 48566,
                "time": 26.967732372693717,
                "time_by_components": {
                    "R0": 1.6571116987615824,
                    "R1": 0.8539898707531393,
                    "R10": 0.8362123570404947,
                    "R11": 0.8365943939425051,
                    "R12": 0.8329725991934538,
                    "R13": 0.8363359672948718,
                    "R14": 0.8321832288056612,
                    "R15": 0.8347436394542456,
                    "R16": 0.8337765363976359,
                    "R17": 0.8347942586988211,
                    "R18": 0.8328261263668537,
                    "R19": 0.8360055363737047,
                    "R2": 0.8623853158205748,
                    "R3": 0.8445065524429083,
                    "R4": 0.8391185887157917,
                    "R5": 0.8387997159734368,
                    "R6": 0.8355265390127897,
                    "R7": 0.8358528199605644,
                    "R8": 0.83382768323645,
                    "R9": 0.8527195015922189,
                    "as": 5.075418851803988,
                    "comp": 0.4987727366387844,
                    "dc": 0
                }
            },
            "gen-secure": {
                "reward": 48566,
                "time": 172.42716708313674,
                "time_by_components": {
                    "R0": 6.053088155575097,
                    "R1": 4.8154307147488,
                    "R10": 4.498777453787625,
                    "R11": 4.484390104655176,
                    "R12": 4.4759945147670805,
                    "R13": 4.4732480039820075,
                    "R14": 4.4682069341652095,
                    "R15": 4.471162788104266,
                    "R16": 4.46719457115978,
                    "R17": 4.470081849489361,
                    "R18": 4.466908698901534,
                    "R19": 4.469636209309101,
                    "R2": 4.670794114470482,
                    "R3": 4.5939274854026735,
                    "R4": 4.53394640982151,
                    "R5": 4.513783598784357,
                    "R6": 4.50719896145165,
                    "R7": 4.494121633470058,
                    "R8": 4.488255417905748,
                    "R9": 4.504083887208253,
                    "as": 6.035906402859837,
                    "comp": 69.37034323858097,
                    "dc": 0.033665046095848083
                }
            },
            "std": {
                "reward": 48566,
                "time": 7.132285118103027
            }
        }
    },
    "e-greedy-decreasing": {
        "it-37": {
            "args": {
                "alpha_seed": 696,
                "epsilon_seed": 201,
                "random_arm_seed": 783,
                "reward_seed": 37,
                "sigma_seed": 42
            },
            "gen-distributed": {
                "reward": 49067,
                "time": 27.915818687994033,
                "time_by_components": {
                    "R0": 1.7649591346271336,
                    "R1": 0.8872437975369394,
                    "R10": 0.8693063734099269,
                    "R11": 0.8675219542346895,
                    "R12": 0.8669651076197624,
                    "R13": 0.8687364226207137,
                    "R14": 0.8677697908133268,
                    "R15": 0.8681146916933358,
                    "R16": 0.8666957248933613,
                    "R17": 0.8678283439949155,
                    "R18": 0.8681486696004868,
                    "R19": 0.8676215829327703,
                    "R2": 0.8764514825306833,
                    "R3": 0.8743796623311937,
                    "R4": 0.8717878661118448,
                    "R5": 0.8712582704611123,
                    "R6": 0.8694197302684188,
                    "R7": 0.8706239531747997,
                    "R8": 0.8701150235719979,
                    "R9": 0.869143552146852,
                    "as": 5.19182155514136,
                    "comp": 0.4837664533406496,
                    "dc": 0
                }
            },
            "gen-secure": {
                "reward": 49067,
                "time": 174.74203022476286,
                "time_by_components": {
                    "R0": 6.183196314610541,