{
    "N": 70000,
    "arms": [
        0.4960973461954129,
        0.46519633350678463,
        0.4564303726534043,
        0.45410879397990633,
        0.4505463715326422,
        0.4449825881599488,
        0.4438618260417084,
        0.4347356202217508,
        0.42404835287995835,
        0.41264059560501143
    ],
    "boltzmann": {
        "it-28": {
            "args": {
                "alpha_seed": 616,
                "random_arm_seed": 810,
                "reward_seed": 28,
                "sigma_seed": 135,
                "tau": 0.02
            },
            "gen-distributed": {
                "reward": 31747,
                "time": 12.613601557910442,
                "time_by_components": {
                    "R0": 0.7003012099303305,
                    "R1": 0.6624290496110916,
                    "R2": 0.8688808707520366,
                    "R3": 0.9951226864941418,
                    "R4": 0.6574771488085389,
                    "R5": 0.6569723356515169,
                    "R6": 0.6573427021503448,
                    "R7": 0.7585511556826532,
                    "R8": 0.6575320377014577,
                    "R9": 0.6586934123188257,
                    "as": 3.011608730070293,
                    "comp": 1.0881939977407455,
                    "dc": 0
                }
            },
            "gen-secure": {
                "reward": 31747,
                "time": 68.5335708479397,
                "time_by_components": {
                    "R0": 3.908510085195303,
                    "R1": 3.677791630383581,
                    "R2": 3.801019886508584,
                    "R3": 3.9050618479959667,
                    "R4": 3.498873648699373,
                    "R5": 3.4681161385960877,
                    "R6": 3.4520508046261966,
                    "R7": 3.566298463847488,
                    "R8": 3.444354639854282,
                    "R9": 3.4346232884563506,
                    "as": 3.551193411462009,
                    "comp": 27.03797648847103,
                    "dc": 0.03294470999389887
                }
            },
            "std": {
                "reward": 31747,
                "time": 4.590087175369263
            }
        }
    },
    "e-greedy": {
        "it-28": {
            "args": {
                "alpha_seed": 591,
                "epsilon": 0.1,
                "epsilon_seed": 78,
                "random_arm_seed": 673,
                "reward_seed": 28,
                "sigma_seed": 706
            },
            "gen-distributed": {
                "reward": 34487,
                "time": 11.376129417214543,
                "time_by_components": {
                    "R0": 1.1725531886331737,
                    "R1": 0.5883434098213911,
                    "R2": 0.5818779394030571,
                    "R3": 0.5824659732170403,
                    "R4": 0.5815480323508382,
                    "R5": 0.5817722203209996,
                    "R6": 0.5815620701760054,
                    "R7": 0.583475427236408,
                    "R8": 0.5799562372267246,
                    "R9": 0.5794647964648902,
                    "as": 2.943513228558004,
                    "comp": 0.2835097094066441,
                    "dc": 0
                }
            },
            "gen-secure": {
                "reward": 34487,
                "time": 64.62301367428154,
                "time_by_components": {
                    "R0": 4.2598405363969505,
                    "R1": 3.441464092582464,
                    "R2": 3.3478330629877746,
                    "R3": 3.3037274102680385,
                    "R4": 3.2477385182864964,
                    "R5": 3.2434448478743434,
                    "R6": 3.226197760552168,
                    "R7": 3.228168177884072,
                    "R8": 3.2126873172819614,
                    "R9": 3.211459308862686,
                    "as": 3.5474521894939244,
                    "comp": 25.026798156555742,
                    "dc": 0.030558182392269373
                }
            },
            "std": {
                "reward": 34487,
                "time": 4.214404344558716
            }
        }
    },
    "e-greedy-decreasing": {
        "it-28": {
            "args": {
                "alpha_seed": 373,
                "epsilon_seed": 616,
                "random_arm_seed": 810,
                "reward_seed": 28,
                "sigma_seed": 315
            },
            "gen-distributed": {
                "reward": 34564,
                "time": 10.811478485353291,
                "time_by_components": {
                    "R0": 1.1284778146073222,
                    "R1": 0.5670079495757818,
                    "R2": 0.558272248134017,
                    "R3": 0.5583455543965101,
                    "R4": 0.5569052416831255,
                    "R5": 0.5597331188619137,
                    "R6": 0.5607118285261095,
                    "R7": 0.5600817217491567,
                    "R8": 0.5575210680253804,
                    "R9": 0.5580694936215878,
                    "as": 2.745331351645291,
                    "comp": 0.24790700431913137,
                    "dc": 0
                }
            },
            "gen-secure": {
                "reward": 34564,
                "time": 64.3969421647489,
                "time_by_components": {
                    "R0": 4.24805313302204,
                    "R1": 3.4351180563680828,
                    "R2": 3.325057870708406,
                    "R3": 3.3007238190621138,
                    "R4": 3.240313100628555,
                    "R5": 3.239196887705475,
                    "R6": 3.222298329230398,
                    "R7": 3.249735346995294,
                    "R8": 3.2094852225854993,
                    "R9": 3.224633974954486,
                    "as": 3.442095943726599,
                    "comp": 24.897839544340968,
                    "dc": 0.03303697891533375
                }
            },
            "std": {
                "reward": 34564,
                "time": 3.9532277584075928
            }
        }
    },
    "nb_iterations": 50,
    "pursuit": {
        "it-28": {
            "args": {
                "alpha_seed": 616,
                "beta": 0.2,
                "random_arm_seed": 810,
                "reward_seed": 28,
                "sigma_seed": 315
            },
            "gen-distributed": {
                "reward": 32074,
                "time": 23.6696522468701,
                "time_by_components": {
                    "R0": 1.4330359701998532,
                    "R1": 1.3349356795661151,
                    "R2": 1.967105315066874,
                    "R3": 1.322623941116035,
                    "R4": 1.3118478427641094,
                    "R5": 1.3163384483195841,
                    "R6": 1.3135467786341906,
                    "R7": 1.314203311689198,
                    "R8": 1.3115225052461028,
                    "R9": 1.311813335865736,
                    "as": 6.03444296028465,
                    "comp": 1.2540536364540458,
                    "dc": 0
                }
            },
            "gen-secure": {
                "reward": 32074,
                "time": 133.69580695498735,
                "time_by_components": {
                    "R0": 7.718991146422923,
                    "R1": 7.120388947427273,
                    "R2": 7.793758607003838,
                    "R3": 6.982059020083398,
                    "R4": 6.769757617730647,
                    "R5": 6.785520871169865,
                    "R6": 6.7273756372742355,
                    "R7": 6.817914679180831,
                    "R8": 6.733187842182815,
                    "R9": 6.7194394413381815,
                    "as": 7.203208359424025,
                    "comp": 52.78065769048408,
                    "dc": 0.03299466334283352
                }
            },
            "std": {
                "reward": 32074,