{
    "N": 50000,
    "arms": [
        0.4960973461954129,
        0.46519633350678463,
        0.4564303726534043,
        0.45410879397990633,
        0.4505463715326422,
        0.4449825881599488,
        0.4438618260417084,
        0.4347356202217508,
        0.42404835287995835,
        0.41264059560501143
    ],
    "boltzmann": {
        "it-16": {
            "args": {
                "alpha_seed": 678,
                "random_arm_seed": 988,
                "reward_seed": 16,
                "sigma_seed": 29,
                "tau": 0.02
            },
            "gen-distributed": {
                "reward": 23115,
                "time": 8.978848574217409,
                "time_by_components": {
                    "R0": 0.49771216604858637,
                    "R1": 0.8487405776977539,
                    "R2": 0.4713815189898014,
                    "R3": 0.4674512520432472,
                    "R4": 0.5136285494081676,
                    "R5": 0.46790083264932036,
                    "R6": 0.4676363435573876,
                    "R7": 0.4679240109398961,
                    "R8": 0.5080077704042196,
                    "R9": 0.4672444947063923,
                    "as": 2.142460237722844,
                    "comp": 0.7701538116671145,
                    "dc": 0
                }
            },
            "gen-secure": {
                "reward": 23115,
                "time": 49.50277593405917,
                "time_by_components": {
                    "R0": 2.871485233772546,
                    "R1": 3.0629586088471115,
                    "R2": 2.597127771936357,
                    "R3": 2.550676617305726,
                    "R4": 2.568828313611448,
                    "R5": 2.5087962821125984,
                    "R6": 2.497444210574031,
                    "R7": 2.495106036309153,
                    "R8": 2.544238714966923,
                    "R9": 2.49031204264611,
                    "as": 2.5586524992249906,
                    "comp": 19.477211167570204,
                    "dc": 0.03299343166872859
                }
            },
            "std": {
                "reward": 23115,
                "time": 3.264305353164673
            }
        }
    },
    "e-greedy": {
        "it-16": {
            "args": {
                "alpha_seed": 984,
                "epsilon": 0.1,
                "epsilon_seed": 759,
                "random_arm_seed": 421,
                "reward_seed": 16,
                "sigma_seed": 881
            },
            "gen-distributed": {
                "reward": 24605,
                "time": 8.132749550044537,
                "time_by_components": {
                    "R0": 0.8349164808169007,
                    "R1": 0.4220906235277653,
                    "R2": 0.41827442636713386,
                    "R3": 0.41625355603173375,
                    "R4": 0.41586933797225356,
                    "R5": 0.416587240062654,
                    "R6": 0.4166088532656431,
                    "R7": 0.41452925000339746,
                    "R8": 0.4180820561014116,
                    "R9": 0.4152619894593954,
                    "as": 2.1066033099777997,
                    "comp": 0.2026046416722238,
                    "dc": 0
                }
            },
            "gen-secure": {
                "reward": 24605,
                "time": 45.74713619425893,
                "time_by_components": {
                    "R0": 2.9996409635059536,
                    "R1": 2.451062436681241,
                    "R2": 2.3839308144524693,
                    "R3": 2.3531007803976536,
                    "R4": 2.3300865967758,
                    "R5": 2.323178928345442,
                    "R6": 2.3145025190897286,
                    "R7": 2.309640594292432,
                    "R8": 2.308238943107426,
                    "R9": 2.3049011193215847,
                    "as": 2.4438700419850647,
                    "comp": 17.583761239424348,
                    "dc": 0.0328589272685349
                }
            },
            "std": {
                "reward": 24605,
                "time": 3.0163443088531494
            }
        }
    },
    "e-greedy-decreasing": {
        "it-16": {
            "args": {
                "alpha_seed": 972,
                "epsilon_seed": 678,
                "random_arm_seed": 988,
                "reward_seed": 16,
                "sigma_seed": 255
            },
            "gen-distributed": {
                "reward": 24620,
                "time": 8.283849410712719,
                "time_by_components": {
                    "R0": 0.8533859536983073,
                    "R1": 0.43446240201592445,
                    "R2": 0.4279335360042751,
                    "R3": 0.4272107514552772,
                    "R4": 0.4264735337346792,
                    "R5": 0.42583895195275545,
                    "R6": 0.42605753056705,
                    "R7": 0.4262435878627002,
                    "R8": 0.4327942351810634,
                    "R9": 0.42625245451927185,
                    "as": 2.109804152045399,
                    "comp": 0.19139475049450994,
                    "dc": 0
                }
            },
            "gen-secure": {
                "reward": 24620,
                "time": 46.62386832293123,
                "time_by_components": {
                    "R0": 3.0832708925008774,
                    "R1": 2.501578834373504,
                    "R2": 2.4259809236973524,
                    "R3": 2.3941159108653665,
                    "R4": 2.3649390609934926,
                    "R5": 2.3556463457643986,
                    "R6": 2.3555249557830393,
                    "R7": 2.345956342294812,
                    "R8": 2.350121662952006,
                    "R9": 2.341340938117355,
                    "as": 2.4854383347555995,
                    "comp": 17.905222144909203,
                    "dc": 0.03282524598762393
                }
            },
            "std": {
                "reward": 24620,
                "time": 3.0052590370178223
            }
        }
    },
    "nb_iterations": 50,
    "pursuit": {
        "it-16": {
            "args": {
                "alpha_seed": 678,
                "beta": 0.2,
                "random_arm_seed": 988,
                "reward_seed": 16,
                "sigma_seed": 255
            },
            "gen-distributed": {
                "reward": 23316,
                "time": 16.39433631999418,
                "time_by_components": {
                    "R0": 0.9897782555781305,
                    "R1": 1.326246539130807,
                    "R2": 0.9192143729887903,
                    "R3": 0.9110807264223695,
                    "R4": 0.9545170883648098,
                    "R5": 0.9114620247855783,
                    "R6": 0.9098351611755788,
                    "R7": 0.9089847924187779,
                    "R8": 0.9088934250175953,
                    "R9": 0.908248582854867,
                    "as": 4.167134578805417,
                    "comp": 0.8660280667245388,
                    "dc": 0
                }
            },
            "gen-secure": {
                "reward": 23316,
                "time": 94.38964457018301,
                "time_by_components": {
                    "R0": 5.46035093953833,
                    "R1": 5.595268195960671,
                    "R2": 4.990165412891656,
                    "R3": 4.884370036888868,
                    "R4": 4.9077117051929235,
                    "R5": 4.782686541322619,
                    "R6": 4.764994872268289,
                    "R7": 4.755234559997916,
                    "R8": 4.813382702413946,
                    "R9": 4.746675703674555,
                    "as": 5.055517565459013,
                    "comp": 37.14302194258198,
                    "dc": 0.03291593678295612
                }
            },
            "std": {
                "reward": 23316,