{
    "N": 60000,
    "arms": [
        0.4960973461954129,
        0.46519633350678463,
        0.4564303726534043,
        0.45410879397990633,
        0.4505463715326422,
        0.4449825881599488,
        0.4438618260417084,
        0.4347356202217508,
        0.42404835287995835,
        0.41264059560501143
    ],
    "boltzmann": {
        "it-24": {
            "args": {
                "alpha_seed": 520,
                "random_arm_seed": 947,
                "reward_seed": 24,
                "sigma_seed": 647,
                "tau": 0.02
            },
            "gen-distributed": {
                "reward": 29233,
                "time": 10.812804362736642,
                "time_by_components": {
                    "R0": 1.0404907269403338,
                    "R1": 0.570971473120153,
                    "R2": 0.562033218331635,
                    "R3": 0.5986931975930929,
                    "R4": 0.5605121660046279,
                    "R5": 0.5622792528010905,
                    "R6": 0.615386544726789,
                    "R7": 0.5895416340790689,
                    "R8": 0.5624250555410981,
                    "R9": 0.5605291593819857,
                    "as": 2.5844981926493347,
                    "comp": 0.926736528519541,
                    "dc": 0
                }
            },
            "gen-secure": {
                "reward": 29233,
                "time": 59.164853940717876,
                "time_by_components": {
                    "R0": 3.850999142974615,
                    "R1": 3.189343485981226,
                    "R2": 3.0840388098731637,
                    "R3": 3.0938967033289373,
                    "R4": 3.004135435912758,
                    "R5": 2.9985274765640497,
                    "R6": 3.0503199137747288,
                    "R7": 3.020487600006163,
                    "R8": 2.9789930898696184,
                    "R9": 2.9790109149180353,
                    "as": 3.057820620480925,
                    "comp": 23.306758349761367,
                    "dc": 0.034180541057139635
                }
            },
            "std": {
                "reward": 29233,
                "time": 3.932096004486084
            }
        }
    },
    "e-greedy": {
        "it-24": {
            "args": {
                "alpha_seed": 773,
                "epsilon": 0.1,
                "epsilon_seed": 443,
                "random_arm_seed": 773,
                "reward_seed": 24,
                "sigma_seed": 579
            },
            "gen-distributed": {
                "reward": 29541,
                "time": 9.7780851717107,
                "time_by_components": {
                    "R0": 1.0074079777114093,
                    "R1": 0.5070983548648655,
                    "R2": 0.5020071789622307,
                    "R3": 0.5018515787087381,
                    "R4": 0.500024679582566,
                    "R5": 0.5002627088688314,
                    "R6": 0.49964722571894526,
                    "R7": 0.501063575502485,
                    "R8": 0.4983263504691422,
                    "R9": 0.49850881611928344,
                    "as": 2.526705081574619,
                    "comp": 0.2430816814303398,
                    "dc": 0
                }
            },
            "gen-secure": {
                "reward": 29541,
                "time": 55.347062475048006,
                "time_by_components": {
                    "R0": 3.6413004249334335,
                    "R1": 2.949813083745539,
                    "R2": 2.862809606362134,
                    "R3": 2.827512909658253,
                    "R4": 2.789722411893308,
                    "R5": 2.7901952830143273,
                    "R6": 2.7783300750888884,
                    "R7": 2.7775019574910402,
                    "R8": 2.7770479088649154,
                    "R9": 2.8219198496080935,
                    "as": 2.9982031672261655,
                    "comp": 21.31255356501788,
                    "dc": 0.047848970629274845
                }
            },
            "std": {
                "reward": 29541,
                "time": 3.609686851501465
            }
        }
    },
    "e-greedy-decreasing": {
        "it-24": {
            "args": {
                "alpha_seed": 872,
                "epsilon_seed": 520,
                "random_arm_seed": 947,
                "reward_seed": 24,
                "sigma_seed": 117
            },
            "gen-distributed": {
                "reward": 29586,
                "time": 9.486378811765462,
                "time_by_components": {
                    "R0": 0.9713221732527018,
                    "R1": 0.5071513215079904,
                    "R2": 0.49108204431831837,
                    "R3": 0.4886729405261576,
                    "R4": 0.48815874522551894,
                    "R5": 0.48767845053225756,
                    "R6": 0.48734262958168983,
                    "R7": 0.4872347922064364,
                    "R8": 0.4855322833172977,
                    "R9": 0.48650597874075174,
                    "as": 2.4174298783764243,
                    "comp": 0.21567278308793902,
                    "dc": 0
                }
            },
            "gen-secure": {
                "reward": 29586,
                "time": 56.36820328887552,
                "time_by_components": {
                    "R0": 3.7089804629795253,
                    "R1": 3.0302313808351755,
                    "R2": 2.9225056734867394,
                    "R3": 2.8875820944085717,
                    "R4": 2.8491779598407447,
                    "R5": 2.8368280245922506,
                    "R6": 2.836298098322004,
                    "R7": 2.823244741652161,
                    "R8": 2.8158638388849795,
                    "R9": 2.8174378727562726,
                    "as": 3.0037070880644023,
                    "comp": 21.76599609851837,
                    "dc": 0.032851058058440685
                }
            },
            "std": {
                "reward": 29586,
                "time": 3.4609174728393555
            }
        }
    },
    "nb_iterations": 50,
    "pursuit": {
        "it-24": {
            "args": {
                "alpha_seed": 520,
                "beta": 0.2,
                "random_arm_seed": 947,
                "reward_seed": 24,
                "sigma_seed": 117
            },
            "gen-distributed": {
                "reward": 29830,
                "time": 20.318945556879044,
                "time_by_components": {
                    "R0": 1.7711985791102052,
                    "R1": 1.154551629908383,
                    "R2": 1.1350515666417778,
                    "R3": 1.131404795218259,
                    "R4": 1.124324266333133,
                    "R5": 1.1299450937658548,
                    "R6": 1.1262504868209362,
                    "R7": 1.1244458900764585,
                    "R8": 1.1232630633749068,
                    "R9": 1.1250386210158467,
                    "as": 5.165046845562756,
                    "comp": 1.0771792200393975,
                    "dc": 0
                }
            },
            "gen-secure": {
                "reward": 29830,
                "time": 115.94608287513256,
                "time_by_components": {
                    "R0": 7.346556515432894,
                    "R1": 6.270014652982354,
                    "R2": 6.011509527917951,
                    "R3": 6.010899968445301,
                    "R4": 5.854794025886804,
                    "R5": 5.926836259197444,
                    "R6": 5.93364119855687,
                    "R7": 5.898502778727561,
                    "R8": 5.848914774600416,
                    "R9": 5.823460280895233,
                    "as": 6.222454189322889,
                    "comp": 45.69395862100646,
                    "dc": 0.03285044711083174
                }
            },
            "std": {
                "reward": 29830,