{
    "N": 60000,
    "arms": [
        0.4960973461954129,
        0.46519633350678463,
        0.4564303726534043,
        0.45410879397990633,
        0.4505463715326422,
        0.4449825881599488,
        0.4438618260417084,
        0.4347356202217508,
        0.42404835287995835,
        0.41264059560501143
    ],
    "boltzmann": {
        "it-44": {
            "args": {
                "alpha_seed": 206,
                "random_arm_seed": 260,
                "reward_seed": 44,
                "sigma_seed": 256,
                "tau": 0.02
            },
            "gen-distributed": {
                "reward": 29327,
                "time": 10.784378504846245,
                "time_by_components": {
                    "R0": 1.0475647253915668,
                    "R1": 0.5722150993533432,
                    "R2": 0.5857803910039365,
                    "R3": 0.5623470405116677,
                    "R4": 0.6043063728138804,
                    "R5": 0.5615651118569076,
                    "R6": 0.6007779338397086,
                    "R7": 0.5601396630518138,
                    "R8": 0.5614826125092804,
                    "R9": 0.5607916517183185,
                    "as": 2.5836569401435554,
                    "comp": 0.9279133202508092,
                    "dc": 0
                }
            },
            "gen-secure": {
                "reward": 29327,
                "time": 58.86040963092819,
                "time_by_components": {
                    "R0": 3.852972002699971,
                    "R1": 3.1818290525116026,
                    "R2": 3.1016210559755564,
                    "R3": 3.0417257007211447,
                    "R4": 3.0426961928606033,
                    "R5": 2.983046778012067,
                    "R6": 3.0207073860801756,
                    "R7": 2.974462535697967,
                    "R8": 2.960005470085889,
                    "R9": 2.9561757184565067,
                    "as": 3.074507082812488,
                    "comp": 23.131554036866874,
                    "dc": 0.03298691101372242
                }
            },
            "std": {
                "reward": 29327,
                "time": 3.9408562183380127
            }
        }
    },
    "e-greedy": {
        "it-44": {
            "args": {
                "alpha_seed": 535,
                "epsilon": 0.1,
                "epsilon_seed": 101,
                "random_arm_seed": 339,
                "reward_seed": 44,
                "sigma_seed": 842
            },
            "gen-distributed": {
                "reward": 29547,
                "time": 9.729236457962543,
                "time_by_components": {
                    "R0": 1.0040042218752205,
                    "R1": 0.5054014851339161,
                    "R2": 0.49920070357620716,
                    "R3": 0.4976343675516546,
                    "R4": 0.4979090974666178,
                    "R5": 0.496530937962234,
                    "R6": 0.4984245151281357,
                    "R7": 0.49690544325858355,
                    "R8": 0.49722930090501904,
                    "R9": 0.4960504840128124,
                    "as": 2.5227163014933467,
                    "comp": 0.2420860226266086,
                    "dc": 0
                }
            },
            "gen-secure": {
                "reward": 29547,
                "time": 55.01269971486181,
                "time_by_components": {
                    "R0": 3.6278129993006587,
                    "R1": 2.9493878544308245,
                    "R2": 2.856637121643871,
                    "R3": 2.831299072597176,
                    "R4": 2.816116920672357,
                    "R5": 2.7714096335694194,
                    "R6": 2.76328895194456,
                    "R7": 2.7571011492982507,
                    "R8": 2.758196293376386,
                    "R9": 2.7618126259185374,
                    "as": 2.991314791608602,
                    "comp": 21.137719030492008,
                    "dc": 0.03319963114336133
                }
            },
            "std": {
                "reward": 29547,
                "time": 3.5958428382873535
            }
        }
    },
    "e-greedy-decreasing": {
        "it-44": {
            "args": {
                "alpha_seed": 326,
                "epsilon_seed": 206,
                "random_arm_seed": 260,
                "reward_seed": 44,
                "sigma_seed": 204
            },
            "gen-distributed": {
                "reward": 29605,
                "time": 9.702143710106611,
                "time_by_components": {
                    "R0": 1.008859501220286,
                    "R1": 0.5076107033528388,
                    "R2": 0.5015146257355809,
                    "R3": 0.5015992489643395,
                    "R4": 0.49992170510813594,
                    "R5": 0.5012755342759192,
                    "R6": 0.49956906819716096,
                    "R7": 0.4998180512338877,
                    "R8": 0.4988319892436266,
                    "R9": 0.49826776795089245,
                    "as": 2.478398630861193,
                    "comp": 0.22193658025935292,
                    "dc": 0
                }
            },
            "gen-secure": {
                "reward": 29605,
                "time": 55.5994461029768,
                "time_by_components": {
                    "R0": 3.6758209369145334,
                    "R1": 2.97596951154992,
                    "R2": 2.9007090595550835,
                    "R3": 2.8477511825039983,
                    "R4": 2.814130519516766,
                    "R5": 2.8002533498220146,
                    "R6": 2.800408392213285,
                    "R7": 2.7872985997237265,
                    "R8": 2.783101098611951,
                    "R9": 2.7803342142142355,
                    "as": 2.979872717987746,
                    "comp": 21.410098236054182,
                    "dc": 0.03284079302102327
                }
            },
            "std": {
                "reward": 29605,
                "time": 3.633901596069336
            }
        }
    },
    "nb_iterations": 50,
    "pursuit": {
        "it-44": {
            "args": {
                "alpha_seed": 206,
                "beta": 0.2,
                "random_arm_seed": 260,
                "reward_seed": 44,
                "sigma_seed": 204
            },
            "gen-distributed": {
                "reward": 29840,
                "time": 20.20276998495683,
                "time_by_components": {
                    "R0": 1.7648820369504392,
                    "R1": 1.1484696646220982,
                    "R2": 1.1317146746441722,
                    "R3": 1.125076469965279,
                    "R4": 1.121544806752354,
                    "R5": 1.123144505545497,
                    "R6": 1.1190776485018432,
                    "R7": 1.1205001822672784,
                    "R8": 1.1179241733625531,
                    "R9": 1.1220727381296456,
                    "as": 5.135891227517277,
                    "comp": 1.0674183857627213,
                    "dc": 0
                }
            },
            "gen-secure": {
                "reward": 29840,
                "time": 114.06151582766324,
                "time_by_components": {
                    "R0": 7.177366019692272,
                    "R1": 6.190086551941931,
                    "R2": 6.02123051090166,
                    "R3": 5.932034485973418,
                    "R4": 5.865627544000745,
                    "R5": 5.784158925991505,
                    "R6": 5.818025168031454,
                    "R7": 5.754642179701477,
                    "R8": 5.809732899535447,
                    "R9": 5.742553109303117,
                    "as": 6.096549259498715,
                    "comp": 44.871379379183054,
                    "dc": 0.033026888966560364
                }
            },
            "std": {
                "reward": 29840,