{
    "N": 50000,
    "arms": [
        0.4960973461954129,
        0.46519633350678463,
        0.4564303726534043,
        0.45410879397990633,
        0.4505463715326422,
        0.4449825881599488,
        0.4438618260417084,
        0.4347356202217508,
        0.42404835287995835,
        0.41264059560501143
    ],
    "boltzmann": {
        "it-27": {
            "args": {
                "alpha_seed": 937,
                "random_arm_seed": 678,
                "reward_seed": 27,
                "sigma_seed": 14,
                "tau": 0.02
            },
            "gen-distributed": {
                "reward": 24728,
                "time": 9.079767348244786,
                "time_by_components": {
                    "R0": 0.9344752407632768,
                    "R1": 0.4810095033608377,
                    "R2": 0.4739942499436438,
                    "R3": 0.5025871526449919,
                    "R4": 0.47696748562157154,
                    "R5": 0.47400095546618104,
                    "R6": 0.4715909892693162,
                    "R7": 0.4713993356563151,
                    "R8": 0.47260504215955734,
                    "R9": 0.47298593539744616,
                    "as": 2.183410202153027,
                    "comp": 0.7843320984393358,
                    "dc": 0
                }
            },
            "gen-secure": {
                "reward": 24728,
                "time": 50.22802951093763,
                "time_by_components": {
                    "R0": 3.3079078271985054,
                    "R1": 2.7179238349199295,
                    "R2": 2.625847161281854,
                    "R3": 2.6332558523863554,
                    "R4": 2.5754537349566817,
                    "R5": 2.5670257471501827,
                    "R6": 2.5564711247570813,
                    "R7": 2.5477890870533884,
                    "R8": 2.5533523773774505,
                    "R9": 2.53787974268198,
                    "as": 2.482221783604473,
                    "comp": 19.815714670345187,
                    "dc": 0.03055963898077607
                }
            },
            "std": {
                "reward": 24728,
                "time": 3.276634693145752
            }
        }
    },
    "e-greedy": {
        "it-27": {
            "args": {
                "alpha_seed": 524,
                "epsilon": 0.1,
                "epsilon_seed": 520,
                "random_arm_seed": 680,
                "reward_seed": 27,
                "sigma_seed": 458
            },
            "gen-distributed": {
                "reward": 24496,
                "time": 8.174927518237382,
                "time_by_components": {
                    "R0": 0.8138508442789316,
                    "R1": 0.4251312958076596,
                    "R2": 0.41910741478204727,
                    "R3": 0.4177660741843283,
                    "R4": 0.4360643024556339,
                    "R5": 0.4234427670016885,
                    "R6": 0.4182933890260756,
                    "R7": 0.41863786010071635,
                    "R8": 0.41728617530316114,
                    "R9": 0.4168540840037167,
                    "as": 2.117344146594405,
                    "comp": 0.20516777783632278,
                    "dc": 0
                }
            },
            "gen-secure": {
                "reward": 24496,
                "time": 46.61649146582931,
                "time_by_components": {
                    "R0": 3.062957948539406,
                    "R1": 2.493708176072687,
                    "R2": 2.423493778333068,
                    "R3": 2.3929863260127604,
                    "R4": 2.383815387263894,
                    "R5": 2.3713716128841043,
                    "R6": 2.3564933235757053,
                    "R7": 2.3501540371216834,
                    "R8": 2.348083656281233,
                    "R9": 2.345525739248842,
                    "as": 2.521542299538851,
                    "comp": 17.900426647625864,
                    "dc": 0.03305649105459452
                }
            },
            "std": {
                "reward": 24496,
                "time": 3.0952892303466797
            }
        }
    },
    "e-greedy-decreasing": {
        "it-27": {
            "args": {
                "alpha_seed": 404,
                "epsilon_seed": 937,
                "random_arm_seed": 678,
                "reward_seed": 27,
                "sigma_seed": 931
            },
            "gen-distributed": {
                "reward": 24712,
                "time": 8.325499582104385,
                "time_by_components": {
                    "R0": 0.8657510206103325,
                    "R1": 0.4341903952881694,
                    "R2": 0.4282508781179786,
                    "R3": 0.4286022698506713,
                    "R4": 0.42844721488654613,
                    "R5": 0.42829117691144347,
                    "R6": 0.42748522432520986,
                    "R7": 0.4285032507032156,
                    "R8": 0.4288911037147045,
                    "R9": 0.4277186868712306,
                    "as": 2.129795783665031,
                    "comp": 0.19334559002891183,
                    "dc": 0
                }
            },
            "gen-secure": {
                "reward": 24712,
                "time": 46.68407200090587,
                "time_by_components": {
                    "R0": 3.082960838917643,
                    "R1": 2.4995920141227543,
                    "R2": 2.428796836640686,
                    "R3": 2.398287899326533,
                    "R4": 2.3899642289616168,
                    "R5": 2.3603361598215997,
                    "R6": 2.3564198557287455,
                    "R7": 2.348378447815776,
                    "R8": 2.35156505741179,
                    "R9": 2.348023605067283,
                    "as": 2.4808888472616673,
                    "comp": 17.923975215293467,
                    "dc": 0.03303349716588855
                }
            },
            "std": {
                "reward": 24712,
                "time": 3.018848419189453
            }
        }
    },
    "nb_iterations": 50,
    "pursuit": {
        "it-27": {
            "args": {
                "alpha_seed": 937,
                "beta": 0.2,
                "random_arm_seed": 678,
                "reward_seed": 27,
                "sigma_seed": 931
            },
            "gen-distributed": {
                "reward": 24879,
                "time": 16.914817792829126,
                "time_by_components": {
                    "R0": 1.4805701705627143,
                    "R1": 0.9613977670669556,
                    "R2": 0.9446200588718057,
                    "R3": 0.9423755696043372,
                    "R4": 0.9403035035356879,
                    "R5": 0.9419338391162455,
                    "R6": 0.943833701312542,
                    "R7": 0.9423255901783705,
                    "R8": 0.9365605190396309,
                    "R9": 0.9380087764002383,
                    "as": 4.297518785111606,
                    "comp": 0.8940690904855728,
                    "dc": 0
                }
            },
            "gen-secure": {
                "reward": 24879,
                "time": 95.78237869730219,
                "time_by_components": {
                    "R0": 6.061243558302522,
                    "R1": 5.224076849874109,
                    "R2": 5.0575592601671815,
                    "R3": 4.981474615167826,
                    "R4": 4.9718500091694295,
                    "R5": 4.909017901867628,
                    "R6": 4.841998782008886,
                    "R7": 4.826507476624101,
                    "R8": 4.871465404517949,
                    "R9": 4.820055068936199,
                    "as": 5.127599944360554,
                    "comp": 37.564503516536206,
                    "dc": 0.033094159327447414
                }
            },
            "std": {
                "reward": 24879,