{
    "N": 80000,
    "arms": [
        0.4960973461954129,
        0.46519633350678463,
        0.4564303726534043,
        0.45410879397990633,
        0.4505463715326422,
        0.4449825881599488,
        0.4438618260417084,
        0.4347356202217508,
        0.42404835287995835,
        0.41264059560501143
    ],
    "boltzmann": {
        "it-15": {
            "args": {
                "alpha_seed": 321,
                "random_arm_seed": 374,
                "reward_seed": 15,
                "sigma_seed": 388,
                "tau": 0.02
            },
            "gen-distributed": {
                "reward": 38902,
                "time": 14.501843533013016,
                "time_by_components": {
                    "R0": 1.3723253458738327,
                    "R1": 0.7684328844770789,
                    "R2": 0.8724918062798679,
                    "R3": 0.7525325384922326,
                    "R4": 0.7519907020032406,
                    "R5": 0.8101544389501214,
                    "R6": 0.7522030235268176,
                    "R7": 0.7528169713914394,
                    "R8": 0.7513072146102786,
                    "R9": 0.7542227641679347,
                    "as": 3.4658645070157945,
                    "comp": 1.2548813275061548,
                    "dc": 0
                }
            },
            "gen-secure": {
                "reward": 38902,
                "time": 78.43125206790864,
                "time_by_components": {
                    "R0": 5.074367962777615,
                    "R1": 4.224607269279659,
                    "R2": 4.207545747514814,
                    "R3": 4.027429050765932,
                    "R4": 3.970471633132547,
                    "R5": 4.050141184125096,
                    "R6": 3.9529767762869596,
                    "R7": 3.9387099533341825,
                    "R8": 3.9375343774445355,
                    "R9": 3.942521526478231,
                    "as": 4.101422602776438,
                    "comp": 30.932567914482206,
                    "dc": 0.03295414615422487
                }
            },
            "std": {
                "reward": 38902,
                "time": 5.298315048217773
            }
        }
    },
    "e-greedy": {
        "it-15": {
            "args": {
                "alpha_seed": 178,
                "epsilon": 0.1,
                "epsilon_seed": 130,
                "random_arm_seed": 297,
                "reward_seed": 15,
                "sigma_seed": 743
            },
            "gen-distributed": {
                "reward": 39325,
                "time": 13.026510173920542,
                "time_by_components": {
                    "R0": 1.3395096133463085,
                    "R1": 0.6777305277064443,
                    "R2": 0.6698255990631878,
                    "R3": 0.6665417705662549,
                    "R4": 0.6680536279454827,
                    "R5": 0.6693838653154671,
                    "R6": 0.6662639598362148,
                    "R7": 0.6673054797574878,
                    "R8": 0.6641968037001789,
                    "R9": 0.6655688392929733,
                    "as": 3.367446532472968,
                    "comp": 0.32407873403280973,
                    "dc": 0
                }
            },
            "gen-secure": {
                "reward": 39325,
                "time": 72.267752494663,
                "time_by_components": {
                    "R0": 4.78130002040416,
                    "R1": 3.8582246392033994,
                    "R2": 3.7339623062871397,
                    "R3": 3.6964342202991247,
                    "R4": 3.6360686756670475,
                    "R5": 3.639379942789674,
                    "R6": 3.627661572303623,
                    "R7": 3.6101455823518336,
                    "R8": 3.602035333402455,
                    "R9": 3.610492918174714,
                    "as": 3.9227073951624334,
                    "comp": 27.939860829152167,
                    "dc": 0.03304602997377515
                }
            },
            "std": {
                "reward": 39325,
                "time": 4.852365255355835
            }
        }
    },
    "e-greedy-decreasing": {
        "it-15": {
            "args": {
                "alpha_seed": 574,
                "epsilon_seed": 321,
                "random_arm_seed": 374,
                "reward_seed": 15,
                "sigma_seed": 681
            },
            "gen-distributed": {
                "reward": 38553,
                "time": 12.349504266865551,
                "time_by_components": {
                    "R0": 1.064006948377937,
                    "R1": 0.833002733066678,
                    "R2": 0.6437391708604991,
                    "R3": 0.6375939194113016,
                    "R4": 0.6377376331947744,
                    "R5": 0.6383930183947086,
                    "R6": 0.6399996504187584,
                    "R7": 0.6601108023896813,
                    "R8": 0.6432055896148086,
                    "R9": 0.6395507114939392,
                    "as": 3.134248240850866,
                    "comp": 0.2804924906231463,
                    "dc": 0
                }
            },
            "gen-secure": {
                "reward": 38553,
                "time": 69.6362640899606,
                "time_by_components": {
                    "R0": 4.375463546253741,
                    "R1": 3.9040269004181027,
                    "R2": 3.6059096110984683,
                    "R3": 3.5484212073497474,
                    "R4": 3.5104450401850045,
                    "R5": 3.4931777990423143,
                    "R6": 3.501155137550086,
                    "R7": 3.5050335060805082,
                    "R8": 3.4792776717804372,
                    "R9": 3.4653916698880494,
                    "as": 3.716554648708552,
                    "comp": 26.97285876609385,
                    "dc": 0.028828418347984552
                }
            },
            "std": {
                "reward": 38553,
                "time": 4.593617916107178
            }
        }
    },
    "nb_iterations": 50,
    "pursuit": {
        "it-15": {
            "args": {
                "alpha_seed": 321,
                "beta": 0.2,
                "random_arm_seed": 374,
                "reward_seed": 15,
                "sigma_seed": 681
            },
            "gen-distributed": {
                "reward": 39724,
                "time": 24.729013660922647,
                "time_by_components": {
                    "R0": 2.1765543571673334,
                    "R1": 1.4121428970247507,
                    "R2": 1.3868719013407826,
                    "R3": 1.3802150143310428,
                    "R4": 1.3773390902206302,
                    "R5": 1.3830483728088439,
                    "R6": 1.3775789854116738,
                    "R7": 1.3750036749988794,
                    "R8": 1.3756845956668258,
                    "R9": 1.3788208146579564,
                    "as": 6.244235523045063,
                    "comp": 1.300991992931813,
                    "dc": 0
                }
            },
            "gen-secure": {
                "reward": 39724,
                "time": 151.90861819777638,
                "time_by_components": {
                    "R0": 9.577305531594902,
                    "R1": 8.217198388185352,
                    "R2": 7.992780069820583,
                    "R3": 7.821342486422509,
                    "R4": 7.704782547894865,
                    "R5": 7.762947013135999,
                    "R6": 7.639649040531367,
                    "R7": 7.610911959782243,
                    "R8": 7.700445364229381,
                    "R9": 7.73156886221841,
                    "as": 8.178943672217429,
                    "comp": 59.93377428688109,
                    "dc": 0.03315051086246967
                }
            },
            "std": {
                "reward": 39724,