{
    "N": 80000,
    "arms": [
        0.4960973461954129,
        0.46519633350678463,
        0.4564303726534043,
        0.45410879397990633,
        0.4505463715326422,
        0.4449825881599488,
        0.4438618260417084,
        0.4347356202217508,
        0.42404835287995835,
        0.41264059560501143
    ],
    "boltzmann": {
        "it-43": {
            "args": {
                "alpha_seed": 922,
                "random_arm_seed": 736,
                "reward_seed": 43,
                "sigma_seed": 113,
                "tau": 0.02
            },
            "gen-distributed": {
                "reward": 38794,
                "time": 14.559811398386955,
                "time_by_components": {
                    "R0": 1.3589649298228323,
                    "R1": 0.7701532607898116,
                    "R2": 0.75953861605376,
                    "R3": 0.8882144414819777,
                    "R4": 0.7530317916534841,
                    "R5": 0.7603068882599473,
                    "R6": 0.7558980886824429,
                    "R7": 0.808072934858501,
                    "R8": 0.7542942534200847,
                    "R9": 0.7525360556319356,
                    "as": 3.4968187361955643,
                    "comp": 1.2608398646116257,
                    "dc": 0
                }
            },
            "gen-secure": {
                "reward": 38794,
                "time": 78.49475870002061,
                "time_by_components": {
                    "R0": 5.059452410787344,
                    "R1": 4.209289649035782,
                    "R2": 4.099670068826526,
                    "R3": 4.177928113378584,
                    "R4": 3.9859234327450395,
                    "R5": 3.9772669221274555,
                    "R6": 3.955445118714124,
                    "R7": 4.0143240937031806,
                    "R8": 3.9372802185826004,
                    "R9": 3.930686996784061,
                    "as": 4.094275672920048,
                    "comp": 31.010951888281852,
                    "dc": 0.032887977082282305
                }
            },
            "std": {
                "reward": 38794,
                "time": 5.244587421417236
            }
        }
    },
    "e-greedy": {
        "it-43": {
            "args": {
                "alpha_seed": 651,
                "epsilon": 0.1,
                "epsilon_seed": 107,
                "random_arm_seed": 850,
                "reward_seed": 43,
                "sigma_seed": 511
            },
            "gen-distributed": {
                "reward": 39317,
                "time": 13.014526159036905,
                "time_by_components": {
                    "R0": 1.3404409061186016,
                    "R1": 0.6737395492382348,
                    "R2": 0.6652332684025168,
                    "R3": 0.6635219999589026,
                    "R4": 0.6635289564728737,
                    "R5": 0.6677865646779537,
                    "R6": 0.6678255465812981,
                    "R7": 0.6635873280465603,
                    "R8": 0.6631535375490785,
                    "R9": 0.6646150699816644,
                    "as": 3.3678218233399093,
                    "comp": 0.32654300751164556,
                    "dc": 0
                }
            },
            "gen-secure": {
                "reward": 39317,
                "time": 73.86053163092583,
                "time_by_components": {
                    "R0": 4.851209303829819,
                    "R1": 3.921566052827984,
                    "R2": 3.818932617083192,
                    "R3": 3.76430483488366,
                    "R4": 3.7074944050982594,
                    "R5": 3.7274009184911847,
                    "R6": 3.6940152584575117,
                    "R7": 3.6855490002781153,
                    "R8": 3.682060349266976,
                    "R9": 3.679490345995873,
                    "as": 4.06592340907082,
                    "comp": 28.600056153722107,
                    "dc": 0.03372745029628277
                }
            },
            "std": {
                "reward": 39317,
                "time": 4.813483476638794
            }
        }
    },
    "e-greedy-decreasing": {
        "it-43": {
            "args": {
                "alpha_seed": 893,
                "epsilon_seed": 922,
                "random_arm_seed": 736,
                "reward_seed": 43,
                "sigma_seed": 481
            },
            "gen-distributed": {
                "reward": 39016,
                "time": 13.351954407058656,
                "time_by_components": {
                    "R0": 1.289310519117862,
                    "R1": 0.6992992763407528,
                    "R2": 0.7825856930576265,
                    "R3": 0.6876647463068366,
                    "R4": 0.6863466636277735,
                    "R5": 0.689528489485383,
                    "R6": 0.688396698795259,
                    "R7": 0.6887290026061237,
                    "R8": 0.6860488941892982,
                    "R9": 0.6875584246590734,
                    "as": 3.4049818073399365,
                    "comp": 0.30821527540683746,
                    "dc": 0
                }
            },
            "gen-secure": {
                "reward": 39016,
                "time": 75.14133157301694,
                "time_by_components": {
                    "R0": 4.834648661315441,
                    "R1": 3.9956213836558163,
                    "R2": 3.98551770625636,
                    "R3": 3.833985277451575,
                    "R4": 3.7828396381810308,
                    "R5": 3.7860735883004963,
                    "R6": 3.7632199889048934,
                    "R7": 3.755161689594388,
                    "R8": 3.7512696515768766,
                    "R9": 3.752059685997665,
                    "as": 4.027586088515818,
                    "comp": 29.10701163811609,
                    "dc": 0.03311467869207263
                }
            },
            "std": {
                "reward": 39016,
                "time": 4.844867706298828
            }
        }
    },
    "nb_iterations": 50,
    "pursuit": {
        "it-43": {
            "args": {
                "alpha_seed": 922,
                "beta": 0.2,
                "random_arm_seed": 736,
                "reward_seed": 43,
                "sigma_seed": 481
            },
            "gen-distributed": {
                "reward": 39602,
                "time": 27.206011845730245,
                "time_by_components": {
                    "R0": 2.339681928511709,
                    "R1": 1.583863192703575,
                    "R2": 1.5191790657117963,
                    "R3": 1.5142144914716482,
                    "R4": 1.5090515157207847,
                    "R5": 1.5122687979601324,
                    "R6": 1.512334122788161,
                    "R7": 1.5092577035538852,
                    "R8": 1.5039497120305896,
                    "R9": 1.5073273908346891,
                    "as": 6.935699394904077,
                    "comp": 1.4424344752915204,
                    "dc": 0
                }
            },
            "gen-secure": {
                "reward": 39602,
                "time": 153.61557280411944,
                "time_by_components": {
                    "R0": 9.619267312809825,
                    "R1": 8.387803740333766,
                    "R2": 8.02629207400605,
                    "R3": 7.974533831235021,
                    "R4": 7.773419291712344,
                    "R5": 7.836987736169249,
                    "R6": 7.725076005328447,
                    "R7": 7.800244076177478,
                    "R8": 7.705585123039782,
                    "R9": 7.68880469398573,
                    "as": 8.212342351209372,
                    "comp": 60.81479574460536,
                    "dc": 0.03289846004918218
                }
            },
            "std": {
                "reward": 39602,