{
    "N": 100000,
    "arms": [
        0.4960973461954129,
        0.46519633350678463,
        0.4564303726534043,
        0.45410879397990633,
        0.4505463715326422,
        0.4449825881599488,
        0.4438618260417084,
        0.4347356202217508,
        0.42404835287995835,
        0.41264059560501143,
        0.4033943081295281,
        0.40123283833006446,
        0.39658968098306846,
        0.39566905495737104,
        0.3877836929111796,
        0.3750550374254493,
        0.3676900292198695,
        0.3489973181763599,
        0.33867029580114477,
        0.32770283792979227
    ],
    "boltzmann": {
        "it-29": {
            "args": {
                "alpha_seed": 452,
                "random_arm_seed": 160,
                "reward_seed": 29,
                "sigma_seed": 298,
                "tau": 0.02
            },
            "gen-distributed": {
                "reward": 45379,
                "time": 30.03992325020954,
                "time_by_components": {
                    "R0": 1.010742667131126,
                    "R1": 1.3218339225277305,
                    "R10": 0.9434995078481734,
                    "R11": 0.9461530330590904,
                    "R12": 0.9419935219921172,
                    "R13": 0.9578628428280354,
                    "R14": 0.9409191994927824,
                    "R15": 0.9474881058558822,
                    "R16": 0.9417277537286282,
                    "R17": 0.9427959290333092,
                    "R18": 0.9414385627023876,
                    "R19": 0.9455290725454688,
                    "R2": 1.2533722119405866,
                    "R3": 0.9498900882899761,
                    "R4": 0.9460840229876339,
                    "R5": 0.9505041134543717,
                    "R6": 1.152743767015636,
                    "R7": 0.9464101581834257,
                    "R8": 0.9439862691797316,
                    "R9": 1.0008988585323095,
                    "as": 5.243417573161423,
                    "comp": 1.710497005842626,
                    "dc": 0
                }
            },
            "gen-secure": {
                "reward": 45379,
                "time": 180.8120120842941,
                "time_by_components": {
                    "R0": 5.539484040811658,
                    "R1": 5.480174481868744,
                    "R10": 4.742534828837961,
                    "R11": 4.759248874615878,
                    "R12": 4.735516314394772,
                    "R13": 4.762251852545887,
                    "R14": 4.742543681524694,
                    "R15": 4.751164510846138,
                    "R16": 4.719641603995115,
                    "R17": 4.7240961217321455,
                    "R18": 4.779570602811873,
                    "R19": 4.739310077857226,
                    "R2": 5.298002982977778,
                    "R3": 4.897308096755296,
                    "R4": 4.802418648265302,
                    "R5": 4.788640100508928,
                    "R6": 5.021668518427759,
                    "R7": 4.78275851206854,
                    "R8": 4.752504137344658,
                    "R9": 4.8283350160345435,
                    "as": 6.128313160035759,
                    "comp": 72.68113176897168,
                    "dc": 0.031281980220228434
                }
            },
            "std": {
                "reward": 45379,
                "time": 7.853830337524414
            }
        }
    },
    "e-greedy": {
        "it-29": {
            "args": {
                "alpha_seed": 465,
                "epsilon": 0.1,
                "epsilon_seed": 542,
                "random_arm_seed": 486,
                "reward_seed": 29,
                "sigma_seed": 554
            },
            "gen-distributed": {
                "reward": 48763,
                "time": 27.12951137078926,
                "time_by_components": {
                    "R0": 1.691176000982523,
                    "R1": 0.857588822953403,
                    "R10": 0.83470189711079,
                    "R11": 0.8362317313440144,
                    "R12": 0.835321310441941,
                    "R13": 0.8367807143367827,
                    "R14": 0.8334558769129217,
                    "R15": 0.8353932625614107,
                    "R16": 0.8334275390952826,
                    "R17": 0.8347474355250597,
                    "R18": 0.8354852464981377,
                    "R19": 0.8339978973381221,
                    "R2": 0.8478557714261115,
                    "R3": 0.8400823622941971,
                    "R4": 0.8388584442436695,
                    "R5": 0.839496492408216,
                    "R6": 0.8379452079534531,
                    "R7": 0.836832738481462,
                    "R8": 0.8351986831985414,
                    "R9": 0.8389780451543629,
                    "as": 5.160053648985922,
                    "comp": 0.5174515205435455,
                    "dc": 0
                }
            },
            "gen-secure": {
                "reward": 48763,
                "time": 173.1274315188639,
                "time_by_components": {
                    "R0": 6.091016901191324,
                    "R1": 4.861326341051608,
                    "R10": 4.4998767343349755,
                    "R11": 4.493132819421589,
                    "R12": 4.5215793289244175,
                    "R13": 4.48857181891799,
                    "R14": 4.488453842699528,
                    "R15": 4.484376504551619,
                    "R16": 4.479499930515885,
                    "R17": 4.481786443386227,
                    "R18": 4.497234647162259,
                    "R19": 4.49473894899711,
                    "R2": 4.678425855003297,
                    "R3": 4.612719987984747,
                    "R4": 4.54954215278849,
                    "R5": 4.549510919023305,
                    "R6": 4.533622823655605,
                    "R7": 4.520233509596437,
                    "R8": 4.510303752496839,
                    "R9": 4.511345735285431,
                    "as": 6.093964003957808,
                    "comp": 69.57985845161602,
                    "dc": 0.03359368909150362
                }
            },
            "std": {
                "reward": 48763,
                "time": 7.242605924606323
            }
        }
    },
    "e-greedy-decreasing": {
        "it-29": {
            "args": {
                "alpha_seed": 176,
                "epsilon_seed": 452,
                "random_arm_seed": 160,
                "reward_seed": 29,
                "sigma_seed": 462
            },
            "gen-distributed": {
                "reward": 48472,
                "time": 27.747124026995152,
                "time_by_components": {
                    "R0": 1.575272289570421,
                    "R1": 1.0520222303457558,
                    "R10": 0.8637687969021499,
                    "R11": 0.8638290259987116,
                    "R12": 0.8633404644206166,
                    "R13": 0.8642010232433677,
                    "R14": 0.8630076600238681,
                    "R15": 0.8633045945316553,
                    "R16": 0.862343090120703,
                    "R17": 0.8651700303889811,
                    "R18": 0.8632381074130535,
                    "R19": 0.8629849767312407,
                    "R2": 0.8726412826217711,
                    "R3": 0.8681148262694478,
                    "R4": 0.8652679128572345,
                    "R5": 0.8763132374733686,
                    "R6": 0.8671484771184623,
                    "R7": 0.8645567959174514,
                    "R8": 0.8633648185059428,
                    "R9": 0.8664912167005241,
                    "as": 5.154697181656957,
                    "comp": 0.48576665576547384,
                    "dc": 0
                }
            },
            "gen-secure": {
                "reward": 48472,
                "time": 174.9678462566808,
                "time_by_components": {
                    "R0": 5.939745906740427,