{
    "N": 90000,
    "arms": [
        0.4960973461954129,
        0.46519633350678463,
        0.4564303726534043,
        0.45410879397990633,
        0.4505463715326422,
        0.4449825881599488,
        0.4438618260417084,
        0.4347356202217508,
        0.42404835287995835,
        0.41264059560501143
    ],
    "boltzmann": {
        "it-23": {
            "args": {
                "alpha_seed": 841,
                "random_arm_seed": 954,
                "reward_seed": 23,
                "sigma_seed": 249,
                "tau": 0.02
            },
            "gen-distributed": {
                "reward": 41011,
                "time": 16.314570458140224,
                "time_by_components": {
                    "R0": 0.9028281830251217,
                    "R1": 1.3750738189555705,
                    "R2": 0.8506611175835133,
                    "R3": 0.845030068885535,
                    "R4": 0.99215102288872,
                    "R5": 0.8488854337483644,
                    "R6": 0.8485138257965446,
                    "R7": 0.9658425003290176,
                    "R8": 0.8942943667061627,
                    "R9": 0.8444855287671089,
                    "as": 3.8995787273161113,
                    "comp": 1.4144996642135084,
                    "dc": 0
                }
            },
            "gen-secure": {
                "reward": 41011,
                "time": 89.28089971793815,
                "time_by_components": {
                    "R0": 5.098457034211606,
                    "R1": 5.333234296180308,
                    "R2": 4.6481833145953715,
                    "R3": 4.568517628591508,
                    "R4": 4.67914872802794,
                    "R5": 4.498306421097368,
                    "R6": 4.468393471557647,
                    "R7": 4.605654916726053,
                    "R8": 4.536536235827953,
                    "R9": 4.454931408632547,
                    "as": 4.714983215555549,
                    "comp": 35.31331685464829,
                    "dc": 0.032966108061373234
                }
            },
            "std": {
                "reward": 41011,
                "time": 5.946053743362427
            }
        }
    },
    "e-greedy": {
        "it-23": {
            "args": {
                "alpha_seed": 90,
                "epsilon": 0.1,
                "epsilon_seed": 41,
                "random_arm_seed": 940,
                "reward_seed": 23,
                "sigma_seed": 793
            },
            "gen-distributed": {
                "reward": 44214,
                "time": 14.806600885931402,
                "time_by_components": {
                    "R0": 1.5217666178941727,
                    "R1": 0.7646367554552853,
                    "R2": 0.7570470236241817,
                    "R3": 0.7543360833078623,
                    "R4": 0.7526362324133515,
                    "R5": 0.7548776678740978,
                    "R6": 0.7565423813648522,
                    "R7": 0.7524842941202223,
                    "R8": 0.750944325234741,
                    "R9": 0.7509578331373632,
                    "as": 3.8461446603760123,
                    "comp": 0.37674146005883813,
                    "dc": 0
                }
            },
            "gen-secure": {
                "reward": 44214,
                "time": 82.78313412098214,
                "time_by_components": {
                    "R0": 5.45782188186422,
                    "R1": 4.396210944280028,
                    "R2": 4.262323590926826,
                    "R3": 4.223861901089549,
                    "R4": 4.1585380071774125,
                    "R5": 4.135791725013405,
                    "R6": 4.126208387780935,
                    "R7": 4.138128943741322,
                    "R8": 4.116000490728766,
                    "R9": 4.121610797010362,
                    "as": 4.53909560199827,
                    "comp": 32.08638532040641,
                    "dc": 0.03289080085232854
                }
            },
            "std": {
                "reward": 44214,
                "time": 5.466989278793335
            }
        }
    },
    "e-greedy-decreasing": {
        "it-23": {
            "args": {
                "alpha_seed": 656,
                "epsilon_seed": 841,
                "random_arm_seed": 954,
                "reward_seed": 23,
                "sigma_seed": 986
            },
            "gen-distributed": {
                "reward": 41880,
                "time": 14.993312595877796,
                "time_by_components": {
                    "R0": 0.9114637840539217,
                    "R1": 1.3405609489418566,
                    "R2": 0.7788266185671091,
                    "R3": 0.8043750431388617,
                    "R4": 0.7775926208123565,
                    "R5": 0.7732067285105586,
                    "R6": 0.7746398076415062,
                    "R7": 0.8221364631317556,
                    "R8": 0.7679066429845989,
                    "R9": 0.7712856228463352,
                    "as": 3.8047988335601985,
                    "comp": 0.3442211365327239,
                    "dc": 0
                }
            },
            "gen-secure": {
                "reward": 41880,
                "time": 84.15748158982024,
                "time_by_components": {
                    "R0": 4.885426210705191,
                    "R1": 5.068727419245988,
                    "R2": 4.369180943351239,
                    "R3": 4.327667073812336,
                    "R4": 4.237638767808676,
                    "R5": 4.2122286558151245,
                    "R6": 4.197349164634943,
                    "R7": 4.247144586406648,
                    "R8": 4.184063968714327,
                    "R9": 4.20171387726441,
                    "as": 4.541476952377707,
                    "comp": 32.568191120401025,
                    "dc": 0.03304376220330596
                }
            },
            "std": {
                "reward": 41880,
                "time": 5.468265056610107
            }
        }
    },
    "nb_iterations": 50,
    "pursuit": {
        "it-23": {
            "args": {
                "alpha_seed": 841,
                "beta": 0.2,
                "random_arm_seed": 954,
                "reward_seed": 23,
                "sigma_seed": 986
            },
            "gen-distributed": {
                "reward": 40799,
                "time": 29.90803592791781,
                "time_by_components": {
                    "R0": 1.8188732122071087,
                    "R1": 1.6890671919099987,
                    "R2": 1.6726231505163014,
                    "R3": 2.4797169733792543,
                    "R4": 1.6700470196083188,
                    "R5": 1.6577319661155343,
                    "R6": 1.6590581932105124,
                    "R7": 1.6547101731412113,
                    "R8": 1.6552205812186003,
                    "R9": 1.653584027197212,
                    "as": 7.591777727473527,
                    "comp": 1.5825543869286776,
                    "dc": 0
                }
            },
            "gen-secure": {
                "reward": 40799,
                "time": 172.7828581156209,
                "time_by_components": {
                    "R0": 9.90131334029138,
                    "R1": 9.321083754301071,
                    "R2": 8.950556988827884,
                    "R3": 9.90434339363128,
                    "R4": 8.874798831064254,
                    "R5": 8.803123129531741,
                    "R6": 8.684164309408516,
                    "R7": 8.74804148124531,
                    "R8": 8.75237556360662,
                    "R9": 8.63986892439425,
                    "as": 9.232970976736397,
                    "comp": 68.36787988198921,
                    "dc": 0.03349169995635748
                }
            },
            "std": {
                "reward": 40799,