{
    "N": 100000,
    "arms": [
        0.4960973461954129,
        0.46519633350678463,
        0.4564303726534043,
        0.45410879397990633,
        0.4505463715326422,
        0.4449825881599488,
        0.4438618260417084,
        0.4347356202217508,
        0.42404835287995835,
        0.41264059560501143,
        0.4033943081295281,
        0.40123283833006446,
        0.39658968098306846,
        0.39566905495737104,
        0.3877836929111796,
        0.3750550374254493,
        0.3676900292198695,
        0.3489973181763599,
        0.33867029580114477,
        0.32770283792979227
    ],
    "boltzmann": {
        "it-15": {
            "args": {
                "alpha_seed": 65,
                "random_arm_seed": 324,
                "reward_seed": 15,
                "sigma_seed": 594,
                "tau": 0.02
            },
            "gen-distributed": {
                "reward": 49093,
                "time": 30.12339077470824,
                "time_by_components": {
                    "R0": 1.8867790456861258,
                    "R1": 0.9707712270319462,
                    "R10": 0.945825797971338,
                    "R11": 0.9453970566391945,
                    "R12": 0.9700931385159492,
                    "R13": 0.945892886724323,
                    "R14": 0.946549678221345,
                    "R15": 0.9494239091873169,
                    "R16": 0.9493023329414427,
                    "R17": 0.9463032972998917,
                    "R18": 0.9416241585277021,
                    "R19": 0.9427779321558774,
                    "R2": 0.9583477526903152,
                    "R3": 0.9523171912878752,
                    "R4": 0.9469261020421982,
                    "R5": 0.9555018525570631,
                    "R6": 0.9473672388121486,
                    "R7": 0.951006390620023,
                    "R8": 0.9443717999383807,
                    "R9": 0.9832754973322153,
                    "as": 5.231868133414537,
                    "comp": 1.70591208525002,
                    "dc": 0
                }
            },
            "gen-secure": {
                "reward": 49093,
                "time": 184.99527997430414,
                "time_by_components": {
                    "R0": 6.625205127988011,
                    "R1": 5.2502962071448565,
                    "R10": 4.856832043733448,
                    "R11": 4.831596492324024,
                    "R12": 4.8828043872490525,
                    "R13": 4.830560953821987,
                    "R14": 4.821295355446637,
                    "R15": 4.839574797544628,
                    "R16": 4.840990619268268,
                    "R17": 4.8610130017623305,
                    "R18": 4.818866514135152,
                    "R19": 4.8171522887423635,
                    "R2": 5.0832149791531265,
                    "R3": 5.013659135904163,
                    "R4": 4.931910213083029,
                    "R5": 4.901857770048082,
                    "R6": 4.889657814055681,
                    "R7": 4.910248327534646,
                    "R8": 4.84850220894441,
                    "R9": 4.913322833366692,
                    "as": 6.167299635242671,
                    "comp": 74.57419619290158,
                    "dc": 0.029567334800958633
                }
            },
            "std": {
                "reward": 49093,
                "time": 7.907000541687012
            }
        }
    },
    "e-greedy": {
        "it-15": {
            "args": {
                "alpha_seed": 982,
                "epsilon": 0.1,
                "epsilon_seed": 133,
                "random_arm_seed": 432,
                "reward_seed": 15,
                "sigma_seed": 393
            },
            "gen-distributed": {
                "reward": 48739,
                "time": 26.838090118020773,
                "time_by_components": {
                    "R0": 1.6729571968317032,
                    "R1": 0.856328075286001,
                    "R10": 0.8326548347249627,
                    "R11": 0.8335893703624606,
                    "R12": 0.8331999098882079,
                    "R13": 0.8355850586667657,
                    "R14": 0.8328215866349638,
                    "R15": 0.8356126374565065,
                    "R16": 0.8327957424335182,
                    "R17": 0.8345495108515024,
                    "R18": 0.8309916858561337,
                    "R19": 0.8331385324709117,
                    "R2": 0.841163971927017,
                    "R3": 0.8381944918073714,
                    "R4": 0.8370224148966372,
                    "R5": 0.8381461519747972,
                    "R6": 0.8329695085994899,
                    "R7": 0.8342507281340659,
                    "R8": 0.8333568479865789,
                    "R9": 0.8360699438489974,
                    "as": 5.034077332355082,
                    "comp": 0.49226521980017424,
                    "dc": 0
                }
            },
            "gen-secure": {
                "reward": 48739,
                "time": 171.4879215490073,
                "time_by_components": {
                    "R0": 6.021476157940924,
                    "R1": 4.820395285263658,
                    "R10": 4.462900181300938,
                    "R11": 4.455386804416776,
                    "R12": 4.4538615914061666,
                    "R13": 4.457253627013415,
                    "R14": 4.458149239420891,
                    "R15": 4.448038959410042,
                    "R16": 4.460225910879672,
                    "R17": 4.452529477421194,
                    "R18": 4.4522256585769355,
                    "R19": 4.454214760102332,
                    "R2": 4.640667697880417,
                    "R3": 4.57524996669963,
                    "R4": 4.521290419623256,
                    "R5": 4.511403882410377,
                    "R6": 4.489541098475456,
                    "R7": 4.484445878770202,
                    "R8": 4.473745619412512,
                    "R9": 4.47234526835382,
                    "as": 5.964015489909798,
                    "comp": 68.90382274379954,
                    "dc": 0.03386017121374607
                }
            },
            "std": {
                "reward": 48739,
                "time": 7.117654323577881
            }
        }
    },
    "e-greedy-decreasing": {
        "it-15": {
            "args": {
                "alpha_seed": 260,
                "epsilon_seed": 65,
                "random_arm_seed": 324,
                "reward_seed": 15,
                "sigma_seed": 90
            },
            "gen-distributed": {
                "reward": 48829,
                "time": 27.766429575160146,
                "time_by_components": {
                    "R0": 1.7223106613382697,
                    "R1": 0.8819217751733959,
                    "R10": 0.8693600283004344,
                    "R11": 0.8687934349291027,
                    "R12": 0.8678300674073398,
                    "R13": 0.8668611156754196,
                    "R14": 0.8658398725092411,
                    "R15": 0.867151799146086,
                    "R16": 0.8657698561437428,
                    "R17": 0.8674690905027092,
                    "R18": 0.8651505862362683,
                    "R19": 0.8692083610221744,
                    "R2": 0.8710375912487507,
                    "R3": 0.8711890373378992,
                    "R4": 0.8684309027157724,
                    "R5": 0.8738669785670936,
                    "R6": 0.9019437413662672,
                    "R7": 0.8688637060113251,
                    "R8": 0.868213212583214,
                    "R9": 0.8696803566999733,
                    "as": 5.121911405585706,
                    "comp": 0.476247803773731,
                    "dc": 0
                }
            },
            "gen-secure": {
                "reward": 48829,
                "time": 176.7583791888319,
                "time_by_components": {
                    "R0": 6.179798237513751,