{
    "N": 90000,
    "arms": [
        0.4960973461954129,
        0.46519633350678463,
        0.4564303726534043,
        0.45410879397990633,
        0.4505463715326422,
        0.4449825881599488,
        0.4438618260417084,
        0.4347356202217508,
        0.42404835287995835,
        0.41264059560501143
    ],
    "boltzmann": {
        "it-49": {
            "args": {
                "alpha_seed": 422,
                "random_arm_seed": 116,
                "reward_seed": 49,
                "sigma_seed": 460,
                "tau": 0.02
            },
            "gen-distributed": {
                "reward": 39411,
                "time": 15.188763516023755,
                "time_by_components": {
                    "R0": 0.8485131110064685,
                    "R1": 0.8017761781811714,
                    "R2": 0.7899054107256234,
                    "R3": 0.7891982737928629,
                    "R4": 0.7906230166554451,
                    "R5": 1.2715868526138365,
                    "R6": 0.7935627037659287,
                    "R7": 1.0210451977327466,
                    "R8": 0.7891415348276496,
                    "R9": 0.8609668859280646,
                    "as": 3.627964881248772,
                    "comp": 1.3191030817106366,
                    "dc": 0
                }
            },
            "gen-secure": {
                "reward": 39411,
                "time": 88.16105603333563,
                "time_by_components": {
                    "R0": 5.025517857633531,
                    "R1": 4.727267941925675,
                    "R2": 4.552546896506101,
                    "R3": 4.520252518355846,
                    "R4": 4.443078421521932,
                    "R5": 5.020384214818478,
                    "R6": 4.4534901469014585,
                    "R7": 4.693578571546823,
                    "R8": 4.4077334138564765,
                    "R9": 4.4873639196157455,
                    "as": 4.560059916693717,
                    "comp": 34.97042032703757,
                    "dc": 0.03281673975288868
                }
            },
            "std": {
                "reward": 39411,
                "time": 5.860046625137329
            }
        }
    },
    "e-greedy": {
        "it-49": {
            "args": {
                "alpha_seed": 931,
                "epsilon": 0.1,
                "epsilon_seed": 927,
                "random_arm_seed": 496,
                "reward_seed": 49,
                "sigma_seed": 837
            },
            "gen-distributed": {
                "reward": 44169,
                "time": 14.66182924574241,
                "time_by_components": {
                    "R0": 1.501034104730934,
                    "R1": 0.7594334962777793,
                    "R2": 0.7519436962902546,
                    "R3": 0.7493760003708303,
                    "R4": 0.7538593029603362,
                    "R5": 0.7531722225248814,
                    "R6": 0.749202071223408,
                    "R7": 0.753008455503732,
                    "R8": 0.7466801698319614,
                    "R9": 0.749616910237819,
                    "as": 3.7996491342782974,
                    "comp": 0.3678925442509353,
                    "dc": 0
                }
            },
            "gen-secure": {
                "reward": 44169,
                "time": 82.73516924167052,
                "time_by_components": {
                    "R0": 5.433346351142973,
                    "R1": 4.387729458976537,
                    "R2": 4.251734512858093,
                    "R3": 4.201917697675526,
                    "R4": 4.1420133537612855,
                    "R5": 4.135161578655243,
                    "R6": 4.123497744090855,
                    "R7": 4.121730784419924,
                    "R8": 4.119228166528046,
                    "R9": 4.104760156478733,
                    "as": 4.503872982226312,
                    "comp": 32.24232679139823,
                    "dc": 0.0328903878107667
                }
            },
            "std": {
                "reward": 44169,
                "time": 5.441893815994263
            }
        }
    },
    "e-greedy-decreasing": {
        "it-49": {
            "args": {
                "alpha_seed": 953,
                "epsilon_seed": 422,
                "random_arm_seed": 116,
                "reward_seed": 49,
                "sigma_seed": 879
            },
            "gen-distributed": {
                "reward": 43881,
                "time": 14.982159453909844,
                "time_by_components": {
                    "R0": 1.4824361144565046,
                    "R1": 0.7832173984497786,
                    "R2": 0.7761720260605216,
                    "R3": 0.7719563487917185,
                    "R4": 0.8277499894611537,
                    "R5": 0.7735416246578097,
                    "R6": 0.7747145774774253,
                    "R7": 0.7991108535788953,
                    "R8": 0.7766408664174378,
                    "R9": 0.7734429347328842,
                    "as": 3.8059414345771074,
                    "comp": 0.3434054907411337,
                    "dc": 0
                }
            },
            "gen-secure": {
                "reward": 43881,
                "time": 84.58700748998672,
                "time_by_components": {
                    "R0": 5.478771925903857,
                    "R1": 4.493215712253004,
                    "R2": 4.342512285802513,
                    "R3": 4.288863162975758,
                    "R4": 4.299121204763651,
                    "R5": 4.241258655209094,
                    "R6": 4.236794148571789,
                    "R7": 4.248431908432394,
                    "R8": 4.221744689159095,
                    "R9": 4.1934450240805745,
                    "as": 4.565146368462592,
                    "comp": 32.872269972693175,
                    "dc": 0.03308532666414976
                }
            },
            "std": {
                "reward": 43881,
                "time": 5.421444654464722
            }
        }
    },
    "nb_iterations": 50,
    "pursuit": {
        "it-49": {
            "args": {
                "alpha_seed": 422,
                "beta": 0.2,
                "random_arm_seed": 116,
                "reward_seed": 49,
                "sigma_seed": 879
            },
            "gen-distributed": {
                "reward": 39036,
                "time": 30.51203863415867,
                "time_by_components": {
                    "R0": 1.8405917077325284,
                    "R1": 1.7170831561088562,
                    "R2": 1.7017300389707088,
                    "R3": 1.6960062012076378,
                    "R4": 1.6942617963068187,
                    "R5": 1.6997571024112403,
                    "R6": 1.6917404728010297,
                    "R7": 2.524117484688759,
                    "R8": 1.6939033279195428,
                    "R9": 1.688344887457788,
                    "as": 7.7746951673179865,
                    "comp": 1.6265762974508107,
                    "dc": 0
                }
            },
            "gen-secure": {
                "reward": 39036,
                "time": 170.48999414686114,
                "time_by_components": {
                    "R0": 9.759301367215812,
                    "R1": 9.191064258571714,
                    "R2": 8.833248398732394,
                    "R3": 8.712491870857775,
                    "R4": 8.612401004880667,
                    "R5": 8.672336489427835,
                    "R6": 8.657704889308661,
                    "R7": 9.603356626816094,
                    "R8": 8.584372829645872,
                    "R9": 8.616698261350393,
                    "as": 9.167640078347176,
                    "comp": 67.60898263659328,
                    "dc": 0.03294633002951741
                }
            },
            "std": {
                "reward": 39036,