{
    "N": 80000,
    "arms": [
        0.4960973461954129,
        0.46519633350678463,
        0.4564303726534043,
        0.45410879397990633,
        0.4505463715326422,
        0.4449825881599488,
        0.4438618260417084,
        0.4347356202217508,
        0.42404835287995835,
        0.41264059560501143
    ],
    "boltzmann": {
        "it-28": {
            "args": {
                "alpha_seed": 148,
                "random_arm_seed": 674,
                "reward_seed": 28,
                "sigma_seed": 77,
                "tau": 0.02
            },
            "gen-distributed": {
                "reward": 35896,
                "time": 14.468704227823764,
                "time_by_components": {
                    "R0": 0.798622630070895,
                    "R1": 0.7580699999816716,
                    "R2": 0.7575760539621115,
                    "R3": 1.2939691464416683,
                    "R4": 0.7527534612454474,
                    "R5": 0.7536801588721573,
                    "R6": 0.7525959331542253,
                    "R7": 0.9539738050661981,
                    "R8": 0.7513655312359333,
                    "R9": 0.7516549583524466,
                    "as": 3.465336001943797,
                    "comp": 1.2552070720121264,
                    "dc": 0
                }
            },
            "gen-secure": {
                "reward": 35896,
                "time": 79.2581681869924,
                "time_by_components": {
                    "R0": 4.513696870300919,
                    "R1": 4.210298528894782,
                    "R2": 4.142991055734456,
                    "R3": 4.672149679623544,
                    "R4": 4.043853091541678,
                    "R5": 4.0051879663951695,
                    "R6": 3.9972147387452424,
                    "R7": 4.237529133912176,
                    "R8": 3.9827163075096905,
                    "R9": 3.9669101871550083,
                    "as": 4.128373365383595,
                    "comp": 31.2882106048055,
                    "dc": 0.03305218927562237
                }
            },
            "std": {
                "reward": 35896,
                "time": 5.255366563796997
            }
        }
    },
    "e-greedy": {
        "it-28": {
            "args": {
                "alpha_seed": 257,
                "epsilon": 0.1,
                "epsilon_seed": 133,
                "random_arm_seed": 641,
                "reward_seed": 28,
                "sigma_seed": 267
            },
            "gen-distributed": {
                "reward": 39305,
                "time": 13.049424801021814,
                "time_by_components": {
                    "R0": 1.3355556302703917,
                    "R1": 0.674688758328557,
                    "R2": 0.6707016108557582,
                    "R3": 0.6666242033243179,
                    "R4": 0.6719158608466387,
                    "R5": 0.6697101001627743,
                    "R6": 0.6673427186906338,
                    "R7": 0.6661958387121558,
                    "R8": 0.6654295260086656,
                    "R9": 0.6653251685202122,
                    "as": 3.3868429088033736,
                    "comp": 0.32680415036156774,
                    "dc": 0
                }
            },
            "gen-secure": {
                "reward": 39305,
                "time": 73.31229722499847,
                "time_by_components": {
                    "R0": 4.787339936476201,
                    "R1": 3.887609756551683,
                    "R2": 3.7866120520047843,
                    "R3": 3.749119570478797,
                    "R4": 3.6997972019016743,
                    "R5": 3.6884011272341013,
                    "R6": 3.6783488681539893,
                    "R7": 3.671628992538899,
                    "R8": 3.662769515067339,
                    "R9": 3.665516160428524,
                    "as": 4.0023384862579405,
                    "comp": 28.384881613310426,
                    "dc": 0.029746036045253277
                }
            },
            "std": {
                "reward": 39305,
                "time": 4.911047458648682
            }
        }
    },
    "e-greedy-decreasing": {
        "it-28": {
            "args": {
                "alpha_seed": 250,
                "epsilon_seed": 148,
                "random_arm_seed": 674,
                "reward_seed": 28,
                "sigma_seed": 936
            },
            "gen-distributed": {
                "reward": 39447,
                "time": 13.299528521951288,
                "time_by_components": {
                    "R0": 1.3834881619550288,
                    "R1": 0.6934159602969885,
                    "R2": 0.6869269632734358,
                    "R3": 0.6871896237134933,
                    "R4": 0.6845981711521745,
                    "R5": 0.689169155433774,
                    "R6": 0.6878071543760598,
                    "R7": 0.6866725878790021,
                    "R8": 0.6851441971957684,
                    "R9": 0.685738876927644,
                    "as": 3.3802163605578244,
                    "comp": 0.30500331800431013,
                    "dc": 0
                }
            },
            "gen-secure": {
                "reward": 39447,
                "time": 74.7926968629472,
                "time_by_components": {
                    "R0": 4.929859629832208,
                    "R1": 3.9826860413886607,
                    "R2": 3.86754405265674,
                    "R3": 3.8259401815012097,
                    "R4": 3.7697203527204692,
                    "R5": 3.757392697967589,
                    "R6": 3.747591480612755,
                    "R7": 3.745859789662063,
                    "R8": 3.732670919969678,
                    "R9": 3.7358930301852524,
                    "as": 4.007278440520167,
                    "comp": 28.92837604135275,
                    "dc": 0.03296675393357873
                }
            },
            "std": {
                "reward": 39447,
                "time": 4.850140333175659
            }
        }
    },
    "nb_iterations": 50,
    "pursuit": {
        "it-28": {
            "args": {
                "alpha_seed": 148,
                "beta": 0.2,
                "random_arm_seed": 674,
                "reward_seed": 28,
                "sigma_seed": 936
            },
            "gen-distributed": {
                "reward": 36520,
                "time": 27.134582180995494,
                "time_by_components": {
                    "R0": 1.6372122117318213,
                    "R1": 1.5253435936756432,
                    "R2": 2.2586785396561027,
                    "R3": 1.5108304345048964,
                    "R4": 1.5039707995019853,
                    "R5": 1.5075609106570482,
                    "R6": 1.504402129445225,
                    "R7": 1.506627056747675,
                    "R8": 1.5059302099980414,
                    "R9": 1.504082559607923,
                    "as": 6.928562914021313,
                    "comp": 1.440904262010008,
                    "dc": 0
                }
            },
            "gen-secure": {
                "reward": 36520,
                "time": 152.69300133781508,
                "time_by_components": {
                    "R0": 8.780690120533109,
                    "R1": 8.128770635463297,
                    "R2": 8.90949579840526,
                    "R3": 7.99498917395249,
                    "R4": 7.763459632173181,
                    "R5": 7.729788062628359,
                    "R6": 7.716270599514246,
                    "R7": 7.805483008734882,
                    "R8": 7.700481389183551,
                    "R9": 7.675724068656564,
                    "as": 8.219984547700733,
                    "comp": 60.22664556233212,
                    "dc": 0.03321053693071008
                }
            },
            "std": {
                "reward": 36520,