{
    "N": 90000,
    "arms": [
        0.4960973461954129,
        0.46519633350678463,
        0.4564303726534043,
        0.45410879397990633,
        0.4505463715326422,
        0.4449825881599488,
        0.4438618260417084,
        0.4347356202217508,
        0.42404835287995835,
        0.41264059560501143
    ],
    "boltzmann": {
        "it-32": {
            "args": {
                "alpha_seed": 131,
                "random_arm_seed": 690,
                "reward_seed": 32,
                "sigma_seed": 504,
                "tau": 0.02
            },
            "gen-distributed": {
                "reward": 40158,
                "time": 16.28241929784417,
                "time_by_components": {
                    "R0": 0.8989065820351243,
                    "R1": 0.8520938977599144,
                    "R2": 0.8497490994632244,
                    "R3": 1.3325788769870996,
                    "R4": 0.8503837902098894,
                    "R5": 0.8481874251738191,
                    "R6": 1.0777507899329066,
                    "R7": 0.8466982515528798,
                    "R8": 0.9635368338786066,
                    "R9": 0.8442326826043427,
                    "as": 3.8855455019511282,
                    "comp": 1.4130071345716715,
                    "dc": 0
                }
            },
            "gen-secure": {
                "reward": 40158,
                "time": 86.39772842358798,
                "time_by_components": {
                    "R0": 4.91180956736207,
                    "R1": 4.583229653071612,
                    "R2": 4.478499046061188,
                    "R3": 4.969750029966235,
                    "R4": 4.387141239829361,
                    "R5": 4.353359091561288,
                    "R6": 4.63132644072175,
                    "R7": 4.349557436536998,
                    "R8": 4.4697854751721025,
                    "R9": 4.329111492726952,
                    "as": 4.424149696249515,
                    "comp": 34.25518810143694,
                    "dc": 0.029499744065105915
                }
            },
            "std": {
                "reward": 40158,
                "time": 6.081669330596924
            }
        }
    },
    "e-greedy": {
        "it-32": {
            "args": {
                "alpha_seed": 642,
                "epsilon": 0.1,
                "epsilon_seed": 633,
                "random_arm_seed": 829,
                "reward_seed": 32,
                "sigma_seed": 861
            },
            "gen-distributed": {
                "reward": 44206,
                "time": 14.771772618871182,
                "time_by_components": {
                    "R0": 1.5188308516517282,
                    "R1": 0.7667458476498723,
                    "R2": 0.7575877136550844,
                    "R3": 0.7559917536564171,
                    "R4": 0.7497154856100678,
                    "R5": 0.7548391246236861,
                    "R6": 0.753079910762608,
                    "R7": 0.7528960155323148,
                    "R8": 0.7528235390782356,
                    "R9": 0.7529501379467547,
                    "as": 3.830531979445368,
                    "comp": 0.37210694747045636,
                    "dc": 0
                }
            },
            "gen-secure": {
                "reward": 44206,
                "time": 81.25814437586814,
                "time_by_components": {
                    "R0": 5.377529926132411,
                    "R1": 4.309103381820023,
                    "R2": 4.176627865061164,
                    "R3": 4.127828893717378,
                    "R4": 4.089627523440868,
                    "R5": 4.081918137148023,
                    "R6": 4.057996589224786,
                    "R7": 4.05166442040354,
                    "R8": 4.047001893166453,
                    "R9": 4.041752257850021,
                    "as": 4.431928449310362,
                    "comp": 31.528592793270946,
                    "dc": 0.03358648577705026
                }
            },
            "std": {
                "reward": 44206,
                "time": 5.490005731582642
            }
        }
    },
    "e-greedy-decreasing": {
        "it-32": {
            "args": {
                "alpha_seed": 213,
                "epsilon_seed": 131,
                "random_arm_seed": 690,
                "reward_seed": 32,
                "sigma_seed": 448
            },
            "gen-distributed": {
                "reward": 44284,
                "time": 15.11406505992636,
                "time_by_components": {
                    "R0": 1.562060885131359,
                    "R1": 0.7874888088554144,
                    "R2": 0.7782291327603161,
                    "R3": 0.7801578119397163,
                    "R4": 0.7737603709101677,
                    "R5": 0.7795245721936226,
                    "R6": 0.7773200860247016,
                    "R7": 0.7756128343753517,
                    "R8": 0.7756971167400479,
                    "R9": 0.773449179250747,
                    "as": 3.8296791072934866,
                    "comp": 0.3437867956236005,
                    "dc": 0
                }
            },
            "gen-secure": {
                "reward": 44284,
                "time": 84.56906989216805,
                "time_by_components": {
                    "R0": 5.56428878987208,
                    "R1": 4.503781359177083,
                    "R2": 4.355975978076458,
                    "R3": 4.304337772540748,
                    "R4": 4.240661117248237,
                    "R5": 4.250497185625136,
                    "R6": 4.2301693293266,
                    "R7": 4.239339005202055,
                    "R8": 4.2258002436719835,
                    "R9": 4.208970920648426,
                    "as": 4.529440971557051,
                    "comp": 32.7916315770708,
                    "dc": 0.033108719158917665
                }
            },
            "std": {
                "reward": 44284,
                "time": 5.471884489059448
            }
        }
    },
    "nb_iterations": 50,
    "pursuit": {
        "it-32": {
            "args": {
                "alpha_seed": 131,
                "beta": 0.2,
                "random_arm_seed": 690,
                "reward_seed": 32,
                "sigma_seed": 448
            },
            "gen-distributed": {
                "reward": 39035,
                "time": 30.55665300320834,
                "time_by_components": {
                    "R0": 1.8523951526731253,
                    "R1": 1.7220405954867601,
                    "R2": 1.7026368016377091,
                    "R3": 1.697740210685879,
                    "R4": 1.6919730277732015,
                    "R5": 1.7005120706744492,
                    "R6": 1.6984408712014556,
                    "R7": 2.5284315259195864,
                    "R8": 1.700225256383419,
                    "R9": 1.6959991725161672,
                    "as": 7.757176793180406,
                    "comp": 1.619437241461128,
                    "dc": 0
                }
            },
            "gen-secure": {
                "reward": 39035,
                "time": 171.67181186703965,
                "time_by_components": {
                    "R0": 9.94519355893135,
                    "R1": 9.20597153622657,
                    "R2": 8.88596817618236,
                    "R3": 8.934165650513023,
                    "R4": 8.696414863690734,
                    "R5": 8.675264438148588,
                    "R6": 8.756374358199537,
                    "R7": 9.717659029643983,
                    "R8": 8.782127551734447,
                    "R9": 8.635807996150106,
                    "as": 9.06052686786279,
                    "comp": 67.83022603671998,
                    "dc": 0.033183933701366186
                }
            },
            "std": {
                "reward": 39035,