{
    "N": 50000,
    "arms": [
        0.4960973461954129,
        0.46519633350678463,
        0.4564303726534043,
        0.45410879397990633,
        0.4505463715326422,
        0.4449825881599488,
        0.4438618260417084,
        0.4347356202217508,
        0.42404835287995835,
        0.41264059560501143
    ],
    "boltzmann": {
        "it-37": {
            "args": {
                "alpha_seed": 34,
                "random_arm_seed": 201,
                "reward_seed": 37,
                "sigma_seed": 498,
                "tau": 0.02
            },
            "gen-distributed": {
                "reward": 22782,
                "time": 8.99490709323436,
                "time_by_components": {
                    "R0": 0.5000914135016501,
                    "R1": 0.662903887219727,
                    "R2": 0.4708283143118024,
                    "R3": 0.5729145756922662,
                    "R4": 0.4687539264559746,
                    "R5": 0.5457981610670686,
                    "R6": 0.540879316162318,
                    "R7": 0.472738035954535,
                    "R8": 0.4680490121245384,
                    "R9": 0.4924931232817471,
                    "as": 2.151364989578724,
                    "comp": 0.7712281201966107,
                    "dc": 0
                }
            },
            "gen-secure": {
                "reward": 22782,
                "time": 49.54219468822703,
                "time_by_components": {
                    "R0": 2.822914000134915,
                    "R1": 2.869318543933332,
                    "R2": 2.6058795573189855,
                    "R3": 2.6771438978612423,
                    "R4": 2.537011652253568,
                    "R5": 2.6082634134218097,
                    "R6": 2.5944225578568876,
                    "R7": 2.519107911270112,
                    "R8": 2.508048961404711,
                    "R9": 2.529245488345623,
                    "as": 2.5141636324115098,
                    "comp": 19.4737527705729,
                    "dc": 0.033188079949468374
                }
            },
            "std": {
                "reward": 22782,
                "time": 3.2657673358917236
            }
        }
    },
    "e-greedy": {
        "it-37": {
            "args": {
                "alpha_seed": 408,
                "epsilon": 0.1,
                "epsilon_seed": 659,
                "random_arm_seed": 975,
                "reward_seed": 37,
                "sigma_seed": 750
            },
            "gen-distributed": {
                "reward": 24252,
                "time": 8.110291024670005,
                "time_by_components": {
                    "R0": 0.7606625314801931,
                    "R1": 0.4210849404335022,
                    "R2": 0.4526610001921654,
                    "R3": 0.4151693624444306,
                    "R4": 0.41368352016434073,
                    "R5": 0.44469266617670655,
                    "R6": 0.41605907678604126,
                    "R7": 0.4124139449559152,
                    "R8": 0.41484619677066803,
                    "R9": 0.41324698319658637,
                    "as": 2.1147068785503507,
                    "comp": 0.19993175053969026,
                    "dc": 0
                }
            },
            "gen-secure": {
                "reward": 24252,
                "time": 46.57543939910829,
                "time_by_components": {
                    "R0": 3.0072846957482398,
                    "R1": 2.4890116578899324,
                    "R2": 2.462152883876115,
                    "R3": 2.3942376845516264,
                    "R4": 2.369280133396387,
                    "R5": 2.396604030393064,
                    "R6": 2.353851701132953,
                    "R7": 2.3515001530759037,
                    "R8": 2.3455974492244422,
                    "R9": 2.3415963361039758,
                    "as": 2.5233167679980397,
                    "comp": 17.868218245450407,
                    "dc": 0.032800127286463976
                }
            },
            "std": {
                "reward": 24252,
                "time": 3.028167963027954
            }
        }
    },
    "e-greedy-decreasing": {
        "it-37": {
            "args": {
                "alpha_seed": 578,
                "epsilon_seed": 34,
                "random_arm_seed": 201,
                "reward_seed": 37,
                "sigma_seed": 525
            },
            "gen-distributed": {
                "reward": 24103,
                "time": 8.28163696732372,
                "time_by_components": {
                    "R0": 0.6713372711092234,
                    "R1": 0.6159460404887795,
                    "R2": 0.4294969826005399,
                    "R3": 0.4259973457083106,
                    "R4": 0.4268054128624499,
                    "R5": 0.42825405206531286,
                    "R6": 0.42767054960131645,
                    "R7": 0.425513023044914,
                    "R8": 0.4251023377291858,
                    "R9": 0.4257539031095803,
                    "as": 2.122446878347546,
                    "comp": 0.1918238759972155,
                    "dc": 0
                }
            },
            "gen-secure": {
                "reward": 24103,
                "time": 47.469233569689095,
                "time_by_components": {
                    "R0": 2.9213374704122543,
                    "R1": 2.74185589607805,
                    "R2": 2.484486049041152,
                    "R3": 2.446852499153465,
                    "R4": 2.424842218402773,
                    "R5": 2.40737089747563,
                    "R6": 2.395662594586611,
                    "R7": 2.396067427005619,
                    "R8": 2.390240054577589,
                    "R9": 2.3846459425985813,
                    "as": 2.5388278905302286,
                    "comp": 18.201603296678513,
                    "dc": 0.03314269194379449
                }
            },
            "std": {
                "reward": 24103,
                "time": 3.0791032314300537
            }
        }
    },
    "nb_iterations": 50,
    "pursuit": {
        "it-37": {
            "args": {
                "alpha_seed": 34,
                "beta": 0.2,
                "random_arm_seed": 201,
                "reward_seed": 37,
                "sigma_seed": 525
            },
            "gen-distributed": {
                "reward": 23379,
                "time": 16.753720176871866,
                "time_by_components": {
                    "R0": 1.0108845955692232,
                    "R1": 1.3980764783918858,
                    "R2": 0.9378448030911386,
                    "R3": 0.9290917865000665,
                    "R4": 0.9271253030747175,
                    "R5": 0.9296564152464271,
                    "R6": 0.9283507806248963,
                    "R7": 0.9292722051031888,
                    "R8": 0.927505215164274,
                    "R9": 0.9273583712056279,
                    "as": 4.281302832532674,
                    "comp": 0.88612838415429,
                    "dc": 0
                }
            },
            "gen-secure": {
                "reward": 23379,
                "time": 96.03918036585674,
                "time_by_components": {
                    "R0": 5.5070018181577325,
                    "R1": 5.708029618021101,
                    "R2": 5.034423124045134,
                    "R3": 4.9939640667289495,
                    "R4": 4.888398505281657,
                    "R5": 4.916916824411601,
                    "R6": 4.901024764403701,
                    "R7": 4.908994778525084,
                    "R8": 4.831515619996935,
                    "R9": 4.895234053488821,
                    "as": 5.091716802679002,
                    "comp": 37.867421549744904,
                    "dc": 0.03293338604271412
                }
            },
            "std": {
                "reward": 23379,