{
    "N": 100000,
    "arms": [
        0.4960973461954129,
        0.46519633350678463,
        0.4564303726534043,
        0.45410879397990633,
        0.4505463715326422,
        0.4449825881599488,
        0.4438618260417084,
        0.4347356202217508,
        0.42404835287995835,
        0.41264059560501143,
        0.4033943081295281,
        0.40123283833006446,
        0.39658968098306846,
        0.39566905495737104,
        0.3877836929111796,
        0.3750550374254493,
        0.3676900292198695,
        0.3489973181763599,
        0.33867029580114477,
        0.32770283792979227
    ],
    "boltzmann": {
        "it-45": {
            "args": {
                "alpha_seed": 252,
                "random_arm_seed": 647,
                "reward_seed": 45,
                "sigma_seed": 714,
                "tau": 0.02
            },
            "gen-distributed": {
                "reward": 46202,
                "time": 28.415435866918415,
                "time_by_components": {
                    "R0": 0.9575097621418536,
                    "R1": 1.6275608208961785,
                    "R10": 0.8956638034433126,
                    "R11": 0.902007095515728,
                    "R12": 0.8932031225413084,
                    "R13": 0.9059739764779806,
                    "R14": 0.8987989006564021,
                    "R15": 0.8926619682461023,
                    "R16": 0.8936247173696756,
                    "R17": 0.8936276524327695,
                    "R18": 0.8912504822947085,
                    "R19": 0.8917691484093666,
                    "R2": 0.907857334241271,
                    "R3": 1.0419229618273675,
                    "R4": 0.8983191908337176,
                    "R5": 0.9035977432504296,
                    "R6": 0.8970138351432979,
                    "R7": 0.8954850947484374,
                    "R8": 0.8960156152024865,
                    "R9": 0.901071997359395,
                    "as": 4.941984892822802,
                    "comp": 1.5981314135715365,
                    "dc": 0
                }
            },
            "gen-secure": {
                "reward": 46202,
                "time": 186.05025799991563,
                "time_by_components": {
                    "R0": 5.686150556430221,
                    "R1": 6.071100906468928,
                    "R10": 4.894950529560447,
                    "R11": 4.898838343564421,
                    "R12": 4.868989940267056,
                    "R13": 4.897990213241428,
                    "R14": 4.886583186220378,
                    "R15": 4.8671365841291845,
                    "R16": 4.9130909773521125,
                    "R17": 4.865814267657697,
                    "R18": 4.85185164725408,
                    "R19": 4.8510625045746565,
                    "R2": 5.114653468132019,
                    "R3": 5.210038122255355,
                    "R4": 4.960857675876468,
                    "R5": 4.961731543764472,
                    "R6": 4.927325186319649,
                    "R7": 4.901160592678934,
                    "R8": 4.90924772946164,
                    "R9": 4.943157645408064,
                    "as": 6.2133496310561895,
                    "comp": 74.86855121981353,
                    "dc": 0.03354740422219038
                }
            },
            "std": {
                "reward": 46202,
                "time": 7.737253427505493
            }
        }
    },
    "e-greedy": {
        "it-45": {
            "args": {
                "alpha_seed": 786,
                "epsilon": 0.1,
                "epsilon_seed": 819,
                "random_arm_seed": 831,
                "reward_seed": 45,
                "sigma_seed": 33
            },
            "gen-distributed": {
                "reward": 48639,
                "time": 26.847324189264327,
                "time_by_components": {
                    "R0": 1.6510191969573498,
                    "R1": 0.8830423946492374,
                    "R10": 0.8323627156205475,
                    "R11": 0.8329452513717115,
                    "R12": 0.8352641961537302,
                    "R13": 0.833968251477927,
                    "R14": 0.8303212858736515,
                    "R15": 0.833290804643184,
                    "R16": 0.8315381892025471,
                    "R17": 0.8336737118661404,
                    "R18": 0.8315332615748048,
                    "R19": 0.8318480793386698,
                    "R2": 0.8415195271372795,
                    "R3": 0.8384583378210664,
                    "R4": 0.8361915834248066,
                    "R5": 0.8362110280431807,
                    "R6": 0.8337916494347155,
                    "R7": 0.833490255754441,
                    "R8": 0.8317161155864596,
                    "R9": 0.8350041918456554,
                    "as": 5.025873347185552,
                    "comp": 0.49085328076034784,
                    "dc": 0
                }
            },
            "gen-secure": {
                "reward": 48639,
                "time": 171.052484520711,
                "time_by_components": {
                    "R0": 5.932708068285137,
                    "R1": 4.81598347844556,
                    "R10": 4.456432292703539,
                    "R11": 4.458985776640475,
                    "R12": 4.445568195078522,
                    "R13": 4.447658432647586,
                    "R14": 4.448218171484768,
                    "R15": 4.443350506015122,
                    "R16": 4.438761222641915,
                    "R17": 4.458138633519411,
                    "R18": 4.4445157693699,
                    "R19": 4.491637994535267,
                    "R2": 4.625314756762236,
                    "R3": 4.563461198937148,
                    "R4": 4.504753139335662,
                    "R5": 4.491846926510334,
                    "R6": 4.474769539665431,
                    "R7": 4.478982582688332,
                    "R8": 4.465517106931657,
                    "R9": 4.459774666000158,
                    "as": 5.9117941479198635,
                    "comp": 68.74756587762386,
                    "dc": 0.04152021510526538
                }
            },
            "std": {
                "reward": 48639,
                "time": 7.170096158981323
            }
        }
    },
    "e-greedy-decreasing": {
        "it-45": {
            "args": {
                "alpha_seed": 269,
                "epsilon_seed": 252,
                "random_arm_seed": 647,
                "reward_seed": 45,
                "sigma_seed": 320
            },
            "gen-distributed": {
                "reward": 49029,
                "time": 27.473854285664856,
                "time_by_components": {
                    "R0": 1.7306916299276054,
                    "R1": 0.8735375050455332,
                    "R10": 0.8577221231535077,
                    "R11": 0.8563935132697225,
                    "R12": 0.857751349452883,
                    "R13": 0.8580977441743016,
                    "R14": 0.8566778874956071,
                    "R15": 0.8587655685842037,
                    "R16": 0.8574907295405865,
                    "R17": 0.8587685865350068,
                    "R18": 0.8568462328985333,
                    "R19": 0.8577022720128298,
                    "R2": 0.863930462859571,
                    "R3": 0.8676330409944057,
                    "R4": 0.8591176201589406,
                    "R5": 0.8674495317973197,
                    "R6": 0.8606762103736401,
                    "R7": 0.8631874364800751,
                    "R8": 0.8591627823188901,
                    "R9": 0.8613543533720076,
                    "as": 5.0741776479408145,
                    "comp": 0.4673267821781337,
                    "dc": 0
                }
            },
            "gen-secure": {
                "reward": 49029,
                "time": 176.15173366991803,
                "time_by_components": {
                    "R0": 6.2349966443143785,