{
    "N": 70000,
    "arms": [
        0.4960973461954129,
        0.46519633350678463,
        0.4564303726534043,
        0.45410879397990633,
        0.4505463715326422,
        0.4449825881599488,
        0.4438618260417084,
        0.4347356202217508,
        0.42404835287995835,
        0.41264059560501143
    ],
    "boltzmann": {
        "it-49": {
            "args": {
                "alpha_seed": 871,
                "random_arm_seed": 80,
                "reward_seed": 49,
                "sigma_seed": 855,
                "tau": 0.02
            },
            "gen-distributed": {
                "reward": 30453,
                "time": 12.693204449955374,
                "time_by_components": {
                    "R0": 0.7027944820001721,
                    "R1": 0.6726622725836933,
                    "R2": 0.660316901281476,
                    "R3": 0.6590545559301972,
                    "R4": 0.6582517330534756,
                    "R5": 0.8558062827214599,
                    "R6": 0.6615569144487381,
                    "R7": 0.9975612089037895,
                    "R8": 0.6593154836446047,
                    "R9": 0.7778842626139522,
                    "as": 3.0298904259689152,
                    "comp": 1.0967304282821715,
                    "dc": 0
                }
            },
            "gen-secure": {
                "reward": 30453,
                "time": 68.63382367696613,
                "time_by_components": {
                    "R0": 3.903947619255632,
                    "R1": 3.6618558699265122,
                    "R2": 3.5588052007369697,
                    "R3": 3.512229195330292,
                    "R4": 3.46600732114166,
                    "R5": 3.6961344121955335,
                    "R6": 3.468349409289658,
                    "R7": 3.8405958614312112,
                    "R8": 3.5108438679017127,
                    "R9": 3.581105346325785,
                    "as": 3.5564105305820704,
                    "comp": 27.102852567099035,
                    "dc": 0.0328295836225152
                }
            },
            "std": {
                "reward": 30453,
                "time": 4.554750442504883
            }
        }
    },
    "e-greedy": {
        "it-49": {
            "args": {
                "alpha_seed": 15,
                "epsilon": 0.1,
                "epsilon_seed": 981,
                "random_arm_seed": 986,
                "reward_seed": 49,
                "sigma_seed": 659
            },
            "gen-distributed": {
                "reward": 34016,
                "time": 11.378437795676291,
                "time_by_components": {
                    "R0": 1.0369540979154408,
                    "R1": 0.7185938786715269,
                    "R2": 0.5829587066546082,
                    "R3": 0.5809374148957431,
                    "R4": 0.5813375674188137,
                    "R5": 0.5803660112433136,
                    "R6": 0.5865085767582059,
                    "R7": 0.5814663348719478,
                    "R8": 0.5796226342208683,
                    "R9": 0.5799881997518241,
                    "as": 2.9432707517407835,
                    "comp": 0.28497500950470567,
                    "dc": 0
                }
            },
            "gen-secure": {
                "reward": 34016,
                "time": 64.63856945978478,
                "time_by_components": {
                    "R0": 4.140152063220739,
                    "R1": 3.5757228140719235,
                    "R2": 3.346691219136119,
                    "R3": 3.2974968501366675,
                    "R4": 3.2580607421696186,
                    "R5": 3.2652209838852286,
                    "R6": 3.252775610424578,
                    "R7": 3.2407632847316563,
                    "R8": 3.2302275900729,
                    "R9": 3.2297313464805484,
                    "as": 3.5135327726602554,
                    "comp": 24.951716345269233,
                    "dc": 0.0328729790635407
                }
            },
            "std": {
                "reward": 34016,
                "time": 4.266293525695801
            }
        }
    },
    "e-greedy-decreasing": {
        "it-49": {
            "args": {
                "alpha_seed": 277,
                "epsilon_seed": 871,
                "random_arm_seed": 80,
                "reward_seed": 49,
                "sigma_seed": 844
            },
            "gen-distributed": {
                "reward": 34576,
                "time": 11.605599778238684,
                "time_by_components": {
                    "R0": 1.209365077316761,
                    "R1": 0.6063281898386776,
                    "R2": 0.6006290046498179,
                    "R3": 0.5998461688868701,
                    "R4": 0.5968689396977425,
                    "R5": 0.599613188765943,
                    "R6": 0.5994759500026703,
                    "R7": 0.5988114201463759,
                    "R8": 0.5971305686980486,
                    "R9": 0.5984715959057212,
                    "as": 2.9481163788586855,
                    "comp": 0.26693966472521424,
                    "dc": 0
                }
            },
            "gen-secure": {
                "reward": 34576,
                "time": 65.1877855961211,
                "time_by_components": {
                    "R0": 4.2985026887618005,
                    "R1": 3.484222010243684,
                    "R2": 3.3785510039888322,
                    "R3": 3.332954108249396,
                    "R4": 3.2878588144667447,
                    "R5": 3.292435495182872,
                    "R6": 3.271439797244966,
                    "R7": 3.264154079835862,
                    "R8": 3.264344133902341,
                    "R9": 3.2574999551288784,
                    "as": 3.481366080697626,
                    "comp": 25.174221550114453,
                    "dc": 0.03298597317188978
                }
            },
            "std": {
                "reward": 34576,
                "time": 4.219529390335083
            }
        }
    },
    "nb_iterations": 50,
    "pursuit": {
        "it-49": {
            "args": {
                "alpha_seed": 871,
                "beta": 0.2,
                "random_arm_seed": 80,
                "reward_seed": 49,
                "sigma_seed": 844
            },
            "gen-distributed": {
                "reward": 32584,
                "time": 23.659142137039453,
                "time_by_components": {
                    "R0": 1.4284702418372035,
                    "R1": 1.9328276789747179,
                    "R2": 1.325026101898402,
                    "R3": 1.3123996779322624,
                    "R4": 1.3105302592739463,
                    "R5": 1.3212948171421885,
                    "R6": 1.3152189520187676,
                    "R7": 1.3563895635306835,
                    "R8": 1.3102033217437565,
                    "R9": 1.3144155908375978,
                    "as": 6.003999641630799,
                    "comp": 1.253321752883494,
                    "dc": 0
                }
            },
            "gen-secure": {
                "reward": 32584,
                "time": 133.77528935391456,
                "time_by_components": {
                    "R0": 7.720378281082958,
                    "R1": 7.900735910050571,
                    "R2": 6.984034450724721,
                    "R3": 6.840038079768419,
                    "R4": 6.742961319163442,
                    "R5": 6.829809871967882,
                    "R6": 6.801913456991315,
                    "R7": 6.83714922843501,
                    "R8": 6.721500596031547,
                    "R9": 6.774577650707215,
                    "as": 7.1710250889882445,
                    "comp": 52.94550231983885,
                    "dc": 0.0331585300154984
                }
            },
            "std": {
                "reward": 32584,