{
    "N": 70000,
    "arms": [
        0.4960973461954129,
        0.46519633350678463,
        0.4564303726534043,
        0.45410879397990633,
        0.4505463715326422,
        0.4449825881599488,
        0.4438618260417084,
        0.4347356202217508,
        0.42404835287995835,
        0.41264059560501143
    ],
    "boltzmann": {
        "it-26": {
            "args": {
                "alpha_seed": 192,
                "random_arm_seed": 427,
                "reward_seed": 26,
                "sigma_seed": 844,
                "tau": 0.02
            },
            "gen-distributed": {
                "reward": 32230,
                "time": 12.59403736377135,
                "time_by_components": {
                    "R0": 0.6984813320450485,
                    "R1": 1.0627131573855877,
                    "R2": 0.6595255839638412,
                    "R3": 0.6561315380968153,
                    "R4": 0.7720003644935787,
                    "R5": 0.7885056026279926,
                    "R6": 0.6579003394581378,
                    "R7": 0.6556598148308694,
                    "R8": 0.6552230515517294,
                    "R9": 0.6604598234407604,
                    "as": 3.0098168370313942,
                    "comp": 1.0817909552715719,
                    "dc": 0
                }
            },
            "gen-secure": {
                "reward": 32230,
                "time": 68.69459897466004,
                "time_by_components": {
                    "R0": 3.9078105110675097,
                    "R1": 4.121963390149176,
                    "R2": 3.6075424435548484,
                    "R3": 3.5401604934595525,
                    "R4": 3.6215636073611677,
                    "R5": 3.6328424578532577,
                    "R6": 3.4782089008949697,
                    "R7": 3.4609166784211993,
                    "R8": 3.4547536335885525,
                    "R9": 3.466067678760737,
                    "as": 3.534581680316478,
                    "comp": 27.074906151276082,
                    "dc": 0.032802261877804995
                }
            },
            "std": {
                "reward": 32230,
                "time": 4.592553377151489
            }
        }
    },
    "e-greedy": {
        "it-26": {
            "args": {
                "alpha_seed": 49,
                "epsilon": 0.1,
                "epsilon_seed": 458,
                "random_arm_seed": 724,
                "reward_seed": 26,
                "sigma_seed": 109
            },
            "gen-distributed": {
                "reward": 34234,
                "time": 11.379570117220283,
                "time_by_components": {
                    "R0": 1.1081609278917313,
                    "R1": 0.6277681961655617,
                    "R2": 0.5865324637852609,
                    "R3": 0.5837941220961511,
                    "R4": 0.5994512168690562,
                    "R5": 0.5892776777036488,
                    "R6": 0.5828831223770976,
                    "R7": 0.5800563446246088,
                    "R8": 0.5804346264339983,
                    "R9": 0.5816265530884266,
                    "as": 2.9406614121980965,
                    "comp": 0.28346527041867375,
                    "dc": 0
                }
            },
            "gen-secure": {
                "reward": 34234,
                "time": 64.2158587500453,
                "time_by_components": {
                    "R0": 4.154466872569174,
                    "R1": 3.4605587725527585,
                    "R2": 3.327539034653455,
                    "R3": 3.279236944857985,
                    "R4": 3.2579145529307425,
                    "R5": 3.2488094312138855,
                    "R6": 3.2282960335724056,
                    "R7": 3.221565878484398,
                    "R8": 3.2245385022833943,
                    "R9": 3.22602327587083,
                    "as": 3.4995781895704567,
                    "comp": 24.785678228829056,
                    "dc": 0.03423791518434882
                }
            },
            "std": {
                "reward": 34234,
                "time": 4.314302682876587
            }
        }
    },
    "e-greedy-decreasing": {
        "it-26": {
            "args": {
                "alpha_seed": 141,
                "epsilon_seed": 192,
                "random_arm_seed": 427,
                "reward_seed": 26,
                "sigma_seed": 693
            },
            "gen-distributed": {
                "reward": 34577,
                "time": 11.578333575744182,
                "time_by_components": {
                    "R0": 1.2025822489522398,
                    "R1": 0.6113898865878582,
                    "R2": 0.5999390012584627,
                    "R3": 0.5975368083454669,
                    "R4": 0.5956122991628945,
                    "R5": 0.599586199503392,
                    "R6": 0.5974953542463481,
                    "R7": 0.5971105326898396,
                    "R8": 0.5959093398414552,
                    "R9": 0.5963761229068041,
                    "as": 2.949259606655687,
                    "comp": 0.26474581472575665,
                    "dc": 0
                }
            },
            "gen-secure": {
                "reward": 34577,
                "time": 64.98276056814939,
                "time_by_components": {
                    "R0": 4.295610703993589,
                    "R1": 3.506493558175862,
                    "R2": 3.367251389659941,
                    "R3": 3.3061407119967043,
                    "R4": 3.2643289626576006,
                    "R5": 3.269389676861465,
                    "R6": 3.259216347709298,
                    "R7": 3.2365739694796503,
                    "R8": 3.2306916462257504,
                    "R9": 3.2356027788482606,
                    "as": 3.47233603335917,
                    "comp": 25.155648550018668,
                    "dc": 0.031086363829672337
                }
            },
            "std": {
                "reward": 34577,
                "time": 4.268066883087158
            }
        }
    },
    "nb_iterations": 50,
    "pursuit": {
        "it-26": {
            "args": {
                "alpha_seed": 192,
                "beta": 0.2,
                "random_arm_seed": 427,
                "reward_seed": 26,
                "sigma_seed": 693
            },
            "gen-distributed": {
                "reward": 32388,
                "time": 23.744338293094188,
                "time_by_components": {
                    "R0": 1.430747747886926,
                    "R1": 1.6672964841127396,
                    "R2": 1.643284878693521,
                    "R3": 1.3218746916390955,
                    "R4": 1.3167616394348443,
                    "R5": 1.3211596836335957,
                    "R6": 1.3193345740437508,
                    "R7": 1.3165046880021691,
                    "R8": 1.3143056104891002,
                    "R9": 1.3200623830780387,
                    "as": 6.03704093163833,
                    "comp": 1.256053605582565,
                    "dc": 0
                }
            },
            "gen-secure": {
                "reward": 32388,
                "time": 134.3424084172584,
                "time_by_components": {
                    "R0": 7.746619626879692,
                    "R1": 7.634410140570253,
                    "R2": 7.430953203234822,
                    "R3": 6.916148056741804,
                    "R4": 6.873880271799862,
                    "R5": 6.867128246463835,
                    "R6": 6.754895572550595,
                    "R7": 6.737165762577206,
                    "R8": 6.730936975218356,
                    "R9": 6.814533885102719,
                    "as": 7.218680957797915,
                    "comp": 53.07806359697133,
                    "dc": 0.03288991888985038
                }
            },
            "std": {
                "reward": 32388,