{
    "N": 100000,
    "arms": [
        0.4960973461954129,
        0.46519633350678463,
        0.4564303726534043,
        0.45410879397990633,
        0.4505463715326422,
        0.4449825881599488,
        0.4438618260417084,
        0.4347356202217508,
        0.42404835287995835,
        0.41264059560501143,
        0.4033943081295281,
        0.40123283833006446,
        0.39658968098306846,
        0.39566905495737104,
        0.3877836929111796,
        0.3750550374254493,
        0.3676900292198695,
        0.3489973181763599,
        0.33867029580114477,
        0.32770283792979227
    ],
    "boltzmann": {
        "it-24": {
            "args": {
                "alpha_seed": 261,
                "random_arm_seed": 723,
                "reward_seed": 24,
                "sigma_seed": 617,
                "tau": 0.02
            },
            "gen-distributed": {
                "reward": 49269,
                "time": 28.66787354508415,
                "time_by_components": {
                    "R0": 1.7706772917881608,
                    "R1": 0.9228951022960246,
                    "R10": 0.90069809416309,
                    "R11": 0.9099896773695946,
                    "R12": 0.9021006082184613,
                    "R13": 0.9031609245575964,
                    "R14": 0.9020945560187101,
                    "R15": 0.9007062022574246,
                    "R16": 0.9008356127887964,
                    "R17": 0.9025149182416499,
                    "R18": 0.904272940941155,
                    "R19": 0.9021902396343648,
                    "R2": 0.9098234330303967,
                    "R3": 0.9839396900497377,
                    "R4": 0.9048176775686443,
                    "R5": 0.9090147041715682,
                    "R6": 0.9061761917546391,
                    "R7": 0.908159704413265,
                    "R8": 0.901883240789175,
                    "R9": 0.9037412577308714,
                    "as": 4.986602900549769,
                    "comp": 1.6254475233145058,
                    "dc": 0
                }
            },
            "gen-secure": {
                "reward": 49269,
                "time": 180.81288294820115,
                "time_by_components": {
                    "R0": 6.415515401866287,
                    "R1": 5.13441709568724,
                    "R10": 4.761324863415211,
                    "R11": 4.811059637460858,
                    "R12": 4.740634200628847,
                    "R13": 4.7326638964004815,
                    "R14": 4.777314575854689,
                    "R15": 4.75256468122825,
                    "R16": 4.731927510350943,
                    "R17": 4.730897261295468,
                    "R18": 4.764630165882409,
                    "R19": 4.745053046382964,
                    "R2": 4.934972291812301,
                    "R3": 4.97831850964576,
                    "R4": 4.8199336202815175,
                    "R5": 4.797495631501079,
                    "R6": 4.819414993748069,
                    "R7": 4.796203538309783,
                    "R8": 4.773090516217053,
                    "R9": 4.761922095902264,
                    "as": 6.036987034138292,
                    "comp": 72.59801776940003,
                    "dc": 0.033363108057528734
                }
            },
            "std": {
                "reward": 49269,
                "time": 7.610482692718506
            }
        }
    },
    "e-greedy": {
        "it-24": {
            "args": {
                "alpha_seed": 155,
                "epsilon": 0.1,
                "epsilon_seed": 406,
                "random_arm_seed": 992,
                "reward_seed": 24,
                "sigma_seed": 248
            },
            "gen-distributed": {
                "reward": 48760,
                "time": 26.992717889603227,
                "time_by_components": {
                    "R0": 1.68858810281381,
                    "R1": 0.8491076142527163,
                    "R10": 0.8330182670615613,
                    "R11": 0.8345869593322277,
                    "R12": 0.8320262967608869,
                    "R13": 0.8365415576845407,
                    "R14": 0.8329516141675413,
                    "R15": 0.8342013908550143,
                    "R16": 0.8317938856780529,
                    "R17": 0.8338066712021828,
                    "R18": 0.8340788148343563,
                    "R19": 0.8360839919187129,
                    "R2": 0.8405360053293407,
                    "R3": 0.8404156668111682,
                    "R4": 0.8399889604188502,
                    "R5": 0.8467288385145366,
                    "R6": 0.8361060861498117,
                    "R7": 0.8348470753990114,
                    "R8": 0.8323339181952178,
                    "R9": 0.8372080763801932,
                    "as": 5.103249426931143,
                    "comp": 0.5000708890147507,
                    "dc": 0
                }
            },
            "gen-secure": {
                "reward": 48760,
                "time": 172.60286409175023,
                "time_by_components": {
                    "R0": 6.0757460542954504,
                    "R1": 4.822685639839619,
                    "R10": 4.4894406092353165,
                    "R11": 4.484703048598021,
                    "R12": 4.477349060121924,
                    "R13": 4.473996197339147,
                    "R14": 4.489599058870226,
                    "R15": 4.475591697730124,
                    "R16": 4.468519244808704,
                    "R17": 4.475883328355849,
                    "R18": 4.4672679216600955,
                    "R19": 4.465740969404578,
                    "R2": 4.654772481415421,
                    "R3": 4.624476138502359,
                    "R4": 4.546950419899076,
                    "R5": 4.5315589052625,
                    "R6": 4.51620986033231,
                    "R7": 4.503382303286344,
                    "R8": 4.4959569363854825,
                    "R9": 4.496011115144938,
                    "as": 6.029503167141229,
                    "comp": 69.41313035786152,
                    "dc": 0.03349117003381252
                }
            },
            "std": {
                "reward": 48760,
                "time": 7.137399673461914
            }
        }
    },
    "e-greedy-decreasing": {
        "it-24": {
            "args": {
                "alpha_seed": 359,
                "epsilon_seed": 261,
                "random_arm_seed": 723,
                "reward_seed": 24,
                "sigma_seed": 510
            },
            "gen-distributed": {
                "reward": 49033,
                "time": 27.819625857751817,
                "time_by_components": {
                    "R0": 1.7534263939596713,
                    "R1": 0.8826536280103028,
                    "R10": 0.8710113978013396,
                    "R11": 0.8675286541692913,
                    "R12": 0.8660385594703257,
                    "R13": 0.8669164041057229,
                    "R14": 0.8661262928508222,
                    "R15": 0.8669688175432384,
                    "R16": 0.8650721558369696,
                    "R17": 0.8672550581395626,
                    "R18": 0.8655802877619863,
                    "R19": 0.8677730411291122,
                    "R2": 0.8733865148387849,
                    "R3": 0.871961641125381,
                    "R4": 0.8683751164935529,
                    "R5": 0.8682701960206032,
                    "R6": 0.8657376458868384,
                    "R7": 0.8739869310520589,
                    "R8": 0.8666454115882516,
                    "R9": 0.8702559694647789,
                    "as": 5.1709725158289075,
                    "comp": 0.4794783843681216,
                    "dc": 0
                }
            },
            "gen-secure": {
                "reward": 49033,
                "time": 175.5199951743707,
                "time_by_components": {
                    "R0": 6.149702128954232,