{
    "N": 60000,
    "arms": [
        0.4960973461954129,
        0.46519633350678463,
        0.4564303726534043,
        0.45410879397990633,
        0.4505463715326422,
        0.4449825881599488,
        0.4438618260417084,
        0.4347356202217508,
        0.42404835287995835,
        0.41264059560501143
    ],
    "boltzmann": {
        "it-40": {
            "args": {
                "alpha_seed": 503,
                "random_arm_seed": 943,
                "reward_seed": 40,
                "sigma_seed": 491,
                "tau": 0.02
            },
            "gen-distributed": {
                "reward": 29068,
                "time": 10.259771320968866,
                "time_by_components": {
                    "R0": 0.9396677422337234,
                    "R1": 0.543072106782347,
                    "R2": 0.6051577255129814,
                    "R3": 0.5379049456678331,
                    "R4": 0.5622541583143175,
                    "R5": 0.5377438957802951,
                    "R6": 0.5701825050637126,
                    "R7": 0.5344104515388608,
                    "R8": 0.5550066861324012,
                    "R9": 0.5328956870362163,
                    "as": 2.447891771327704,
                    "comp": 0.8869665767997503,
                    "dc": 0
                }
            },
            "gen-secure": {
                "reward": 29068,
                "time": 58.36195908393711,
                "time_by_components": {
                    "R0": 3.7621120936237276,
                    "R1": 3.1489670099690557,
                    "R2": 3.125903471838683,
                    "R3": 3.0143538950942457,
                    "R4": 2.9930185661651194,
                    "R5": 2.9657735438086092,
                    "R6": 2.9807048090733588,
                    "R7": 2.943609596695751,
                    "R8": 2.9600107236765325,
                    "R9": 2.9329160316847265,
                    "as": 3.0320733091793954,
                    "comp": 22.9907322274521,
                    "dc": 0.03291384084150195
                }
            },
            "std": {
                "reward": 29068,
                "time": 3.9356560707092285
            }
        }
    },
    "e-greedy": {
        "it-40": {
            "args": {
                "alpha_seed": 580,
                "epsilon": 0.1,
                "epsilon_seed": 995,
                "random_arm_seed": 952,
                "reward_seed": 40,
                "sigma_seed": 181
            },
            "gen-distributed": {
                "reward": 29546,
                "time": 9.24370993906632,
                "time_by_components": {
                    "R0": 0.94716478837654,
                    "R1": 0.4800555664114654,
                    "R2": 0.473207323346287,
                    "R3": 0.4703956455923617,
                    "R4": 0.47105969907715917,
                    "R5": 0.47046695882454515,
                    "R6": 0.4704833752475679,
                    "R7": 0.4725488922558725,
                    "R8": 0.4710743906907737,
                    "R9": 0.4710186324082315,
                    "as": 2.401334318332374,
                    "comp": 0.23114639148116112,
                    "dc": 0
                }
            },
            "gen-secure": {
                "reward": 29546,
                "time": 55.50310506625101,
                "time_by_components": {
                    "R0": 3.6579744601622224,
                    "R1": 2.9665155922994018,
                    "R2": 2.886309975758195,
                    "R3": 2.8299480895511806,
                    "R4": 2.791635380126536,
                    "R5": 2.792267237789929,
                    "R6": 2.78245497867465,
                    "R7": 2.7762538446113467,
                    "R8": 2.7893921728245914,
                    "R9": 2.7766930698417127,
                    "as": 2.9993388787843287,
                    "comp": 21.450825311709195,
                    "dc": 0.03300261264666915
                }
            },
            "std": {
                "reward": 29546,
                "time": 3.579561233520508
            }
        }
    },
    "e-greedy-decreasing": {
        "it-40": {
            "args": {
                "alpha_seed": 138,
                "epsilon_seed": 503,
                "random_arm_seed": 943,
                "reward_seed": 40,
                "sigma_seed": 421
            },
            "gen-distributed": {
                "reward": 29611,
                "time": 9.947188705205917,
                "time_by_components": {
                    "R0": 1.0306479479186237,
                    "R1": 0.5202234047465026,
                    "R2": 0.5139963505789638,
                    "R3": 0.5131521411240101,
                    "R4": 0.5140855242498219,
                    "R5": 0.5142360422760248,
                    "R6": 0.5122483274899423,
                    "R7": 0.5129351294599473,
                    "R8": 0.5129563198424876,
                    "R9": 0.5124917421489954,
                    "as": 2.535261123906821,
                    "comp": 0.22660504840314388,
                    "dc": 0
                }
            },
            "gen-secure": {
                "reward": 29611,
                "time": 56.49468974303454,
                "time_by_components": {
                    "R0": 3.7181584257632494,
                    "R1": 3.0142831937409937,
                    "R2": 2.9361049300059676,
                    "R3": 2.9002027669921517,
                    "R4": 2.861159052234143,
                    "R5": 2.848121287766844,
                    "R6": 2.8834930858574808,
                    "R7": 2.8295485954731703,
                    "R8": 2.827003308106214,
                    "R9": 2.837618452962488,
                    "as": 2.9967388450168073,
                    "comp": 21.765906752087176,
                    "dc": 0.032864597626030445
                }
            },
            "std": {
                "reward": 29611,
                "time": 3.617488145828247
            }
        }
    },
    "nb_iterations": 50,
    "pursuit": {
        "it-40": {
            "args": {
                "alpha_seed": 503,
                "beta": 0.2,
                "random_arm_seed": 943,
                "reward_seed": 40,
                "sigma_seed": 421
            },
            "gen-distributed": {
                "reward": 29838,
                "time": 20.2474755900912,
                "time_by_components": {
                    "R0": 1.7660036152228713,
                    "R1": 1.1487530819140375,
                    "R2": 1.140659211203456,
                    "R3": 1.1240799203515053,
                    "R4": 1.1230793395079672,
                    "R5": 1.1283473460935056,
                    "R6": 1.1241989471018314,
                    "R7": 1.119341399986297,
                    "R8": 1.120519246906042,
                    "R9": 1.124094937928021,
                    "as": 5.145169144496322,
                    "comp": 1.0747524853795767,
                    "dc": 0
                }
            },
            "gen-secure": {
                "reward": 29838,
                "time": 114.70503407809883,
                "time_by_components": {
                    "R0": 7.218084647320211,
                    "R1": 6.2000468284823,
                    "R2": 6.078104681801051,
                    "R3": 5.962795744650066,
                    "R4": 5.877834280021489,
                    "R5": 5.809045605827123,
                    "R6": 5.834649330936372,
                    "R7": 5.852214704267681,
                    "R8": 5.827103453222662,
                    "R9": 5.763617057818919,
                    "as": 6.12973664002493,
                    "comp": 45.17504410818219,
                    "dc": 0.032961269840598106
                }
            },
            "std": {
                "reward": 29838,