{
    "N": 80000,
    "arms": [
        0.4960973461954129,
        0.46519633350678463,
        0.4564303726534043,
        0.45410879397990633,
        0.4505463715326422,
        0.4449825881599488,
        0.4438618260417084,
        0.4347356202217508,
        0.42404835287995835,
        0.41264059560501143
    ],
    "boltzmann": {
        "it-27": {
            "args": {
                "alpha_seed": 133,
                "random_arm_seed": 641,
                "reward_seed": 27,
                "sigma_seed": 668,
                "tau": 0.02
            },
            "gen-distributed": {
                "reward": 39073,
                "time": 14.384267054032534,
                "time_by_components": {
                    "R0": 1.4121297523379326,
                    "R1": 0.7603386319242418,
                    "R2": 0.7482025446370244,
                    "R3": 0.8150587077252567,
                    "R4": 0.7862040931358933,
                    "R5": 0.7506740116514266,
                    "R6": 0.7486176574602723,
                    "R7": 0.7480622166767716,
                    "R8": 0.7689585313200951,
                    "R9": 0.747980123385787,
                    "as": 3.446802506223321,
                    "comp": 1.2404014100320637,
                    "dc": 0
                }
            },
            "gen-secure": {
                "reward": 39073,
                "time": 79.16585201583803,
                "time_by_components": {
                    "R0": 5.151568922679871,
                    "R1": 4.251394780818373,
                    "R2": 4.108843789435923,
                    "R3": 4.1389002948999405,
                    "R4": 4.052327444776893,
                    "R5": 4.006659441161901,
                    "R6": 3.988814548123628,
                    "R7": 3.9980423552915454,
                    "R8": 4.039429651107639,
                    "R9": 3.9801257671788335,
                    "as": 4.065156327094883,
                    "comp": 31.324052209034562,
                    "dc": 0.033353560138493776
                }
            },
            "std": {
                "reward": 39073,
                "time": 5.459162712097168
            }
        }
    },
    "e-greedy": {
        "it-27": {
            "args": {
                "alpha_seed": 712,
                "epsilon": 0.1,
                "epsilon_seed": 20,
                "random_arm_seed": 342,
                "reward_seed": 27,
                "sigma_seed": 704
            },
            "gen-distributed": {
                "reward": 39308,
                "time": 12.952617869246751,
                "time_by_components": {
                    "R0": 1.3284141891635954,
                    "R1": 0.6720705642364919,
                    "R2": 0.6668131398037076,
                    "R3": 0.6705557894892991,
                    "R4": 0.6640700432471931,
                    "R5": 0.6673761778511107,
                    "R6": 0.6680044108070433,
                    "R7": 0.6647643796168268,
                    "R8": 0.662331635132432,
                    "R9": 0.6653954028151929,
                    "as": 3.345366759225726,
                    "comp": 0.32224653102457523,
                    "dc": 0
                }
            },
            "gen-secure": {
                "reward": 39308,
                "time": 73.09884382225573,
                "time_by_components": {
                    "R0": 4.769736898131669,
                    "R1": 3.9032186651602387,
                    "R2": 3.7795779411680996,
                    "R3": 3.727131004910916,
                    "R4": 3.677332273684442,
                    "R5": 3.6829830487258732,
                    "R6": 3.6812389148399234,
                    "R7": 3.6525396425276995,
                    "R8": 3.6691084536723793,
                    "R9": 3.647164786234498,
                    "as": 3.9638014100492,
                    "comp": 28.314089993946254,
                    "dc": 0.032852442003786564
                }
            },
            "std": {
                "reward": 39308,
                "time": 4.824082851409912
            }
        }
    },
    "e-greedy-decreasing": {
        "it-27": {
            "args": {
                "alpha_seed": 257,
                "epsilon_seed": 133,
                "random_arm_seed": 641,
                "reward_seed": 27,
                "sigma_seed": 267
            },
            "gen-distributed": {
                "reward": 39355,
                "time": 13.308394460938871,
                "time_by_components": {
                    "R0": 1.367810582742095,
                    "R1": 0.6936273984611034,
                    "R2": 0.6875206138938665,
                    "R3": 0.6902428609319031,
                    "R4": 0.7069140248931944,
                    "R5": 0.6892399895004928,
                    "R6": 0.6887443521991372,
                    "R7": 0.6861421875655651,
                    "R8": 0.6863700211979449,
                    "R9": 0.6874919198453426,
                    "as": 3.383600822184235,
                    "comp": 0.30299375858157873,
                    "dc": 0
                }
            },
            "gen-secure": {
                "reward": 39355,
                "time": 74.11357512604445,
                "time_by_components": {
                    "R0": 4.84789040312171,
                    "R1": 3.9372632931917906,
                    "R2": 3.826494584325701,
                    "R3": 3.7765958928503096,
                    "R4": 3.755094116553664,
                    "R5": 3.7426406876184046,
                    "R6": 3.717796504497528,
                    "R7": 3.732040084898472,
                    "R8": 3.735466784797609,
                    "R9": 3.6996714659035206,
                    "as": 3.946030399762094,
                    "comp": 28.690430916380137,
                    "dc": 0.03300082217901945
                }
            },
            "std": {
                "reward": 39355,
                "time": 4.843237638473511
            }
        }
    },
    "nb_iterations": 50,
    "pursuit": {
        "it-27": {
            "args": {
                "alpha_seed": 133,
                "beta": 0.2,
                "random_arm_seed": 641,
                "reward_seed": 27,
                "sigma_seed": 267
            },
            "gen-distributed": {
                "reward": 36043,
                "time": 26.794194207061082,
                "time_by_components": {
                    "R0": 1.6172759402543306,
                    "R1": 1.5101487338542938,
                    "R2": 1.4951941687613726,
                    "R3": 1.4915497465990484,
                    "R4": 2.2164716427214444,
                    "R5": 1.497649698983878,
                    "R6": 1.488826652057469,
                    "R7": 1.4889913750812411,
                    "R8": 1.4826421048492193,
                    "R9": 1.4869552128948271,
                    "as": 6.825341555289924,
                    "comp": 1.4154916224069893,
                    "dc": 0
                }
            },
            "gen-secure": {
                "reward": 36043,
                "time": 153.7567361909896,
                "time_by_components": {
                    "R0": 8.946208259556442,
                    "R1": 8.183748659212142,
                    "R2": 7.968035056721419,
                    "R3": 8.01392819546163,
                    "R4": 8.716770085971802,
                    "R5": 7.825773500837386,
                    "R6": 7.80609014024958,
                    "R7": 7.826175901573151,
                    "R8": 7.77664139540866,
                    "R9": 7.705134022049606,
                    "as": 8.274971071630716,
                    "comp": 60.662956923712045,
                    "dc": 0.03328982833772898
                }
            },
            "std": {
                "reward": 36043,