{
    "N": 100000,
    "arms": [
        0.4960973461954129,
        0.46519633350678463,
        0.4564303726534043,
        0.45410879397990633,
        0.4505463715326422,
        0.4449825881599488,
        0.4438618260417084,
        0.4347356202217508,
        0.42404835287995835,
        0.41264059560501143
    ],
    "boltzmann": {
        "it-36": {
            "args": {
                "alpha_seed": 119,
                "random_arm_seed": 142,
                "reward_seed": 36,
                "sigma_seed": 713,
                "tau": 0.02
            },
            "gen-distributed": {
                "reward": 44843,
                "time": 18.173873075284064,
                "time_by_components": {
                    "R0": 1.0058980183675885,
                    "R1": 0.9524295506998897,
                    "R2": 1.3038316289894283,
                    "R3": 0.9473648415878415,
                    "R4": 1.3276432319544256,
                    "R5": 0.9475785009562969,
                    "R6": 0.9489293368533254,
                    "R7": 1.097067884169519,
                    "R8": 0.9844321836717427,
                    "R9": 0.9456652165390551,
                    "as": 4.344046011567116,
                    "comp": 1.5691898381337523,
                    "dc": 0
                }
            },
            "gen-secure": {
                "reward": 44843,
                "time": 98.55445355176926,
                "time_by_components": {
                    "R0": 5.603902395348996,
                    "R1": 5.216586741618812,
                    "R2": 5.4998409347608685,
                    "R3": 5.056662748102099,
                    "R4": 5.416229113005102,
                    "R5": 4.985992196481675,
                    "R6": 4.962079478427768,
                    "R7": 5.130814409814775,
                    "R8": 4.987718177493662,
                    "R9": 4.927242936100811,
                    "as": 5.127836182713509,
                    "comp": 39.073175514582545,
                    "dc": 0.03329984424635768
                }
            },
            "std": {
                "reward": 44843,
                "time": 6.5548083782196045
            }
        }
    },
    "e-greedy": {
        "it-36": {
            "args": {
                "alpha_seed": 106,
                "epsilon": 0.1,
                "epsilon_seed": 302,
                "random_arm_seed": 35,
                "reward_seed": 36,
                "sigma_seed": 481
            },
            "gen-distributed": {
                "reward": 49046,
                "time": 16.489806454163045,
                "time_by_components": {
                    "R0": 1.6735666440799832,
                    "R1": 0.85078349057585,
                    "R2": 0.8399281105957925,
                    "R3": 0.8404863108880818,
                    "R4": 0.8612662041559815,
                    "R5": 0.8429161892272532,
                    "R6": 0.8429734981618822,
                    "R7": 0.8378636669367552,
                    "R8": 0.8380775125697255,
                    "R9": 0.8390559628605843,
                    "as": 4.282248796429485,
                    "comp": 0.41637368127703667,
                    "dc": 0
                }
            },
            "gen-secure": {
                "reward": 49046,
                "time": 92.21960188122466,
                "time_by_components": {
                    "R0": 6.026817621663213,
                    "R1": 4.88443021569401,
                    "R2": 4.73559501953423,
                    "R3": 4.677595706656575,
                    "R4": 4.638986321166158,
                    "R5": 4.613606152124703,
                    "R6": 4.589513703249395,
                    "R7": 4.595564126037061,
                    "R8": 4.577242839615792,
                    "R9": 4.570545196533203,
                    "as": 5.0330445962026715,
                    "comp": 35.94959127064794,
                    "dc": 0.03058448014780879
                }
            },
            "std": {
                "reward": 49046,
                "time": 6.056277513504028
            }
        }
    },
    "e-greedy-decreasing": {
        "it-36": {
            "args": {
                "alpha_seed": 147,
                "epsilon_seed": 119,
                "random_arm_seed": 142,
                "reward_seed": 36,
                "sigma_seed": 310
            },
            "gen-distributed": {
                "reward": 49325,
                "time": 16.75213281903416,
                "time_by_components": {
                    "R0": 1.7483235788531601,
                    "R1": 0.8763876133598387,
                    "R2": 0.8671531653963029,
                    "R3": 0.86367371911183,
                    "R4": 0.8627444677986205,
                    "R5": 0.8677793201059103,
                    "R6": 0.8653114843182266,
                    "R7": 0.8636891418136656,
                    "R8": 0.8598128636367619,
                    "R9": 0.8632236970588565,
                    "as": 4.260319675318897,
                    "comp": 0.3824137500487268,
                    "dc": 0
                }
            },
            "gen-secure": {
                "reward": 49325,
                "time": 93.42070145532489,
                "time_by_components": {
                    "R0": 6.1623504450544715,
                    "R1": 4.960201948415488,
                    "R2": 4.807032949756831,
                    "R3": 4.751713389530778,
                    "R4": 4.693085369654,
                    "R5": 4.683669273275882,
                    "R6": 4.65666119614616,
                    "R7": 4.640646851155907,
                    "R8": 4.640761263202876,
                    "R9": 4.6603987431153655,
                    "as": 4.993490792810917,
                    "comp": 36.34093285072595,
                    "dc": 0.03286497760564089
                }
            },
            "std": {
                "reward": 49325,
                "time": 6.061990022659302
            }
        }
    },
    "nb_iterations": 50,
    "pursuit": {
        "it-36": {
            "args": {
                "alpha_seed": 119,
                "beta": 0.2,
                "random_arm_seed": 142,
                "reward_seed": 36,
                "sigma_seed": 310
            },
            "gen-distributed": {
                "reward": 44328,
                "time": 33.76627167407423,
                "time_by_components": {
                    "R0": 2.042790221516043,
                    "R1": 1.904071843251586,
                    "R2": 1.883470481261611,
                    "R3": 1.8756628152914345,
                    "R4": 1.8719875761307776,
                    "R5": 1.8763835881836712,
                    "R6": 2.795259013772011,
                    "R7": 1.8751777824945748,
                    "R8": 1.8669254020787776,
                    "R9": 1.8671885319054127,
                    "as": 8.582396706100553,
                    "comp": 1.7882917714305222,
                    "dc": 0
                }
            },
            "gen-secure": {
                "reward": 44328,
                "time": 192.62162834219635,
                "time_by_components": {
                    "R0": 11.047247463837266,
                    "R1": 10.20741262147203,
                    "R2": 10.102549257688224,
                    "R3": 9.837889683898538,
                    "R4": 9.857503350824118,
                    "R5": 9.810157964471728,
                    "R6": 10.878770306706429,
                    "R7": 9.823405723553151,
                    "R8": 9.757534274831414,
                    "R9": 9.644718918018043,
                    "as": 10.309043262619525,
                    "comp": 76.29826279170811,
                    "dc": 0.03288517100736499
                }
            },
            "std": {
                "reward": 44328,