{
    "N": 50000,
    "arms": [
        0.4960973461954129,
        0.46519633350678463,
        0.4564303726534043,
        0.45410879397990633,
        0.4505463715326422,
        0.4449825881599488,
        0.4438618260417084,
        0.4347356202217508,
        0.42404835287995835,
        0.41264059560501143
    ],
    "boltzmann": {
        "it-9": {
            "args": {
                "alpha_seed": 567,
                "random_arm_seed": 394,
                "reward_seed": 9,
                "sigma_seed": 883,
                "tau": 0.02
            },
            "gen-distributed": {
                "reward": 23110,
                "time": 9.056026234291494,
                "time_by_components": {
                    "R0": 0.5029431153088808,
                    "R1": 0.7601088373921812,
                    "R2": 0.47291448805481195,
                    "R3": 0.5194820403121412,
                    "R4": 0.6027825665660203,
                    "R5": 0.47306978702545166,
                    "R6": 0.47257964266464114,
                    "R7": 0.4706784407608211,
                    "R8": 0.47279880987480283,
                    "R9": 0.4709836086258292,
                    "as": 2.1632024249993265,
                    "comp": 0.7835415890440345,
                    "dc": 0
                }
            },
            "gen-secure": {
                "reward": 23110,
                "time": 49.59815617604181,
                "time_by_components": {
                    "R0": 2.851969849318266,
                    "R1": 2.9733445225283504,
                    "R2": 2.6048120367340744,
                    "R3": 2.6263901074416935,
                    "R4": 2.679555711336434,
                    "R5": 2.5740506718866527,
                    "R6": 2.5401993645355105,
                    "R7": 2.512267383746803,
                    "R8": 2.5126278451643884,
                    "R9": 2.5046532601118088,
                    "as": 2.549266787711531,
                    "comp": 19.377006633207202,
                    "dc": 0.0328695266507566
                }
            },
            "std": {
                "reward": 23110,
                "time": 3.258411407470703
            }
        }
    },
    "e-greedy": {
        "it-9": {
            "args": {
                "alpha_seed": 177,
                "epsilon": 0.1,
                "epsilon_seed": 52,
                "random_arm_seed": 475,
                "reward_seed": 9,
                "sigma_seed": 244
            },
            "gen-distributed": {
                "reward": 24456,
                "time": 8.11418385989964,
                "time_by_components": {
                    "R0": 0.802544157486409,
                    "R1": 0.4202894289046526,
                    "R2": 0.4166454151272774,
                    "R3": 0.4157193275168538,
                    "R4": 0.4143886910751462,
                    "R5": 0.41638818196952343,
                    "R6": 0.4460581666789949,
                    "R7": 0.4130892036482692,
                    "R8": 0.41278539784252644,
                    "R9": 0.41356567572802305,
                    "as": 2.109950616955757,
                    "comp": 0.1990386312827468,
                    "dc": 0
                }
            },
            "gen-secure": {
                "reward": 24456,
                "time": 46.3707344988361,
                "time_by_components": {
                    "R0": 3.0137306274846196,
                    "R1": 2.482915380038321,
                    "R2": 2.417387507390231,
                    "R3": 2.3875569351948798,
                    "R4": 2.35788662917912,
                    "R5": 2.3596741487272084,
                    "R6": 2.3818656099028885,
                    "R7": 2.3422356178052723,
                    "R8": 2.337363150436431,
                    "R9": 2.3402812439017,
                    "as": 2.473062932025641,
                    "comp": 17.827882822137326,
                    "dc": 0.03290464403107762
                }
            },
            "std": {
                "reward": 24456,
                "time": 3.0161659717559814
            }
        }
    },
    "e-greedy-decreasing": {
        "it-9": {
            "args": {
                "alpha_seed": 640,
                "epsilon_seed": 567,
                "random_arm_seed": 394,
                "reward_seed": 9,
                "sigma_seed": 141
            },
            "gen-distributed": {
                "reward": 24693,
                "time": 8.269322131294757,
                "time_by_components": {
                    "R0": 0.8626301735639572,
                    "R1": 0.4336461857892573,
                    "R2": 0.4289105525240302,
                    "R3": 0.427437458653003,
                    "R4": 0.4267309713177383,
                    "R5": 0.4252657862380147,
                    "R6": 0.42500309087336063,
                    "R7": 0.4250789317302406,
                    "R8": 0.424967045430094,
                    "R9": 0.42762747034430504,
                    "as": 2.106732927262783,
                    "comp": 0.18824702221900225,
                    "dc": 0
                }
            },
            "gen-secure": {
                "reward": 24693,
                "time": 47.00859046867117,
                "time_by_components": {
                    "R0": 3.099813393317163,
                    "R1": 2.5186195890419185,
                    "R2": 2.4512537927366793,
                    "R3": 2.41986384941265,
                    "R4": 2.386102260556072,
                    "R5": 2.380857461132109,
                    "R6": 2.3730563945136964,
                    "R7": 2.363825594075024,
                    "R8": 2.369598464574665,
                    "R9": 2.3613464827649295,
                    "as": 2.4906487446278334,
                    "comp": 18.081003517843783,
                    "dc": 0.033192019909620285
                }
            },
            "std": {
                "reward": 24693,
                "time": 3.001037359237671
            }
        }
    },
    "nb_iterations": 50,
    "pursuit": {
        "it-9": {
            "args": {
                "alpha_seed": 567,
                "beta": 0.2,
                "random_arm_seed": 394,
                "reward_seed": 9,
                "sigma_seed": 141
            },
            "gen-distributed": {
                "reward": 22601,
                "time": 16.9606018839404,
                "time_by_components": {
                    "R0": 1.0237818723544478,
                    "R1": 0.9553395775146782,
                    "R2": 0.9468933679163456,
                    "R3": 0.9426984190940857,
                    "R4": 1.4028924987651408,
                    "R5": 0.9486942575313151,
                    "R6": 0.9429026278667152,
                    "R7": 0.941623130813241,
                    "R8": 0.9393721334636211,
                    "R9": 0.9412127891555429,
                    "as": 4.320537940133363,
                    "comp": 0.9018017835915089,
                    "dc": 0
                }
            },
            "gen-secure": {
                "reward": 22601,
                "time": 96.38883858872578,
                "time_by_components": {
                    "R0": 5.55568740516901,
                    "R1": 5.2193691954016685,
                    "R2": 5.017966695595533,
                    "R3": 5.0183869963511825,
                    "R4": 5.488393759354949,
                    "R5": 4.91993770096451,
                    "R6": 4.9323094096034765,
                    "R7": 4.864523662719876,
                    "R8": 4.9014057903550565,
                    "R9": 4.854406446684152,
                    "as": 5.145248754881322,
                    "comp": 37.945879662409425,
                    "dc": 0.03323055896908045
                }
            },
            "std": {
                "reward": 22601,