{
    "N": 80000,
    "arms": [
        0.4960973461954129,
        0.46519633350678463,
        0.4564303726534043,
        0.45410879397990633,
        0.4505463715326422,
        0.4449825881599488,
        0.4438618260417084,
        0.4347356202217508,
        0.42404835287995835,
        0.41264059560501143
    ],
    "boltzmann": {
        "it-8": {
            "args": {
                "alpha_seed": 18,
                "random_arm_seed": 366,
                "reward_seed": 8,
                "sigma_seed": 758,
                "tau": 0.02
            },
            "gen-distributed": {
                "reward": 36014,
                "time": 14.463473345153034,
                "time_by_components": {
                    "R0": 0.8023095745593309,
                    "R1": 0.7595231886953115,
                    "R2": 1.0247892565093935,
                    "R3": 0.751852126326412,
                    "R4": 0.9997645001858473,
                    "R5": 0.8968445896171033,
                    "R6": 0.7526049665175378,
                    "R7": 0.8344572316855192,
                    "R8": 0.7513489853590727,
                    "R9": 0.7546167336404324,
                    "as": 3.4477220005355775,
                    "comp": 1.255415361840278,
                    "dc": 0
                }
            },
            "gen-secure": {
                "reward": 36014,
                "time": 76.02340374607593,
                "time_by_components": {
                    "R0": 4.350971981883049,
                    "R1": 4.059807470999658,
                    "R2": 4.233687472995371,
                    "R3": 3.907000157982111,
                    "R4": 4.103706135880202,
                    "R5": 3.9930805042386055,
                    "R6": 3.8285877108573914,
                    "R7": 3.9021104010753334,
                    "R8": 3.8093886976130307,
                    "R9": 3.8068742994219065,
                    "as": 3.951685800217092,
                    "comp": 30.10056210681796,
                    "dc": 0.03305120812729001
                }
            },
            "std": {
                "reward": 36014,
                "time": 5.259469985961914
            }
        }
    },
    "e-greedy": {
        "it-8": {
            "args": {
                "alpha_seed": 682,
                "epsilon": 0.1,
                "epsilon_seed": 989,
                "random_arm_seed": 478,
                "reward_seed": 8,
                "sigma_seed": 470
            },
            "gen-distributed": {
                "reward": 38638,
                "time": 12.83742623962462,
                "time_by_components": {
                    "R0": 1.1412420272827148,
                    "R1": 0.7967188125476241,
                    "R2": 0.6597083522938192,
                    "R3": 0.6673017819412053,
                    "R4": 0.6563042383641005,
                    "R5": 0.6989186527207494,
                    "R6": 0.6549728880636394,
                    "R7": 0.6543876538053155,
                    "R8": 0.6552526731975377,
                    "R9": 0.6535431905649602,
                    "as": 3.320064682047814,
                    "comp": 0.3203070010058582,
                    "dc": 0
                }
            },
            "gen-secure": {
                "reward": 38638,
                "time": 74.28509087488055,
                "time_by_components": {
                    "R0": 4.687223624438047,
                    "R1": 4.100417827721685,
                    "R2": 3.835385206155479,
                    "R3": 3.794373576529324,
                    "R4": 3.7499943021684885,
                    "R5": 3.7802244080230594,
                    "R6": 3.716376776341349,
                    "R7": 3.705684502143413,
                    "R8": 3.6984784342348576,
                    "R9": 3.7121480335481465,
                    "as": 4.046057165600359,
                    "comp": 28.798918961081654,
                    "dc": 0.033106079790741205
                }
            },
            "std": {
                "reward": 38638,
                "time": 4.805872201919556
            }
        }
    },
    "e-greedy-decreasing": {
        "it-8": {
            "args": {
                "alpha_seed": 541,
                "epsilon_seed": 18,
                "random_arm_seed": 366,
                "reward_seed": 8,
                "sigma_seed": 729
            },
            "gen-distributed": {
                "reward": 38334,
                "time": 13.325406434945762,
                "time_by_components": {
                    "R0": 1.1496119983494282,
                    "R1": 0.6960514700040221,
                    "R2": 0.7580181043595076,
                    "R3": 0.7853839779272676,
                    "R4": 0.6874277763999999,
                    "R5": 0.6880102204158902,
                    "R6": 0.7545343046076596,
                    "R7": 0.6865499676205218,
                    "R8": 0.6859030420891941,
                    "R9": 0.6856925524771214,
                    "as": 3.399468041025102,
                    "comp": 0.306443958543241,
                    "dc": 0
                }
            },
            "gen-secure": {
                "reward": 38334,
                "time": 74.84259155672044,
                "time_by_components": {
                    "R0": 4.666117307730019,
                    "R1": 3.9728761753067374,
                    "R2": 3.9428202072158456,
                    "R3": 3.9480374017730355,
                    "R4": 3.797565434128046,
                    "R5": 3.752214189618826,
                    "R6": 3.83132516220212,
                    "R7": 3.7309555602259934,
                    "R8": 3.7274508895352483,
                    "R9": 3.744490780401975,
                    "as": 3.9633597377687693,
                    "comp": 29.026819966267794,
                    "dc": 0.03298554103821516
                }
            },
            "std": {
                "reward": 38334,
                "time": 4.817537546157837
            }
        }
    },
    "nb_iterations": 50,
    "pursuit": {
        "it-8": {
            "args": {
                "alpha_seed": 18,
                "beta": 0.2,
                "random_arm_seed": 366,
                "reward_seed": 8,
                "sigma_seed": 729
            },
            "gen-distributed": {
                "reward": 37506,
                "time": 26.588572786189616,
                "time_by_components": {
                    "R0": 1.8945120899006724,
                    "R1": 1.5044042188674212,
                    "R2": 1.483684069942683,
                    "R3": 1.4776322268880904,
                    "R4": 1.9133223653770983,
                    "R5": 1.481261414475739,
                    "R6": 1.4763821950182319,
                    "R7": 1.4755589575506747,
                    "R8": 1.4735370459966362,
                    "R9": 1.4760417840443552,
                    "as": 6.778637088835239,
                    "comp": 1.4111007493920624,
                    "dc": 0
                }
            },
            "gen-secure": {
                "reward": 37506,
                "time": 154.18003018712625,
                "time_by_components": {
                    "R0": 9.304003851488233,
                    "R1": 8.26657943520695,
                    "R2": 8.068992792163044,
                    "R3": 7.894932701718062,
                    "R4": 8.450176023412496,
                    "R5": 7.914012472610921,
                    "R6": 7.750485599040985,
                    "R7": 7.8251643110997975,
                    "R8": 7.731073373463005,
                    "R9": 7.783305195625871,
                    "as": 8.174764630850405,
                    "comp": 60.97483091335744,
                    "dc": 0.03289234871044755
                }
            },
            "std": {
                "reward": 37506,