{
    "N": 70000,
    "arms": [
        0.4960973461954129,
        0.46519633350678463,
        0.4564303726534043,
        0.45410879397990633,
        0.4505463715326422,
        0.4449825881599488,
        0.4438618260417084,
        0.4347356202217508,
        0.42404835287995835,
        0.41264059560501143
    ],
    "boltzmann": {
        "it-37": {
            "args": {
                "alpha_seed": 248,
                "random_arm_seed": 795,
                "reward_seed": 37,
                "sigma_seed": 53,
                "tau": 0.02
            },
            "gen-distributed": {
                "reward": 31283,
                "time": 12.298715821933001,
                "time_by_components": {
                    "R0": 0.6790353045798838,
                    "R1": 0.6488879849202931,
                    "R2": 0.638479114510119,
                    "R3": 0.9148340062238276,
                    "R4": 0.6369304950349033,
                    "R5": 0.8008049451746047,
                    "R6": 0.6969465939328074,
                    "R7": 0.740750455763191,
                    "R8": 0.6370278899557889,
                    "R9": 0.6734806499443948,
                    "as": 2.9381244061514735,
                    "comp": 1.0710468753241003,
                    "dc": 0
                }
            },
            "gen-secure": {
                "reward": 31283,
                "time": 68.86169751686975,
                "time_by_components": {
                    "R0": 3.9385009151883423,
                    "R1": 3.6864598570391536,
                    "R2": 3.5797108649276197,
                    "R3": 3.8631915166042745,
                    "R4": 3.50417391769588,
                    "R5": 3.669098138343543,
                    "R6": 3.541909025516361,
                    "R7": 3.580532423686236,
                    "R8": 3.462414287030697,
                    "R9": 3.5178679702803493,
                    "as": 3.5892727742902935,
                    "comp": 27.13492358243093,
                    "dc": 0.03304093098267913
                }
            },
            "std": {
                "reward": 31283,
                "time": 4.349745512008667
            }
        }
    },
    "e-greedy": {
        "it-37": {
            "args": {
                "alpha_seed": 321,
                "epsilon": 0.1,
                "epsilon_seed": 346,
                "random_arm_seed": 146,
                "reward_seed": 37,
                "sigma_seed": 145
            },
            "gen-distributed": {
                "reward": 34396,
                "time": 11.336835561785847,
                "time_by_components": {
                    "R0": 1.1533029987476766,
                    "R1": 0.5932488925755024,
                    "R2": 0.5824734270572662,
                    "R3": 0.5815847031772137,
                    "R4": 0.5795644791796803,
                    "R5": 0.5809041084721684,
                    "R6": 0.5860197287984192,
                    "R7": 0.5795196942053735,
                    "R8": 0.5800232822075486,
                    "R9": 0.5798741169273853,
                    "as": 2.93655563890934,
                    "comp": 0.2829636251553893,
                    "dc": 0
                }
            },
            "gen-secure": {
                "reward": 34396,
                "time": 64.78841777192429,
                "time_by_components": {
                    "R0": 4.19146565720439,
                    "R1": 3.4456049823202193,
                    "R2": 3.3363806544803083,
                    "R3": 3.304013955872506,
                    "R4": 3.266810331027955,
                    "R5": 3.2734918370842934,
                    "R6": 3.26085260277614,
                    "R7": 3.2541696853004396,
                    "R8": 3.24116419441998,
                    "R9": 3.2371026128530502,
                    "as": 3.3778330394998193,
                    "comp": 25.298150532413274,
                    "dc": 0.03032695595175028
                }
            },
            "std": {
                "reward": 34396,
                "time": 4.2420642375946045
            }
        }
    },
    "e-greedy-decreasing": {
        "it-37": {
            "args": {
                "alpha_seed": 327,
                "epsilon_seed": 248,
                "random_arm_seed": 795,
                "reward_seed": 37,
                "sigma_seed": 24
            },
            "gen-distributed": {
                "reward": 33533,
                "time": 11.039896433241665,
                "time_by_components": {
                    "R0": 0.849687959998846,
                    "R1": 0.8712706766091287,
                    "R2": 0.5717088710516691,
                    "R3": 0.5739489309489727,
                    "R4": 0.5707107749767601,
                    "R5": 0.5706051955930889,
                    "R6": 0.5697514307685196,
                    "R7": 0.5679985722526908,
                    "R8": 0.5671512214466929,
                    "R9": 0.5686172069981694,
                    "as": 2.8140611182898283,
                    "comp": 0.2537864614278078,
                    "dc": 0
                }
            },
            "gen-secure": {
                "reward": 33533,
                "time": 65.80914954515174,
                "time_by_components": {
                    "R0": 3.9752538832835853,
                    "R1": 3.8521346230991185,
                    "R2": 3.4254522887058556,
                    "R3": 3.3717221096158028,
                    "R4": 3.3180506876669824,
                    "R5": 3.3091211863793433,
                    "R6": 3.2951296819373965,
                    "R7": 3.2985348128713667,
                    "R8": 3.285059201065451,
                    "R9": 3.2907250868156552,
                    "as": 3.524979780893773,
                    "comp": 25.439090540166944,
                    "dc": 0.033189615700393915
                }
            },
            "std": {
                "reward": 33533,
                "time": 3.971040725708008
            }
        }
    },
    "nb_iterations": 50,
    "pursuit": {
        "it-37": {
            "args": {
                "alpha_seed": 248,
                "beta": 0.2,
                "random_arm_seed": 795,
                "reward_seed": 37,
                "sigma_seed": 24
            },
            "gen-distributed": {
                "reward": 32721,
                "time": 23.778962283860892,
                "time_by_components": {
                    "R0": 1.4348106984980404,
                    "R1": 1.9814304732717574,
                    "R2": 1.3318950389511883,
                    "R3": 1.3220237563364208,
                    "R4": 1.3214020505547523,
                    "R5": 1.3266448080539703,
                    "R6": 1.3197914152406156,
                    "R7": 1.3192222039215267,
                    "R8": 1.321652437094599,
                    "R9": 1.3195919068530202,
                    "as": 6.056689914315939,
                    "comp": 1.2593592889606953,
                    "dc": 0
                }
            },
            "gen-secure": {
                "reward": 32721,
                "time": 134.77003109501675,
                "time_by_components": {
                    "R0": 7.754296301398426,
                    "R1": 8.001168004237115,
                    "R2": 7.034901462029666,
                    "R3": 7.0107351639308035,
                    "R4": 6.810319371521473,
                    "R5": 6.867587987333536,
                    "R6": 6.855967260431498,
                    "R7": 6.8519925735890865,
                    "R8": 6.754125555977225,
                    "R9": 6.80035266187042,
                    "as": 7.269788423087448,
                    "comp": 53.19541411101818,
                    "dc": 0.032921813894063234
                }
            },
            "std": {
                "reward": 32721,