{
    "N": 90000,
    "arms": [
        0.4960973461954129,
        0.46519633350678463,
        0.4564303726534043,
        0.45410879397990633,
        0.4505463715326422,
        0.4449825881599488,
        0.4438618260417084,
        0.4347356202217508,
        0.42404835287995835,
        0.41264059560501143
    ],
    "boltzmann": {
        "it-34": {
            "args": {
                "alpha_seed": 89,
                "random_arm_seed": 106,
                "reward_seed": 34,
                "sigma_seed": 658,
                "tau": 0.02
            },
            "gen-distributed": {
                "reward": 40744,
                "time": 15.98587425192818,
                "time_by_components": {
                    "R0": 0.8864900292828679,
                    "R1": 1.3208945915102959,
                    "R2": 0.8351596505381167,
                    "R3": 0.8289846666157246,
                    "R4": 1.0312942056916654,
                    "R5": 0.8340546805411577,
                    "R6": 0.8325017942115664,
                    "R7": 0.8309590383432806,
                    "R8": 0.8830591486766934,
                    "R9": 0.9135130494832993,
                    "as": 3.8151672347448766,
                    "comp": 1.37858208687976,
                    "dc": 0
                }
            },
            "gen-secure": {
                "reward": 40744,
                "time": 87.7069637789391,
                "time_by_components": {
                    "R0": 4.99399868119508,
                    "R1": 5.191780410241336,
                    "R2": 4.572360233869404,
                    "R3": 4.48950050259009,
                    "R4": 4.681875300593674,
                    "R5": 4.436108876951039,
                    "R6": 4.426733122207224,
                    "R7": 4.4237113101407886,
                    "R8": 4.469753147102892,
                    "R9": 4.488690920639783,
                    "as": 4.529779153876007,
                    "comp": 34.70825365046039,
                    "dc": 0.032970169093459845
                }
            },
            "std": {
                "reward": 40744,
                "time": 5.729968786239624
            }
        }
    },
    "e-greedy": {
        "it-34": {
            "args": {
                "alpha_seed": 985,
                "epsilon": 0.1,
                "epsilon_seed": 820,
                "random_arm_seed": 118,
                "reward_seed": 34,
                "sigma_seed": 908
            },
            "gen-distributed": {
                "reward": 41589,
                "time": 14.789506167173386,
                "time_by_components": {
                    "R0": 0.7859471021220088,
                    "R1": 1.442184907849878,
                    "R2": 0.7591056665405631,
                    "R3": 0.7525563347153366,
                    "R4": 0.7538952953182161,
                    "R5": 0.7570443758741021,
                    "R6": 0.8000248800963163,
                    "R7": 0.7537541380152106,
                    "R8": 0.7531974748708308,
                    "R9": 0.753051224630326,
                    "as": 3.8508954676799476,
                    "comp": 0.3723869901150465,
                    "dc": 0
                }
            },
            "gen-secure": {
                "reward": 41589,
                "time": 83.39735518302768,
                "time_by_components": {
                    "R0": 4.678561958950013,
                    "R1": 5.145913674030453,
                    "R2": 4.317815723828971,
                    "R3": 4.23282213229686,
                    "R4": 4.1763923317193985,
                    "R5": 4.180077899713069,
                    "R6": 4.212924187537283,
                    "R7": 4.1547074960544705,
                    "R8": 4.151582789607346,
                    "R9": 4.146330026444048,
                    "as": 4.577502849511802,
                    "comp": 32.382986911106855,
                    "dc": 0.032887852750718594
                }
            },
            "std": {
                "reward": 41589,
                "time": 5.483806371688843
            }
        }
    },
    "e-greedy-decreasing": {
        "it-34": {
            "args": {
                "alpha_seed": 328,
                "epsilon_seed": 89,
                "random_arm_seed": 106,
                "reward_seed": 34,
                "sigma_seed": 19
            },
            "gen-distributed": {
                "reward": 44349,
                "time": 15.173692941199988,
                "time_by_components": {
                    "R0": 1.579775270074606,
                    "R1": 0.7893636422231793,
                    "R2": 0.7820792007260025,
                    "R3": 0.7794672772288322,
                    "R4": 0.778555785305798,
                    "R5": 0.7823941800743341,
                    "R6": 0.7824464100413024,
                    "R7": 0.7797327903099358,
                    "R8": 0.7770609324797988,
                    "R9": 0.7790798535570502,
                    "as": 3.8750227307900786,
                    "comp": 0.349192809779197,
                    "dc": 0
                }
            },
            "gen-secure": {
                "reward": 44349,
                "time": 84.6590761039406,
                "time_by_components": {
                    "R0": 5.537049702834338,
                    "R1": 4.492727555800229,
                    "R2": 4.352749200537801,
                    "R3": 4.307058825157583,
                    "R4": 4.251528169028461,
                    "R5": 4.255774883553386,
                    "R6": 4.232440503779799,
                    "R7": 4.219319437630475,
                    "R8": 4.221408256329596,
                    "R9": 4.21018356224522,
                    "as": 4.432994524482638,
                    "comp": 33.044799227267504,
                    "dc": 0.032983262091875076
                }
            },
            "std": {
                "reward": 44349,
                "time": 5.47266149520874
            }
        }
    },
    "nb_iterations": 50,
    "pursuit": {
        "it-34": {
            "args": {
                "alpha_seed": 89,
                "beta": 0.2,
                "random_arm_seed": 106,
                "reward_seed": 34,
                "sigma_seed": 19
            },
            "gen-distributed": {
                "reward": 40053,
                "time": 30.50234434567392,
                "time_by_components": {
                    "R0": 1.8419952876865864,
                    "R1": 1.7187063749879599,
                    "R2": 1.7068640859797597,
                    "R3": 1.6926719867624342,
                    "R4": 1.9536824324168265,
                    "R5": 1.7054783501662314,
                    "R6": 2.2577718938700855,
                    "R7": 1.69669527746737,
                    "R8": 1.6842280337587,
                    "R9": 1.6888683591969311,
                    "as": 7.751947491429746,
                    "comp": 1.6123150060884655,
                    "dc": 0
                }
            },
            "gen-secure": {
                "reward": 40053,
                "time": 173.0830324771814,
                "time_by_components": {
                    "R0": 10.017266444861889,
                    "R1": 9.250891650095582,
                    "R2": 8.983423094730824,
                    "R3": 8.84219259954989,
                    "R4": 9.141769296489656,
                    "R5": 8.842321594711393,
                    "R6": 9.47011747257784,
                    "R7": 8.747652207966894,
                    "R8": 8.767088283784688,
                    "R9": 8.731012592092156,
                    "as": 9.23975602677092,
                    "comp": 68.455288246274,
                    "dc": 0.03286612965166569
                }
            },
            "std": {
                "reward": 40053,
                "time": 9.757102251052856
            }
        }
    },