{
    "N": 60000,
    "arms": [
        0.4960973461954129,
        0.46519633350678463,
        0.4564303726534043,
        0.45410879397990633,
        0.4505463715326422,
        0.4449825881599488,
        0.4438618260417084,
        0.4347356202217508,
        0.42404835287995835,
        0.41264059560501143
    ],
    "boltzmann": {
        "it-25": {
            "args": {
                "alpha_seed": 586,
                "random_arm_seed": 745,
                "reward_seed": 25,
                "sigma_seed": 877,
                "tau": 0.02
            },
            "gen-distributed": {
                "reward": 27141,
                "time": 10.851112031843513,
                "time_by_components": {
                    "R0": 0.5995770371519029,
                    "R1": 0.5669397264719009,
                    "R2": 0.8809290840290487,
                    "R3": 0.565839400049299,
                    "R4": 0.5625007413327694,
                    "R5": 0.7292160033248365,
                    "R6": 0.6442251978442073,
                    "R7": 0.563998200930655,
                    "R8": 0.566406159196049,
                    "R9": 0.5634768693707883,
                    "as": 2.5875509176403284,
                    "comp": 0.9403819111175835,
                    "dc": 0
                }
            },
            "gen-secure": {
                "reward": 27141,
                "time": 59.51623145118356,
                "time_by_components": {
                    "R0": 3.4038403420709074,
                    "R1": 3.1805968447588384,
                    "R2": 3.4639606061391532,
                    "R3": 3.0790110980160534,
                    "R4": 3.017965608276427,
                    "R5": 3.206391539424658,
                    "R6": 3.1025030286982656,
                    "R7": 3.002329418435693,
                    "R8": 2.987030779477209,
                    "R9": 2.9867505906149745,
                    "as": 3.080006720032543,
                    "comp": 23.446417686529458,
                    "dc": 0.0329020693898201
                }
            },
            "std": {
                "reward": 27141,
                "time": 3.908332586288452
            }
        }
    },
    "e-greedy": {
        "it-25": {
            "args": {
                "alpha_seed": 872,
                "epsilon": 0.1,
                "epsilon_seed": 520,
                "random_arm_seed": 947,
                "reward_seed": 25,
                "sigma_seed": 117
            },
            "gen-distributed": {
                "reward": 29538,
                "time": 9.735872324090451,
                "time_by_components": {
                    "R0": 0.9980591703206301,
                    "R1": 0.5056184115819633,
                    "R2": 0.5016536419279873,
                    "R3": 0.5011295033618808,
                    "R4": 0.5004350035451353,
                    "R5": 0.5020101107656956,
                    "R6": 0.49855695106089115,
                    "R7": 0.49920520978048444,
                    "R8": 0.4975920249707997,
                    "R9": 0.4970498443581164,
                    "as": 2.506523909047246,
                    "comp": 0.24169244337826967,
                    "dc": 0
                }
            },
            "gen-secure": {
                "reward": 29538,
                "time": 55.23873354913667,
                "time_by_components": {
                    "R0": 3.652331556659192,
                    "R1": 2.938416948541999,
                    "R2": 2.855875404085964,
                    "R3": 2.819889361038804,
                    "R4": 2.783932655584067,
                    "R5": 2.8028865652158856,
                    "R6": 2.7914181579835713,
                    "R7": 2.7641543755307794,
                    "R8": 2.796245572157204,
                    "R9": 2.769892339594662,
                    "as": 2.963408413808793,
                    "comp": 21.310474514961243,
                    "dc": 0.03304295241832733
                }
            },
            "std": {
                "reward": 29538,
                "time": 3.65622878074646
            }
        }
    },
    "e-greedy-decreasing": {
        "it-25": {
            "args": {
                "alpha_seed": 78,
                "epsilon_seed": 586,
                "random_arm_seed": 745,
                "reward_seed": 25,
                "sigma_seed": 192
            },
            "gen-distributed": {
                "reward": 29167,
                "time": 9.715725657064468,
                "time_by_components": {
                    "R0": 0.9324332331307232,
                    "R1": 0.50815215613693,
                    "R2": 0.5042099417187274,
                    "R3": 0.4989602994173765,
                    "R4": 0.4994439226575196,
                    "R5": 0.5431491998024285,
                    "R6": 0.5328294853679836,
                    "R7": 0.49950127862393856,
                    "R8": 0.4981343159452081,
                    "R9": 0.4979500430636108,
                    "as": 2.468057135120034,
                    "comp": 0.22398550156503916,
                    "dc": 0
                }
            },
            "gen-secure": {
                "reward": 29167,
                "time": 56.41174052096903,
                "time_by_components": {
                    "R0": 3.6284416527487338,
                    "R1": 3.0229794569313526,
                    "R2": 2.921727799344808,
                    "R3": 2.8798804776743054,
                    "R4": 2.8457091241143644,
                    "R5": 2.897239873185754,
                    "R6": 2.8679516091942787,
                    "R7": 2.823526009917259,
                    "R8": 2.8187441756017506,
                    "R9": 2.8610601937398314,
                    "as": 2.998494589701295,
                    "comp": 21.773353307973593,
                    "dc": 0.032854168210178614
                }
            },
            "std": {
                "reward": 29167,
                "time": 3.600217342376709
            }
        }
    },
    "nb_iterations": 50,
    "pursuit": {
        "it-25": {
            "args": {
                "alpha_seed": 586,
                "beta": 0.2,
                "random_arm_seed": 745,
                "reward_seed": 25,
                "sigma_seed": 192
            },
            "gen-distributed": {
                "reward": 27358,
                "time": 19.15375629113987,
                "time_by_components": {
                    "R0": 1.1567047871649265,
                    "R1": 1.0781660908833146,
                    "R2": 1.5135297295637429,
                    "R3": 1.0681444243527949,
                    "R4": 1.060192734003067,
                    "R5": 1.1476741028018296,
                    "R6": 1.063738252967596,
                    "R7": 1.0619835774414241,
                    "R8": 1.0609704689122736,
                    "R9": 1.0620427075773478,
                    "as": 4.863293705508113,
                    "comp": 1.0095046018250287,
                    "dc": 0
                }
            },
            "gen-secure": {
                "reward": 27358,
                "time": 114.85659416532144,
                "time_by_components": {
                    "R0": 6.595673772506416,
                    "R1": 6.103594589512795,
                    "R2": 6.584154231008142,
                    "R3": 5.965260913595557,
                    "R4": 5.803451028186828,
                    "R5": 6.009996327571571,
                    "R6": 5.912435306701809,
                    "R7": 5.7793579660356045,
                    "R8": 5.830792918801308,
                    "R9": 5.811963458079845,
                    "as": 6.144455569330603,
                    "comp": 45.274476600345224,
                    "dc": 0.03288174793124199
                }
            },
            "std": {
                "reward": 27358,