{
    "N": 50000,
    "arms": [
        0.4960973461954129,
        0.46519633350678463,
        0.4564303726534043,
        0.45410879397990633,
        0.4505463715326422,
        0.4449825881599488,
        0.4438618260417084,
        0.4347356202217508,
        0.42404835287995835,
        0.41264059560501143
    ],
    "boltzmann": {
        "it-26": {
            "args": {
                "alpha_seed": 15,
                "random_arm_seed": 436,
                "reward_seed": 26,
                "sigma_seed": 279,
                "tau": 0.02
            },
            "gen-distributed": {
                "reward": 23053,
                "time": 9.031210915651172,
                "time_by_components": {
                    "R0": 0.501160207670182,
                    "R1": 0.8072375375777483,
                    "R2": 0.47390244575217366,
                    "R3": 0.4698432683944702,
                    "R4": 0.5456720679067075,
                    "R5": 0.5044028419069946,
                    "R6": 0.47225453378632665,
                    "R7": 0.4701179228723049,
                    "R8": 0.4688825784251094,
                    "R9": 0.4952176478691399,
                    "as": 2.1484956545755267,
                    "comp": 0.7829520683735609,
                    "dc": 0
                }
            },
            "gen-secure": {
                "reward": 23053,
                "time": 49.92601164896041,
                "time_by_components": {
                    "R0": 2.8632629332132638,
                    "R1": 3.0426382985897362,
                    "R2": 2.6248407820239663,
                    "R3": 2.5803581094369292,
                    "R4": 2.6294239456765354,
                    "R5": 2.6159084173850715,
                    "R6": 2.533113175071776,
                    "R7": 2.5249913348816335,
                    "R8": 2.518719400744885,
                    "R9": 2.5531317181885242,
                    "as": 2.569521666970104,
                    "comp": 19.572461855132133,
                    "dc": 0.03288699500262737
                }
            },
            "std": {
                "reward": 23053,
                "time": 3.27504301071167
            }
        }
    },
    "e-greedy": {
        "it-26": {
            "args": {
                "alpha_seed": 875,
                "epsilon": 0.1,
                "epsilon_seed": 643,
                "random_arm_seed": 768,
                "reward_seed": 26,
                "sigma_seed": 955
            },
            "gen-distributed": {
                "reward": 24549,
                "time": 8.141919942107052,
                "time_by_components": {
                    "R0": 0.8137202234938741,
                    "R1": 0.4439011672511697,
                    "R2": 0.4179390762001276,
                    "R3": 0.41733864368870854,
                    "R4": 0.4173984038643539,
                    "R5": 0.416802994441241,
                    "R6": 0.415106191765517,
                    "R7": 0.4158158474601805,
                    "R8": 0.4165181969292462,
                    "R9": 0.41640948597341776,
                    "as": 2.1038752091117203,
                    "comp": 0.20409712195396423,
                    "dc": 0
                }
            },
            "gen-secure": {
                "reward": 24549,
                "time": 46.799357757903636,
                "time_by_components": {
                    "R0": 3.0644938554614782,
                    "R1": 2.52465765690431,
                    "R2": 2.435543480794877,
                    "R3": 2.399599203374237,
                    "R4": 2.3687419393099844,
                    "R5": 2.3695752979256213,
                    "R6": 2.3648461923003197,
                    "R7": 2.401450146920979,
                    "R8": 2.3551471875980496,
                    "R9": 2.349042079411447,
                    "as": 2.541126268915832,
                    "comp": 17.943480281624943,
                    "dc": 0.0334372972138226
                }
            },
            "std": {
                "reward": 24549,
                "time": 3.033236026763916
            }
        }
    },
    "e-greedy-decreasing": {
        "it-26": {
            "args": {
                "alpha_seed": 538,
                "epsilon_seed": 15,
                "random_arm_seed": 436,
                "reward_seed": 26,
                "sigma_seed": 420
            },
            "gen-distributed": {
                "reward": 24691,
                "time": 8.427280894014984,
                "time_by_components": {
                    "R0": 0.8690443430095911,
                    "R1": 0.4379760017618537,
                    "R2": 0.4333112449385226,
                    "R3": 0.43373863957822323,
                    "R4": 0.4320932198315859,
                    "R5": 0.4312805184163153,
                    "R6": 0.4315019315108657,
                    "R7": 0.4321393435820937,
                    "R8": 0.43099585035815835,
                    "R9": 0.43237569462507963,
                    "as": 2.160943956580013,
                    "comp": 0.19762454042211175,
                    "dc": 0
                }
            },
            "gen-secure": {
                "reward": 24691,
                "time": 47.160303607117385,
                "time_by_components": {
                    "R0": 3.1197501556016505,
                    "R1": 2.527732087764889,
                    "R2": 2.456242282874882,
                    "R3": 2.425314576830715,
                    "R4": 2.3927037343382835,
                    "R5": 2.3838097332045436,
                    "R6": 2.3783344635739923,
                    "R7": 2.3788320762105286,
                    "R8": 2.370007793419063,
                    "R9": 2.3752929395996034,
                    "as": 2.5217045405879617,
                    "comp": 18.102743269409984,
                    "dc": 0.03303853888064623
                }
            },
            "std": {
                "reward": 24691,
                "time": 3.030273675918579
            }
        }
    },
    "nb_iterations": 50,
    "pursuit": {
        "it-26": {
            "args": {
                "alpha_seed": 15,
                "beta": 0.2,
                "random_arm_seed": 436,
                "reward_seed": 26,
                "sigma_seed": 420
            },
            "gen-distributed": {
                "reward": 22312,
                "time": 17.065576476976275,
                "time_by_components": {
                    "R0": 1.0297105517238379,
                    "R1": 0.9587229592725635,
                    "R2": 0.9497315683402121,
                    "R3": 0.9482087497599423,
                    "R4": 0.9445316698402166,
                    "R5": 1.41137542296201,
                    "R6": 0.9496529311873019,
                    "R7": 0.9437185595743358,
                    "R8": 0.9418692160397768,
                    "R9": 0.9477316127158701,
                    "as": 4.33959276182577,
                    "comp": 0.9102848707698286,
                    "dc": 0
                }
            },
            "gen-secure": {
                "reward": 22312,
                "time": 95.5047890082933,
                "time_by_components": {
                    "R0": 5.594944298733026,
                    "R1": 5.167463361285627,
                    "R2": 4.997419661376625,
                    "R3": 4.898786385077983,
                    "R4": 4.886498170439154,
                    "R5": 5.414327745325863,
                    "R6": 4.84306093910709,
                    "R7": 4.821754024364054,
                    "R8": 4.792167745996267,
                    "R9": 4.86184152495116,
                    "as": 5.132368603721261,
                    "comp": 37.574249332770705,
                    "dc": 0.03307216102257371
                }
            },
            "std": {
                "reward": 22312,