{
    "N": 80000,
    "arms": [
        0.4960973461954129,
        0.46519633350678463,
        0.4564303726534043,
        0.45410879397990633,
        0.4505463715326422,
        0.4449825881599488,
        0.4438618260417084,
        0.4347356202217508,
        0.42404835287995835,
        0.41264059560501143
    ],
    "boltzmann": {
        "it-49": {
            "args": {
                "alpha_seed": 689,
                "random_arm_seed": 346,
                "reward_seed": 49,
                "sigma_seed": 543,
                "tau": 0.02
            },
            "gen-distributed": {
                "reward": 36317,
                "time": 14.50045710336417,
                "time_by_components": {
                    "R0": 0.8046414419077337,
                    "R1": 1.1848234701901674,
                    "R2": 0.7563705537468195,
                    "R3": 0.7517299489118159,
                    "R4": 0.7514994614757597,
                    "R5": 0.8956682831048965,
                    "R6": 0.7593567175790668,
                    "R7": 0.924085721373558,
                    "R8": 0.7508816020563245,
                    "R9": 0.7690317910164595,
                    "as": 3.471308175008744,
                    "comp": 1.2526036035269499,
                    "dc": 0
                }
            },
            "gen-secure": {
                "reward": 36317,
                "time": 78.72495726915076,
                "time_by_components": {
                    "R0": 4.489664308726788,
                    "R1": 4.665399658959359,
                    "R2": 4.111569330096245,
                    "R3": 4.051178635563701,
                    "R4": 3.983765358105302,
                    "R5": 4.1410541902296245,
                    "R6": 3.9734204867854714,
                    "R7": 4.162092686165124,
                    "R8": 3.9608800360001624,
                    "R9": 3.9788986830972135,
                    "as": 4.097005980554968,
                    "comp": 31.073104330338538,
                    "dc": 0.03288677195087075
                }
            },
            "std": {
                "reward": 36317,
                "time": 5.200683355331421
            }
        }
    },
    "e-greedy": {
        "it-49": {
            "args": {
                "alpha_seed": 356,
                "epsilon": 0.1,
                "epsilon_seed": 309,
                "random_arm_seed": 356,
                "reward_seed": 49,
                "sigma_seed": 890
            },
            "gen-distributed": {
                "reward": 39065,
                "time": 13.226540773175657,
                "time_by_components": {
                    "R0": 1.2917408854700625,
                    "R1": 0.6840312946587801,
                    "R2": 0.6743437214754522,
                    "R3": 0.7335937130264938,
                    "R4": 0.6719878646545112,
                    "R5": 0.6755605163052678,
                    "R6": 0.673066487070173,
                    "R7": 0.6732930704019964,
                    "R8": 0.6701594120822847,
                    "R9": 0.6724456152878702,
                    "as": 3.444642695132643,
                    "comp": 0.33587029157206416,
                    "dc": 0
                }
            },
            "gen-secure": {
                "reward": 39065,
                "time": 74.3800054397434,
                "time_by_components": {
                    "R0": 4.833145171403885,
                    "R1": 3.950311027467251,
                    "R2": 3.832856960128993,
                    "R3": 3.851525060366839,
                    "R4": 3.736826664302498,
                    "R5": 3.7342104641720653,
                    "R6": 3.7195552834309638,
                    "R7": 3.739090071991086,
                    "R8": 3.7063305526971817,
                    "R9": 3.7036729343235493,
                    "as": 4.068630155175924,
                    "comp": 28.82540034642443,
                    "dc": 0.03312217257916927
                }
            },
            "std": {
                "reward": 39065,
                "time": 4.893570184707642
            }
        }
    },
    "e-greedy-decreasing": {
        "it-49": {
            "args": {
                "alpha_seed": 86,
                "epsilon_seed": 689,
                "random_arm_seed": 346,
                "reward_seed": 49,
                "sigma_seed": 625
            },
            "gen-distributed": {
                "reward": 39460,
                "time": 13.435509106144309,
                "time_by_components": {
                    "R0": 1.396299984306097,
                    "R1": 0.7006736057810485,
                    "R2": 0.6924023330211639,
                    "R3": 0.6910817730240524,
                    "R4": 0.691444733645767,
                    "R5": 0.6929064253345132,
                    "R6": 0.6917862314730883,
                    "R7": 0.6919810818508267,
                    "R8": 0.689238618593663,
                    "R9": 0.691677494905889,
                    "as": 3.421420013997704,
                    "comp": 0.3108750954270363,
                    "dc": 0
                }
            },
            "gen-secure": {
                "reward": 39460,
                "time": 75.04361877311021,
                "time_by_components": {
                    "R0": 4.9586333483457565,
                    "R1": 3.995494930073619,
                    "R2": 3.883793855085969,
                    "R3": 3.8288979991339147,
                    "R4": 3.774266086053103,
                    "R5": 3.75846210680902,
                    "R6": 3.752626733854413,
                    "R7": 3.738894460722804,
                    "R8": 3.741891282144934,
                    "R9": 3.737877571955323,
                    "as": 4.013632608111948,
                    "comp": 29.09745214181021,
                    "dc": 0.0330158188007772
                }
            },
            "std": {
                "reward": 39460,
                "time": 4.917729139328003
            }
        }
    },
    "nb_iterations": 50,
    "pursuit": {
        "it-49": {
            "args": {
                "alpha_seed": 689,
                "beta": 0.2,
                "random_arm_seed": 346,
                "reward_seed": 49,
                "sigma_seed": 625
            },
            "gen-distributed": {
                "reward": 37275,
                "time": 25.04410720197484,
                "time_by_components": {
                    "R0": 1.5115641900338233,
                    "R1": 2.0944662764668465,
                    "R2": 1.4073810908012092,
                    "R3": 1.4017130634747446,
                    "R4": 1.3974973387084901,
                    "R5": 1.396352560725063,
                    "R6": 1.3941745897755027,
                    "R7": 1.3945820298977196,
                    "R8": 1.3933541323058307,
                    "R9": 1.3961403705179691,
                    "as": 6.353324428200722,
                    "comp": 1.3190598161891103,
                    "dc": 0
                }
            },
            "gen-secure": {
                "reward": 37275,
                "time": 151.99608339788392,
                "time_by_components": {
                    "R0": 8.707169450819492,
                    "R1": 9.043930066283792,
                    "R2": 7.955245633143932,
                    "R3": 7.887352749239653,
                    "R4": 7.690294300671667,
                    "R5": 7.775491854175925,
                    "R6": 7.667591391596943,
                    "R7": 7.73475851630792,
                    "R8": 7.637077076360583,
                    "R9": 7.7374676540493965,
                    "as": 8.09559125173837,
                    "comp": 60.14093830483034,
                    "dc": 0.032834828831255436
                }
            },
            "std": {
                "reward": 37275,