{
    "N": 50000,
    "arms": [
        0.4960973461954129,
        0.46519633350678463,
        0.4564303726534043,
        0.45410879397990633,
        0.4505463715326422,
        0.4449825881599488,
        0.4438618260417084,
        0.4347356202217508,
        0.42404835287995835,
        0.41264059560501143
    ],
    "boltzmann": {
        "it-35": {
            "args": {
                "alpha_seed": 667,
                "random_arm_seed": 255,
                "reward_seed": 35,
                "sigma_seed": 162,
                "tau": 0.02
            },
            "gen-distributed": {
                "reward": 24252,
                "time": 9.061949152033776,
                "time_by_components": {
                    "R0": 0.8507265755906701,
                    "R1": 0.47817009314894676,
                    "R2": 0.47253970708698034,
                    "R3": 0.5360302813351154,
                    "R4": 0.4702026271261275,
                    "R5": 0.4724470032379031,
                    "R6": 0.4704640293493867,
                    "R7": 0.4981295820325613,
                    "R8": 0.47039612056687474,
                    "R9": 0.4932306124828756,
                    "as": 2.179274307563901,
                    "comp": 0.7811787351965904,
                    "dc": 0
                }
            },
            "gen-secure": {
                "reward": 24252,
                "time": 49.839575068093836,
                "time_by_components": {
                    "R0": 3.2755987127311528,
                    "R1": 2.7064064950682223,
                    "R2": 2.600212118588388,
                    "R3": 2.648157230578363,
                    "R4": 2.537072667386383,
                    "R5": 2.5394951584748924,
                    "R6": 2.524341691751033,
                    "R7": 2.551157579757273,
                    "R8": 2.516157738864422,
                    "R9": 2.538982300553471,
                    "as": 2.598393868189305,
                    "comp": 19.50500420620665,
                    "dc": 0.032951301895082
                }
            },
            "std": {
                "reward": 24252,
                "time": 3.3275091648101807
            }
        }
    },
    "e-greedy": {
        "it-35": {
            "args": {
                "alpha_seed": 127,
                "epsilon": 0.1,
                "epsilon_seed": 550,
                "random_arm_seed": 663,
                "reward_seed": 35,
                "sigma_seed": 381
            },
            "gen-distributed": {
                "reward": 24615,
                "time": 7.947467842139304,
                "time_by_components": {
                    "R0": 0.8155634980648756,
                    "R1": 0.41110705584287643,
                    "R2": 0.4066584659740329,
                    "R3": 0.4064371236599982,
                    "R4": 0.4057207149453461,
                    "R5": 0.4057034282013774,
                    "R6": 0.40563677391037345,
                    "R7": 0.40605916269123554,
                    "R8": 0.40656944271177053,
                    "R9": 0.4080615574494004,
                    "as": 2.0656014909036458,
                    "comp": 0.1960580269806087,
                    "dc": 0
                }
            },
            "gen-secure": {
                "reward": 24615,
                "time": 46.05016928585246,
                "time_by_components": {
                    "R0": 3.056008563376963,
                    "R1": 2.465456187725067,
                    "R2": 2.3887756722979248,
                    "R3": 2.375935702584684,
                    "R4": 2.336709428578615,
                    "R5": 2.330905496608466,
                    "R6": 2.3419779096730053,
                    "R7": 2.3352123415097594,
                    "R8": 2.315139930229634,
                    "R9": 2.3146667070686817,
                    "as": 2.470844056457281,
                    "comp": 17.663544136099517,
                    "dc": 0.033150431234389544
                }
            },
            "std": {
                "reward": 24615,
                "time": 3.0217835903167725
            }
        }
    },
    "e-greedy-decreasing": {
        "it-35": {
            "args": {
                "alpha_seed": 105,
                "epsilon_seed": 667,
                "random_arm_seed": 255,
                "reward_seed": 35,
                "sigma_seed": 551
            },
            "gen-distributed": {
                "reward": 24679,
                "time": 8.302373808342963,
                "time_by_components": {
                    "R0": 0.8624006295576692,
                    "R1": 0.434110248927027,
                    "R2": 0.42931361868977547,
                    "R3": 0.4279522905126214,
                    "R4": 0.4282036991789937,
                    "R5": 0.4269988005980849,
                    "R6": 0.42564603267237544,
                    "R7": 0.42748727928847075,
                    "R8": 0.4272287483327091,
                    "R9": 0.4259708086028695,
                    "as": 2.12483890959993,
                    "comp": 0.19261471880599856,
                    "dc": 0
                }
            },
            "gen-secure": {
                "reward": 24679,
                "time": 46.92894313437864,
                "time_by_components": {
                    "R0": 3.096361114177853,
                    "R1": 2.5164135778322816,
                    "R2": 2.442557699047029,
                    "R3": 2.4123039417900145,
                    "R4": 2.3830482829362154,
                    "R5": 2.3864532997831702,
                    "R6": 2.3666636794805527,
                    "R7": 2.3614672920666635,
                    "R8": 2.3631569650024176,
                    "R9": 2.3559823390096426,
                    "as": 2.491613870486617,
                    "comp": 18.039208916481584,
                    "dc": 0.03294991096481681
                }
            },
            "std": {
                "reward": 24679,
                "time": 3.01171612739563
            }
        }
    },
    "nb_iterations": 50,
    "pursuit": {
        "it-35": {
            "args": {
                "alpha_seed": 667,
                "beta": 0.2,
                "random_arm_seed": 255,
                "reward_seed": 35,
                "sigma_seed": 551
            },
            "gen-distributed": {
                "reward": 22287,
                "time": 16.95447951508686,
                "time_by_components": {
                    "R0": 1.022957256063819,
                    "R1": 0.9528541858308017,
                    "R2": 0.943746933247894,
                    "R3": 0.9398379451595247,
                    "R4": 0.9404811835847795,
                    "R5": 1.3952164924703538,
                    "R6": 0.9423439339734614,
                    "R7": 0.9416792276315391,
                    "R8": 0.9365824116393924,
                    "R9": 0.9454385014250875,
                    "as": 4.329779477324337,
                    "comp": 0.9035484432242811,
                    "dc": 0
                }
            },
            "gen-secure": {
                "reward": 22287,
                "time": 96.908030312974,
                "time_by_components": {
                    "R0": 5.659001754596829,
                    "R1": 5.220753676723689,
                    "R2": 5.039844800718129,
                    "R3": 5.055478566791862,
                    "R4": 4.9225839069113135,
                    "R5": 5.4849735223688185,
                    "R6": 4.917183730285615,
                    "R7": 4.944583064876497,
                    "R8": 4.948288904037327,
                    "R9": 4.934748106636107,
                    "as": 5.19691350730136,
                    "comp": 38.04017967777327,
                    "dc": 0.03285179287195206
                }
            },
            "std": {
                "reward": 22287,