{
    "N": 90000,
    "arms": [
        0.4960973461954129,
        0.46519633350678463,
        0.4564303726534043,
        0.45410879397990633,
        0.4505463715326422,
        0.4449825881599488,
        0.4438618260417084,
        0.4347356202217508,
        0.42404835287995835,
        0.41264059560501143
    ],
    "boltzmann": {
        "it-43": {
            "args": {
                "alpha_seed": 978,
                "random_arm_seed": 784,
                "reward_seed": 43,
                "sigma_seed": 842,
                "tau": 0.02
            },
            "gen-distributed": {
                "reward": 43930,
                "time": 16.23164325207472,
                "time_by_components": {
                    "R0": 1.5599841056391597,
                    "R1": 0.9828304066322744,
                    "R2": 0.8450245228596032,
                    "R3": 0.8428812432102859,
                    "R4": 0.8397814864292741,
                    "R5": 0.8646056652069092,
                    "R6": 0.8419383438304067,
                    "R7": 0.863402393180877,
                    "R8": 0.8408042751252651,
                    "R9": 0.8409897307865322,
                    "as": 3.8800621326081455,
                    "comp": 1.4091393700800836,
                    "dc": 0
                }
            },
            "gen-secure": {
                "reward": 43930,
                "time": 88.99394996324554,
                "time_by_components": {
                    "R0": 5.773811942897737,
                    "R1": 4.897094571962953,
                    "R2": 4.639963831752539,
                    "R3": 4.560653077438474,
                    "R4": 4.497995349112898,
                    "R5": 4.510720376856625,
                    "R6": 4.4673337154090405,
                    "R7": 4.483812856953591,
                    "R8": 4.451279484201223,
                    "R9": 4.478290268220007,
                    "as": 4.590342935640365,
                    "comp": 35.314163281116635,
                    "dc": 0.0328957661986351
                }
            },
            "std": {
                "reward": 43930,
                "time": 5.878705263137817
            }
        }
    },
    "e-greedy": {
        "it-43": {
            "args": {
                "alpha_seed": 844,
                "epsilon": 0.1,
                "epsilon_seed": 886,
                "random_arm_seed": 846,
                "reward_seed": 43,
                "sigma_seed": 259
            },
            "gen-distributed": {
                "reward": 44170,
                "time": 14.588662296999246,
                "time_by_components": {
                    "R0": 1.4979061614722013,
                    "R1": 0.7552194609306753,
                    "R2": 0.7494624094106257,
                    "R3": 0.7479285802692175,
                    "R4": 0.7453697249293327,
                    "R5": 0.7515076999552548,
                    "R6": 0.7491772891953588,
                    "R7": 0.7518275319598615,
                    "R8": 0.7472917917184532,
                    "R9": 0.7476880950853229,
                    "as": 3.758327956777066,
                    "comp": 0.3645456717349589,
                    "dc": 0
                }
            },
            "gen-secure": {
                "reward": 44170,
                "time": 81.95881041977555,
                "time_by_components": {
                    "R0": 5.379272673744708,
                    "R1": 4.349735741503537,
                    "R2": 4.218477766960859,
                    "R3": 4.167516213376075,
                    "R4": 4.111881085205823,
                    "R5": 4.111130013130605,
                    "R6": 4.106064737774432,
                    "R7": 4.091797946952283,
                    "R8": 4.080241455230862,
                    "R9": 4.076334977056831,
                    "as": 4.46284701442346,
                    "comp": 31.83151599485427,
                    "dc": 0.03332428401336074
                }
            },
            "std": {
                "reward": 44170,
                "time": 5.385708332061768
            }
        }
    },
    "e-greedy-decreasing": {
        "it-43": {
            "args": {
                "alpha_seed": 568,
                "epsilon_seed": 978,
                "random_arm_seed": 784,
                "reward_seed": 43,
                "sigma_seed": 505
            },
            "gen-distributed": {
                "reward": 43697,
                "time": 14.923133888281882,
                "time_by_components": {
                    "R0": 1.4325352907180786,
                    "R1": 0.7797756656073034,
                    "R2": 0.7743532545864582,
                    "R3": 0.834895602427423,
                    "R4": 0.7776508564129472,
                    "R5": 0.8238549204543233,
                    "R6": 0.7720195688307285,
                    "R7": 0.771985147614032,
                    "R8": 0.7693670513108373,
                    "R9": 0.7689457875676453,
                    "as": 3.779753787908703,
                    "comp": 0.3412538939155638,
                    "dc": 0
                }
            },
            "gen-secure": {
                "reward": 43697,
                "time": 83.78989840997383,
                "time_by_components": {
                    "R0": 5.396932621486485,
                    "R1": 4.445556733291596,
                    "R2": 4.31399453477934,
                    "R3": 4.331505266018212,
                    "R4": 4.216337512247264,
                    "R5": 4.259722118265927,
                    "R6": 4.180242422968149,
                    "R7": 4.170640193857253,
                    "R8": 4.1639563497155905,
                    "R9": 4.157907406799495,
                    "as": 4.522355768829584,
                    "comp": 32.542704527266324,
                    "dc": 0.03286583814769983
                }
            },
            "std": {
                "reward": 43697,
                "time": 5.4174816608428955
            }
        }
    },
    "nb_iterations": 50,
    "pursuit": {
        "it-43": {
            "args": {
                "alpha_seed": 978,
                "beta": 0.2,
                "random_arm_seed": 784,
                "reward_seed": 43,
                "sigma_seed": 505
            },
            "gen-distributed": {
                "reward": 44640,
                "time": 29.795862938277423,
                "time_by_components": {
                    "R0": 2.605095061007887,
                    "R1": 1.6936209220439196,
                    "R2": 1.663673149421811,
                    "R3": 1.659056558739394,
                    "R4": 1.6557242325507104,
                    "R5": 1.6611101357266307,
                    "R6": 1.6547474465332925,
                    "R7": 1.6513459077104926,
                    "R8": 1.6501747681759298,
                    "R9": 1.6544085592031479,
                    "as": 7.568287865724415,
                    "comp": 1.5748534859158099,
                    "dc": 0
                }
            },
            "gen-secure": {
                "reward": 44640,
                "time": 173.11256635002792,
                "time_by_components": {
                    "R0": 10.912557815667242,
                    "R1": 9.423026869539171,
                    "R2": 9.018145180307329,
                    "R3": 9.008155237417668,
                    "R4": 8.756439887918532,
                    "R5": 8.834188152570277,
                    "R6": 8.700535335112363,
                    "R7": 8.784287496004254,
                    "R8": 8.665530269034207,
                    "R9": 8.672878168988973,
                    "as": 9.31354303797707,
                    "comp": 68.42329557519406,
                    "dc": 0.03303283918648958
                }
            },
            "std": {
                "reward": 44640,