{
    "N": 50000,
    "arms": [
        0.4960973461954129,
        0.46519633350678463,
        0.4564303726534043,
        0.45410879397990633,
        0.4505463715326422,
        0.4449825881599488,
        0.4438618260417084,
        0.4347356202217508,
        0.42404835287995835,
        0.41264059560501143
    ],
    "boltzmann": {
        "it-5": {
            "args": {
                "alpha_seed": 536,
                "random_arm_seed": 723,
                "reward_seed": 5,
                "sigma_seed": 788,
                "tau": 0.02
            },
            "gen-distributed": {
                "reward": 23094,
                "time": 9.098124883137643,
                "time_by_components": {
                    "R0": 0.5018298123031855,
                    "R1": 0.8650695574469864,
                    "R2": 0.47766287066042423,
                    "R3": 0.47219067765399814,
                    "R4": 0.469989747274667,
                    "R5": 0.47707464592531323,
                    "R6": 0.4733982104808092,
                    "R7": 0.5241713654249907,
                    "R8": 0.4946441031061113,
                    "R9": 0.47076660580933094,
                    "as": 2.1717319092713296,
                    "comp": 0.7877205233089626,
                    "dc": 0
                }
            },
            "gen-secure": {
                "reward": 23094,
                "time": 49.51165113924071,
                "time_by_components": {
                    "R0": 2.839432281907648,
                    "R1": 3.08995003066957,
                    "R2": 2.614721051417291,
                    "R3": 2.5673779221251607,
                    "R4": 2.5264802714809775,
                    "R5": 2.5199969480745494,
                    "R6": 2.5158637915737927,
                    "R7": 2.57074414845556,
                    "R8": 2.5347300292924047,
                    "R9": 2.5031849765218794,
                    "as": 2.553022106643766,
                    "comp": 19.368158559780568,
                    "dc": 0.03304454684257507
                }
            },
            "std": {
                "reward": 23094,
                "time": 3.2623941898345947
            }
        }
    },
    "e-greedy": {
        "it-5": {
            "args": {
                "alpha_seed": 194,
                "epsilon": 0.1,
                "epsilon_seed": 598,
                "random_arm_seed": 664,
                "reward_seed": 5,
                "sigma_seed": 563
            },
            "gen-distributed": {
                "reward": 24637,
                "time": 8.113057126291096,
                "time_by_components": {
                    "R0": 0.8326852647587657,
                    "R1": 0.4201614484190941,
                    "R2": 0.41614889074116945,
                    "R3": 0.41541603999212384,
                    "R4": 0.41552323242649436,
                    "R5": 0.41440654126927257,
                    "R6": 0.4183745770715177,
                    "R7": 0.4152486268430948,
                    "R8": 0.415985690895468,
                    "R9": 0.41521391924470663,
                    "as": 2.09769250638783,
                    "comp": 0.2029068605042994,
                    "dc": 0
                }
            },
            "gen-secure": {
                "reward": 24637,
                "time": 46.78540254384279,
                "time_by_components": {
                    "R0": 3.097455940209329,
                    "R1": 2.5159957567229867,
                    "R2": 2.4446632098406553,
                    "R3": 2.4060924076475203,
                    "R4": 2.3793623642995954,
                    "R5": 2.363232738804072,
                    "R6": 2.382034085225314,
                    "R7": 2.3592650364153087,
                    "R8": 2.3488289550878108,
                    "R9": 2.346268222667277,
                    "as": 2.534807711839676,
                    "comp": 17.93276179069653,
                    "dc": 0.030849138740450144
                }
            },
            "std": {
                "reward": 24637,
                "time": 3.010284662246704
            }
        }
    },
    "e-greedy-decreasing": {
        "it-5": {
            "args": {
                "alpha_seed": 997,
                "epsilon_seed": 536,
                "random_arm_seed": 723,
                "reward_seed": 5,
                "sigma_seed": 966
            },
            "gen-distributed": {
                "reward": 24519,
                "time": 8.16142786713317,
                "time_by_components": {
                    "R0": 0.8142964113503695,
                    "R1": 0.4246062389574945,
                    "R2": 0.4282882227562368,
                    "R3": 0.41917836712673306,
                    "R4": 0.4181739594787359,
                    "R5": 0.43999993801116943,
                    "R6": 0.4182716221548617,
                    "R7": 0.4167892332188785,
                    "R8": 0.41741246031597257,
                    "R9": 0.41795916529372334,
                    "as": 2.0915546799078584,
                    "comp": 0.18990793358534575,
                    "dc": 0
                }
            },
            "gen-secure": {
                "reward": 24519,
                "time": 47.31828925432637,
                "time_by_components": {
                    "R0": 3.1103971977718174,
                    "R1": 2.5385735952295363,
                    "R2": 2.471164075192064,
                    "R3": 2.432587695773691,
                    "R4": 2.3998383446596563,
                    "R5": 2.4216751977801323,
                    "R6": 2.3854431780055165,
                    "R7": 2.3806850854307413,
                    "R8": 2.376061257440597,
                    "R9": 2.380953824147582,
                    "as": 2.5370552171953022,
                    "comp": 18.14238918107003,
                    "dc": 0.03291602898389101
                }
            },
            "std": {
                "reward": 24519,
                "time": 3.0955893993377686
            }
        }
    },
    "nb_iterations": 50,
    "pursuit": {
        "it-5": {
            "args": {
                "alpha_seed": 536,
                "beta": 0.2,
                "random_arm_seed": 723,
                "reward_seed": 5,
                "sigma_seed": 966
            },
            "gen-distributed": {
                "reward": 23381,
                "time": 16.933182478882372,
                "time_by_components": {
                    "R0": 1.0246081668883562,
                    "R1": 1.4208679543808103,
                    "R2": 0.9530451018363237,
                    "R3": 0.9441806911490858,
                    "R4": 0.9395544454455376,
                    "R5": 0.9386921063996851,
                    "R6": 0.9388176570646465,
                    "R7": 0.9380231238901615,
                    "R8": 0.9375687520951033,
                    "R9": 0.935993779450655,
                    "as": 4.296626285649836,
                    "comp": 0.8977869586087763,
                    "dc": 0
                }
            },
            "gen-secure": {
                "reward": 23381,
                "time": 96.30906289909035,
                "time_by_components": {
                    "R0": 5.557577503379434,
                    "R1": 5.746377348899841,
                    "R2": 5.1194775071926415,
                    "R3": 4.9810956278815866,
                    "R4": 4.9074554606340826,
                    "R5": 4.877271055243909,
                    "R6": 4.868096310645342,
                    "R7": 4.919795259367675,
                    "R8": 4.929176656529307,
                    "R9": 4.864260281436145,
                    "as": 5.114439396187663,
                    "comp": 37.88550572376698,
                    "dc": 0.032912176102399826
                }
            },
            "std": {
                "reward": 23381,