{
    "N": 70000,
    "arms": [
        0.4960973461954129,
        0.46519633350678463,
        0.4564303726534043,
        0.45410879397990633,
        0.4505463715326422,
        0.4449825881599488,
        0.4438618260417084,
        0.4347356202217508,
        0.42404835287995835,
        0.41264059560501143
    ],
    "boltzmann": {
        "it-50": {
            "args": {
                "alpha_seed": 666,
                "random_arm_seed": 882,
                "reward_seed": 50,
                "sigma_seed": 96,
                "tau": 0.02
            },
            "gen-distributed": {
                "reward": 34378,
                "time": 12.696530770976096,
                "time_by_components": {
                    "R0": 1.2823615828529,
                    "R1": 0.6697312644682825,
                    "R2": 0.6598781575448811,
                    "R3": 0.6582372132688761,
                    "R4": 0.6686607385054231,
                    "R5": 0.6684540784917772,
                    "R6": 0.7111481479369104,
                    "R7": 0.6598532781936228,
                    "R8": 0.6699003889225423,
                    "R9": 0.6638625380583107,
                    "as": 3.0254880292341113,
                    "comp": 1.1024156706407666,
                    "dc": 0
                }
            },
            "gen-secure": {
                "reward": 34378,
                "time": 69.0879473797977,
                "time_by_components": {
                    "R0": 4.570334626827389,
                    "R1": 3.727660990320146,
                    "R2": 3.5902119888924062,
                    "R3": 3.552106404211372,
                    "R4": 3.5322454646229744,
                    "R5": 3.4965505716390908,
                    "R6": 3.542110544629395,
                    "R7": 3.4772452181205153,
                    "R8": 3.4892553803510964,
                    "R9": 3.479024872649461,
                    "as": 3.575622430536896,
                    "comp": 27.25335142808035,
                    "dc": 0.03286997089162469
                }
            },
            "std": {
                "reward": 34378,
                "time": 4.548205852508545
            }
        }
    },
    "e-greedy": {
        "it-50": {
            "args": {
                "alpha_seed": 277,
                "epsilon": 0.1,
                "epsilon_seed": 871,
                "random_arm_seed": 80,
                "reward_seed": 50,
                "sigma_seed": 844
            },
            "gen-distributed": {
                "reward": 31594,
                "time": 11.406992271076888,
                "time_by_components": {
                    "R0": 0.6097911046817899,
                    "R1": 0.5862526106648147,
                    "R2": 0.5973934871144593,
                    "R3": 0.5876468135975301,
                    "R4": 1.0505344308912754,
                    "R5": 0.6600299817509949,
                    "R6": 0.5856301607564092,
                    "R7": 0.5808256985619664,
                    "R8": 0.5832656743004918,
                    "R9": 0.5826394553296268,
                    "as": 2.9586316985078156,
                    "comp": 0.286332331597805,
                    "dc": 0
                }
            },
            "gen-secure": {
                "reward": 31594,
                "time": 64.76382028590888,
                "time_by_components": {
                    "R0": 3.632511410396546,
                    "R1": 3.417786465957761,
                    "R2": 3.3560823127627373,
                    "R3": 3.311352087650448,
                    "R4": 3.794484575279057,
                    "R5": 3.36498218588531,
                    "R6": 3.2721050456166267,
                    "R7": 3.2483759322203696,
                    "R8": 3.242342786397785,
                    "R9": 3.236878426745534,
                    "as": 3.502314940560609,
                    "comp": 25.05237338785082,
                    "dc": 0.03297296678647399
                }
            },
            "std": {
                "reward": 31594,
                "time": 4.217378616333008
            }
        }
    },
    "e-greedy-decreasing": {
        "it-50": {
            "args": {
                "alpha_seed": 828,
                "epsilon_seed": 666,
                "random_arm_seed": 882,
                "reward_seed": 50,
                "sigma_seed": 540
            },
            "gen-distributed": {
                "reward": 34591,
                "time": 11.59848608262837,
                "time_by_components": {
                    "R0": 1.2115164189599454,
                    "R1": 0.6065540863201022,
                    "R2": 0.5998863698914647,
                    "R3": 0.5991687932983041,
                    "R4": 0.5970374019816518,
                    "R5": 0.598939647898078,
                    "R6": 0.5971029833890498,
                    "R7": 0.5973381595686078,
                    "R8": 0.5972145996056497,
                    "R9": 0.5971188051626086,
                    "as": 2.9489990407601,
                    "comp": 0.2662814315408468,
                    "dc": 0
                }
            },
            "gen-secure": {
                "reward": 34591,
                "time": 65.4724888028577,
                "time_by_components": {
                    "R0": 4.318714734632522,
                    "R1": 3.494783129543066,
                    "R2": 3.389084300491959,
                    "R3": 3.3483410221524537,
                    "R4": 3.3132428494282067,
                    "R5": 3.296788124833256,
                    "R6": 3.293345332611352,
                    "R7": 3.2781160776503384,
                    "R8": 3.27176603814587,
                    "R9": 3.2805795464664698,
                    "as": 3.4991147685796022,
                    "comp": 25.283165386877954,
                    "dc": 0.03293469920754433
                }
            },
            "std": {
                "reward": 34591,
                "time": 4.206552743911743
            }
        }
    },
    "nb_iterations": 50,
    "pursuit": {
        "it-50": {
            "args": {
                "alpha_seed": 666,
                "beta": 0.2,
                "random_arm_seed": 882,
                "reward_seed": 50,
                "sigma_seed": 540
            },
            "gen-distributed": {
                "reward": 34828,
                "time": 23.61513830209151,
                "time_by_components": {
                    "R0": 2.064496914856136,
                    "R1": 1.3451058650389314,
                    "R2": 1.3189776721410453,
                    "R3": 1.3154887510463595,
                    "R4": 1.3126469301059842,
                    "R5": 1.3187326756305993,
                    "R6": 1.3148508886806667,
                    "R7": 1.314519072882831,
                    "R8": 1.30994324805215,
                    "R9": 1.3120893500745296,
                    "as": 5.985163753852248,
                    "comp": 1.2474854439496994,
                    "dc": 0
                }
            },
            "gen-secure": {
                "reward": 34828,
                "time": 133.19471582397819,
                "time_by_components": {
                    "R0": 8.389119293075055,
                    "R1": 7.2018502820283175,
                    "R2": 6.9844763381406665,
                    "R3": 6.878629390150309,
                    "R4": 6.78410323522985,
                    "R5": 6.719974545761943,
                    "R6": 6.763158492278308,
                    "R7": 6.690796955488622,
                    "R8": 6.735896694473922,
                    "R9": 6.732438418082893,
                    "as": 7.157036344986409,
                    "comp": 52.64485431229696,
                    "dc": 0.032818760722875595
                }
            },
            "std": {
                "reward": 34828,