{
    "N": 50000,
    "arms": [
        0.4960973461954129,
        0.46519633350678463,
        0.4564303726534043,
        0.45410879397990633,
        0.4505463715326422,
        0.4449825881599488,
        0.4438618260417084,
        0.4347356202217508,
        0.42404835287995835,
        0.41264059560501143
    ],
    "boltzmann": {
        "it-30": {
            "args": {
                "alpha_seed": 323,
                "random_arm_seed": 26,
                "reward_seed": 30,
                "sigma_seed": 548,
                "tau": 0.02
            },
            "gen-distributed": {
                "reward": 24474,
                "time": 9.085662724915892,
                "time_by_components": {
                    "R0": 0.8993042935617268,
                    "R1": 0.4806954083032906,
                    "R2": 0.47409788286313415,
                    "R3": 0.47150392131879926,
                    "R4": 0.4716006675735116,
                    "R5": 0.5276434314437211,
                    "R6": 0.47180431289598346,
                    "R7": 0.470483694691211,
                    "R8": 0.4848700426518917,
                    "R9": 0.470935033634305,
                    "as": 2.176093071233481,
                    "comp": 0.7820137115195394,
                    "dc": 0
                }
            },
            "gen-secure": {
                "reward": 24474,
                "time": 49.7674131738022,
                "time_by_components": {
                    "R0": 3.288049050141126,
                    "R1": 2.69604511000216,
                    "R2": 2.6190880816429853,
                    "R3": 2.5833108541555703,
                    "R4": 2.5386198447085917,
                    "R5": 2.593597525265068,
                    "R6": 2.51957592042163,
                    "R7": 2.514580045826733,
                    "R8": 2.5303953322581947,
                    "R9": 2.5120891840197146,
                    "as": 2.558818713761866,
                    "comp": 19.51632623327896,
                    "dc": 0.03294441103935242
                }
            },
            "std": {
                "reward": 24474,
                "time": 3.2979493141174316
            }
        }
    },
    "e-greedy": {
        "it-30": {
            "args": {
                "alpha_seed": 704,
                "epsilon": 0.1,
                "epsilon_seed": 795,
                "random_arm_seed": 911,
                "reward_seed": 30,
                "sigma_seed": 744
            },
            "gen-distributed": {
                "reward": 24589,
                "time": 8.131273948121816,
                "time_by_components": {
                    "R0": 0.8353654565289617,
                    "R1": 0.4236691500991583,
                    "R2": 0.4178473399952054,
                    "R3": 0.417462604586035,
                    "R4": 0.41757334023714066,
                    "R5": 0.416587698739022,
                    "R6": 0.4166005770675838,
                    "R7": 0.41568127553910017,
                    "R8": 0.4170137858018279,
                    "R9": 0.41596338897943497,
                    "as": 2.101428902707994,
                    "comp": 0.20315015874803066,
                    "dc": 0
                }
            },
            "gen-secure": {
                "reward": 24589,
                "time": 46.21160698775202,
                "time_by_components": {
                    "R0": 3.05194955971092,
                    "R1": 2.479962272103876,
                    "R2": 2.4079285636544228,
                    "R3": 2.377495188266039,
                    "R4": 2.352683673147112,
                    "R5": 2.3386958627961576,
                    "R6": 2.3339388044551015,
                    "R7": 2.333328048232943,
                    "R8": 2.327017039526254,
                    "R9": 2.323630348779261,
                    "as": 2.494758407585323,
                    "comp": 17.722896323539317,
                    "dc": 0.03284559631720185
                }
            },
            "std": {
                "reward": 24589,
                "time": 3.0281996726989746
            }
        }
    },
    "e-greedy-decreasing": {
        "it-30": {
            "args": {
                "alpha_seed": 508,
                "epsilon_seed": 323,
                "random_arm_seed": 26,
                "reward_seed": 30,
                "sigma_seed": 617
            },
            "gen-distributed": {
                "reward": 24654,
                "time": 8.356703892350197,
                "time_by_components": {
                    "R0": 0.8539210641756654,
                    "R1": 0.44703099643811584,
                    "R2": 0.432984234765172,
                    "R3": 0.4298235811293125,
                    "R4": 0.4294669795781374,
                    "R5": 0.43061308609321713,
                    "R6": 0.42958119371905923,
                    "R7": 0.42893639113754034,
                    "R8": 0.43008161149919033,
                    "R9": 0.42915236903354526,
                    "as": 2.13142446288839,
                    "comp": 0.19451251858845353,
                    "dc": 0
                }
            },
            "gen-secure": {
                "reward": 24654,
                "time": 46.78650988312438,
                "time_by_components": {
                    "R0": 3.0745250242762268,
                    "R1": 2.5238849236629903,
                    "R2": 2.4475862057879567,
                    "R3": 2.405159013811499,
                    "R4": 2.381351108197123,
                    "R5": 2.3691438920795918,
                    "R6": 2.359970189165324,
                    "R7": 2.357021454256028,
                    "R8": 2.3539411458186805,
                    "R9": 2.3564258166588843,
                    "as": 2.465586943551898,
                    "comp": 17.973569765221328,
                    "dc": 0.03293517604470253
                }
            },
            "std": {
                "reward": 24654,
                "time": 3.0578532218933105
            }
        }
    },
    "nb_iterations": 50,
    "pursuit": {
        "it-30": {
            "args": {
                "alpha_seed": 323,
                "beta": 0.2,
                "random_arm_seed": 26,
                "reward_seed": 30,
                "sigma_seed": 617
            },
            "gen-distributed": {
                "reward": 22721,
                "time": 16.85388524737209,
                "time_by_components": {
                    "R0": 1.0198335004970431,
                    "R1": 0.9518076651729643,
                    "R2": 0.944530566688627,
                    "R3": 1.3498437171801925,
                    "R4": 0.9421158279292285,
                    "R5": 0.9839723771438003,
                    "R6": 0.9363990053534508,
                    "R7": 0.9373277509585023,
                    "R8": 0.9358915737830102,
                    "R9": 0.9353120755404234,
                    "as": 4.276846028864384,
                    "comp": 0.8875901415012777,
                    "dc": 0
                }
            },
            "gen-secure": {
                "reward": 22721,
                "time": 95.43148319935426,
                "time_by_components": {
                    "R0": 5.551783963106573,
                    "R1": 5.147392628248781,
                    "R2": 4.982594432774931,
                    "R3": 5.445734347216785,
                    "R4": 4.874433357734233,
                    "R5": 4.946567865088582,
                    "R6": 4.830882747657597,
                    "R7": 4.877788999583572,
                    "R8": 4.8611439149826765,
                    "R9": 4.864274241030216,
                    "as": 5.095400860067457,
                    "comp": 37.44704458070919,
                    "dc": 0.033220954705029726
                }
            },
            "std": {
                "reward": 22721,