{
    "N": 90000,
    "arms": [
        0.4960973461954129,
        0.46519633350678463,
        0.4564303726534043,
        0.45410879397990633,
        0.4505463715326422,
        0.4449825881599488,
        0.4438618260417084,
        0.4347356202217508,
        0.42404835287995835,
        0.41264059560501143
    ],
    "boltzmann": {
        "it-12": {
            "args": {
                "alpha_seed": 801,
                "random_arm_seed": 563,
                "reward_seed": 12,
                "sigma_seed": 471,
                "tau": 0.02
            },
            "gen-distributed": {
                "reward": 43716,
                "time": 16.230573020875454,
                "time_by_components": {
                    "R0": 1.5066439881920815,
                    "R1": 0.9454827490262687,
                    "R2": 0.8433607369661331,
                    "R3": 0.9740878152661026,
                    "R4": 0.8413814627565444,
                    "R5": 0.8469776953570545,
                    "R6": 0.843566233292222,
                    "R7": 0.841143926139921,
                    "R8": 0.8442286159843206,
                    "R9": 0.8417883887887001,
                    "as": 3.886672306340188,
                    "comp": 1.3990765903145075,
                    "dc": 0
                }
            },
            "gen-secure": {
                "reward": 43716,
                "time": 88.8635819889605,
                "time_by_components": {
                    "R0": 5.716318971477449,
                    "R1": 4.8715007971040905,
                    "R2": 4.625271050259471,
                    "R3": 4.733264414593577,
                    "R4": 4.534081997349858,
                    "R5": 4.479864187538624,
                    "R6": 4.453390724491328,
                    "R7": 4.4454252128489316,
                    "R8": 4.436483435798436,
                    "R9": 4.496536794118583,
                    "as": 4.650997689459473,
                    "comp": 35.06961101805791,
                    "dc": 0.03324291808530688
                }
            },
            "std": {
                "reward": 43716,
                "time": 5.9447081089019775
            }
        }
    },
    "e-greedy": {
        "it-12": {
            "args": {
                "alpha_seed": 910,
                "epsilon": 0.1,
                "epsilon_seed": 932,
                "random_arm_seed": 226,
                "reward_seed": 12,
                "sigma_seed": 667
            },
            "gen-distributed": {
                "reward": 44191,
                "time": 14.656383608002216,
                "time_by_components": {
                    "R0": 1.5061297761276364,
                    "R1": 0.7641369588673115,
                    "R2": 0.7521929428912699,
                    "R3": 0.7496617673896253,
                    "R4": 0.7495567537844181,
                    "R5": 0.7530364980921149,
                    "R6": 0.7487791450694203,
                    "R7": 0.7516334722749889,
                    "R8": 0.7486608354374766,
                    "R9": 0.7496902588754892,
                    "as": 3.7879507555626333,
                    "comp": 0.36611933168023825,
                    "dc": 0
                }
            },
            "gen-secure": {
                "reward": 44191,
                "time": 82.56568890018389,
                "time_by_components": {
                    "R0": 5.4265330783091486,
                    "R1": 4.39454954629764,
                    "R2": 4.263044995255768,
                    "R3": 4.204064374789596,
                    "R4": 4.149200173094869,
                    "R5": 4.147296191193163,
                    "R6": 4.1295331083238125,
                    "R7": 4.121233495883644,
                    "R8": 4.113352773245424,
                    "R9": 4.111520174890757,
                    "as": 4.486223881598562,
                    "comp": 32.021113423164934,
                    "dc": 0.03284772904589772
                }
            },
            "std": {
                "reward": 44191,
                "time": 5.488175392150879
            }
        }
    },
    "e-greedy-decreasing": {
        "it-12": {
            "args": {
                "alpha_seed": 797,
                "epsilon_seed": 801,
                "random_arm_seed": 563,
                "reward_seed": 12,
                "sigma_seed": 84
            },
            "gen-distributed": {
                "reward": 44260,
                "time": 15.052409862168133,
                "time_by_components": {
                    "R0": 1.5531485970132053,
                    "R1": 0.8086849986575544,
                    "R2": 0.7820181618444622,
                    "R3": 0.7732260818593204,
                    "R4": 0.7728373068384826,
                    "R5": 0.7817271146923304,
                    "R6": 0.7770469537936151,
                    "R7": 0.7725305487401783,
                    "R8": 0.7724821721203625,
                    "R9": 0.7748638582415879,
                    "as": 3.826656345743686,
                    "comp": 0.34274592297151685,
                    "dc": 0
                }
            },
            "gen-secure": {
                "reward": 44260,
                "time": 83.47817233996466,
                "time_by_components": {
                    "R0": 5.485630665905774,
                    "R1": 4.463198336772621,
                    "R2": 4.310279775410891,
                    "R3": 4.269444794394076,
                    "R4": 4.204721591901034,
                    "R5": 4.194656317587942,
                    "R6": 4.173992942087352,
                    "R7": 4.1785001824609935,
                    "R8": 4.178190427832305,
                    "R9": 4.165334796067327,
                    "as": 4.465284774079919,
                    "comp": 32.315082967747,
                    "dc": 0.03320482699200511
                }
            },
            "std": {
                "reward": 44260,
                "time": 5.453446865081787
            }
        }
    },
    "nb_iterations": 50,
    "pursuit": {
        "it-12": {
            "args": {
                "alpha_seed": 801,
                "beta": 0.2,
                "random_arm_seed": 563,
                "reward_seed": 12,
                "sigma_seed": 84
            },
            "gen-distributed": {
                "reward": 41859,
                "time": 30.17949455883354,
                "time_by_components": {
                    "R0": 1.8259213897399604,
                    "R1": 2.5212203836999834,
                    "R2": 1.6968751288950443,
                    "R3": 1.681622328236699,
                    "R4": 1.674825354013592,
                    "R5": 1.6734182420186698,
                    "R6": 1.6712280018255115,
                    "R7": 1.6720155896618962,
                    "R8": 1.6734189703129232,
                    "R9": 1.6731852102093399,
                    "as": 7.676682639401406,
                    "comp": 1.5914545645937324,
                    "dc": 0
                }
            },
            "gen-secure": {
                "reward": 41859,
                "time": 171.7316663749516,
                "time_by_components": {
                    "R0": 9.944062701426446,
                    "R1": 10.167163232341409,
                    "R2": 9.001548503059894,
                    "R3": 8.910162245389074,
                    "R4": 8.678318447433412,
                    "R5": 8.754123987164348,
                    "R6": 8.63616622472182,
                    "R7": 8.752207493409514,
                    "R8": 8.703092356212437,
                    "R9": 8.646549094468355,
                    "as": 9.13055379409343,
                    "comp": 67.86029174085706,
                    "dc": 0.04623111477121711
                }
            },
            "std": {
                "reward": 41859,