{
    "N": 90000,
    "arms": [
        0.4960973461954129,
        0.46519633350678463,
        0.4564303726534043,
        0.45410879397990633,
        0.4505463715326422,
        0.4449825881599488,
        0.4438618260417084,
        0.4347356202217508,
        0.42404835287995835,
        0.41264059560501143
    ],
    "boltzmann": {
        "it-3": {
            "args": {
                "alpha_seed": 462,
                "random_arm_seed": 176,
                "reward_seed": 3,
                "sigma_seed": 847,
                "tau": 0.02
            },
            "gen-distributed": {
                "reward": 43980,
                "time": 16.310926736798137,
                "time_by_components": {
                    "R0": 1.5886816191487014,
                    "R1": 0.8609805074520409,
                    "R2": 0.8505377569235861,
                    "R3": 0.962941040750593,
                    "R4": 0.8791231904178858,
                    "R5": 0.8475867756642401,
                    "R6": 0.8456726646982133,
                    "R7": 0.8426319258287549,
                    "R8": 0.8436896926723421,
                    "R9": 0.8467177990823984,
                    "as": 3.9087220253422856,
                    "comp": 1.4121966208331287,
                    "dc": 0
                }
            },
            "gen-secure": {
                "reward": 43980,
                "time": 88.67188250599429,
                "time_by_components": {
                    "R0": 5.79077560454607,
                    "R1": 4.754171987064183,
                    "R2": 4.609725623391569,
                    "R3": 4.679536788258702,
                    "R4": 4.508463587611914,
                    "R5": 4.480094742029905,
                    "R6": 4.445473454892635,
                    "R7": 4.439681007526815,
                    "R8": 4.447499111294746,
                    "R9": 4.46356148365885,
                    "as": 4.6469632890075445,
                    "comp": 35.10137720219791,
                    "dc": 0.032897197175771
                }
            },
            "std": {
                "reward": 43980,
                "time": 5.880023002624512
            }
        }
    },
    "e-greedy": {
        "it-3": {
            "args": {
                "alpha_seed": 165,
                "epsilon": 0.1,
                "epsilon_seed": 518,
                "random_arm_seed": 375,
                "reward_seed": 3,
                "sigma_seed": 806
            },
            "gen-distributed": {
                "reward": 44217,
                "time": 14.565912630874664,
                "time_by_components": {
                    "R0": 1.4959072666242719,
                    "R1": 0.7506491276435554,
                    "R2": 0.7439776458777487,
                    "R3": 0.7416515662334859,
                    "R4": 0.7404966023750603,
                    "R5": 0.7458028150722384,
                    "R6": 0.7421633335761726,
                    "R7": 0.7419857890345156,
                    "R8": 0.7387334322556853,
                    "R9": 0.7407922153361142,
                    "as": 3.8088108566589653,
                    "comp": 0.3655700492672622,
                    "dc": 0
                }
            },
            "gen-secure": {
                "reward": 44217,
                "time": 82.64060614816844,
                "time_by_components": {
                    "R0": 5.440161494072527,
                    "R1": 4.380040506832302,
                    "R2": 4.252817647065967,
                    "R3": 4.195515973959118,
                    "R4": 4.134591898415238,
                    "R5": 4.133006147108972,
                    "R6": 4.121601681225002,
                    "R7": 4.117912309244275,
                    "R8": 4.103563169948757,
                    "R9": 4.0968691618181765,
                    "as": 4.55285035027191,
                    "comp": 32.11722026905045,
                    "dc": 0.03019607998430729
                }
            },
            "std": {
                "reward": 44217,
                "time": 5.447534561157227
            }
        }
    },
    "e-greedy-decreasing": {
        "it-3": {
            "args": {
                "alpha_seed": 262,
                "epsilon_seed": 462,
                "random_arm_seed": 176,
                "reward_seed": 3,
                "sigma_seed": 385
            },
            "gen-distributed": {
                "reward": 44098,
                "time": 14.98880954273045,
                "time_by_components": {
                    "R0": 1.5094432746991515,
                    "R1": 0.7823023777455091,
                    "R2": 0.7908844416961074,
                    "R3": 0.8084983029402792,
                    "R4": 0.7700392403639853,
                    "R5": 0.773771580774337,
                    "R6": 0.7726486134342849,
                    "R7": 0.7717757574282587,
                    "R8": 0.7701038233935833,
                    "R9": 0.7720293398015201,
                    "as": 3.8344096620567143,
                    "comp": 0.3431221810169518,
                    "dc": 0
                }
            },
            "gen-secure": {
                "reward": 44098,
                "time": 84.0720797101967,
                "time_by_components": {
                    "R0": 5.442992029711604,
                    "R1": 4.4672728520818055,
                    "R2": 4.353278940543532,
                    "R3": 4.331419221125543,
                    "R4": 4.238791171461344,
                    "R5": 4.215644474606961,
                    "R6": 4.205258150584996,
                    "R7": 4.20590451406315,
                    "R8": 4.190433464478701,
                    "R9": 4.185113846324384,
                    "as": 4.435697020962834,
                    "comp": 32.725198118016124,
                    "dc": 0.032948373816907406
                }
            },
            "std": {
                "reward": 44098,
                "time": 5.501873731613159
            }
        }
    },
    "nb_iterations": 50,
    "pursuit": {
        "it-3": {
            "args": {
                "alpha_seed": 462,
                "beta": 0.2,
                "random_arm_seed": 176,
                "reward_seed": 3,
                "sigma_seed": 385
            },
            "gen-distributed": {
                "reward": 40479,
                "time": 30.588882414624095,
                "time_by_components": {
                    "R0": 1.8409921433776617,
                    "R1": 1.7191045773215592,
                    "R2": 1.701562125235796,
                    "R3": 1.6945614777505398,
                    "R4": 2.525097686331719,
                    "R5": 1.7037336970679462,
                    "R6": 1.6947077121585608,
                    "R7": 1.6946185515262187,
                    "R8": 1.6898980988189578,
                    "R9": 1.6961853662505746,
                    "as": 7.815370681229979,
                    "comp": 1.6219252832233906,
                    "dc": 0
                }
            },
            "gen-secure": {
                "reward": 40479,
                "time": 173.19135018903762,
                "time_by_components": {
                    "R0": 10.024044314399362,
                    "R1": 9.196488158777356,
                    "R2": 8.946689391043037,
                    "R3": 8.948493080213666,
                    "R4": 9.798956263810396,
                    "R5": 8.859097010921687,
                    "R6": 8.70401988690719,
                    "R7": 8.676622933708131,
                    "R8": 8.744339032564312,
                    "R9": 8.744460436049849,
                    "as": 9.268108024727553,
                    "comp": 68.73443314153701,
                    "dc": 0.03290294297039509
                }
            },
            "std": {
                "reward": 40479,