{
    "N": 70000,
    "arms": [
        0.4960973461954129,
        0.46519633350678463,
        0.4564303726534043,
        0.45410879397990633,
        0.4505463715326422,
        0.4449825881599488,
        0.4438618260417084,
        0.4347356202217508,
        0.42404835287995835,
        0.41264059560501143
    ],
    "boltzmann": {
        "it-29": {
            "args": {
                "alpha_seed": 356,
                "random_arm_seed": 839,
                "reward_seed": 29,
                "sigma_seed": 695,
                "tau": 0.02
            },
            "gen-distributed": {
                "reward": 32130,
                "time": 12.637614341918379,
                "time_by_components": {
                    "R0": 0.6999526754952967,
                    "R1": 0.9872164931148291,
                    "R2": 0.8892834922298789,
                    "R3": 0.6585840191692114,
                    "R4": 0.6566389985382557,
                    "R5": 0.659661278128624,
                    "R6": 0.7288823612034321,
                    "R7": 0.6589400619268417,
                    "R8": 0.6550981113687158,
                    "R9": 0.6891886261291802,
                    "as": 3.0063495580106974,
                    "comp": 1.0896522011607885,
                    "dc": 0
                }
            },
            "gen-secure": {
                "reward": 32130,
                "time": 68.87142957374454,
                "time_by_components": {
                    "R0": 3.9250916191376746,
                    "R1": 4.029979846440256,
                    "R2": 3.848536799196154,
                    "R3": 3.5525858900509775,
                    "R4": 3.4834594507701695,
                    "R5": 3.4836812475696206,
                    "R6": 3.562943797092885,
                    "R7": 3.477914751507342,
                    "R8": 3.467600631993264,
                    "R9": 3.504911988042295,
                    "as": 3.574402364436537,
                    "comp": 27.183841928839684,
                    "dc": 0.03309033717960119
                }
            },
            "std": {
                "reward": 32130,
                "time": 4.556867837905884
            }
        }
    },
    "e-greedy": {
        "it-29": {
            "args": {
                "alpha_seed": 373,
                "epsilon": 0.1,
                "epsilon_seed": 616,
                "random_arm_seed": 810,
                "reward_seed": 29,
                "sigma_seed": 315
            },
            "gen-distributed": {
                "reward": 34438,
                "time": 11.460012192837894,
                "time_by_components": {
                    "R0": 1.1645917585119605,
                    "R1": 0.5915556601248682,
                    "R2": 0.5881791799329221,
                    "R3": 0.5833726301789284,
                    "R4": 0.5906761004589498,
                    "R5": 0.5847387532703578,
                    "R6": 0.5832347446121275,
                    "R7": 0.5828250674530864,
                    "R8": 0.5825409600511193,
                    "R9": 0.5837343046441674,
                    "as": 2.979737304151058,
                    "comp": 0.28863161662593484,
                    "dc": 0
                }
            },
            "gen-secure": {
                "reward": 34438,
                "time": 65.17540176212788,
                "time_by_components": {
                    "R0": 4.269611313473433,
                    "R1": 3.47089172154665,
                    "R2": 3.396907802671194,
                    "R3": 3.323055270127952,
                    "R4": 3.2933486639522016,
                    "R5": 3.2834433275274932,
                    "R6": 3.3017074703238904,
                    "R7": 3.2740101125091314,
                    "R8": 3.253521326929331,
                    "R9": 3.2510015391744673,
                    "as": 3.5451976493932307,
                    "comp": 25.182710453867912,
                    "dc": 0.03297200007364154
                }
            },
            "std": {
                "reward": 34438,
                "time": 4.260478973388672
            }
        }
    },
    "e-greedy-decreasing": {
        "it-29": {
            "args": {
                "alpha_seed": 429,
                "epsilon_seed": 356,
                "random_arm_seed": 839,
                "reward_seed": 29,
                "sigma_seed": 346
            },
            "gen-distributed": {
                "reward": 34368,
                "time": 11.576607293915004,
                "time_by_components": {
                    "R0": 1.1569736171513796,
                    "R1": 0.6126526705920696,
                    "R2": 0.6413377113640308,
                    "R3": 0.5977946850471199,
                    "R4": 0.5967530854977667,
                    "R5": 0.597026071511209,
                    "R6": 0.5975885400548577,
                    "R7": 0.5971694360487163,
                    "R8": 0.5953760864213109,
                    "R9": 0.5958466734737158,
                    "as": 2.943886558059603,
                    "comp": 0.26450240053236485,
                    "dc": 0
                }
            },
            "gen-secure": {
                "reward": 34368,
                "time": 65.7485164119862,
                "time_by_components": {
                    "R0": 4.291389849502593,
                    "R1": 3.5088103991001844,
                    "R2": 3.4738231422379613,
                    "R3": 3.3598908740095794,
                    "R4": 3.336918158456683,
                    "R5": 3.305652250535786,
                    "R6": 3.29009513463825,
                    "R7": 3.285750162322074,
                    "R8": 3.2775414902716875,
                    "R9": 3.2769426964223385,
                    "as": 3.5102315666154027,
                    "comp": 25.434072299394757,
                    "dc": 0.03362754127010703
                }
            },
            "std": {
                "reward": 34368,
                "time": 4.21495509147644
            }
        }
    },
    "nb_iterations": 50,
    "pursuit": {
        "it-29": {
            "args": {
                "alpha_seed": 356,
                "beta": 0.2,
                "random_arm_seed": 839,
                "reward_seed": 29,
                "sigma_seed": 346
            },
            "gen-distributed": {
                "reward": 28895,
                "time": 23.806885967962444,
                "time_by_components": {
                    "R0": 1.4350378303788602,
                    "R1": 1.338053702376783,
                    "R2": 1.3237701570615172,
                    "R3": 1.320642891805619,
                    "R4": 1.3155830726027489,
                    "R5": 1.3225196446292102,
                    "R6": 1.3177021397277713,
                    "R7": 1.3143148212693632,
                    "R8": 1.3121842253021896,
                    "R9": 1.9675035779364407,
                    "as": 6.064434612635523,
                    "comp": 1.2653687694109976,
                    "dc": 0
                }
            },
            "gen-secure": {
                "reward": 28895,
                "time": 133.74539154116064,
                "time_by_components": {
                    "R0": 7.699974874500185,
                    "R1": 7.2160515687428415,
                    "R2": 7.012839870061725,
                    "R3": 6.857162503525615,
                    "R4": 6.762507503386587,
                    "R5": 6.784315727651119,
                    "R6": 6.858797446358949,
                    "R7": 6.824762743897736,
                    "R8": 6.72999900020659,
                    "R9": 7.571014663670212,
                    "as": 7.1431845324113965,
                    "comp": 52.81123356940225,
                    "dc": 0.03297326387837529
                }
            },
            "std": {
                "reward": 28895,