{
    "N": 100000,
    "arms": [
        0.4960973461954129,
        0.46519633350678463,
        0.4564303726534043,
        0.45410879397990633,
        0.4505463715326422,
        0.4449825881599488,
        0.4438618260417084,
        0.4347356202217508,
        0.42404835287995835,
        0.41264059560501143
    ],
    "boltzmann": {
        "it-45": {
            "args": {
                "alpha_seed": 252,
                "random_arm_seed": 647,
                "reward_seed": 45,
                "sigma_seed": 714,
                "tau": 0.02
            },
            "gen-distributed": {
                "reward": 46013,
                "time": 17.597017565276474,
                "time_by_components": {
                    "R0": 0.9780817911960185,
                    "R1": 1.6275360705330968,
                    "R2": 0.9238285641185939,
                    "R3": 0.9172434755600989,
                    "R4": 0.913836304564029,
                    "R5": 1.0912986369803548,
                    "R6": 0.9171255687251687,
                    "R7": 0.9130339701659977,
                    "R8": 0.9118536389432847,
                    "R9": 0.939263628795743,
                    "as": 4.2015403234399855,
                    "comp": 1.5281504364684224,
                    "dc": 0
                }
            },
            "gen-secure": {
                "reward": 46013,
                "time": 98.28011710988358,
                "time_by_components": {
                    "R0": 5.573586952406913,
                    "R1": 6.0202796761877835,
                    "R2": 5.126205670181662,
                    "R3": 5.045263770967722,
                    "R4": 4.9581330879591405,
                    "R5": 5.16252221679315,
                    "R6": 4.938355845399201,
                    "R7": 4.916834246832877,
                    "R8": 4.924621363170445,
                    "R9": 4.9688633140176535,
                    "as": 5.11154104815796,
                    "comp": 38.96435965504497,
                    "dc": 0.03288118774071336
                }
            },
            "std": {
                "reward": 46013,
                "time": 6.1070945262908936
            }
        }
    },
    "e-greedy": {
        "it-45": {
            "args": {
                "alpha_seed": 786,
                "epsilon": 0.1,
                "epsilon_seed": 819,
                "random_arm_seed": 831,
                "reward_seed": 45,
                "sigma_seed": 33
            },
            "gen-distributed": {
                "reward": 49074,
                "time": 16.328757097013295,
                "time_by_components": {
                    "R0": 1.6717708739452064,
                    "R1": 0.844983909279108,
                    "R2": 0.8375512263737619,
                    "R3": 0.8372771069407463,
                    "R4": 0.8343011131510139,
                    "R5": 0.8441813611425459,
                    "R6": 0.8341788607649505,
                    "R7": 0.8352927421219647,
                    "R8": 0.8389774058014154,
                    "R9": 0.8352572340518236,
                    "as": 4.221589565742761,
                    "comp": 0.40666950726881623,
                    "dc": 0
                }
            },
            "gen-secure": {
                "reward": 49074,
                "time": 92.09646320110187,
                "time_by_components": {
                    "R0": 6.077034457121044,
                    "R1": 4.88594420067966,
                    "R2": 4.747965423855931,
                    "R3": 4.683359639719129,
                    "R4": 4.614919983781874,
                    "R5": 4.601048717740923,
                    "R6": 4.584758575540036,
                    "R7": 4.574281491804868,
                    "R8": 4.571233109105378,
                    "R9": 4.580312312580645,
                    "as": 5.0494476314634085,
                    "comp": 35.730274016503245,
                    "dc": 0.03294225316494703
                }
            },
            "std": {
                "reward": 49074,
                "time": 6.067911624908447
            }
        }
    },
    "e-greedy-decreasing": {
        "it-45": {
            "args": {
                "alpha_seed": 269,
                "epsilon_seed": 252,
                "random_arm_seed": 647,
                "reward_seed": 45,
                "sigma_seed": 320
            },
            "gen-distributed": {
                "reward": 49257,
                "time": 16.63861492788419,
                "time_by_components": {
                    "R0": 1.7247620685957372,
                    "R1": 0.8762240805663168,
                    "R2": 0.8606116669252515,
                    "R3": 0.8612016551196575,
                    "R4": 0.8645431455224752,
                    "R5": 0.860630217473954,
                    "R6": 0.8604047908447683,
                    "R7": 0.8591052987612784,
                    "R8": 0.8579924539662898,
                    "R9": 0.8599660652689636,
                    "as": 4.21003232896328,
                    "comp": 0.3794560539536178,
                    "dc": 0
                }
            },
            "gen-secure": {
                "reward": 49257,
                "time": 93.34808727307245,
                "time_by_components": {
                    "R0": 6.148014584556222,
                    "R1": 4.968099080957472,
                    "R2": 4.80904088774696,
                    "R3": 4.74747087713331,
                    "R4": 4.689217893406749,
                    "R5": 4.712769225705415,
                    "R6": 4.668018102180213,
                    "R7": 4.64160826895386,
                    "R8": 4.637352087534964,
                    "R9": 4.629602583590895,
                    "as": 5.006606928538531,
                    "comp": 36.24241847358644,
                    "dc": 0.03301760321483016
                }
            },
            "std": {
                "reward": 49257,
                "time": 6.0217204093933105
            }
        }
    },
    "nb_iterations": 50,
    "pursuit": {
        "it-45": {
            "args": {
                "alpha_seed": 252,
                "beta": 0.2,
                "random_arm_seed": 647,
                "reward_seed": 45,
                "sigma_seed": 320
            },
            "gen-distributed": {
                "reward": 45369,
                "time": 33.763693222776055,
                "time_by_components": {
                    "R0": 2.04182406142354,
                    "R1": 1.9058852731250226,
                    "R2": 1.8874161601997912,
                    "R3": 2.801393447443843,
                    "R4": 1.8863769825547934,
                    "R5": 1.886629395186901,
                    "R6": 1.875589010771364,
                    "R7": 1.8750917948782444,
                    "R8": 1.8732962822541595,
                    "R9": 1.8786214631982148,
                    "as": 8.570712573826313,
                    "comp": 1.7834873464889824,
                    "dc": 0
                }
            },
            "gen-secure": {
                "reward": 45369,
                "time": 191.13676714990288,
                "time_by_components": {
                    "R0": 10.967790702357888,
                    "R1": 10.305870406795293,
                    "R2": 10.002564715687186,
                    "R3": 10.95269733760506,
                    "R4": 9.727939233649522,
                    "R5": 9.747821220662445,
                    "R6": 9.674220290966332,
                    "R7": 9.575952884275466,
                    "R8": 9.636905752122402,
                    "R9": 9.618825661949813,
                    "as": 10.232787251472473,
                    "comp": 75.67053905595094,
                    "dc": 0.03031097212806344
                }
            },
            "std": {
                "reward": 45369,