{
    "N": 100000,
    "arms": [
        0.4960973461954129,
        0.46519633350678463,
        0.4564303726534043,
        0.45410879397990633,
        0.4505463715326422,
        0.4449825881599488,
        0.4438618260417084,
        0.4347356202217508,
        0.42404835287995835,
        0.41264059560501143
    ],
    "boltzmann": {
        "it-3": {
            "args": {
                "alpha_seed": 995,
                "random_arm_seed": 910,
                "reward_seed": 3,
                "sigma_seed": 191,
                "tau": 0.02
            },
            "gen-distributed": {
                "reward": 48974,
                "time": 18.08941711578518,
                "time_by_components": {
                    "R0": 1.8080287976190448,
                    "R1": 0.9560071397572756,
                    "R2": 0.9408043446019292,
                    "R3": 0.9464837131090462,
                    "R4": 1.0441539492458105,
                    "R5": 0.9436059514991939,
                    "R6": 0.9395806766115129,
                    "R7": 0.9381058937869966,
                    "R8": 0.9363421835005283,
                    "R9": 0.9576482628472149,
                    "as": 4.325946886558086,
                    "comp": 1.5732644572854042,
                    "dc": 0
                }
            },
            "gen-secure": {
                "reward": 48974,
                "time": 98.48642501374707,
                "time_by_components": {
                    "R0": 6.454552025534213,
                    "R1": 5.287211798597127,
                    "R2": 5.073619612492621,
                    "R3": 5.060379730537534,
                    "R4": 5.0745571264997125,
                    "R5": 4.985258648172021,
                    "R6": 4.916136307641864,
                    "R7": 4.9114218656904995,
                    "R8": 4.9048817083239555,
                    "R9": 4.970474409405142,
                    "as": 5.075640398077667,
                    "comp": 39.21894760988653,
                    "dc": 0.032960057724267244
                }
            },
            "std": {
                "reward": 48974,
                "time": 6.568547487258911
            }
        }
    },
    "e-greedy": {
        "it-3": {
            "args": {
                "alpha_seed": 234,
                "epsilon": 0.1,
                "epsilon_seed": 726,
                "random_arm_seed": 93,
                "reward_seed": 3,
                "sigma_seed": 327
            },
            "gen-distributed": {
                "reward": 49146,
                "time": 16.215265362989157,
                "time_by_components": {
                    "R0": 1.6687805969268084,
                    "R1": 0.8441090607084334,
                    "R2": 0.8334185183048248,
                    "R3": 0.8304268484935164,
                    "R4": 0.8296310431323946,
                    "R5": 0.8330497788265347,
                    "R6": 0.8341067410074174,
                    "R7": 0.8321817675605416,
                    "R8": 0.8293549842201173,
                    "R9": 0.8338779881596565,
                    "as": 4.179854899644852,
                    "comp": 0.40224341908469796,
                    "dc": 0
                }
            },
            "gen-secure": {
                "reward": 49146,
                "time": 92.21590680908412,
                "time_by_components": {
                    "R0": 6.0299190590158105,
                    "R1": 4.872902885545045,
                    "R2": 4.735315118450671,
                    "R3": 4.666548848617822,
                    "R4": 4.605522732250392,
                    "R5": 4.59816234651953,
                    "R6": 4.583572214934975,
                    "R7": 4.576516398694366,
                    "R8": 4.566588084213436,
                    "R9": 4.561428647488356,
                    "as": 5.021519146393985,
                    "comp": 36.08246404165402,
                    "dc": 0.03300532419234514
                }
            },
            "std": {
                "reward": 49146,
                "time": 5.994290351867676
            }
        }
    },
    "e-greedy-decreasing": {
        "it-3": {
            "args": {
                "alpha_seed": 889,
                "epsilon_seed": 995,
                "random_arm_seed": 910,
                "reward_seed": 3,
                "sigma_seed": 637
            },
            "gen-distributed": {
                "reward": 49349,
                "time": 16.60444154171273,
                "time_by_components": {
                    "R0": 1.7408829098567367,
                    "R1": 0.8675051769241691,
                    "R2": 0.8592422041110694,
                    "R3": 0.8593736314214766,
                    "R4": 0.8557441243901849,
                    "R5": 0.8614444267004728,
                    "R6": 0.8586194827221334,
                    "R7": 0.8578980644233525,
                    "R8": 0.8575673117302358,
                    "R9": 0.8569306991994381,
                    "as": 4.206213004421443,
                    "comp": 0.3782278364524245,
                    "dc": 0
                }
            },
            "gen-secure": {
                "reward": 49349,
                "time": 93.27687122160569,
                "time_by_components": {
                    "R0": 6.124178253579885,
                    "R1": 4.936444957274944,
                    "R2": 4.795932989101857,
                    "R3": 4.725002808496356,
                    "R4": 4.653424313291907,
                    "R5": 4.656011004932225,
                    "R6": 4.6422122130170465,
                    "R7": 4.62523741973564,
                    "R8": 4.61855781218037,
                    "R9": 4.626350069884211,
                    "as": 5.037982464302331,
                    "comp": 36.405345543753356,
                    "dc": 0.03283995436504483
                }
            },
            "std": {
                "reward": 49349,
                "time": 5.994959115982056
            }
        }
    },
    "nb_iterations": 50,
    "pursuit": {
        "it-3": {
            "args": {
                "alpha_seed": 995,
                "beta": 0.2,
                "random_arm_seed": 910,
                "reward_seed": 3,
                "sigma_seed": 637
            },
            "gen-distributed": {
                "reward": 45373,
                "time": 33.831759322900325,
                "time_by_components": {
                    "R0": 2.047524423804134,
                    "R1": 1.9034433709457517,
                    "R2": 1.8845065869390965,
                    "R3": 2.8060334571637213,
                    "R4": 1.9035648251883686,
                    "R5": 1.8848106982186437,
                    "R6": 1.8785509215667844,
                    "R7": 1.8779140012338758,
                    "R8": 1.8759741648100317,
                    "R9": 1.8812971292063594,
                    "as": 8.59466423979029,
                    "comp": 1.7983774025924504,
                    "dc": 0
                }
            },
            "gen-secure": {
                "reward": 45373,
                "time": 191.95859930710867,
                "time_by_components": {
                    "R0": 11.129694823175669,
                    "R1": 10.193771292455494,
                    "R2": 9.885324236936867,
                    "R3": 10.993803643155843,
                    "R4": 9.836579949595034,
                    "R5": 9.670985019765794,
                    "R6": 9.6142144841142,
                    "R7": 9.698068728670478,
                    "R8": 9.570790123194456,
                    "R9": 9.669237493071705,
                    "as": 10.288020703941584,
                    "comp": 76.3762034829706,
                    "dc": 0.03343333303928375
                }
            },
            "std": {
                "reward": 45373,