{
    "N": 100000,
    "arms": [
        0.4960973461954129,
        0.46519633350678463,
        0.4564303726534043,
        0.45410879397990633,
        0.4505463715326422,
        0.4449825881599488,
        0.4438618260417084,
        0.4347356202217508,
        0.42404835287995835,
        0.41264059560501143
    ],
    "boltzmann": {
        "it-2": {
            "args": {
                "alpha_seed": 726,
                "random_arm_seed": 93,
                "reward_seed": 2,
                "sigma_seed": 834,
                "tau": 0.02
            },
            "gen-distributed": {
                "reward": 47259,
                "time": 18.038316402118653,
                "time_by_components": {
                    "R0": 1.3324790159240365,
                    "R1": 1.3097117864526808,
                    "R2": 0.9465037635527551,
                    "R3": 0.9406798859126866,
                    "R4": 1.1072996552102268,
                    "R5": 1.015792341902852,
                    "R6": 0.9399492284283042,
                    "R7": 0.9402599781751633,
                    "R8": 0.9397100312635303,
                    "R9": 0.9408237845636904,
                    "as": 4.300965828355402,
                    "comp": 1.5551639185287058,
                    "dc": 0
                }
            },
            "gen-secure": {
                "reward": 47259,
                "time": 97.73688477696851,
                "time_by_components": {
                    "R0": 5.910713578574359,
                    "R1": 5.569630939047784,
                    "R2": 5.076942614745349,
                    "R3": 4.9768353388644755,
                    "R4": 5.09363730577752,
                    "R5": 4.990243785083294,
                    "R6": 4.891701651737094,
                    "R7": 4.870467681437731,
                    "R8": 4.859744564630091,
                    "R9": 4.888984788674861,
                    "as": 5.072351754177362,
                    "comp": 39.00784890539944,
                    "dc": 0.03299919003620744
                }
            },
            "std": {
                "reward": 47259,
                "time": 6.5347795486450195
            }
        }
    },
    "e-greedy": {
        "it-2": {
            "args": {
                "alpha_seed": 483,
                "epsilon": 0.1,
                "epsilon_seed": 445,
                "random_arm_seed": 205,
                "reward_seed": 2,
                "sigma_seed": 496
            },
            "gen-distributed": {
                "reward": 49056,
                "time": 15.07931308541447,
                "time_by_components": {
                    "R0": 1.5281337853521109,
                    "R1": 0.8053407478146255,
                    "R2": 0.7737191626802087,
                    "R3": 0.7729032724164426,
                    "R4": 0.7744840532541275,
                    "R5": 0.7749973158352077,
                    "R6": 0.7723812642507255,
                    "R7": 0.7704992690123618,
                    "R8": 0.7698352942243218,
                    "R9": 0.7723137205466628,
                    "as": 3.9162242827005684,
                    "comp": 0.3733576969243586,
                    "dc": 0
                }
            },
            "gen-secure": {
                "reward": 49056,
                "time": 86.81773093901575,
                "time_by_components": {
                    "R0": 5.681321259588003,
                    "R1": 4.623375194147229,
                    "R2": 4.456416693981737,
                    "R3": 4.400892829056829,
                    "R4": 4.3363562119193375,
                    "R5": 4.352200667373836,
                    "R6": 4.331023627892137,
                    "R7": 4.324432299938053,
                    "R8": 4.3090097196400166,
                    "R9": 4.305115125607699,
                    "as": 4.760941127780825,
                    "comp": 33.80887660197914,
                    "dc": 0.0309860329143703
                }
            },
            "std": {
                "reward": 49056,
                "time": 5.601622104644775
            }
        }
    },
    "e-greedy-decreasing": {
        "it-2": {
            "args": {
                "alpha_seed": 234,
                "epsilon_seed": 726,
                "random_arm_seed": 93,
                "reward_seed": 2,
                "sigma_seed": 327
            },
            "gen-distributed": {
                "reward": 49310,
                "time": 15.755993376951665,
                "time_by_components": {
                    "R0": 1.6525855045765638,
                    "R1": 0.8203890728764236,
                    "R2": 0.8139726701192558,
                    "R3": 0.8116822792217135,
                    "R4": 0.8103392953053117,
                    "R5": 0.8166471454314888,
                    "R6": 0.8122976799495518,
                    "R7": 0.8108686376363039,
                    "R8": 0.8092831778340042,
                    "R9": 0.8091366807930171,
                    "as": 4.033002240583301,
                    "comp": 0.3625377118587494,
                    "dc": 0
                }
            },
            "gen-secure": {
                "reward": 49310,
                "time": 92.7802087883465,
                "time_by_components": {
                    "R0": 6.079130355734378,
                    "R1": 4.921818973496556,
                    "R2": 4.778796706348658,
                    "R3": 4.718522452749312,
                    "R4": 4.6575295170769095,
                    "R5": 4.656942983623594,
                    "R6": 4.625602403189987,
                    "R7": 4.617352814413607,
                    "R8": 4.651379022281617,
                    "R9": 4.606355354189873,
                    "as": 4.989772423170507,
                    "comp": 36.07118401862681,
                    "dc": 0.032855689991265535
                }
            },
            "std": {
                "reward": 49310,
                "time": 5.591655969619751
            }
        }
    },
    "nb_iterations": 50,
    "pursuit": {
        "it-2": {
            "args": {
                "alpha_seed": 726,
                "beta": 0.2,
                "random_arm_seed": 93,
                "reward_seed": 2,
                "sigma_seed": 327
            },
            "gen-distributed": {
                "reward": 49654,
                "time": 33.65613436512649,
                "time_by_components": {
                    "R0": 2.9351742113940418,
                    "R1": 1.913866639137268,
                    "R2": 1.8826816771179438,
                    "R3": 1.8701302539557219,
                    "R4": 1.8690671497024596,
                    "R5": 1.8750108387321234,
                    "R6": 1.8728337548673153,
                    "R7": 1.8692968585528433,
                    "R8": 1.8670126041397452,
                    "R9": 1.8697730493731797,
                    "as": 8.584478913340718,
                    "comp": 1.7664122320711613,
                    "dc": 0
                }
            },
            "gen-secure": {
                "reward": 49654,
                "time": 188.85588221484795,
                "time_by_components": {
                    "R0": 11.896276101004332,
                    "R1": 10.25773444864899,
                    "R2": 9.838149614166468,
                    "R3": 9.806060049682856,
                    "R4": 9.622977488674223,
                    "R5": 9.62444158969447,
                    "R6": 9.508521173615009,
                    "R7": 9.520437706261873,
                    "R8": 9.484030037652701,
                    "R9": 9.559478388167918,
                    "as": 10.165376075543463,
                    "comp": 74.59546465286985,
                    "dc": 0.03296102583408356
                }
            },
            "std": {
                "reward": 49654,