{
    "N": 90000,
    "arms": [
        0.4960973461954129,
        0.46519633350678463,
        0.4564303726534043,
        0.45410879397990633,
        0.4505463715326422,
        0.4449825881599488,
        0.4438618260417084,
        0.4347356202217508,
        0.42404835287995835,
        0.41264059560501143
    ],
    "boltzmann": {
        "it-20": {
            "args": {
                "alpha_seed": 43,
                "random_arm_seed": 153,
                "reward_seed": 20,
                "sigma_seed": 568,
                "tau": 0.02
            },
            "gen-distributed": {
                "reward": 43926,
                "time": 16.25335143506527,
                "time_by_components": {
                    "R0": 1.6004813653416932,
                    "R1": 0.8584654568694532,
                    "R2": 0.8491463088430464,
                    "R3": 0.8446482536382973,
                    "R4": 0.9229370821267366,
                    "R5": 0.8511078534647822,
                    "R6": 0.8457104084081948,
                    "R7": 0.8968197721987963,
                    "R8": 0.8442569975741208,
                    "R9": 0.8467753794975579,
                    "as": 3.881717014592141,
                    "comp": 1.3998060701414943,
                    "dc": 0
                }
            },
            "gen-secure": {
                "reward": 43926,
                "time": 87.86070554004982,
                "time_by_components": {
                    "R0": 5.75199446734041,
                    "R1": 4.714664373546839,
                    "R2": 4.564151964150369,
                    "R3": 4.5337029551155865,
                    "R4": 4.550072934478521,
                    "R5": 4.437723245006055,
                    "R6": 4.405966158956289,
                    "R7": 4.463935597799718,
                    "R8": 4.397424938157201,
                    "R9": 4.384618521202356,
                    "as": 4.607449671719223,
                    "comp": 34.754290346521884,
                    "dc": 0.03049821685999632
                }
            },
            "std": {
                "reward": 43926,
                "time": 5.877183675765991
            }
        }
    },
    "e-greedy": {
        "it-20": {
            "args": {
                "alpha_seed": 172,
                "epsilon": 0.1,
                "epsilon_seed": 890,
                "random_arm_seed": 349,
                "reward_seed": 20,
                "sigma_seed": 217
            },
            "gen-distributed": {
                "reward": 42657,
                "time": 14.085049378219992,
                "time_by_components": {
                    "R0": 1.0362640619277954,
                    "R1": 1.0597066418267787,
                    "R2": 0.7462056395597756,
                    "R3": 0.7194977183826268,
                    "R4": 0.773831982165575,
                    "R5": 0.722003348171711,
                    "R6": 0.720005446113646,
                    "R7": 0.720108462497592,
                    "R8": 0.7183878608047962,
                    "R9": 0.7179523231461644,
                    "as": 3.654867493081838,
                    "comp": 0.3511231215670705,
                    "dc": 0
                }
            },
            "gen-secure": {
                "reward": 42657,
                "time": 82.30110860196874,
                "time_by_components": {
                    "R0": 4.920469932258129,
                    "R1": 4.7277340912260115,
                    "R2": 4.294403787702322,
                    "R3": 4.195170991122723,
                    "R4": 4.19784556562081,
                    "R5": 4.13857880840078,
                    "R6": 4.119989421218634,
                    "R7": 4.111255087889731,
                    "R8": 4.1037966650910676,
                    "R9": 4.098608474247158,
                    "as": 4.460942056030035,
                    "comp": 31.964785213116556,
                    "dc": 0.03323078202083707
                }
            },
            "std": {
                "reward": 42657,
                "time": 5.410272836685181
            }
        }
    },
    "e-greedy-decreasing": {
        "it-20": {
            "args": {
                "alpha_seed": 406,
                "epsilon_seed": 43,
                "random_arm_seed": 153,
                "reward_seed": 20,
                "sigma_seed": 725
            },
            "gen-distributed": {
                "reward": 43937,
                "time": 14.479430914390832,
                "time_by_components": {
                    "R0": 1.3976324698887765,
                    "R1": 0.8332054899074137,
                    "R2": 0.7804675069637597,
                    "R3": 0.7492288681678474,
                    "R4": 0.7478885622695088,
                    "R5": 0.7487159837037325,
                    "R6": 0.7479013707488775,
                    "R7": 0.7447534818202257,
                    "R8": 0.7421093480661511,
                    "R9": 0.7444131970405579,
                    "as": 3.6836956841871142,
                    "comp": 0.33039667876437306,
                    "dc": 0
                }
            },
            "gen-secure": {
                "reward": 43937,
                "time": 83.39124797377735,
                "time_by_components": {
                    "R0": 5.375466383062303,
                    "R1": 4.509256160352379,
                    "R2": 4.323597247712314,
                    "R3": 4.247747786343098,
                    "R4": 4.198229551315308,
                    "R5": 4.181737522128969,
                    "R6": 4.163569378200918,
                    "R7": 4.154068655800074,
                    "R8": 4.148948305286467,
                    "R9": 4.155205291695893,
                    "as": 4.4340261379256845,
                    "comp": 32.45548709016293,
                    "dc": 0.03294195281341672
                }
            },
            "std": {
                "reward": 43937,
                "time": 5.447096347808838
            }
        }
    },
    "nb_iterations": 50,
    "pursuit": {
        "it-20": {
            "args": {
                "alpha_seed": 43,
                "beta": 0.2,
                "random_arm_seed": 153,
                "reward_seed": 20,
                "sigma_seed": 725
            },
            "gen-distributed": {
                "reward": 40477,
                "time": 30.30569490324706,
                "time_by_components": {
                    "R0": 1.8270158297382295,
                    "R1": 1.7109931474551558,
                    "R2": 1.6938402922824025,
                    "R3": 1.6863036225549877,
                    "R4": 2.51009727595374,
                    "R5": 1.6996041238307953,
                    "R6": 1.6896414514631033,
                    "R7": 1.6841021389700472,
                    "R8": 1.6825564252212644,
                    "R9": 1.6856771116144955,
                    "as": 7.697513423860073,
                    "comp": 1.5909533305093646,
                    "dc": 0
                }
            },
            "gen-secure": {
                "reward": 40477,
                "time": 172.059690117836,
                "time_by_components": {
                    "R0": 9.97633960051462,
                    "R1": 9.156260787975043,
                    "R2": 8.918156010098755,
                    "R3": 8.812280804850161,
                    "R4": 9.78411071561277,
                    "R5": 8.752378760837018,
                    "R6": 8.654943907633424,
                    "R7": 8.75012698257342,
                    "R8": 8.737681809347123,
                    "R9": 8.713277767412364,
                    "as": 9.237468985375017,
                    "comp": 67.99012404214591,
                    "dc": 0.032980506774038076
                }
            },
            "std": {
                "reward": 40477,