{
    "N": 60000,
    "arms": [
        0.4960973461954129,
        0.46519633350678463,
        0.4564303726534043,
        0.45410879397990633,
        0.4505463715326422,
        0.4449825881599488,
        0.4438618260417084,
        0.4347356202217508,
        0.42404835287995835,
        0.41264059560501143
    ],
    "boltzmann": {
        "it-31": {
            "args": {
                "alpha_seed": 361,
                "random_arm_seed": 705,
                "reward_seed": 31,
                "sigma_seed": 617,
                "tau": 0.02
            },
            "gen-distributed": {
                "reward": 29328,
                "time": 10.756560317240655,
                "time_by_components": {
                    "R0": 1.0593941216357052,
                    "R1": 0.571829822845757,
                    "R2": 0.5637674885801971,
                    "R3": 0.5622634622268379,
                    "R4": 0.6110137584619224,
                    "R5": 0.5613867272622883,
                    "R6": 0.5611825762316585,
                    "R7": 0.5964319002814591,
                    "R8": 0.5621128343045712,
                    "R9": 0.5661566648632288,
                    "as": 2.5573301860131323,
                    "comp": 0.9204069632105529,
                    "dc": 0
                }
            },
            "gen-secure": {
                "reward": 29328,
                "time": 58.53655940992758,
                "time_by_components": {
                    "R0": 3.8432935886085033,
                    "R1": 3.1733693378046155,
                    "R2": 3.0653154402971268,
                    "R3": 3.024618875235319,
                    "R4": 3.0478756027296185,
                    "R5": 2.9694159533828497,
                    "R6": 2.9543513101525605,
                    "R7": 2.999348357785493,
                    "R8": 2.9513159613125026,
                    "R9": 2.96176122315228,
                    "as": 3.0156998741440475,
                    "comp": 22.98738953936845,
                    "dc": 0.0329858623445034
                }
            },
            "std": {
                "reward": 29328,
                "time": 3.9029858112335205
            }
        }
    },
    "e-greedy": {
        "it-31": {
            "args": {
                "alpha_seed": 259,
                "epsilon": 0.1,
                "epsilon_seed": 72,
                "random_arm_seed": 430,
                "reward_seed": 31,
                "sigma_seed": 85
            },
            "gen-distributed": {
                "reward": 29526,
                "time": 9.770756365265697,
                "time_by_components": {
                    "R0": 1.004468658939004,
                    "R1": 0.5069538298994303,
                    "R2": 0.5026836157776415,
                    "R3": 0.4992655520327389,
                    "R4": 0.49842566065490246,
                    "R5": 0.49868407752364874,
                    "R6": 0.4979872587136924,
                    "R7": 0.4986951444298029,
                    "R8": 0.5016524442471564,
                    "R9": 0.49869130086153746,
                    "as": 2.5335099450312555,
                    "comp": 0.24285105988383293,
                    "dc": 0
                }
            },
            "gen-secure": {
                "reward": 29526,
                "time": 54.696250821929425,
                "time_by_components": {
                    "R0": 3.599227167200297,
                    "R1": 2.9246372878551483,
                    "R2": 2.840648199431598,
                    "R3": 2.8025091937743127,
                    "R4": 2.768165400251746,
                    "R5": 2.7573873600922525,
                    "R6": 2.7503629992716014,
                    "R7": 2.7464837073348463,
                    "R8": 2.7422432475723326,
                    "R9": 2.740200018044561,
                    "as": 2.9702732539735734,
                    "comp": 21.082545006647706,
                    "dc": 0.032986585050821304
                }
            },
            "std": {
                "reward": 29526,
                "time": 3.611067295074463
            }
        }
    },
    "e-greedy-decreasing": {
        "it-31": {
            "args": {
                "alpha_seed": 297,
                "epsilon_seed": 361,
                "random_arm_seed": 705,
                "reward_seed": 31,
                "sigma_seed": 727
            },
            "gen-distributed": {
                "reward": 29627,
                "time": 9.909958466887474,
                "time_by_components": {
                    "R0": 1.0387593493796885,
                    "R1": 0.5182630415074527,
                    "R2": 0.5137061141431332,
                    "R3": 0.5117243058048189,
                    "R4": 0.5108436224982142,
                    "R5": 0.5110973529517651,
                    "R6": 0.5112202791497111,
                    "R7": 0.5101133002899587,
                    "R8": 0.5122474692761898,
                    "R9": 0.5107976803556085,
                    "as": 2.520245242398232,
                    "comp": 0.2259395425207913,
                    "dc": 0
                }
            },
            "gen-secure": {
                "reward": 29627,
                "time": 56.13946196902543,
                "time_by_components": {
                    "R0": 3.728876563720405,
                    "R1": 2.9961015949957073,
                    "R2": 2.9120591208338737,
                    "R3": 2.8747395356185734,
                    "R4": 2.836976773571223,
                    "R5": 2.8308343440294266,
                    "R6": 2.852503567468375,
                    "R7": 2.816954422276467,
                    "R8": 2.809937270823866,
                    "R9": 2.816514218226075,
                    "as": 2.9886957886628807,
                    "comp": 21.611243760213256,
                    "dc": 0.03290156414732337
                }
            },
            "std": {
                "reward": 29627,
                "time": 3.6181066036224365
            }
        }
    },
    "nb_iterations": 50,
    "pursuit": {
        "it-31": {
            "args": {
                "alpha_seed": 361,
                "beta": 0.2,
                "random_arm_seed": 705,
                "reward_seed": 31,
                "sigma_seed": 727
            },
            "gen-distributed": {
                "reward": 27100,
                "time": 20.311310191173106,
                "time_by_components": {
                    "R0": 1.232000418473035,
                    "R1": 1.148283557035029,
                    "R2": 1.1363603258505464,
                    "R3": 1.1340926000848413,
                    "R4": 1.6819932921789587,
                    "R5": 1.1329097230918705,
                    "R6": 1.12735186656937,
                    "R7": 1.1289929896593094,
                    "R8": 1.1275238068774343,
                    "R9": 1.1254196614027023,
                    "as": 5.156421603169292,
                    "comp": 1.0699831102974713,
                    "dc": 0
                }
            },
            "gen-secure": {
                "reward": 27100,
                "time": 114.66469602007419,
                "time_by_components": {
                    "R0": 6.680761558003724,
                    "R1": 6.143800198100507,
                    "R2": 6.074245687574148,
                    "R3": 5.900827361736447,
                    "R4": 6.538882151711732,
                    "R5": 5.844754701480269,
                    "R6": 5.785860281903297,
                    "R7": 5.839415500871837,
                    "R8": 5.748873128090054,
                    "R9": 5.8121171817183495,
                    "as": 6.12843318330124,
                    "comp": 45.11844945792109,
                    "dc": 0.032935413997620344
                }
            },
            "std": {
                "reward": 27100,