{
    "N": 100000,
    "arms": [
        0.4960973461954129,
        0.46519633350678463,
        0.4564303726534043,
        0.45410879397990633,
        0.4505463715326422,
        0.4449825881599488,
        0.4438618260417084,
        0.4347356202217508,
        0.42404835287995835,
        0.41264059560501143
    ],
    "boltzmann": {
        "it-31": {
            "args": {
                "alpha_seed": 794,
                "random_arm_seed": 797,
                "reward_seed": 31,
                "sigma_seed": 17,
                "tau": 0.02
            },
            "gen-distributed": {
                "reward": 48386,
                "time": 16.597561709117144,
                "time_by_components": {
                    "R0": 1.5959756053052843,
                    "R1": 0.87580799870193,
                    "R2": 0.8632769151590765,
                    "R3": 0.8626271388493478,
                    "R4": 0.9594324794597924,
                    "R5": 0.8666363214142621,
                    "R6": 0.8653299920260906,
                    "R7": 0.934316455386579,
                    "R8": 0.8622037800960243,
                    "R9": 0.8878529719077051,
                    "as": 3.965504820458591,
                    "comp": 1.4416143791750073,
                    "dc": 0
                }
            },
            "gen-secure": {
                "reward": 48386,
                "time": 98.36951805884019,
                "time_by_components": {
                    "R0": 6.250631392002106,
                    "R1": 5.238354921340942,
                    "R2": 5.081588199362159,
                    "R3": 5.013752803206444,
                    "R4": 5.080358077771962,
                    "R5": 4.976621275767684,
                    "R6": 4.972870207391679,
                    "R7": 5.021936018019915,
                    "R8": 4.939042477868497,
                    "R9": 4.956297582015395,
                    "as": 4.820687958039343,
                    "comp": 39.4645911003463,
                    "dc": 0.030670668929815292
                }
            },
            "std": {
                "reward": 48386,
                "time": 6.015009880065918
            }
        }
    },
    "e-greedy": {
        "it-31": {
            "args": {
                "alpha_seed": 892,
                "epsilon": 0.1,
                "epsilon_seed": 295,
                "random_arm_seed": 549,
                "reward_seed": 31,
                "sigma_seed": 838
            },
            "gen-distributed": {
                "reward": 49195,
                "time": 15.885614844970405,
                "time_by_components": {
                    "R0": 1.6389839323237538,
                    "R1": 0.8197012208402157,
                    "R2": 0.8124285954982042,
                    "R3": 0.8080052840523422,
                    "R4": 0.8075033123604953,
                    "R5": 0.8132456871680915,
                    "R6": 0.8101706621237099,
                    "R7": 0.8092403458431363,
                    "R8": 0.8074171557091177,
                    "R9": 0.81065778946504,
                    "as": 4.122147645801306,
                    "comp": 0.40148764848709106,
                    "dc": 0
                }
            },
            "gen-secure": {
                "reward": 49195,
                "time": 92.3231544722803,
                "time_by_components": {
                    "R0": 6.002676069736481,
                    "R1": 4.8859779690392315,
                    "R2": 4.747056041378528,
                    "R3": 4.685039296280593,
                    "R4": 4.6309501198120415,
                    "R5": 4.629576695151627,
                    "R6": 4.613025470636785,
                    "R7": 4.599920616019517,
                    "R8": 4.592133243568242,
                    "R9": 4.602012446150184,
                    "as": 4.905870903283358,
                    "comp": 36.10438957391307,
                    "dc": 0.033123684115707874
                }
            },
            "std": {
                "reward": 49195,
                "time": 6.033722877502441
            }
        }
    },
    "e-greedy-decreasing": {
        "it-31": {
            "args": {
                "alpha_seed": 892,
                "epsilon_seed": 794,
                "random_arm_seed": 797,
                "reward_seed": 31,
                "sigma_seed": 135
            },
            "gen-distributed": {
                "reward": 49308,
                "time": 16.85797817632556,
                "time_by_components": {
                    "R0": 1.7582274344749749,
                    "R1": 0.876856436021626,
                    "R2": 0.8684348473325372,
                    "R3": 0.8691580528393388,
                    "R4": 0.8632675497792661,
                    "R5": 0.86941899638623,
                    "R6": 0.8673908337950706,
                    "R7": 0.8705680361017585,
                    "R8": 0.8646951569244266,
                    "R9": 0.8651690697297454,
                    "as": 4.291647356003523,
                    "comp": 0.3873649970628321,
                    "dc": 0
                }
            },
            "gen-secure": {
                "reward": 49308,
                "time": 92.81399934692308,
                "time_by_components": {
                    "R0": 6.131682403385639,
                    "R1": 4.916603419929743,
                    "R2": 4.786955199204385,
                    "R3": 4.717655566520989,
                    "R4": 4.672446379438043,
                    "R5": 4.638061449863017,
                    "R6": 4.622500725090504,
                    "R7": 4.612644872628152,
                    "R8": 4.604637866374105,
                    "R9": 4.6053881496191025,
                    "as": 4.9902224452234805,
                    "comp": 36.091686168219894,
                    "dc": 0.030443926341831684
                }
            },
            "std": {
                "reward": 49308,
                "time": 6.0837016105651855
            }
        }
    },
    "nb_iterations": 50,
    "pursuit": {
        "it-31": {
            "args": {
                "alpha_seed": 794,
                "beta": 0.2,
                "random_arm_seed": 797,
                "reward_seed": 31,
                "sigma_seed": 135
            },
            "gen-distributed": {
                "reward": 49654,
                "time": 33.56273320503533,
                "time_by_components": {
                    "R0": 2.9411328001879156,
                    "R1": 1.9164552013389766,
                    "R2": 1.8824688256718218,
                    "R3": 1.8709477628581226,
                    "R4": 1.867321623954922,
                    "R5": 1.8752793609164655,
                    "R6": 1.871962884441018,
                    "R7": 1.8666037879884243,
                    "R8": 1.8619698015972972,
                    "R9": 1.8655610596761107,
                    "as": 8.504521800670773,
                    "comp": 1.7630398706533015,
                    "dc": 0
                }
            },
            "gen-secure": {
                "reward": 49654,
                "time": 190.34505479689687,
                "time_by_components": {
                    "R0": 11.909976783208549,
                    "R1": 10.32739579770714,
                    "R2": 9.90677791647613,
                    "R3": 9.750154775101691,
                    "R4": 9.742009108420461,
                    "R5": 9.611889596562833,
                    "R6": 9.573432767763734,
                    "R7": 9.668696630280465,
                    "R8": 9.544063869398087,
                    "R9": 9.668754497077316,
                    "as": 10.091482246760279,
                    "comp": 75.56055529043078,
                    "dc": 0.03052655514329672
                }
            },
            "std": {
                "reward": 49654,