{
    "N": 60000,
    "arms": [
        0.4960973461954129,
        0.46519633350678463,
        0.4564303726534043,
        0.45410879397990633,
        0.4505463715326422,
        0.4449825881599488,
        0.4438618260417084,
        0.4347356202217508,
        0.42404835287995835,
        0.41264059560501143
    ],
    "boltzmann": {
        "it-14": {
            "args": {
                "alpha_seed": 310,
                "random_arm_seed": 884,
                "reward_seed": 14,
                "sigma_seed": 758,
                "tau": 0.02
            },
            "gen-distributed": {
                "reward": 27555,
                "time": 10.830728109925985,
                "time_by_components": {
                    "R0": 0.6007089731283486,
                    "R1": 0.8410513801500201,
                    "R2": 0.569030468352139,
                    "R3": 0.7368420367129147,
                    "R4": 0.5639610420912504,
                    "R5": 0.5652438383549452,
                    "R6": 0.6800943571142852,
                    "R7": 0.5648920056410134,
                    "R8": 0.5630744583904743,
                    "R9": 0.5613823677413166,
                    "as": 2.5789959761314094,
                    "comp": 0.9342638603411615,
                    "dc": 0
                }
            },
            "gen-secure": {
                "reward": 27555,
                "time": 58.155393635854125,
                "time_by_components": {
                    "R0": 3.321008031256497,
                    "R1": 3.408158683218062,
                    "R2": 3.045710166916251,
                    "R3": 3.1911480855196714,
                    "R4": 2.9668729789555073,
                    "R5": 2.9533186624757946,
                    "R6": 3.0736873652786016,
                    "R7": 2.9533335315063596,
                    "R8": 2.943286694586277,
                    "R9": 2.929934071842581,
                    "as": 2.997347835917026,
                    "comp": 22.8376465276815,
                    "dc": 0.03301013866439462
                }
            },
            "std": {
                "reward": 27555,
                "time": 3.952894449234009
            }
        }
    },
    "e-greedy": {
        "it-14": {
            "args": {
                "alpha_seed": 685,
                "epsilon": 0.1,
                "epsilon_seed": 555,
                "random_arm_seed": 433,
                "reward_seed": 14,
                "sigma_seed": 699
            },
            "gen-distributed": {
                "reward": 29505,
                "time": 9.7380534815602,
                "time_by_components": {
                    "R0": 0.9987776875495911,
                    "R1": 0.5058737308718264,
                    "R2": 0.5015515256673098,
                    "R3": 0.4982842830941081,
                    "R4": 0.49936541402712464,
                    "R5": 0.4989697686396539,
                    "R6": 0.49621933279559016,
                    "R7": 0.4965443420223892,
                    "R8": 0.4970389446243644,
                    "R9": 0.4964890778064728,
                    "as": 2.51422922546044,
                    "comp": 0.24250600300729275,
                    "dc": 0
                }
            },
            "gen-secure": {
                "reward": 29505,
                "time": 55.59317623404786,
                "time_by_components": {
                    "R0": 3.6539412131533027,
                    "R1": 2.970349126961082,
                    "R2": 2.881839901674539,
                    "R3": 2.848627569153905,
                    "R4": 2.811102386098355,
                    "R5": 2.8067458402365446,
                    "R6": 2.7946443906985223,
                    "R7": 2.7984871328808367,
                    "R8": 2.7758462256751955,
                    "R9": 2.7745591327548027,
                    "as": 2.993908977601677,
                    "comp": 21.462441216222942,
                    "dc": 0.047772135119885206
                }
            },
            "std": {
                "reward": 29505,
                "time": 3.6209068298339844
            }
        }
    },
    "e-greedy-decreasing": {
        "it-14": {
            "args": {
                "alpha_seed": 407,
                "epsilon_seed": 310,
                "random_arm_seed": 884,
                "reward_seed": 14,
                "sigma_seed": 263
            },
            "gen-distributed": {
                "reward": 29634,
                "time": 9.642894610762596,
                "time_by_components": {
                    "R0": 1.004426009953022,
                    "R1": 0.5049762055277824,
                    "R2": 0.49845972657203674,
                    "R3": 0.49630788061767817,
                    "R4": 0.4961863965727389,
                    "R5": 0.4963582125492394,
                    "R6": 0.49660060042515397,
                    "R7": 0.5044343201443553,
                    "R8": 0.5005555367097259,
                    "R9": 0.49729249347001314,
                    "as": 2.448682126123458,
                    "comp": 0.21945055341348052,
                    "dc": 0
                }
            },
            "gen-secure": {
                "reward": 29634,
                "time": 56.138304707128555,
                "time_by_components": {
                    "R0": 3.6862998455762863,
                    "R1": 3.002578311599791,
                    "R2": 2.90971769252792,
                    "R3": 2.87626312719658,
                    "R4": 2.8450423716567457,
                    "R5": 2.8298078812658787,
                    "R6": 2.867400038521737,
                    "R7": 2.8325296007096767,
                    "R8": 2.811820402275771,
                    "R9": 2.81149481004104,
                    "as": 2.948269042186439,
                    "comp": 21.66318218316883,
                    "dc": 0.030694785062223673
                }
            },
            "std": {
                "reward": 29634,
                "time": 3.664304256439209
            }
        }
    },
    "nb_iterations": 50,
    "pursuit": {
        "it-14": {
            "args": {
                "alpha_seed": 310,
                "beta": 0.2,
                "random_arm_seed": 884,
                "reward_seed": 14,
                "sigma_seed": 263
            },
            "gen-distributed": {
                "reward": 28033,
                "time": 20.26077272091061,
                "time_by_components": {
                    "R0": 1.2253609960898757,
                    "R1": 1.6989460890181363,
                    "R2": 1.1390367555432022,
                    "R3": 1.129430823493749,
                    "R4": 1.1253558741882443,
                    "R5": 1.1282531097531319,
                    "R6": 1.1263136565685272,
                    "R7": 1.1295469626784325,
                    "R8": 1.1264896183274686,
                    "R9": 1.1243767524138093,
                    "as": 5.12697365321219,
                    "comp": 1.0701692611910403,
                    "dc": 0
                }
            },
            "gen-secure": {
                "reward": 28033,
                "time": 113.7899153069593,
                "time_by_components": {
                    "R0": 6.552099319174886,
                    "R1": 6.788108606822789,
                    "R2": 5.995755917858332,
                    "R3": 5.952432163525373,
                    "R4": 5.804664129391313,
                    "R5": 5.785365370567888,
                    "R6": 5.8349408260546625,
                    "R7": 5.81437670905143,
                    "R8": 5.759240159764886,
                    "R9": 5.741135540418327,
                    "as": 6.024297857191414,
                    "comp": 44.717539235483855,
                    "dc": 0.03289820905774832
                }
            },
            "std": {
                "reward": 28033,