{
    "N": 70000,
    "arms": [
        0.4960973461954129,
        0.46519633350678463,
        0.4564303726534043,
        0.45410879397990633,
        0.4505463715326422,
        0.4449825881599488,
        0.4438618260417084,
        0.4347356202217508,
        0.42404835287995835,
        0.41264059560501143
    ],
    "boltzmann": {
        "it-39": {
            "args": {
                "alpha_seed": 851,
                "random_arm_seed": 62,
                "reward_seed": 39,
                "sigma_seed": 116,
                "tau": 0.02
            },
            "gen-distributed": {
                "reward": 33778,
                "time": 12.65989110385999,
                "time_by_components": {
                    "R0": 1.112364265602082,
                    "R1": 0.7811199058778584,
                    "R2": 0.6619889982976019,
                    "R3": 0.7427230780012906,
                    "R4": 0.6585050290450454,
                    "R5": 0.6637451322749257,
                    "R6": 0.6590301422402263,
                    "R7": 0.6829514359124005,
                    "R8": 0.6561269462108612,
                    "R9": 0.6740367594175041,
                    "as": 3.01943884184584,
                    "comp": 1.0921847936697304,
                    "dc": 0
                }
            },
            "gen-secure": {
                "reward": 33778,
                "time": 68.91235393239185,
                "time_by_components": {
                    "R0": 4.375407749786973,
                    "R1": 3.812706626486033,
                    "R2": 3.601654268335551,
                    "R3": 3.626605697441846,
                    "R4": 3.4869751813821495,
                    "R5": 3.485835138708353,
                    "R6": 3.474707689601928,
                    "R7": 3.4895576392300427,
                    "R8": 3.4576515965163708,
                    "R9": 3.477298657875508,
                    "as": 3.6007080050185323,
                    "comp": 27.22131875483319,
                    "dc": 0.032895210199058056
                }
            },
            "std": {
                "reward": 33778,
                "time": 4.611802816390991
            }
        }
    },
    "e-greedy": {
        "it-39": {
            "args": {
                "alpha_seed": 211,
                "epsilon": 0.1,
                "epsilon_seed": 264,
                "random_arm_seed": 468,
                "reward_seed": 39,
                "sigma_seed": 741
            },
            "gen-distributed": {
                "reward": 34462,
                "time": 11.429407600779086,
                "time_by_components": {
                    "R0": 1.1762685375288129,
                    "R1": 0.592426695395261,
                    "R2": 0.586436462122947,
                    "R3": 0.5839429246261716,
                    "R4": 0.5863061579875648,
                    "R5": 0.584060491528362,
                    "R6": 0.5834979214705527,
                    "R7": 0.582481597084552,
                    "R8": 0.582600746769458,
                    "R9": 0.5818453379906714,
                    "as": 2.958935349714011,
                    "comp": 0.28716533072292805,
                    "dc": 0
                }
            },
            "gen-secure": {
                "reward": 34462,
                "time": 64.47008234169334,
                "time_by_components": {
                    "R0": 4.247915195766836,
                    "R1": 3.4326099110767245,
                    "R2": 3.3389819054864347,
                    "R3": 3.2894997498951852,
                    "R4": 3.249641163740307,
                    "R5": 3.239080332685262,
                    "R6": 3.2353782658465207,
                    "R7": 3.2231058604083955,
                    "R8": 3.2176275718957186,
                    "R9": 3.2206729343160987,
                    "as": 3.5371248587034643,
                    "comp": 24.916210311930627,
                    "dc": 0.03301167907193303
                }
            },
            "std": {
                "reward": 34462,
                "time": 4.260502815246582
            }
        }
    },
    "e-greedy-decreasing": {
        "it-39": {
            "args": {
                "alpha_seed": 664,
                "epsilon_seed": 851,
                "random_arm_seed": 62,
                "reward_seed": 39,
                "sigma_seed": 308
            },
            "gen-distributed": {
                "reward": 34563,
                "time": 11.648053317330778,
                "time_by_components": {
                    "R0": 1.2086862833239138,
                    "R1": 0.6062650852836668,
                    "R2": 0.6019398891367018,
                    "R3": 0.6042248080484569,
                    "R4": 0.5993542610667646,
                    "R5": 0.6008684430271387,
                    "R6": 0.597959210164845,
                    "R7": 0.6016890415921807,
                    "R8": 0.5984239424578846,
                    "R9": 0.5981168001890182,
                    "as": 2.9732433147728443,
                    "comp": 0.26922553963959217,
                    "dc": 0
                }
            },
            "gen-secure": {
                "reward": 34563,
                "time": 65.68102534022182,
                "time_by_components": {
                    "R0": 4.325492673087865,
                    "R1": 3.514335999265313,
                    "R2": 3.398540591355413,
                    "R3": 3.3518233322538435,
                    "R4": 3.316590663511306,
                    "R5": 3.2909468770958483,
                    "R6": 3.294468788895756,
                    "R7": 3.291379506699741,
                    "R8": 3.2866682736203074,
                    "R9": 3.2674841643311083,
                    "as": 3.512214444577694,
                    "comp": 25.431532060261816,
                    "dc": 0.03285552514716983
                }
            },
            "std": {
                "reward": 34563,
                "time": 4.252821445465088
            }
        }
    },
    "nb_iterations": 50,
    "pursuit": {
        "it-39": {
            "args": {
                "alpha_seed": 851,
                "beta": 0.2,
                "random_arm_seed": 62,
                "reward_seed": 39,
                "sigma_seed": 308
            },
            "gen-distributed": {
                "reward": 30505,
                "time": 23.711211670655757,
                "time_by_components": {
                    "R0": 1.429974957369268,
                    "R1": 1.3331711259670556,
                    "R2": 1.321729686576873,
                    "R3": 1.3195564593188465,
                    "R4": 1.3136305660009384,
                    "R5": 1.3208510060794652,
                    "R6": 1.3180463258177042,
                    "R7": 1.9588196324184537,
                    "R8": 1.31796013424173,
                    "R9": 1.3150545237585902,
                    "as": 6.049425469711423,
                    "comp": 1.2521194336004555,
                    "dc": 0
                }
            },
            "gen-secure": {
                "reward": 30505,
                "time": 134.84007897786796,
                "time_by_components": {
                    "R0": 7.789747498929501,
                    "R1": 7.238242348656058,
                    "R2": 7.003381272777915,
                    "R3": 6.971336462069303,
                    "R4": 6.873184121679515,
                    "R5": 6.8713919832371175,
                    "R6": 6.805541797541082,
                    "R7": 7.601328317541629,
                    "R8": 6.817118383478373,
                    "R9": 6.850581685081124,
                    "as": 7.148771177046001,
                    "comp": 53.331645159982145,
                    "dc": 0.03304116381332278
                }
            },
            "std": {
                "reward": 30505,