{
    "N": 50000,
    "arms": [
        0.4960973461954129,
        0.46519633350678463,
        0.4564303726534043,
        0.45410879397990633,
        0.4505463715326422,
        0.4449825881599488,
        0.4438618260417084,
        0.4347356202217508,
        0.42404835287995835,
        0.41264059560501143
    ],
    "boltzmann": {
        "it-47": {
            "args": {
                "alpha_seed": 213,
                "random_arm_seed": 845,
                "reward_seed": 47,
                "sigma_seed": 879,
                "tau": 0.02
            },
            "gen-distributed": {
                "reward": 23050,
                "time": 9.022167620714754,
                "time_by_components": {
                    "R0": 0.4980446547269821,
                    "R1": 0.734971372410655,
                    "R2": 0.47242837492376566,
                    "R3": 0.6530954665504396,
                    "R4": 0.469744888599962,
                    "R5": 0.4706587502732873,
                    "R6": 0.46908853808417916,
                    "R7": 0.4699221760965884,
                    "R8": 0.46827856823801994,
                    "R9": 0.488360483199358,
                    "as": 2.1615716353990138,
                    "comp": 0.7815290815196931,
                    "dc": 0
                }
            },
            "gen-secure": {
                "reward": 23050,
                "time": 49.1907653817907,
                "time_by_components": {
                    "R0": 2.815263160970062,
                    "R1": 2.9349179374985397,
                    "R2": 2.598172332160175,
                    "R3": 2.7603710098192096,
                    "R4": 2.5362063460052013,
                    "R5": 2.5063760420307517,
                    "R6": 2.4948522388003767,
                    "R7": 2.5023039146326482,
                    "R8": 2.486921499017626,
                    "R9": 2.5083247632719576,
                    "as": 2.529026464559138,
                    "comp": 19.232466037385166,
                    "dc": 0.03305461723357439
                }
            },
            "std": {
                "reward": 23050,
                "time": 3.287660598754883
            }
        }
    },
    "e-greedy": {
        "it-47": {
            "args": {
                "alpha_seed": 267,
                "epsilon": 0.1,
                "epsilon_seed": 176,
                "random_arm_seed": 536,
                "reward_seed": 47,
                "sigma_seed": 751
            },
            "gen-distributed": {
                "reward": 24374,
                "time": 8.126970191020519,
                "time_by_components": {
                    "R0": 0.762807528488338,
                    "R1": 0.4810299095697701,
                    "R2": 0.41691970080137253,
                    "R3": 0.4208115809597075,
                    "R4": 0.4151292284950614,
                    "R5": 0.416494729463011,
                    "R6": 0.4164950419217348,
                    "R7": 0.4170104004442692,
                    "R8": 0.4157462720759213,
                    "R9": 0.4151900769211352,
                    "as": 2.107288984116167,
                    "comp": 0.20202045468613505,
                    "dc": 0
                }
            },
            "gen-secure": {
                "reward": 24374,
                "time": 46.684418255928904,
                "time_by_components": {
                    "R0": 3.0099136638455093,
                    "R1": 2.558941015508026,
                    "R2": 2.4257463510148227,
                    "R3": 2.3987031700089574,
                    "R4": 2.3792417333461344,
                    "R5": 2.3634870843961835,
                    "R6": 2.3753796890378,
                    "R7": 2.3794839726760983,
                    "R8": 2.3543232548981905,
                    "R9": 2.354227442294359,
                    "as": 2.52683911845088,
                    "comp": 17.886212846729904,
                    "dc": 0.03299647569656372
                }
            },
            "std": {
                "reward": 24374,
                "time": 3.0680017471313477
            }
        }
    },
    "e-greedy-decreasing": {
        "it-47": {
            "args": {
                "alpha_seed": 211,
                "epsilon_seed": 213,
                "random_arm_seed": 845,
                "reward_seed": 47,
                "sigma_seed": 974
            },
            "gen-distributed": {
                "reward": 24659,
                "time": 8.281884359195828,
                "time_by_components": {
                    "R0": 0.8528720112517476,
                    "R1": 0.43794854637235403,
                    "R2": 0.4276877986267209,
                    "R3": 0.42780400766059756,
                    "R4": 0.4274015477858484,
                    "R5": 0.4261911837384105,
                    "R6": 0.4269156423397362,
                    "R7": 0.4313693791627884,
                    "R8": 0.4253648412413895,
                    "R9": 0.4259172771126032,
                    "as": 2.1073110699653625,
                    "comp": 0.190757614094764,
                    "dc": 0
                }
            },
            "gen-secure": {
                "reward": 24659,
                "time": 47.705115034710616,
                "time_by_components": {
                    "R0": 3.119255027268082,
                    "R1": 2.5556378150358796,
                    "R2": 2.4852230162359774,
                    "R3": 2.4525802060961723,
                    "R4": 2.424247018992901,
                    "R5": 2.413306251168251,
                    "R6": 2.41325124213472,
                    "R7": 2.414005375467241,
                    "R8": 2.4005672922357917,
                    "R9": 2.397408544551581,
                    "as": 2.4641795554198325,
                    "comp": 18.429826097097248,
                    "dc": 0.03282199380919337
                }
            },
            "std": {
                "reward": 24659,
                "time": 3.0211832523345947
            }
        }
    },
    "nb_iterations": 50,
    "pursuit": {
        "it-47": {
            "args": {
                "alpha_seed": 213,
                "beta": 0.2,
                "random_arm_seed": 845,
                "reward_seed": 47,
                "sigma_seed": 974
            },
            "gen-distributed": {
                "reward": 23385,
                "time": 15.999620684888214,
                "time_by_components": {
                    "R0": 0.9634691998362541,
                    "R1": 1.3366190777160227,
                    "R2": 0.8966217376291752,
                    "R3": 0.8901166436262429,
                    "R4": 0.8881247066892684,
                    "R5": 0.8917060713283718,
                    "R6": 0.8904264173470438,
                    "R7": 0.890333307441324,
                    "R8": 0.8887021588161588,
                    "R9": 0.8897165884263813,
                    "as": 4.066128045786172,
                    "comp": 0.84473144588992,
                    "dc": 0
                }
            },
            "gen-secure": {
                "reward": 23385,
                "time": 95.0490667624399,
                "time_by_components": {
                    "R0": 5.4198886919766665,
                    "R1": 5.627938258461654,
                    "R2": 4.998911382164806,
                    "R3": 4.95606947876513,
                    "R4": 4.860707969870418,
                    "R5": 4.854597730562091,
                    "R6": 4.818298254627734,
                    "R7": 4.8716268190182745,
                    "R8": 4.8787727053277194,
                    "R9": 4.869905919302255,
                    "as": 4.849123411346227,
                    "comp": 37.56422162055969,
                    "dc": 0.03294044313952327
                }
            },
            "std": {
                "reward": 23385,