{
    "N": 80000,
    "arms": [
        0.4960973461954129,
        0.46519633350678463,
        0.4564303726534043,
        0.45410879397990633,
        0.4505463715326422,
        0.4449825881599488,
        0.4438618260417084,
        0.4347356202217508,
        0.42404835287995835,
        0.41264059560501143
    ],
    "boltzmann": {
        "it-50": {
            "args": {
                "alpha_seed": 922,
                "random_arm_seed": 672,
                "reward_seed": 50,
                "sigma_seed": 805,
                "tau": 0.02
            },
            "gen-distributed": {
                "reward": 39391,
                "time": 14.509453306905925,
                "time_by_components": {
                    "R0": 1.482067289762199,
                    "R1": 0.7665653652511537,
                    "R2": 0.7514644283801317,
                    "R3": 0.7521311999298632,
                    "R4": 0.8033916195854545,
                    "R5": 0.7557776211760938,
                    "R6": 0.7563418680801988,
                    "R7": 0.7533159372396767,
                    "R8": 0.759857046417892,
                    "R9": 0.7631452572531998,
                    "as": 3.4770592558197677,
                    "comp": 1.2554006977006793,
                    "dc": 0
                }
            },
            "gen-secure": {
                "reward": 39391,
                "time": 79.53492562286556,
                "time_by_components": {
                    "R0": 5.2669121120125055,
                    "R1": 4.278138679917902,
                    "R2": 4.115585756488144,
                    "R3": 4.054159683175385,
                    "R4": 4.069220941513777,
                    "R5": 4.004260599147528,
                    "R6": 4.001948863267899,
                    "R7": 3.979350238107145,
                    "R8": 3.988886570557952,
                    "R9": 3.9906952283345163,
                    "as": 4.138018025550991,
                    "comp": 31.570330603513867,
                    "dc": 0.032913105096668005
                }
            },
            "std": {
                "reward": 39391,
                "time": 5.356957674026489
            }
        }
    },
    "e-greedy": {
        "it-50": {
            "args": {
                "alpha_seed": 86,
                "epsilon": 0.1,
                "epsilon_seed": 689,
                "random_arm_seed": 346,
                "reward_seed": 50,
                "sigma_seed": 625
            },
            "gen-distributed": {
                "reward": 39272,
                "time": 13.18800112279132,
                "time_by_components": {
                    "R0": 1.3502543792128563,
                    "R1": 0.6824364415369928,
                    "R2": 0.6771751237101853,
                    "R3": 0.6723337480798364,
                    "R4": 0.6715883309952915,
                    "R5": 0.673569274134934,
                    "R6": 0.6744028301909566,
                    "R7": 0.6708695651032031,
                    "R8": 0.6706663705408573,
                    "R9": 0.6726500084623694,
                    "as": 3.416676546446979,
                    "comp": 0.3327693557366729,
                    "dc": 0
                }
            },
            "gen-secure": {
                "reward": 39272,
                "time": 74.57256513694301,
                "time_by_components": {
                    "R0": 4.89787479210645,
                    "R1": 3.9546154378913343,
                    "R2": 3.847357719670981,
                    "R3": 3.788208111189306,
                    "R4": 3.7323646624572575,
                    "R5": 3.7356623611412942,
                    "R6": 3.721875799819827,
                    "R7": 3.7123895292170346,
                    "R8": 3.7368896063417196,
                    "R9": 3.7244493891485035,
                    "as": 4.071651269681752,
                    "comp": 28.965159581508487,
                    "dc": 0.03294432396069169
                }
            },
            "std": {
                "reward": 39272,
                "time": 4.833317756652832
            }
        }
    },
    "e-greedy-decreasing": {
        "it-50": {
            "args": {
                "alpha_seed": 118,
                "epsilon_seed": 922,
                "random_arm_seed": 672,
                "reward_seed": 50,
                "sigma_seed": 263
            },
            "gen-distributed": {
                "reward": 39432,
                "time": 13.446144750807434,
                "time_by_components": {
                    "R0": 1.3939682804048061,
                    "R1": 0.7018426125869155,
                    "R2": 0.6976949730888009,
                    "R3": 0.6894586132839322,
                    "R4": 0.6913230894133449,
                    "R5": 0.6940004983916879,
                    "R6": 0.6929656276479363,
                    "R7": 0.6929284292273223,
                    "R8": 0.6946596601046622,
                    "R9": 0.6950305770151317,
                    "as": 3.4252228890545666,
                    "comp": 0.3092857711017132,
                    "dc": 0
                }
            },
            "gen-secure": {
                "reward": 39432,
                "time": 75.83067274698988,
                "time_by_components": {
                    "R0": 4.980935720261186,
                    "R1": 4.025692651048303,
                    "R2": 3.908809922169894,
                    "R3": 3.8545874818228185,
                    "R4": 3.799718144349754,
                    "R5": 3.7968482803553343,
                    "R6": 3.787947441916913,
                    "R7": 3.791994237806648,
                    "R8": 3.7789151575416327,
                    "R9": 3.770558648277074,
                    "as": 4.010504297912121,
                    "comp": 29.55222435342148,
                    "dc": 0.03309736307710409
                }
            },
            "std": {
                "reward": 39432,
                "time": 4.944042444229126
            }
        }
    },
    "nb_iterations": 50,
    "pursuit": {
        "it-50": {
            "args": {
                "alpha_seed": 922,
                "beta": 0.2,
                "random_arm_seed": 672,
                "reward_seed": 50,
                "sigma_seed": 263
            },
            "gen-distributed": {
                "reward": 39728,
                "time": 27.156411196105182,
                "time_by_components": {
                    "R0": 2.3709682561457157,
                    "R1": 1.5359565764665604,
                    "R2": 1.5107999672181904,
                    "R3": 1.509958780836314,
                    "R4": 1.5037076231092215,
                    "R5": 1.5101226004771888,
                    "R6": 1.5222779181785882,
                    "R7": 1.50115029187873,
                    "R8": 1.4995616097003222,
                    "R9": 1.510369430296123,
                    "as": 6.889638512395322,
                    "comp": 1.443615566007793,
                    "dc": 0
                }
            },
            "gen-secure": {
                "reward": 39728,
                "time": 153.48200865415856,
                "time_by_components": {
                    "R0": 9.656158653087914,
                    "R1": 8.264588966034353,
                    "R2": 7.982828877866268,
                    "R3": 7.844154974445701,
                    "R4": 7.848027548287064,
                    "R5": 7.720779672730714,
                    "R6": 7.78840367635712,
                    "R7": 7.678934597875923,
                    "R8": 7.776998194400221,
                    "R9": 7.750595889054239,
                    "as": 8.223307677544653,
                    "comp": 60.89981898898259,
                    "dc": 0.03298490401357412
                }
            },
            "std": {
                "reward": 39728,