{
    "N": 100000,
    "arms": [
        0.4960973461954129,
        0.46519633350678463,
        0.4564303726534043,
        0.45410879397990633,
        0.4505463715326422,
        0.4449825881599488,
        0.4438618260417084,
        0.4347356202217508,
        0.42404835287995835,
        0.41264059560501143,
        0.4033943081295281,
        0.40123283833006446,
        0.39658968098306846,
        0.39566905495737104,
        0.3877836929111796,
        0.3750550374254493,
        0.3676900292198695,
        0.3489973181763599,
        0.33867029580114477,
        0.32770283792979227
    ],
    "boltzmann": {
        "it-43": {
            "args": {
                "alpha_seed": 156,
                "random_arm_seed": 475,
                "reward_seed": 43,
                "sigma_seed": 581,
                "tau": 0.02
            },
            "gen-distributed": {
                "reward": 47985,
                "time": 29.944211382884532,
                "time_by_components": {
                    "R0": 1.5507342433556914,
                    "R1": 1.1123674414120615,
                    "R10": 0.9405229697003961,
                    "R11": 0.9493839987553656,
                    "R12": 0.9409093842841685,
                    "R13": 0.944032781291753,
                    "R14": 0.9400106864050031,
                    "R15": 0.9451707266271114,
                    "R16": 0.9456501770764589,
                    "R17": 0.9423546101897955,
                    "R18": 0.939442781265825,
                    "R19": 0.9413497028872371,
                    "R2": 0.9529307340271771,
                    "R3": 1.1285273912362754,
                    "R4": 0.9461417850106955,
                    "R5": 1.0050737671554089,
                    "R6": 0.9464930067770183,
                    "R7": 0.9508222606964409,
                    "R8": 0.9473383538424969,
                    "R9": 0.9445951269008219,
                    "as": 5.153975763823837,
                    "comp": 1.6847561076283455,
                    "dc": 0
                }
            },
            "gen-secure": {
                "reward": 47985,
                "time": 185.23064440721646,
                "time_by_components": {
                    "R0": 6.279117405880243,
                    "R1": 5.422608541790396,
                    "R10": 4.840373899322003,
                    "R11": 4.86867638444528,
                    "R12": 4.835919440723956,
                    "R13": 4.849300329107791,
                    "R14": 4.840687894728035,
                    "R15": 4.847423558589071,
                    "R16": 4.841952610295266,
                    "R17": 4.823771073482931,
                    "R18": 4.822297317907214,
                    "R19": 4.838707659393549,
                    "R2": 5.094166210852563,
                    "R3": 5.2094298945739865,
                    "R4": 4.9242336000315845,
                    "R5": 4.990460687316954,
                    "R6": 4.896641401108354,
                    "R7": 4.891007541678846,
                    "R8": 4.8776667062193155,
                    "R9": 4.856649917550385,
                    "as": 6.197030456271023,
                    "comp": 74.7030013105832,
                    "dc": 0.0336459563113749
                }
            },
            "std": {
                "reward": 47985,
                "time": 7.773269414901733
            }
        }
    },
    "e-greedy": {
        "it-43": {
            "args": {
                "alpha_seed": 179,
                "epsilon": 0.1,
                "epsilon_seed": 228,
                "random_arm_seed": 176,
                "reward_seed": 43,
                "sigma_seed": 154
            },
            "gen-distributed": {
                "reward": 48316,
                "time": 27.10679817898199,
                "time_by_components": {
                    "R0": 1.6079579750075936,
                    "R1": 0.8565962398424745,
                    "R10": 0.8376387809403241,
                    "R11": 0.8383507602848113,
                    "R12": 0.8378896559588611,
                    "R13": 0.8383616469800472,
                    "R14": 0.8379904078319669,
                    "R15": 0.8394713555462658,
                    "R16": 0.836995733436197,
                    "R17": 0.8391043818555772,
                    "R18": 0.8379350062459707,
                    "R19": 0.8371049491688609,
                    "R2": 0.9130368991754949,
                    "R3": 0.863865106832236,
                    "R4": 0.8394962451420724,
                    "R5": 0.8409464894793928,
                    "R6": 0.8393268631771207,
                    "R7": 0.8411291646771133,
                    "R8": 0.839149956125766,
                    "R9": 0.8402189752086997,
                    "as": 5.106780730653554,
                    "comp": 0.5038665747269988,
                    "dc": 0
                }
            },
            "gen-secure": {
                "reward": 48316,
                "time": 170.09667801717296,
                "time_by_components": {
                    "R0": 5.8663381529040635,
                    "R1": 4.756102200131863,
                    "R10": 4.437244606669992,
                    "R11": 4.424708139151335,
                    "R12": 4.4254950559698045,
                    "R13": 4.430848057381809,
                    "R14": 4.4260668088682,
                    "R15": 4.423310992773622,
                    "R16": 4.438134162686765,
                    "R17": 4.418984421994537,
                    "R18": 4.41666897945106,
                    "R19": 4.449292525649071,
                    "R2": 4.673338612541556,
                    "R3": 4.566161246504635,
                    "R4": 4.482683861628175,
                    "R5": 4.461036799009889,
                    "R6": 4.471629680600017,
                    "R7": 4.449313146062195,
                    "R8": 4.4371625375933945,
                    "R9": 4.438891275785863,
                    "as": 5.9360645692795515,
                    "comp": 68.2488982048817,
                    "dc": 0.03641843516379595
                }
            },
            "std": {
                "reward": 48316,
                "time": 7.136549472808838
            }
        }
    },
    "e-greedy-decreasing": {
        "it-43": {
            "args": {
                "alpha_seed": 655,
                "epsilon_seed": 156,
                "random_arm_seed": 475,
                "reward_seed": 43,
                "sigma_seed": 524
            },
            "gen-distributed": {
                "reward": 46141,
                "time": 27.737981662154198,
                "time_by_components": {
                    "R0": 0.9104246669448912,
                    "R1": 1.7284741196781397,
                    "R10": 0.8667742270044982,
                    "R11": 0.866556373424828,
                    "R12": 0.867646086961031,
                    "R13": 0.8672331226989627,
                    "R14": 0.8658807161264122,
                    "R15": 0.8681220840662718,
                    "R16": 0.8667741497047246,
                    "R17": 0.866834219545126,
                    "R18": 0.865030066575855,
                    "R19": 0.8652518764138222,
                    "R2": 0.8777187126688659,
                    "R3": 0.871312452480197,
                    "R4": 0.870203151833266,
                    "R5": 0.8686442165635526,
                    "R6": 0.8685629279352725,
                    "R7": 0.8700191057287157,
                    "R8": 0.8668092512525618,
                    "R9": 0.8677739934064448,
                    "as": 5.134140059351921,
                    "comp": 0.47754037799313664,
                    "dc": 0
                }
            },
            "gen-secure": {
                "reward": 46141,
                "time": 175.03215150907636,
                "time_by_components": {
                    "R0": 5.250257887411863,