{
    "N": 70000,
    "arms": [
        0.4960973461954129,
        0.46519633350678463,
        0.4564303726534043,
        0.45410879397990633,
        0.4505463715326422,
        0.4449825881599488,
        0.4438618260417084,
        0.4347356202217508,
        0.42404835287995835,
        0.41264059560501143
    ],
    "boltzmann": {
        "it-46": {
            "args": {
                "alpha_seed": 273,
                "random_arm_seed": 311,
                "reward_seed": 46,
                "sigma_seed": 420,
                "tau": 0.02
            },
            "gen-distributed": {
                "reward": 34036,
                "time": 12.64645481808111,
                "time_by_components": {
                    "R0": 1.1924356613308191,
                    "R1": 0.6672331825830042,
                    "R2": 0.7309417091310024,
                    "R3": 0.6568906079046428,
                    "R4": 0.713353568688035,
                    "R5": 0.6593545484356582,
                    "R6": 0.659620376303792,
                    "R7": 0.6569834551773965,
                    "R8": 0.6896176589652896,
                    "R9": 0.6561160637065768,
                    "as": 3.0119584426283836,
                    "comp": 1.090955008752644,
                    "dc": 0
                }
            },
            "gen-secure": {
                "reward": 34036,
                "time": 69.21582309994847,
                "time_by_components": {
                    "R0": 4.4902771529741585,
                    "R1": 3.7252535708248615,
                    "R2": 3.691045151092112,
                    "R3": 3.565854860469699,
                    "R4": 3.5762068177573383,
                    "R5": 3.4987766658887267,
                    "R6": 3.479817585553974,
                    "R7": 3.4736423464491963,
                    "R8": 3.512875080574304,
                    "R9": 3.4682046244852245,
                    "as": 3.5993778640404344,
                    "comp": 27.306007555220276,
                    "dc": 0.03340955590829253
                }
            },
            "std": {
                "reward": 34036,
                "time": 4.605427026748657
            }
        }
    },
    "e-greedy": {
        "it-46": {
            "args": {
                "alpha_seed": 547,
                "epsilon": 0.1,
                "epsilon_seed": 186,
                "random_arm_seed": 851,
                "reward_seed": 46,
                "sigma_seed": 295
            },
            "gen-distributed": {
                "reward": 34474,
                "time": 11.397023634053767,
                "time_by_components": {
                    "R0": 1.175114513374865,
                    "R1": 0.5887551228515804,
                    "R2": 0.5825280235148966,
                    "R3": 0.580535028129816,
                    "R4": 0.5812700493261218,
                    "R5": 0.5829507722519338,
                    "R6": 0.5806693327613175,
                    "R7": 0.5802357858046889,
                    "R8": 0.5801714495755732,
                    "R9": 0.5806053071282804,
                    "as": 2.948663741350174,
                    "comp": 0.2869179337285459,
                    "dc": 0
                }
            },
            "gen-secure": {
                "reward": 34474,
                "time": 63.347516442183405,
                "time_by_components": {
                    "R0": 4.167181728873402,
                    "R1": 3.372966750524938,
                    "R2": 3.269228289835155,
                    "R3": 3.229039490222931,
                    "R4": 3.202824532520026,
                    "R5": 3.2296855095773935,
                    "R6": 3.173429489135742,
                    "R7": 3.163018887862563,
                    "R8": 3.1593237994238734,
                    "R9": 3.1677264194004238,
                    "as": 3.422510278876871,
                    "comp": 24.495639454573393,
                    "dc": 0.033004024997353554
                }
            },
            "std": {
                "reward": 34474,
                "time": 4.254393815994263
            }
        }
    },
    "e-greedy-decreasing": {
        "it-46": {
            "args": {
                "alpha_seed": 720,
                "epsilon_seed": 273,
                "random_arm_seed": 311,
                "reward_seed": 46,
                "sigma_seed": 263
            },
            "gen-distributed": {
                "reward": 34320,
                "time": 11.624953508377075,
                "time_by_components": {
                    "R0": 1.1352043827064335,
                    "R1": 0.673013333696872,
                    "R2": 0.6011065915226936,
                    "R3": 0.5987246502190828,
                    "R4": 0.5987813537940383,
                    "R5": 0.6083150655031204,
                    "R6": 0.5985910492017865,
                    "R7": 0.5983458077535033,
                    "R8": 0.5978278750553727,
                    "R9": 0.5970324194058776,
                    "as": 2.958514261059463,
                    "comp": 0.2688156054355204,
                    "dc": 0
                }
            },
            "gen-secure": {
                "reward": 34320,
                "time": 65.85553235979751,
                "time_by_components": {
                    "R0": 4.255667011719197,
                    "R1": 3.5884795216843486,
                    "R2": 3.4097717222757638,
                    "R3": 3.360747193451971,
                    "R4": 3.3323990926146507,
                    "R5": 3.3324234266765416,
                    "R6": 3.302821689285338,
                    "R7": 3.3063004333525896,
                    "R8": 3.2897595786489546,
                    "R9": 3.28692119801417,
                    "as": 3.510697284247726,
                    "comp": 25.444830102846026,
                    "dc": 0.03299441188573837
                }
            },
            "std": {
                "reward": 34320,
                "time": 4.238946199417114
            }
        }
    },
    "nb_iterations": 50,
    "pursuit": {
        "it-46": {
            "args": {
                "alpha_seed": 273,
                "beta": 0.2,
                "random_arm_seed": 311,
                "reward_seed": 46,
                "sigma_seed": 263
            },
            "gen-distributed": {
                "reward": 31903,
                "time": 23.76284581096843,
                "time_by_components": {
                    "R0": 1.4422588981688023,
                    "R1": 1.3359648338519037,
                    "R2": 1.3240333455614746,
                    "R3": 1.9621158964000642,
                    "R4": 1.320389068685472,
                    "R5": 1.3139443467371166,
                    "R6": 1.3159983707591891,
                    "R7": 1.3137527364306152,
                    "R8": 1.3181034331209958,
                    "R9": 1.315372952260077,
                    "as": 6.046590346377343,
                    "comp": 1.253321182448417,
                    "dc": 0
                }
            },
            "gen-secure": {
                "reward": 31903,
                "time": 132.43356210039929,
                "time_by_components": {
                    "R0": 7.684046442620456,
                    "R1": 7.058124940376729,
                    "R2": 6.947965501341969,
                    "R3": 7.5998174622654915,
                    "R4": 6.814785209484398,
                    "R5": 6.7048293286934495,
                    "R6": 6.753959807101637,
                    "R7": 6.670620753895491,
                    "R8": 6.7290174989029765,
                    "R9": 6.645705753471702,
                    "as": 7.079458475112915,
                    "comp": 52.24121637409553,
                    "dc": 0.03281427966430783
                }
            },
            "std": {
                "reward": 31903,