{
    "N": 80000,
    "arms": [
        0.4960973461954129,
        0.46519633350678463,
        0.4564303726534043,
        0.45410879397990633,
        0.4505463715326422,
        0.4449825881599488,
        0.4438618260417084,
        0.4347356202217508,
        0.42404835287995835,
        0.41264059560501143
    ],
    "boltzmann": {
        "it-5": {
            "args": {
                "alpha_seed": 865,
                "random_arm_seed": 327,
                "reward_seed": 5,
                "sigma_seed": 441,
                "tau": 0.02
            },
            "gen-distributed": {
                "reward": 36456,
                "time": 14.393445537891239,
                "time_by_components": {
                    "R0": 0.7980586900375783,
                    "R1": 1.1093899914994836,
                    "R2": 0.9889387809671462,
                    "R3": 0.7485408997163177,
                    "R4": 0.7457644799724221,
                    "R5": 0.7501524556428194,
                    "R6": 0.7484672851860523,
                    "R7": 0.8405525917187333,
                    "R8": 0.8091441346332431,
                    "R9": 0.7484858999960124,
                    "as": 3.445928979665041,
                    "comp": 1.2445749137550592,
                    "dc": 0
                }
            },
            "gen-secure": {
                "reward": 36456,
                "time": 77.60169377131388,
                "time_by_components": {
                    "R0": 4.4501203703694046,
                    "R1": 4.516344261355698,
                    "R2": 4.2902076677419245,
                    "R3": 3.9897045828402042,
                    "R4": 3.9169329460710287,
                    "R5": 3.9352659420110285,
                    "R6": 3.923088387120515,
                    "R7": 4.003121365793049,
                    "R8": 4.011320661753416,
                    "R9": 3.918155808467418,
                    "as": 4.071885759010911,
                    "comp": 30.551456491928548,
                    "dc": 0.033324826043099165
                }
            },
            "std": {
                "reward": 36456,
                "time": 5.231159925460815
            }
        }
    },
    "e-greedy": {
        "it-5": {
            "args": {
                "alpha_seed": 648,
                "epsilon": 0.1,
                "epsilon_seed": 804,
                "random_arm_seed": 613,
                "reward_seed": 5,
                "sigma_seed": 379
            },
            "gen-distributed": {
                "reward": 39225,
                "time": 12.948823613114655,
                "time_by_components": {
                    "R0": 1.3129365290515125,
                    "R1": 0.6857573073357344,
                    "R2": 0.6681585805490613,
                    "R3": 0.6671223221346736,
                    "R4": 0.6645415560342371,
                    "R5": 0.6629793434403837,
                    "R6": 0.6618602038361132,
                    "R7": 0.660921371076256,
                    "R8": 0.6618591267615557,
                    "R9": 0.6607762211933732,
                    "as": 3.3505725134164095,
                    "comp": 0.3231512373313308,
                    "dc": 0
                }
            },
            "gen-secure": {
                "reward": 39225,
                "time": 73.5017716451548,
                "time_by_components": {
                    "R0": 4.807496007997543,
                    "R1": 3.927788739092648,
                    "R2": 3.8021336081437767,
                    "R3": 3.7552086892537773,
                    "R4": 3.705055241007358,
                    "R5": 3.7009262358769774,
                    "R6": 3.692032880615443,
                    "R7": 3.6845719255506992,
                    "R8": 3.672306004911661,
                    "R9": 3.6722411145456135,
                    "as": 3.985544723458588,
                    "comp": 28.449672360438854,
                    "dc": 0.03296315437182784
                }
            },
            "std": {
                "reward": 39225,
                "time": 4.866574048995972
            }
        }
    },
    "e-greedy-decreasing": {
        "it-5": {
            "args": {
                "alpha_seed": 325,
                "epsilon_seed": 865,
                "random_arm_seed": 327,
                "reward_seed": 5,
                "sigma_seed": 966
            },
            "gen-distributed": {
                "reward": 38170,
                "time": 13.25470482185483,
                "time_by_components": {
                    "R0": 1.0443986132740974,
                    "R1": 0.8697312944568694,
                    "R2": 0.8354374803602695,
                    "R3": 0.6959938397631049,
                    "R4": 0.6821563276462257,
                    "R5": 0.6821825886145234,
                    "R6": 0.6832905528135598,
                    "R7": 0.6841042093001306,
                    "R8": 0.6824338189326227,
                    "R9": 0.683520486112684,
                    "as": 3.373779172077775,
                    "comp": 0.302238579839468,
                    "dc": 0
                }
            },
            "gen-secure": {
                "reward": 38170,
                "time": 74.78451055334881,
                "time_by_components": {
                    "R0": 4.536467238795012,
                    "R1": 4.173178481403738,
                    "R2": 4.046506817918271,
                    "R3": 3.8543958077207208,
                    "R4": 3.7853068904951215,
                    "R5": 3.767127831466496,
                    "R6": 3.7628094973042607,
                    "R7": 3.747937409207225,
                    "R8": 3.738661837298423,
                    "R9": 3.7465146593749523,
                    "as": 3.947620503138751,
                    "comp": 28.92205228842795,
                    "dc": 0.032819610089063644
                }
            },
            "std": {
                "reward": 38170,
                "time": 4.839631795883179
            }
        }
    },
    "nb_iterations": 50,
    "pursuit": {
        "it-5": {
            "args": {
                "alpha_seed": 865,
                "beta": 0.2,
                "random_arm_seed": 327,
                "reward_seed": 5,
                "sigma_seed": 966
            },
            "gen-distributed": {
                "reward": 39723,
                "time": 26.902942271903157,
                "time_by_components": {
                    "R0": 2.352039664052427,
                    "R1": 1.5300081563182175,
                    "R2": 1.508278884459287,
                    "R3": 1.5003037201240659,
                    "R4": 1.4937929809093475,
                    "R5": 1.5025666509754956,
                    "R6": 1.4961210493929684,
                    "R7": 1.4925079457461834,
                    "R8": 1.4901201124303043,
                    "R9": 1.492562626954168,
                    "as": 6.8387417728081346,
                    "comp": 1.4238301422446966,
                    "dc": 0
                }
            },
            "gen-secure": {
                "reward": 39723,
                "time": 152.77959055826068,
                "time_by_components": {
                    "R0": 9.631860556546599,
                    "R1": 8.319673798047006,
                    "R2": 8.02560399658978,
                    "R3": 7.86500262003392,
                    "R4": 7.742250269744545,
                    "R5": 7.819617299828678,
                    "R6": 7.711389121599495,
                    "R7": 7.7875230447389185,
                    "R8": 7.757692781742662,
                    "R9": 7.684961431194097,
                    "as": 8.146191243082285,
                    "comp": 60.253935721702874,
                    "dc": 0.03309543523937464
                }
            },
            "std": {
                "reward": 39723,