{
    "N": 100000,
    "arms": [
        0.4960973461954129,
        0.46519633350678463,
        0.4564303726534043,
        0.45410879397990633,
        0.4505463715326422,
        0.4449825881599488,
        0.4438618260417084,
        0.4347356202217508,
        0.42404835287995835,
        0.41264059560501143,
        0.4033943081295281,
        0.40123283833006446,
        0.39658968098306846,
        0.39566905495737104,
        0.3877836929111796,
        0.3750550374254493,
        0.3676900292198695,
        0.3489973181763599,
        0.33867029580114477,
        0.32770283792979227
    ],
    "boltzmann": {
        "it-32": {
            "args": {
                "alpha_seed": 346,
                "random_arm_seed": 520,
                "reward_seed": 32,
                "sigma_seed": 135,
                "tau": 0.02
            },
            "gen-distributed": {
                "reward": 43904,
                "time": 28.46009174687788,
                "time_by_components": {
                    "R0": 0.9596481882035732,
                    "R1": 0.9137510294094682,
                    "R10": 0.9291632063686848,
                    "R11": 0.8986704275012016,
                    "R12": 0.9240998597815633,
                    "R13": 0.8967894809320569,
                    "R14": 0.8978030071593821,
                    "R15": 0.8975798948667943,
                    "R16": 0.9052224927581847,
                    "R17": 0.896440346725285,
                    "R18": 0.8971335487440228,
                    "R19": 0.8955530803650618,
                    "R2": 0.9045335547998548,
                    "R3": 1.060869038105011,
                    "R4": 0.900541921146214,
                    "R5": 0.8986456049606204,
                    "R6": 1.3962317574769258,
                    "R7": 0.9024481633678079,
                    "R8": 1.0875553926452994,
                    "R9": 0.8992734630592167,
                    "as": 4.9249770026654005,
                    "comp": 1.5969601734541357,
                    "dc": 0
                }
            },
            "gen-secure": {
                "reward": 43904,
                "time": 183.97054490074515,
                "time_by_components": {
                    "R0": 5.6792703522369266,
                    "R1": 5.153635299298912,
                    "R10": 4.878690871410072,
                    "R11": 4.9091134909540415,
                    "R12": 4.87323853559792,
                    "R13": 4.810828508809209,
                    "R14": 4.831760769244283,
                    "R15": 4.804356495384127,
                    "R16": 4.847790737170726,
                    "R17": 4.805011884775013,
                    "R18": 4.821027448400855,
                    "R19": 4.8476565117016435,
                    "R2": 5.077291890513152,
                    "R3": 5.167121719568968,
                    "R4": 4.891992477234453,
                    "R5": 4.852493658196181,
                    "R6": 5.452486976515502,
                    "R7": 4.8694514581002295,
                    "R8": 5.091225620359182,
                    "R9": 4.853684119414538,
                    "as": 6.123703001067042,
                    "comp": 73.89142982335761,
                    "dc": 0.03345772065222263
                }
            },
            "std": {
                "reward": 43904,
                "time": 7.751627445220947
            }
        }
    },
    "e-greedy": {
        "it-32": {
            "args": {
                "alpha_seed": 892,
                "epsilon": 0.1,
                "epsilon_seed": 794,
                "random_arm_seed": 797,
                "reward_seed": 32,
                "sigma_seed": 135
            },
            "gen-distributed": {
                "reward": 48472,
                "time": 26.88083737436682,
                "time_by_components": {
                    "R0": 1.615991236642003,
                    "R1": 0.8507758807390928,
                    "R10": 0.8353590848855674,
                    "R11": 0.8355811354704201,
                    "R12": 0.8321412126533687,
                    "R13": 0.836000335868448,
                    "R14": 0.8329276307485998,
                    "R15": 0.8333617374300957,
                    "R16": 0.8329917625524104,
                    "R17": 0.8329912852495909,
                    "R18": 0.8319659805856645,
                    "R19": 0.834453612100333,
                    "R2": 0.8406024374999106,
                    "R3": 0.8989005978219211,
                    "R4": 0.8378364620730281,
                    "R5": 0.8425497021526098,
                    "R6": 0.8332482487894595,
                    "R7": 0.8349832282401621,
                    "R8": 0.8331771739758551,
                    "R9": 0.8346066433005035,
                    "as": 5.0702448124065995,
                    "comp": 0.4995954465121031,
                    "dc": 0
                }
            },
            "gen-secure": {
                "reward": 48472,
                "time": 171.64423260791227,
                "time_by_components": {
                    "R0": 5.929674133658409,
                    "R1": 4.799840407911688,
                    "R10": 4.475878325756639,
                    "R11": 4.491464509163052,
                    "R12": 4.469979007728398,
                    "R13": 4.465636248700321,
                    "R14": 4.45908530196175,
                    "R15": 4.4587084776721895,
                    "R16": 4.4582418240606785,
                    "R17": 4.453079812694341,
                    "R18": 4.460762673057616,
                    "R19": 4.454578580334783,
                    "R2": 4.64228382660076,
                    "R3": 4.648179437965155,
                    "R4": 4.5269945855252445,
                    "R5": 4.511217650957406,
                    "R6": 4.492783090099692,
                    "R7": 4.481805823743343,
                    "R8": 4.476468454115093,
                    "R9": 4.473136424552649,
                    "as": 6.000119865871966,
                    "comp": 68.93465520627797,
                    "dc": 0.033738844096660614
                }
            },
            "std": {
                "reward": 48472,
                "time": 7.12077522277832
            }
        }
    },
    "e-greedy-decreasing": {
        "it-32": {
            "args": {
                "alpha_seed": 789,
                "epsilon_seed": 346,
                "random_arm_seed": 520,
                "reward_seed": 32,
                "sigma_seed": 389
            },
            "gen-distributed": {
                "reward": 48692,
                "time": 27.09047372965142,
                "time_by_components": {
                    "R0": 1.6427755360491574,
                    "R1": 0.8625939185731113,
                    "R10": 0.8472146084532142,
                    "R11": 0.8469608039595187,
                    "R12": 0.844887304585427,
                    "R13": 0.8460514922626317,
                    "R14": 0.8451351788826287,
                    "R15": 0.8463249332271516,
                    "R16": 0.8464406770654023,
                    "R17": 0.8471505707129836,
                    "R18": 0.845193084795028,
                    "R19": 0.8446892108768225,
                    "R2": 0.8545048055239022,
                    "R3": 0.9192168754525483,
                    "R4": 0.8494935287162662,
                    "R5": 0.8502311613410711,
                    "R6": 0.8460514373145998,
                    "R7": 0.8472466287203133,
                    "R8": 0.8457772135734558,
                    "R9": 0.846565205603838,
                    "as": 5.0086959498003125,
                    "comp": 0.4632351784966886,
                    "dc": 0
                }
            },
            "gen-secure": {
                "reward": 48692,
                "time": 175.77854110393673,
                "time_by_components": {
                    "R0": 6.12809479329735,