{
    "N": 70000,
    "arms": [
        0.4960973461954129,
        0.46519633350678463,
        0.4564303726534043,
        0.45410879397990633,
        0.4505463715326422,
        0.4449825881599488,
        0.4438618260417084,
        0.4347356202217508,
        0.42404835287995835,
        0.41264059560501143
    ],
    "boltzmann": {
        "it-10": {
            "args": {
                "alpha_seed": 480,
                "random_arm_seed": 551,
                "reward_seed": 10,
                "sigma_seed": 16,
                "tau": 0.02
            },
            "gen-distributed": {
                "reward": 33634,
                "time": 12.69467498967424,
                "time_by_components": {
                    "R0": 1.1047114357352257,
                    "R1": 0.6682695751078427,
                    "R2": 0.7367662186734378,
                    "R3": 0.7515917331911623,
                    "R4": 0.6558048781007528,
                    "R5": 0.7225559945218265,
                    "R6": 0.6603251206688583,
                    "R7": 0.6877146493643522,
                    "R8": 0.6578729012981057,
                    "R9": 0.6577521674335003,
                    "as": 3.024764144793153,
                    "comp": 1.0957832615822554,
                    "dc": 0
                }
            },
            "gen-secure": {
                "reward": 33634,
                "time": 69.1969955577515,
                "time_by_components": {
                    "R0": 4.418025386054069,
                    "R1": 3.7124590929597616,
                    "R2": 3.67528856638819,
                    "R3": 3.648886517621577,
                    "R4": 3.502257790416479,
                    "R5": 3.5570829724892974,
                    "R6": 3.488151560537517,
                    "R7": 3.5145748066715896,
                    "R8": 3.4660211983136833,
                    "R9": 3.455067003145814,
                    "as": 3.6142734554596245,
                    "comp": 27.35213273856789,
                    "dc": 0.030287813860923052
                }
            },
            "std": {
                "reward": 33634,
                "time": 4.598249912261963
            }
        }
    },
    "e-greedy": {
        "it-10": {
            "args": {
                "alpha_seed": 800,
                "epsilon": 0.1,
                "epsilon_seed": 477,
                "random_arm_seed": 958,
                "reward_seed": 10,
                "sigma_seed": 241
            },
            "gen-distributed": {
                "reward": 34417,
                "time": 11.456114390864968,
                "time_by_components": {
                    "R0": 1.1632017670199275,
                    "R1": 0.5940441316924989,
                    "R2": 0.5972922118380666,
                    "R3": 0.5932470569387078,
                    "R4": 0.5842349114827812,
                    "R5": 0.5856578783132136,
                    "R6": 0.5852843034081161,
                    "R7": 0.5843469686806202,
                    "R8": 0.5827810377813876,
                    "R9": 0.5819616783410311,
                    "as": 2.962550012394786,
                    "comp": 0.2860216051340103,
                    "dc": 0
                }
            },
            "gen-secure": {
                "reward": 34417,
                "time": 64.8345264797099,
                "time_by_components": {
                    "R0": 4.257228655274957,
                    "R1": 3.4521556119434536,
                    "R2": 3.349437807686627,
                    "R3": 3.3094087187200785,
                    "R4": 3.259715517051518,
                    "R5": 3.256108429748565,
                    "R6": 3.2436969727277756,
                    "R7": 3.2409097757190466,
                    "R8": 3.2325409590266645,
                    "R9": 3.2640154426917434,
                    "as": 3.526393580250442,
                    "comp": 25.10102455690503,
                    "dc": 0.03319411678239703
                }
            },
            "std": {
                "reward": 34417,
                "time": 4.240927219390869
            }
        }
    },
    "e-greedy-decreasing": {
        "it-10": {
            "args": {
                "alpha_seed": 401,
                "epsilon_seed": 480,
                "random_arm_seed": 551,
                "reward_seed": 10,
                "sigma_seed": 780
            },
            "gen-distributed": {
                "reward": 34543,
                "time": 11.708456602878869,
                "time_by_components": {
                    "R0": 1.2138700573705137,
                    "R1": 0.6114517929963768,
                    "R2": 0.6055000638589263,
                    "R3": 0.6038417257368565,
                    "R4": 0.6007702271454036,
                    "R5": 0.6028461470268667,
                    "R6": 0.6097441576421261,
                    "R7": 0.6041503408923745,
                    "R8": 0.6029320387169719,
                    "R9": 0.602544978260994,
                    "as": 2.977485581766814,
                    "comp": 0.2693212949670851,
                    "dc": 0
                }
            },
            "gen-secure": {
                "reward": 34543,
                "time": 65.08147098869085,
                "time_by_components": {
                    "R0": 4.278939128853381,
                    "R1": 3.470047897659242,
                    "R2": 3.3670202274806798,
                    "R3": 3.3278762493282557,
                    "R4": 3.2793093398213387,
                    "R5": 3.2719672340899706,
                    "R6": 3.258802574593574,
                    "R7": 3.2577146873809397,
                    "R8": 3.250221310649067,
                    "R9": 3.2668622680939734,
                    "as": 3.4712553806602955,
                    "comp": 25.189537431579083,
                    "dc": 0.03291061008349061
                }
            },
            "std": {
                "reward": 34543,
                "time": 4.231184244155884
            }
        }
    },
    "nb_iterations": 50,
    "pursuit": {
        "it-10": {
            "args": {
                "alpha_seed": 480,
                "beta": 0.2,
                "random_arm_seed": 551,
                "reward_seed": 10,
                "sigma_seed": 780
            },
            "gen-distributed": {
                "reward": 30499,
                "time": 23.785179895348847,
                "time_by_components": {
                    "R0": 1.4321755119599402,
                    "R1": 1.3348328317515552,
                    "R2": 1.3232883648015559,
                    "R3": 1.3153376481495798,
                    "R4": 1.3142106155864894,
                    "R5": 1.3220722707919776,
                    "R6": 1.3138411389663815,
                    "R7": 1.9607277251780033,
                    "R8": 1.316065717022866,
                    "R9": 1.313388447277248,
                    "as": 6.074246779084206,
                    "comp": 1.2654995364136994,
                    "dc": 0
                }
            },
            "gen-secure": {
                "reward": 30499,
                "time": 134.7111567198299,
                "time_by_components": {
                    "R0": 7.812169970944524,
                    "R1": 7.178970969282091,
                    "R2": 7.0363962119445205,
                    "R3": 6.993216241709888,
                    "R4": 6.791890308260918,
                    "R5": 6.869417731650174,
                    "R6": 6.8375678872689605,
                    "R7": 7.583371462766081,
                    "R8": 6.795520191080868,
                    "R9": 6.8183094705455005,
                    "as": 7.1989194909110665,
                    "comp": 53.25453554466367,
                    "dc": 0.03285407880321145
                }
            },
            "std": {
                "reward": 30499,