{
    "N": 80000,
    "arms": [
        0.4960973461954129,
        0.46519633350678463,
        0.4564303726534043,
        0.45410879397990633,
        0.4505463715326422,
        0.4449825881599488,
        0.4438618260417084,
        0.4347356202217508,
        0.42404835287995835,
        0.41264059560501143
    ],
    "boltzmann": {
        "it-30": {
            "args": {
                "alpha_seed": 939,
                "random_arm_seed": 908,
                "reward_seed": 30,
                "sigma_seed": 657,
                "tau": 0.02
            },
            "gen-distributed": {
                "reward": 39013,
                "time": 14.554842417128384,
                "time_by_components": {
                    "R0": 1.360036603640765,
                    "R1": 0.9076580489054322,
                    "R2": 0.7589585171081126,
                    "R3": 0.7547599137760699,
                    "R4": 0.7545034885406494,
                    "R5": 0.7989722420461476,
                    "R6": 0.7559927091933787,
                    "R7": 0.7541999402455986,
                    "R8": 0.7603595699183643,
                    "R9": 0.754871173761785,
                    "as": 3.4999989406205714,
                    "comp": 1.258888161741197,
                    "dc": 0
                }
            },
            "gen-secure": {
                "reward": 39013,
                "time": 78.11190703511238,
                "time_by_components": {
                    "R0": 5.024941271636635,
                    "R1": 4.334954245015979,
                    "R2": 4.081281358841807,
                    "R3": 4.006660035345703,
                    "R4": 3.9488303367979825,
                    "R5": 4.002856730949134,
                    "R6": 3.934810386504978,
                    "R7": 3.924621749203652,
                    "R8": 3.936333785764873,
                    "R9": 3.9149304972961545,
                    "as": 4.044247072190046,
                    "comp": 30.933337616734207,
                    "dc": 0.032951540779322386
                }
            },
            "std": {
                "reward": 39013,
                "time": 5.248881101608276
            }
        }
    },
    "e-greedy": {
        "it-30": {
            "args": {
                "alpha_seed": 53,
                "epsilon": 0.1,
                "epsilon_seed": 288,
                "random_arm_seed": 430,
                "reward_seed": 30,
                "sigma_seed": 625
            },
            "gen-distributed": {
                "reward": 39308,
                "time": 12.990695827174932,
                "time_by_components": {
                    "R0": 1.3400779231451452,
                    "R1": 0.6743581783957779,
                    "R2": 0.6676369118504226,
                    "R3": 0.6652360991574824,
                    "R4": 0.6642169705592096,
                    "R5": 0.6676081884652376,
                    "R6": 0.6664086128585041,
                    "R7": 0.6640244857408106,
                    "R8": 0.6638988638296723,
                    "R9": 0.6664004838094115,
                    "as": 3.3652180773206055,
                    "comp": 0.3232140145264566,
                    "dc": 0
                }
            },
            "gen-secure": {
                "reward": 39308,
                "time": 73.73953932290897,
                "time_by_components": {
                    "R0": 4.859791012946516,
                    "R1": 3.939804643392563,
                    "R2": 3.8002325859852135,
                    "R3": 3.754301175940782,
                    "R4": 3.7052456536330283,
                    "R5": 3.722302762325853,
                    "R6": 3.6934499670751393,
                    "R7": 3.6875842032022774,
                    "R8": 3.6769179427064955,
                    "R9": 3.680519550573081,
                    "as": 4.00722765410319,
                    "comp": 28.53693828592077,
                    "dc": 0.03295268304646015
                }
            },
            "std": {
                "reward": 39308,
                "time": 4.897432088851929
            }
        }
    },
    "e-greedy-decreasing": {
        "it-30": {
            "args": {
                "alpha_seed": 396,
                "epsilon_seed": 939,
                "random_arm_seed": 908,
                "reward_seed": 30,
                "sigma_seed": 343
            },
            "gen-distributed": {
                "reward": 39261,
                "time": 12.67865609517321,
                "time_by_components": {
                    "R0": 1.2529845559038222,
                    "R1": 0.7281293552368879,
                    "R2": 0.6567389410920441,
                    "R3": 0.6528008580207825,
                    "R4": 0.6510069095529616,
                    "R5": 0.6550610386766493,
                    "R6": 0.6527815209701657,
                    "R7": 0.6524030938744545,
                    "R8": 0.6515142098069191,
                    "R9": 0.6526988013647497,
                    "as": 3.2330106385052204,
                    "comp": 0.2893221531994641,
                    "dc": 0
                }
            },
            "gen-secure": {
                "reward": 39261,
                "time": 73.4006545972079,
                "time_by_components": {
                    "R0": 4.773335037287325,
                    "R1": 3.972252297680825,
                    "R2": 3.8036255496554077,
                    "R3": 3.7479606373235583,
                    "R4": 3.7070541568100452,
                    "R5": 3.6870612828060985,
                    "R6": 3.675922879949212,
                    "R7": 3.6800677916035056,
                    "R8": 3.6724812192842364,
                    "R9": 3.6683330265805125,
                    "as": 3.848910569678992,
                    "comp": 28.48071561846882,
                    "dc": 0.03302383981645107
                }
            },
            "std": {
                "reward": 39261,
                "time": 4.838890790939331
            }
        }
    },
    "nb_iterations": 50,
    "pursuit": {
        "it-30": {
            "args": {
                "alpha_seed": 939,
                "beta": 0.2,
                "random_arm_seed": 908,
                "reward_seed": 30,
                "sigma_seed": 343
            },
            "gen-distributed": {
                "reward": 39728,
                "time": 26.43188185011968,
                "time_by_components": {
                    "R0": 2.308815919328481,
                    "R1": 1.5008748951368034,
                    "R2": 1.481465233489871,
                    "R3": 1.4747957484796643,
                    "R4": 1.467378723435104,
                    "R5": 1.4762306665070355,
                    "R6": 1.473788590170443,
                    "R7": 1.4710027310065925,
                    "R8": 1.4671741393394768,
                    "R9": 1.4715083786286414,
                    "as": 6.721972597762942,
                    "comp": 1.3939832216128707,
                    "dc": 0
                }
            },
            "gen-secure": {
                "reward": 39728,
                "time": 153.6701703327708,
                "time_by_components": {
                    "R0": 9.66357332188636,
                    "R1": 8.385649072937667,
                    "R2": 7.991837402340025,
                    "R3": 7.8562648594379425,
                    "R4": 7.776679622475058,
                    "R5": 7.83488046657294,
                    "R6": 7.8376319501549006,
                    "R7": 7.784238502383232,
                    "R8": 7.779575789347291,
                    "R9": 7.746445438824594,
                    "as": 8.197968566324562,
                    "comp": 60.78164554992691,
                    "dc": 0.03283416433259845
                }
            },
            "std": {
                "reward": 39728,