{
    "N": 50000,
    "arms": [
        0.4960973461954129,
        0.46519633350678463,
        0.4564303726534043,
        0.45410879397990633,
        0.4505463715326422,
        0.4449825881599488,
        0.4438618260417084,
        0.4347356202217508,
        0.42404835287995835,
        0.41264059560501143
    ],
    "boltzmann": {
        "it-25": {
            "args": {
                "alpha_seed": 643,
                "random_arm_seed": 768,
                "reward_seed": 25,
                "sigma_seed": 174,
                "tau": 0.02
            },
            "gen-distributed": {
                "reward": 22682,
                "time": 9.11333212768659,
                "time_by_components": {
                    "R0": 0.5027505303733051,
                    "R1": 0.47727382415905595,
                    "R2": 0.7727023470215499,
                    "R3": 0.47388435481116176,
                    "R4": 0.47099123476073146,
                    "R5": 0.6405147132463753,
                    "R6": 0.4761063428595662,
                    "R7": 0.4720815038308501,
                    "R8": 0.4714983864687383,
                    "R9": 0.47236509900540113,
                    "as": 2.179179315455258,
                    "comp": 0.7887439173646271,
                    "dc": 0
                }
            },
            "gen-secure": {
                "reward": 22682,
                "time": 50.169104791712016,
                "time_by_components": {
                    "R0": 2.8711873996071517,
                    "R1": 2.6797533314675093,
                    "R2": 2.9572597481310368,
                    "R3": 2.597463280428201,
                    "R4": 2.546874019317329,
                    "R5": 2.738049427047372,
                    "R6": 2.559448919724673,
                    "R7": 2.5365915005095303,
                    "R8": 2.5328998547047377,
                    "R9": 2.526180224493146,
                    "as": 2.585626309737563,
                    "comp": 19.729614063166082,
                    "dc": 0.03317984472960234
                }
            },
            "std": {
                "reward": 22682,
                "time": 3.2904536724090576
            }
        }
    },
    "e-greedy": {
        "it-25": {
            "args": {
                "alpha_seed": 233,
                "epsilon": 0.1,
                "epsilon_seed": 907,
                "random_arm_seed": 274,
                "reward_seed": 25,
                "sigma_seed": 990
            },
            "gen-distributed": {
                "reward": 24607,
                "time": 8.09585612732917,
                "time_by_components": {
                    "R0": 0.8263882980681956,
                    "R1": 0.4186396570876241,
                    "R2": 0.41358854435384274,
                    "R3": 0.41244443599134684,
                    "R4": 0.4132080487906933,
                    "R5": 0.4183365204371512,
                    "R6": 0.4122212426736951,
                    "R7": 0.41152753261849284,
                    "R8": 0.41132257459685206,
                    "R9": 0.41372298961505294,
                    "as": 2.104954289738089,
                    "comp": 0.20367529056966305,
                    "dc": 0
                }
            },
            "gen-secure": {
                "reward": 24607,
                "time": 46.86164175206795,
                "time_by_components": {
                    "R0": 3.0952378842048347,
                    "R1": 2.510475973598659,
                    "R2": 2.4366414695978165,
                    "R3": 2.405247641261667,
                    "R4": 2.376292281784117,
                    "R5": 2.3787941480986774,
                    "R6": 2.366058232728392,
                    "R7": 2.3604730903171003,
                    "R8": 2.3571647671051323,
                    "R9": 2.3542046188376844,
                    "as": 2.5335718584246933,
                    "comp": 18.000640503130853,
                    "dc": 0.0329922498203814
                }
            },
            "std": {
                "reward": 24607,
                "time": 3.0167033672332764
            }
        }
    },
    "e-greedy-decreasing": {
        "it-25": {
            "args": {
                "alpha_seed": 875,
                "epsilon_seed": 643,
                "random_arm_seed": 768,
                "reward_seed": 25,
                "sigma_seed": 955
            },
            "gen-distributed": {
                "reward": 24545,
                "time": 8.211601683869958,
                "time_by_components": {
                    "R0": 0.8251293431967497,
                    "R1": 0.42737732315436006,
                    "R2": 0.4244188158772886,
                    "R3": 0.42221107613295317,
                    "R4": 0.42295534117147326,
                    "R5": 0.42145297303795815,
                    "R6": 0.44417659379541874,
                    "R7": 0.4205609420314431,
                    "R8": 0.4204903054051101,
                    "R9": 0.4209244269877672,
                    "as": 2.0982809886336327,
                    "comp": 0.19148782547563314,
                    "dc": 0
                }
            },
            "gen-secure": {
                "reward": 24545,
                "time": 47.276914110872895,
                "time_by_components": {
                    "R0": 3.102560228202492,
                    "R1": 2.529915679246187,
                    "R2": 2.465602015145123,
                    "R3": 2.4219007696956396,
                    "R4": 2.388953893445432,
                    "R5": 2.430289175827056,
                    "R6": 2.4000127711333334,
                    "R7": 2.36752355331555,
                    "R8": 2.3637189962901175,
                    "R9": 2.3703729547560215,
                    "as": 2.5057546831667423,
                    "comp": 18.1954561220482,
                    "dc": 0.03211030317470431
                }
            },
            "std": {
                "reward": 24545,
                "time": 3.034125566482544
            }
        }
    },
    "nb_iterations": 50,
    "pursuit": {
        "it-25": {
            "args": {
                "alpha_seed": 643,
                "beta": 0.2,
                "random_arm_seed": 768,
                "reward_seed": 25,
                "sigma_seed": 955
            },
            "gen-distributed": {
                "reward": 22897,
                "time": 17.036928955931216,
                "time_by_components": {
                    "R0": 1.0270484765060246,
                    "R1": 0.9560814122669399,
                    "R2": 1.4131384836509824,
                    "R3": 0.9475020603276789,
                    "R4": 0.9428227250464261,
                    "R5": 0.9472358599305153,
                    "R6": 0.9472882840782404,
                    "R7": 0.9439915553666651,
                    "R8": 0.9413953511975706,
                    "R9": 0.9417597739957273,
                    "as": 4.337986272759736,
                    "comp": 0.9049512934871018,
                    "dc": 0
                }
            },
            "gen-secure": {
                "reward": 22897,
                "time": 97.43675375590101,
                "time_by_components": {
                    "R0": 5.628581836819649,
                    "R1": 5.1927864998579025,
                    "R2": 5.681655323132873,
                    "R3": 5.043136323802173,
                    "R4": 4.9422694887034595,
                    "R5": 4.9971974696964025,
                    "R6": 4.976210555527359,
                    "R7": 4.911730476655066,
                    "R8": 4.896377361379564,
                    "R9": 4.897393643390387,
                    "as": 5.174638608004898,
                    "comp": 38.53723037336022,
                    "dc": 0.033061330672353506
                }
            },
            "std": {
                "reward": 22897,