{
    "N": 100000,
    "arms": [
        0.4960973461954129,
        0.46519633350678463,
        0.4564303726534043,
        0.45410879397990633,
        0.4505463715326422,
        0.4449825881599488,
        0.4438618260417084,
        0.4347356202217508,
        0.42404835287995835,
        0.41264059560501143
    ],
    "boltzmann": {
        "it-33": {
            "args": {
                "alpha_seed": 687,
                "random_arm_seed": 981,
                "reward_seed": 33,
                "sigma_seed": 29,
                "tau": 0.02
            },
            "gen-distributed": {
                "reward": 44692,
                "time": 18.222320720087737,
                "time_by_components": {
                    "R0": 1.0067957481369376,
                    "R1": 0.9530620197765529,
                    "R2": 1.554159534163773,
                    "R3": 0.9490513079799712,
                    "R4": 0.9421010818332434,
                    "R5": 0.9504424463957548,
                    "R6": 0.9444578546099365,
                    "R7": 1.2055333945900202,
                    "R8": 0.948301276192069,
                    "R9": 1.0135576124303043,
                    "as": 4.356665932573378,
                    "comp": 1.5751867350190878,
                    "dc": 0
                }
            },
            "gen-secure": {
                "reward": 44692,
                "time": 98.58524841815233,
                "time_by_components": {
                    "R0": 5.590610464569181,
                    "R1": 5.226929965429008,
                    "R2": 5.785907448269427,
                    "R3": 5.064088210929185,
                    "R4": 4.966647467110306,
                    "R5": 4.995372160337865,
                    "R6": 4.95534205250442,
                    "R7": 5.239916176069528,
                    "R8": 4.979250080417842,
                    "R9": 5.0265824678353965,
                    "as": 5.088041994255036,
                    "comp": 39.09475464140996,
                    "dc": 0.03317947592586279
                }
            },
            "std": {
                "reward": 44692,
                "time": 6.5899786949157715
            }
        }
    },
    "e-greedy": {
        "it-33": {
            "args": {
                "alpha_seed": 789,
                "epsilon": 0.1,
                "epsilon_seed": 346,
                "random_arm_seed": 520,
                "reward_seed": 33,
                "sigma_seed": 389
            },
            "gen-distributed": {
                "reward": 48293,
                "time": 16.33508104691282,
                "time_by_components": {
                    "R0": 1.422066770028323,
                    "R1": 1.0870145708322525,
                    "R2": 0.8492911672219634,
                    "R3": 0.8408382735215127,
                    "R4": 0.8328305878676474,
                    "R5": 0.8392514968290925,
                    "R6": 0.8349375929683447,
                    "R7": 0.8378808759152889,
                    "R8": 0.8341562361456454,
                    "R9": 0.8339056028053164,
                    "as": 4.2270623575896025,
                    "comp": 0.409805060364306,
                    "dc": 0
                }
            },
            "gen-secure": {
                "reward": 48293,
                "time": 91.83505426906049,
                "time_by_components": {
                    "R0": 5.730592207983136,
                    "R1": 5.118251050822437,
                    "R2": 4.732520910911262,
                    "R3": 4.693194781895727,
                    "R4": 4.592999707441777,
                    "R5": 4.5877286731265485,
                    "R6": 4.5867878114804626,
                    "R7": 4.568503953050822,
                    "R8": 4.5432379064150155,
                    "R9": 4.542752915993333,
                    "as": 5.039105671457946,
                    "comp": 35.787500475067645,
                    "dc": 0.03300228202715516
                }
            },
            "std": {
                "reward": 48293,
                "time": 6.027683734893799
            }
        }
    },
    "e-greedy-decreasing": {
        "it-33": {
            "args": {
                "alpha_seed": 447,
                "epsilon_seed": 687,
                "random_arm_seed": 981,
                "reward_seed": 33,
                "sigma_seed": 289
            },
            "gen-distributed": {
                "reward": 49259,
                "time": 16.757174097001553,
                "time_by_components": {
                    "R0": 1.7410176619887352,
                    "R1": 0.8767628916539252,
                    "R2": 0.8741959328763187,
                    "R3": 0.8617125763557851,
                    "R4": 0.8635276309214532,
                    "R5": 0.866540907882154,
                    "R6": 0.8646958125755191,
                    "R7": 0.8635670384392142,
                    "R8": 0.8623085510917008,
                    "R9": 0.8638692400418222,
                    "as": 4.2611668524332345,
                    "comp": 0.384023969527334,
                    "dc": 0
                }
            },
            "gen-secure": {
                "reward": 49259,
                "time": 91.90074236690998,
                "time_by_components": {
                    "R0": 6.023437675554305,
                    "R1": 4.896558622829616,
                    "R2": 4.736722620669752,
                    "R3": 4.675724365282804,
                    "R4": 4.6199134667404,
                    "R5": 4.590977057348937,
                    "R6": 4.572650681715459,
                    "R7": 4.578485818579793,
                    "R8": 4.5629112822934985,
                    "R9": 4.565716256387532,
                    "as": 4.885943861678243,
                    "comp": 35.82730382215232,
                    "dc": 0.03289755107834935
                }
            },
            "std": {
                "reward": 49259,
                "time": 6.080566167831421
            }
        }
    },
    "nb_iterations": 50,
    "pursuit": {
        "it-33": {
            "args": {
                "alpha_seed": 687,
                "beta": 0.2,
                "random_arm_seed": 981,
                "reward_seed": 33,
                "sigma_seed": 289
            },
            "gen-distributed": {
                "reward": 45478,
                "time": 33.931452555116266,
                "time_by_components": {
                    "R0": 2.0461259414441884,
                    "R1": 1.9111543158069253,
                    "R2": 2.7956072674132884,
                    "R3": 1.8901914744637907,
                    "R4": 1.8823736789636314,
                    "R5": 1.889862447977066,
                    "R6": 1.8858812837861478,
                    "R7": 1.8834177069365978,
                    "R8": 1.8795655858702958,
                    "R9": 1.9050983022898436,
                    "as": 8.62787854205817,
                    "comp": 1.801959723699838,
                    "dc": 0
                }
            },
            "gen-secure": {
                "reward": 45478,
                "time": 189.58436708617955,
                "time_by_components": {
                    "R0": 10.891588549129665,
                    "R1": 10.062224973924458,
                    "R2": 11.017050040420145,
                    "R3": 9.785584955010563,
                    "R4": 9.601087354123592,
                    "R5": 9.697404539678246,
                    "R6": 9.530356966890395,
                    "R7": 9.635277390945703,
                    "R8": 9.500310081522912,
                    "R9": 9.63232565112412,
                    "as": 10.194026674609631,
                    "comp": 75.04618495283648,
                    "dc": 0.03285546787083149
                }
            },
            "std": {
                "reward": 45478,