{
    "N": 70000,
    "arms": [
        0.4960973461954129,
        0.46519633350678463,
        0.4564303726534043,
        0.45410879397990633,
        0.4505463715326422,
        0.4449825881599488,
        0.4438618260417084,
        0.4347356202217508,
        0.42404835287995835,
        0.41264059560501143
    ],
    "boltzmann": {
        "it-1": {
            "args": {
                "alpha_seed": 263,
                "random_arm_seed": 794,
                "reward_seed": 1,
                "sigma_seed": 807,
                "tau": 0.02
            },
            "gen-distributed": {
                "reward": 32105,
                "time": 12.723165105096996,
                "time_by_components": {
                    "R0": 0.7016393942758441,
                    "R1": 1.053590205963701,
                    "R2": 0.6650238805450499,
                    "R3": 0.6586395376361907,
                    "R4": 0.6593134147115052,
                    "R5": 0.833397873211652,
                    "R6": 0.7538239723071456,
                    "R7": 0.6607707515358925,
                    "R8": 0.6571654216386378,
                    "R9": 0.6592630706727505,
                    "as": 3.0463305972516537,
                    "comp": 1.1009990428574383,
                    "dc": 0
                }
            },
            "gen-secure": {
                "reward": 32105,
                "time": 68.52563160099089,
                "time_by_components": {
                    "R0": 3.910126967355609,
                    "R1": 4.112285945564508,
                    "R2": 3.577665145508945,
                    "R3": 3.517338558100164,
                    "R4": 3.461887478362769,
                    "R5": 3.6533027249388397,
                    "R6": 3.5552345192991197,
                    "R7": 3.444461424369365,
                    "R8": 3.4331666654907167,
                    "R9": 3.4523029499687254,
                    "as": 3.5337194870226085,
                    "comp": 27.089194713626057,
                    "dc": 0.03301060991361737
                }
            },
            "std": {
                "reward": 32105,
                "time": 4.580906629562378
            }
        }
    },
    "e-greedy": {
        "it-1": {
            "args": {
                "alpha_seed": 137,
                "epsilon": 0.1,
                "epsilon_seed": 429,
                "random_arm_seed": 59,
                "reward_seed": 1,
                "sigma_seed": 352
            },
            "gen-distributed": {
                "reward": 34459,
                "time": 11.396792984101921,
                "time_by_components": {
                    "R0": 1.1677477406337857,
                    "R1": 0.5980834616348147,
                    "R2": 0.588016421534121,
                    "R3": 0.5823889044113457,
                    "R4": 0.5805390030145645,
                    "R5": 0.5826238854788244,
                    "R6": 0.582006620708853,
                    "R7": 0.5802960540167987,
                    "R8": 0.5809394242241979,
                    "R9": 0.5810185242444277,
                    "as": 2.9487404921092093,
                    "comp": 0.2842780011706054,
                    "dc": 0
                }
            },
            "gen-secure": {
                "reward": 34459,
                "time": 64.21155611099675,
                "time_by_components": {
                    "R0": 4.231204690877348,
                    "R1": 3.4272028715349734,
                    "R2": 3.3220089436508715,
                    "R3": 3.277132994029671,
                    "R4": 3.2414596076123416,
                    "R5": 3.229356303345412,
                    "R6": 3.2183386646211147,
                    "R7": 3.2118102642707527,
                    "R8": 3.203832786064595,
                    "R9": 3.2013816833496094,
                    "as": 3.4887323826551437,
                    "comp": 24.85550015186891,
                    "dc": 0.03301384299993515
                }
            },
            "std": {
                "reward": 34459,
                "time": 4.195003271102905
            }
        }
    },
    "e-greedy-decreasing": {
        "it-1": {
            "args": {
                "alpha_seed": 976,
                "epsilon_seed": 263,
                "random_arm_seed": 794,
                "reward_seed": 1,
                "sigma_seed": 170
            },
            "gen-distributed": {
                "reward": 34474,
                "time": 11.643012713175267,
                "time_by_components": {
                    "R0": 1.1892921780236065,
                    "R1": 0.6192487552762032,
                    "R2": 0.618311099242419,
                    "R3": 0.6003064312972128,
                    "R4": 0.6000132597982883,
                    "R5": 0.599821035284549,
                    "R6": 0.6003366918303072,
                    "R7": 0.5996890035457909,
                    "R8": 0.5994965513236821,
                    "R9": 0.6000071191228926,
                    "as": 2.9635760504752398,
                    "comp": 0.2655049809254706,
                    "dc": 0
                }
            },
            "gen-secure": {
                "reward": 34474,
                "time": 65.92635363014415,
                "time_by_components": {
                    "R0": 4.31295058876276,
                    "R1": 3.5205460777506232,
                    "R2": 3.423995253164321,
                    "R3": 3.365250362548977,
                    "R4": 3.3306118277832866,
                    "R5": 3.3096367842517793,
                    "R6": 3.3051771791651845,
                    "R7": 3.2952559050172567,
                    "R8": 3.2942680842243135,
                    "R9": 3.2938549001701176,
                    "as": 3.494864494074136,
                    "comp": 25.56984402704984,
                    "dc": 0.03361989604309201
                }
            },
            "std": {
                "reward": 34474,
                "time": 4.211782455444336
            }
        }
    },
    "nb_iterations": 50,
    "pursuit": {
        "it-1": {
            "args": {
                "alpha_seed": 263,
                "beta": 0.2,
                "random_arm_seed": 794,
                "reward_seed": 1,
                "sigma_seed": 170
            },
            "gen-distributed": {
                "reward": 31234,
                "time": 22.74720392515883,
                "time_by_components": {
                    "R0": 1.3790567736141384,
                    "R1": 1.2840961487963796,
                    "R2": 1.272383049596101,
                    "R3": 1.26725981105119,
                    "R4": 1.2622857419773936,
                    "R5": 1.890678953845054,
                    "R6": 1.2712544919922948,
                    "R7": 1.2645878475159407,
                    "R8": 1.2636139877140522,
                    "R9": 1.2673987448215485,
                    "as": 5.766202298458666,
                    "comp": 1.1973924771882594,
                    "dc": 0
                }
            },
            "gen-secure": {
                "reward": 31234,
                "time": 134.97165049472824,
                "time_by_components": {
                    "R0": 7.837497672531754,
                    "R1": 7.248461219016463,
                    "R2": 7.070751844905317,
                    "R3": 6.930894028395414,
                    "R4": 6.886793130543083,
                    "R5": 7.647247000597417,
                    "R6": 6.896605362650007,
                    "R7": 6.787693533115089,
                    "R8": 6.7678744732402265,
                    "R9": 6.840535894036293,
                    "as": 7.190263010561466,
                    "comp": 53.321830766275525,
                    "dc": 0.032920464407652617
                }
            },
            "std": {
                "reward": 31234,