{
    "N": 100000,
    "arms": [
        0.4960973461954129,
        0.46519633350678463,
        0.4564303726534043,
        0.45410879397990633,
        0.4505463715326422,
        0.4449825881599488,
        0.4438618260417084,
        0.4347356202217508,
        0.42404835287995835,
        0.41264059560501143,
        0.4033943081295281,
        0.40123283833006446,
        0.39658968098306846,
        0.39566905495737104,
        0.3877836929111796,
        0.3750550374254493,
        0.3676900292198695,
        0.3489973181763599,
        0.33867029580114477,
        0.32770283792979227
    ],
    "boltzmann": {
        "it-5": {
            "args": {
                "alpha_seed": 757,
                "random_arm_seed": 757,
                "reward_seed": 5,
                "sigma_seed": 433,
                "tau": 0.02
            },
            "gen-distributed": {
                "reward": 45686,
                "time": 29.97983992099762,
                "time_by_components": {
                    "R0": 1.009419317357242,
                    "R1": 1.483721137046814,
                    "R10": 0.945377906318754,
                    "R11": 0.9406700232066214,
                    "R12": 0.9512196779251099,
                    "R13": 0.9416535696946084,
                    "R14": 0.9407631778158247,
                    "R15": 0.94832768663764,
                    "R16": 0.9399521294981241,
                    "R17": 0.940799456089735,
                    "R18": 0.9389019059017301,
                    "R19": 0.9383077495731413,
                    "R2": 1.2118813791312277,
                    "R3": 0.9473328776657581,
                    "R4": 0.9413726618513465,
                    "R5": 0.9478266034275293,
                    "R6": 0.9423932982608676,
                    "R7": 1.018750723451376,
                    "R8": 0.9986601932905614,
                    "R9": 0.9434920023195446,
                    "as": 5.236040928401053,
                    "comp": 1.7007393874228,
                    "dc": 0
                }
            },
            "gen-secure": {
                "reward": 45686,
                "time": 185.80780273396522,
                "time_by_components": {
                    "R0": 5.686978361103684,
                    "R1": 5.82624691631645,
                    "R10": 4.903853385709226,
                    "R11": 4.872942395042628,
                    "R12": 4.914157701656222,
                    "R13": 4.878375778440386,
                    "R14": 4.859125753864646,
                    "R15": 4.8877395717427135,
                    "R16": 4.857858781237155,
                    "R17": 4.8636006489396095,
                    "R18": 4.861770156770945,
                    "R19": 4.858611821662635,
                    "R2": 5.411456091329455,
                    "R3": 5.04354498302564,
                    "R4": 4.945149154402316,
                    "R5": 4.928322234656662,
                    "R6": 4.913309465162456,
                    "R7": 5.017844279296696,
                    "R8": 4.972758505027741,
                    "R9": 4.893520867452025,
                    "as": 6.261021324899048,
                    "comp": 74.71067925961688,
                    "dc": 0.03133970918133855
                }
            },
            "std": {
                "reward": 45686,
                "time": 7.818357467651367
            }
        }
    },
    "e-greedy": {
        "it-5": {
            "args": {
                "alpha_seed": 315,
                "epsilon": 0.1,
                "epsilon_seed": 10,
                "random_arm_seed": 767,
                "reward_seed": 5,
                "sigma_seed": 44
            },
            "gen-distributed": {
                "reward": 48237,
                "time": 26.871965280734003,
                "time_by_components": {
                    "R0": 1.5323469787836075,
                    "R1": 0.9861617726273835,
                    "R10": 0.8310830621048808,
                    "R11": 0.8322378699667752,
                    "R12": 0.8350631673820317,
                    "R13": 0.831590969581157,
                    "R14": 0.8318455833941698,
                    "R15": 0.8312695757485926,
                    "R16": 0.8301585949957371,
                    "R17": 0.831466753501445,
                    "R18": 0.830833519808948,
                    "R19": 0.832470653578639,
                    "R2": 0.8435428813099861,
                    "R3": 0.8355105621740222,
                    "R4": 0.8342641163617373,
                    "R5": 0.8330451613292098,
                    "R6": 0.8402201281860471,
                    "R7": 0.8329816632904112,
                    "R8": 0.8310195351950824,
                    "R9": 0.8327451958321035,
                    "as": 5.067182499915361,
                    "comp": 0.49997244914993644,
                    "dc": 0
                }
            },
            "gen-secure": {
                "reward": 48237,
                "time": 171.46932503720745,
                "time_by_components": {
                    "R0": 5.865746789146215,
                    "R1": 4.945798815228045,
                    "R10": 4.461807053536177,
                    "R11": 4.4484713627025485,
                    "R12": 4.448869606014341,
                    "R13": 4.443509286735207,
                    "R14": 4.44107742421329,
                    "R15": 4.439077401999384,
                    "R16": 4.438064555637538,
                    "R17": 4.440091175958514,
                    "R18": 4.441595966462046,
                    "R19": 4.446528619620949,
                    "R2": 4.635454784613103,
                    "R3": 4.569176957011223,
                    "R4": 4.52087518805638,
                    "R5": 4.506708265747875,
                    "R6": 4.49263184145093,
                    "R7": 4.480138877406716,
                    "R8": 4.468436356633902,
                    "R9": 4.504558469168842,
                    "as": 5.984085035510361,
                    "comp": 68.99855015100911,
                    "dc": 0.03360907780006528
                }
            },
            "std": {
                "reward": 48237,
                "time": 7.149237871170044
            }
        }
    },
    "e-greedy-decreasing": {
        "it-5": {
            "args": {
                "alpha_seed": 78,
                "epsilon_seed": 757,
                "random_arm_seed": 757,
                "reward_seed": 5,
                "sigma_seed": 939
            },
            "gen-distributed": {
                "reward": 46144,
                "time": 27.60556669998914,
                "time_by_components": {
                    "R0": 0.9025215487927198,
                    "R1": 1.7010849863290787,
                    "R10": 0.8608624744229019,
                    "R11": 0.8606909750960767,
                    "R12": 0.8592451107688248,
                    "R13": 0.8622937183827162,
                    "R14": 0.8604428572580218,
                    "R15": 0.8615641528740525,
                    "R16": 0.8601193819195032,
                    "R17": 0.8628435879945755,
                    "R18": 0.8609787081368268,
                    "R19": 0.8609722764231265,
                    "R2": 0.8715976346284151,
                    "R3": 0.8707069652155042,
                    "R4": 0.8798777819611132,
                    "R5": 0.8643375993706286,
                    "R6": 0.8658537757582963,
                    "R7": 0.8624824620783329,
                    "R8": 0.8610719265416265,
                    "R9": 0.8628773386590183,
                    "as": 5.09180424362421,
                    "comp": 0.4764446299523115,
                    "dc": 0
                }
            },
            "gen-secure": {
                "reward": 46144,
                "time": 175.5143499369733,
                "time_by_components": {
                    "R0": 5.281165693886578,