{
    "N": 90000,
    "arms": [
        0.4960973461954129,
        0.46519633350678463,
        0.4564303726534043,
        0.45410879397990633,
        0.4505463715326422,
        0.4449825881599488,
        0.4438618260417084,
        0.4347356202217508,
        0.42404835287995835,
        0.41264059560501143
    ],
    "boltzmann": {
        "it-29": {
            "args": {
                "alpha_seed": 132,
                "random_arm_seed": 552,
                "reward_seed": 29,
                "sigma_seed": 50,
                "tau": 0.02
            },
            "gen-distributed": {
                "reward": 41241,
                "time": 16.193587083369493,
                "time_by_components": {
                    "R0": 0.8954355572350323,
                    "R1": 1.2685799645259976,
                    "R2": 1.133516991045326,
                    "R3": 0.8399506062269211,
                    "R4": 0.8391016032546759,
                    "R5": 0.8418681095354259,
                    "R6": 0.9616901497356594,
                    "R7": 0.8398560988716781,
                    "R8": 0.8397791474126279,
                    "R9": 0.8424706822261214,
                    "as": 3.8680096468888223,
                    "comp": 1.3955316748470068,
                    "dc": 0
                }
            },
            "gen-secure": {
                "reward": 41241,
                "time": 88.77740104496479,
                "time_by_components": {
                    "R0": 5.050218038726598,
                    "R1": 5.186078655999154,
                    "R2": 4.933998658321798,
                    "R3": 4.5573786296881735,
                    "R4": 4.481219084002078,
                    "R5": 4.499062146991491,
                    "R6": 4.628115975763649,
                    "R7": 4.457435287069529,
                    "R8": 4.451915668789297,
                    "R9": 4.454342063516378,
                    "as": 4.623300349805504,
                    "comp": 35.1117033129558,
                    "dc": 0.03314413409680128
                }
            },
            "std": {
                "reward": 41241,
                "time": 5.901960611343384
            }
        }
    },
    "e-greedy": {
        "it-29": {
            "args": {
                "alpha_seed": 121,
                "epsilon": 0.1,
                "epsilon_seed": 347,
                "random_arm_seed": 882,
                "reward_seed": 29,
                "sigma_seed": 365
            },
            "gen-distributed": {
                "reward": 43125,
                "time": 14.818910158704966,
                "time_by_components": {
                    "R0": 1.2172035803087056,
                    "R1": 1.0256635169498622,
                    "R2": 0.7635501795448363,
                    "R3": 0.7539159483276308,
                    "R4": 0.7613378609530628,
                    "R5": 0.7828148007392883,
                    "R6": 0.7565155024640262,
                    "R7": 0.7530720070935786,
                    "R8": 0.7560956976376474,
                    "R9": 0.757751158438623,
                    "as": 3.8426064429804683,
                    "comp": 0.3738797572441399,
                    "dc": 0
                }
            },
            "gen-secure": {
                "reward": 43125,
                "time": 81.32981107290834,
                "time_by_components": {
                    "R0": 5.013909123837948,
                    "R1": 4.584590030834079,
                    "R2": 4.2047658152878284,
                    "R3": 4.140137375798076,
                    "R4": 4.092506225220859,
                    "R5": 4.110276436433196,
                    "R6": 4.0685629500076175,
                    "R7": 4.058250183239579,
                    "R8": 4.052717078477144,
                    "R9": 4.044896627776325,
                    "as": 4.440954111982137,
                    "comp": 31.561462379060686,
                    "dc": 0.032996063120663166
                }
            },
            "std": {
                "reward": 43125,
                "time": 5.509383916854858
            }
        }
    },
    "e-greedy-decreasing": {
        "it-29": {
            "args": {
                "alpha_seed": 688,
                "epsilon_seed": 132,
                "random_arm_seed": 552,
                "reward_seed": 29,
                "sigma_seed": 469
            },
            "gen-distributed": {
                "reward": 43956,
                "time": 15.140690970234573,
                "time_by_components": {
                    "R0": 1.48974453471601,
                    "R1": 0.8006816869601607,
                    "R2": 0.7793315825983882,
                    "R3": 0.7852690895088017,
                    "R4": 0.8312455979175866,
                    "R5": 0.7814332670532167,
                    "R6": 0.7780365087091923,
                    "R7": 0.7765849125571549,
                    "R8": 0.779067880474031,
                    "R9": 0.775415520183742,
                    "as": 3.839924932923168,
                    "comp": 0.34866353683173656,
                    "dc": 0
                }
            },
            "gen-secure": {
                "reward": 43956,
                "time": 84.31922891316935,
                "time_by_components": {
                    "R0": 5.482806825544685,
                    "R1": 4.478270725812763,
                    "R2": 4.326950344257057,
                    "R3": 4.281819301657379,
                    "R4": 4.282944040838629,
                    "R5": 4.205883575603366,
                    "R6": 4.192563300952315,
                    "R7": 4.225299512967467,
                    "R8": 4.189502659253776,
                    "R9": 4.186245951335877,
                    "as": 4.46868645818904,
                    "comp": 32.9038809761405,
                    "dc": 0.033266400918364525
                }
            },
            "std": {
                "reward": 43956,
                "time": 5.407258033752441
            }
        }
    },
    "nb_iterations": 50,
    "pursuit": {
        "it-29": {
            "args": {
                "alpha_seed": 132,
                "beta": 0.2,
                "random_arm_seed": 552,
                "reward_seed": 29,
                "sigma_seed": 469
            },
            "gen-distributed": {
                "reward": 41006,
                "time": 30.51112002786249,
                "time_by_components": {
                    "R0": 1.8420470603741705,
                    "R1": 1.7232776172459126,
                    "R2": 2.529031424317509,
                    "R3": 1.7068850588984787,
                    "R4": 1.6927152150310576,
                    "R5": 1.6985253770835698,
                    "R6": 1.696343288756907,
                    "R7": 1.6962056178599596,
                    "R8": 1.685961357317865,
                    "R9": 1.6913418234325945,
                    "as": 7.742371289525181,
                    "comp": 1.6151075209490955,
                    "dc": 0
                }
            },
            "gen-secure": {
                "reward": 41006,
                "time": 170.7593301301822,
                "time_by_components": {
                    "R0": 9.79104991722852,
                    "R1": 9.202122821938246,
                    "R2": 9.889417730737478,
                    "R3": 8.905467913486063,
                    "R4": 8.641190257389098,
                    "R5": 8.618060406297445,
                    "R6": 8.676644270773977,
                    "R7": 8.572362029459327,
                    "R8": 8.545667708851397,
                    "R9": 8.643565129023045,
                    "as": 9.17042954871431,
                    "comp": 67.54868044471368,
                    "dc": 0.033319957088679075
                }
            },
            "std": {
                "reward": 41006,