{
    "N": 80000,
    "arms": [
        0.4960973461954129,
        0.46519633350678463,
        0.4564303726534043,
        0.45410879397990633,
        0.4505463715326422,
        0.4449825881599488,
        0.4438618260417084,
        0.4347356202217508,
        0.42404835287995835,
        0.41264059560501143
    ],
    "boltzmann": {
        "it-29": {
            "args": {
                "alpha_seed": 288,
                "random_arm_seed": 430,
                "reward_seed": 29,
                "sigma_seed": 474,
                "tau": 0.02
            },
            "gen-distributed": {
                "reward": 36710,
                "time": 14.253183172084391,
                "time_by_components": {
                    "R0": 0.7887739012949169,
                    "R1": 1.152428477536887,
                    "R2": 0.9166697338223457,
                    "R3": 0.7396515347063541,
                    "R4": 0.7373893847689033,
                    "R5": 0.7397668124176562,
                    "R6": 0.8889046851545572,
                    "R7": 0.7387636052444577,
                    "R8": 0.7357123615220189,
                    "R9": 0.7429556609131396,
                    "as": 3.426960780285299,
                    "comp": 1.2410478335805237,
                    "dc": 0
                }
            },
            "gen-secure": {
                "reward": 36710,
                "time": 79.07989620324224,
                "time_by_components": {
                    "R0": 4.523026110138744,
                    "R1": 4.710868758149445,
                    "R2": 4.32125196326524,
                    "R3": 4.078771476633847,
                    "R4": 4.003806215245277,
                    "R5": 3.9977796184830368,
                    "R6": 4.157496390398592,
                    "R7": 3.982602594885975,
                    "R8": 3.9676148840226233,
                    "R9": 3.9788227672688663,
                    "as": 4.069006368983537,
                    "comp": 31.240316688083112,
                    "dc": 0.03289807215332985
                }
            },
            "std": {
                "reward": 36710,
                "time": 5.261324644088745
            }
        }
    },
    "e-greedy": {
        "it-29": {
            "args": {
                "alpha_seed": 250,
                "epsilon": 0.1,
                "epsilon_seed": 148,
                "random_arm_seed": 674,
                "reward_seed": 29,
                "sigma_seed": 936
            },
            "gen-distributed": {
                "reward": 38197,
                "time": 12.997904473915696,
                "time_by_components": {
                    "R0": 1.000472504645586,
                    "R1": 1.004306327085942,
                    "R2": 0.6689452580176294,
                    "R3": 0.6648699371144176,
                    "R4": 0.6644754614681005,
                    "R5": 0.6700588329695165,
                    "R6": 0.6675456622615457,
                    "R7": 0.6654379428364336,
                    "R8": 0.6638274313881993,
                    "R9": 0.6661288705654442,
                    "as": 3.3660661093890667,
                    "comp": 0.32329056924209,
                    "dc": 0
                }
            },
            "gen-secure": {
                "reward": 38197,
                "time": 73.81381287798285,
                "time_by_components": {
                    "R0": 4.475317372009158,
                    "R1": 4.284396990202367,
                    "R2": 3.8279140992090106,
                    "R3": 3.7647978053428233,
                    "R4": 3.713939379900694,
                    "R5": 3.708226054906845,
                    "R6": 3.702084257733077,
                    "R7": 3.692367597017437,
                    "R8": 3.683464548084885,
                    "R9": 3.696814081631601,
                    "as": 4.030665616504848,
                    "comp": 28.575955082662404,
                    "dc": 0.03290646895766258
                }
            },
            "std": {
                "reward": 38197,
                "time": 4.799123764038086
            }
        }
    },
    "e-greedy-decreasing": {
        "it-29": {
            "args": {
                "alpha_seed": 53,
                "epsilon_seed": 288,
                "random_arm_seed": 430,
                "reward_seed": 29,
                "sigma_seed": 625
            },
            "gen-distributed": {
                "reward": 39388,
                "time": 13.117649380117655,
                "time_by_components": {
                    "R0": 1.3595256167463958,
                    "R1": 0.6837261249311268,
                    "R2": 0.677642251830548,
                    "R3": 0.674964111763984,
                    "R4": 0.6725316843949258,
                    "R5": 0.6875331662595272,
                    "R6": 0.6769303837791085,
                    "R7": 0.6733513930812478,
                    "R8": 0.6730257379822433,
                    "R9": 0.6731812255457044,
                    "as": 3.349921088665724,
                    "comp": 0.2998895184136927,
                    "dc": 0
                }
            },
            "gen-secure": {
                "reward": 39388,
                "time": 74.03469328628853,
                "time_by_components": {
                    "R0": 4.903653100132942,
                    "R1": 3.974328980781138,
                    "R2": 3.82027594698593,
                    "R3": 3.769555038306862,
                    "R4": 3.723007274325937,
                    "R5": 3.7126145637594163,
                    "R6": 3.695395002607256,
                    "R7": 3.730543232988566,
                    "R8": 3.6879403488710523,
                    "R9": 3.7184793138876557,
                    "as": 3.9646972408518195,
                    "comp": 28.61222085962072,
                    "dc": 0.030093630775809288
                }
            },
            "std": {
                "reward": 39388,
                "time": 4.893660545349121
            }
        }
    },
    "nb_iterations": 50,
    "pursuit": {
        "it-29": {
            "args": {
                "alpha_seed": 288,
                "beta": 0.2,
                "random_arm_seed": 430,
                "reward_seed": 29,
                "sigma_seed": 625
            },
            "gen-distributed": {
                "reward": 36519,
                "time": 27.294371590949595,
                "time_by_components": {
                    "R0": 1.6469152052886784,
                    "R1": 1.5388755681924522,
                    "R2": 2.26055337395519,
                    "R3": 1.5186617402359843,
                    "R4": 1.512614973820746,
                    "R5": 1.5169691620394588,
                    "R6": 1.5162357804365456,
                    "R7": 1.5112167485058308,
                    "R8": 1.5090107442811131,
                    "R9": 1.5141142061911523,
                    "as": 6.962871193885803,
                    "comp": 1.4559067017398775,
                    "dc": 0
                }
            },
            "gen-secure": {
                "reward": 36519,
                "time": 153.47134667821229,
                "time_by_components": {
                    "R0": 8.811641189269722,
                    "R1": 8.290967258159071,
                    "R2": 8.902543611358851,
                    "R3": 7.9585769744589925,
                    "R4": 7.785162589047104,
                    "R5": 7.757910679094493,
                    "R6": 7.826986389234662,
                    "R7": 7.72895978204906,
                    "R8": 7.725903515703976,
                    "R9": 7.814011883921921,
                    "as": 8.225696935784072,
                    "comp": 60.60530227748677,
                    "dc": 0.03306139912456274
                }
            },
            "std": {
                "reward": 36519,