{
    "N": 100000,
    "arms": [
        0.4960973461954129,
        0.46519633350678463,
        0.4564303726534043,
        0.45410879397990633,
        0.4505463715326422,
        0.4449825881599488,
        0.4438618260417084,
        0.4347356202217508,
        0.42404835287995835,
        0.41264059560501143,
        0.4033943081295281,
        0.40123283833006446,
        0.39658968098306846,
        0.39566905495737104,
        0.3877836929111796,
        0.3750550374254493,
        0.3676900292198695,
        0.3489973181763599,
        0.33867029580114477,
        0.32770283792979227
    ],
    "boltzmann": {
        "it-28": {
            "args": {
                "alpha_seed": 542,
                "random_arm_seed": 486,
                "reward_seed": 28,
                "sigma_seed": 442,
                "tau": 0.02
            },
            "gen-distributed": {
                "reward": 45094,
                "time": 30.003601239062846,
                "time_by_components": {
                    "R0": 1.0101731806062162,
                    "R1": 0.9591988488100469,
                    "R10": 0.9958182242698967,
                    "R11": 0.9493386149406433,
                    "R12": 0.945928224362433,
                    "R13": 0.9443020736798644,
                    "R14": 0.9509050650522113,
                    "R15": 0.9452036684378982,
                    "R16": 0.9536839770153165,
                    "R17": 0.9448859374970198,
                    "R18": 0.9408375644125044,
                    "R19": 0.9432483976706862,
                    "R2": 1.4032623167149723,
                    "R3": 1.3664692263118923,
                    "R4": 0.9483195533975959,
                    "R5": 0.9509696108289063,
                    "R6": 0.9463179740123451,
                    "R7": 0.9495741911232471,
                    "R8": 0.9437255621887743,
                    "R9": 0.9482534579001367,
                    "as": 5.191771565936506,
                    "comp": 1.694366769399494,
                    "dc": 0
                }
            },
            "gen-secure": {
                "reward": 45094,
                "time": 185.87971106311306,
                "time_by_components": {
                    "R0": 5.669505245983601,
                    "R1": 5.196287771686912,
                    "R10": 4.962522965390235,
                    "R11": 4.876040130387992,
                    "R12": 4.926024447660893,
                    "R13": 4.872912023682147,
                    "R14": 4.90040434198454,
                    "R15": 4.868662580382079,
                    "R16": 4.902796124573797,
                    "R17": 4.873714463785291,
                    "R18": 4.868102560285479,
                    "R19": 4.851613747421652,
                    "R2": 5.5989675293676555,
                    "R3": 5.511947765946388,
                    "R4": 4.973947638180107,
                    "R5": 4.944827588275075,
                    "R6": 4.921757270116359,
                    "R7": 4.928107638843358,
                    "R8": 4.89006191957742,
                    "R9": 4.883098999504,
                    "as": 6.198506795335561,
                    "comp": 74.80316769937053,
                    "dc": 0.03339611878618598
                }
            },
            "std": {
                "reward": 45094,
                "time": 7.662491798400879
            }
        }
    },
    "e-greedy": {
        "it-28": {
            "args": {
                "alpha_seed": 534,
                "epsilon": 0.1,
                "epsilon_seed": 512,
                "random_arm_seed": 186,
                "reward_seed": 28,
                "sigma_seed": 668
            },
            "gen-distributed": {
                "reward": 48697,
                "time": 26.977949518244714,
                "time_by_components": {
                    "R0": 1.6818431308493018,
                    "R1": 0.8527428335510194,
                    "R10": 0.8375403000973165,
                    "R11": 0.8355452283285558,
                    "R12": 0.8340326067991555,
                    "R13": 0.8346994379535317,
                    "R14": 0.836262337397784,
                    "R15": 0.8350040600635111,
                    "R16": 0.8341346988454461,
                    "R17": 0.8359703435562551,
                    "R18": 0.8335003037936985,
                    "R19": 0.835664389654994,
                    "R2": 0.8515897910110652,
                    "R3": 0.8429013658314943,
                    "R4": 0.8392473547719419,
                    "R5": 0.8382492135278881,
                    "R6": 0.8435061536729336,
                    "R7": 0.8379968660883605,
                    "R8": 0.8359824796207249,
                    "R9": 0.8372501502744853,
                    "as": 5.084362587891519,
                    "comp": 0.5004668440669775,
                    "dc": 0
                }
            },
            "gen-secure": {
                "reward": 48697,
                "time": 172.52105622319505,
                "time_by_components": {
                    "R0": 6.047003070358187,
                    "R1": 4.808714303653687,
                    "R10": 4.476879576221108,
                    "R11": 4.4688369473442435,
                    "R12": 4.469495459459722,
                    "R13": 4.45735369483009,
                    "R14": 4.458815208636224,
                    "R15": 4.457110103685409,
                    "R16": 4.45619594398886,
                    "R17": 4.476869150530547,
                    "R18": 4.466765769291669,
                    "R19": 4.458039239514619,
                    "R2": 4.724631704390049,
                    "R3": 4.588786157779396,
                    "R4": 4.520048575941473,
                    "R5": 4.519476865883917,
                    "R6": 4.506042724009603,
                    "R7": 4.51482205465436,
                    "R8": 4.51298449607566,
                    "R9": 4.483035729732364,
                    "as": 6.046097910962999,
                    "comp": 69.54984259000048,
                    "dc": 0.03341099340468645
                }
            },
            "std": {
                "reward": 48697,
                "time": 7.084117650985718
            }
        }
    },
    "e-greedy-decreasing": {
        "it-28": {
            "args": {
                "alpha_seed": 465,
                "epsilon_seed": 542,
                "random_arm_seed": 486,
                "reward_seed": 28,
                "sigma_seed": 554
            },
            "gen-distributed": {
                "reward": 49047,
                "time": 27.70030073216185,
                "time_by_components": {
                    "R0": 1.7517851288430393,
                    "R1": 0.8815244305878878,
                    "R10": 0.8651406760327518,
                    "R11": 0.8650039122439921,
                    "R12": 0.8656599977985024,
                    "R13": 0.8713179430924356,
                    "R14": 0.8707766430452466,
                    "R15": 0.8672141404822469,
                    "R16": 0.8645838592201471,
                    "R17": 0.8669951371848583,
                    "R18": 0.8639286695979536,
                    "R19": 0.8641025116667151,
                    "R2": 0.8756448132917285,
                    "R3": 0.8706941488198936,
                    "R4": 0.8671003058552742,
                    "R5": 0.8726224028505385,
                    "R6": 0.8653125734999776,
                    "R7": 0.8673305660486221,
                    "R8": 0.8646177821792662,
                    "R9": 0.8672523112036288,
                    "as": 5.099951295182109,
                    "comp": 0.47513933619484305,
                    "dc": 0
                }
            },
            "gen-secure": {
                "reward": 49047,
                "time": 175.5195297151804,
                "time_by_components": {
                    "R0": 6.1653638943098485,