{
    "N": 60000,
    "arms": [
        0.4960973461954129,
        0.46519633350678463,
        0.4564303726534043,
        0.45410879397990633,
        0.4505463715326422,
        0.4449825881599488,
        0.4438618260417084,
        0.4347356202217508,
        0.42404835287995835,
        0.41264059560501143
    ],
    "boltzmann": {
        "it-30": {
            "args": {
                "alpha_seed": 72,
                "random_arm_seed": 430,
                "reward_seed": 30,
                "sigma_seed": 681,
                "tau": 0.02
            },
            "gen-distributed": {
                "reward": 29305,
                "time": 10.948281127028167,
                "time_by_components": {
                    "R0": 1.0247683469206095,
                    "R1": 0.6821835716255009,
                    "R2": 0.5724334246478975,
                    "R3": 0.5687193246558309,
                    "R4": 0.5681052003055811,
                    "R5": 0.6071997382678092,
                    "R6": 0.56759721506387,
                    "R7": 0.5664675417356193,
                    "R8": 0.5684761316515505,
                    "R9": 0.5675444407388568,
                    "as": 2.6204889472573996,
                    "comp": 0.9438206078484654,
                    "dc": 0
                }
            },
            "gen-secure": {
                "reward": 29305,
                "time": 58.72040480328724,
                "time_by_components": {
                    "R0": 3.789225645363331,
                    "R1": 3.2847481882199645,
                    "R2": 3.0938049308024347,
                    "R3": 3.0408901553601027,
                    "R4": 2.997803188394755,
                    "R5": 3.0280304895713925,
                    "R6": 2.973082805518061,
                    "R7": 2.960479211062193,
                    "R8": 2.9667055094614625,
                    "R9": 2.95393463363871,
                    "as": 3.0127823841758072,
                    "comp": 23.086242602672428,
                    "dc": 0.03291166387498379
                }
            },
            "std": {
                "reward": 29305,
                "time": 3.9146625995635986
            }
        }
    },
    "e-greedy": {
        "it-30": {
            "args": {
                "alpha_seed": 754,
                "epsilon": 0.1,
                "epsilon_seed": 491,
                "random_arm_seed": 645,
                "reward_seed": 30,
                "sigma_seed": 560
            },
            "gen-distributed": {
                "reward": 29533,
                "time": 9.852797565981746,
                "time_by_components": {
                    "R0": 1.010163421742618,
                    "R1": 0.5097587378695607,
                    "R2": 0.5034878668375313,
                    "R3": 0.5015108846127987,
                    "R4": 0.5005636559799314,
                    "R5": 0.5000356868840754,
                    "R6": 0.5000524423085153,
                    "R7": 0.5008903457783163,
                    "R8": 0.5003285007551312,
                    "R9": 0.5001620873808861,
                    "as": 2.5789490370079875,
                    "comp": 0.24847909854725003,
                    "dc": 0
                }
            },
            "gen-secure": {
                "reward": 29533,
                "time": 54.68447354575619,
                "time_by_components": {
                    "R0": 3.6295990175567567,
                    "R1": 2.917773574590683,
                    "R2": 2.8316682558506727,
                    "R3": 2.7958722305484116,
                    "R4": 2.759483532048762,
                    "R5": 2.746587854344398,
                    "R6": 2.7414247575215995,
                    "R7": 2.736448854673654,
                    "R8": 2.735836944542825,
                    "R9": 2.7502988460473716,
                    "as": 2.972733839880675,
                    "comp": 21.092793713323772,
                    "dc": 0.03324366174638271
                }
            },
            "std": {
                "reward": 29533,
                "time": 3.7075002193450928
            }
        }
    },
    "e-greedy-decreasing": {
        "it-30": {
            "args": {
                "alpha_seed": 259,
                "epsilon_seed": 72,
                "random_arm_seed": 430,
                "reward_seed": 30,
                "sigma_seed": 85
            },
            "gen-distributed": {
                "reward": 29629,
                "time": 9.88398808427155,
                "time_by_components": {
                    "R0": 1.030631437432021,
                    "R1": 0.5180638562887907,
                    "R2": 0.5119458269327879,
                    "R3": 0.5105523774400353,
                    "R4": 0.5096514979377389,
                    "R5": 0.5095437462441623,
                    "R6": 0.5092986151576042,
                    "R7": 0.5105172959156334,
                    "R8": 0.5095002446323633,
                    "R9": 0.5107775963842869,
                    "as": 2.5168102723546326,
                    "comp": 0.22554777190089226,
                    "dc": 0
                }
            },
            "gen-secure": {
                "reward": 29629,
                "time": 56.148938884958625,
                "time_by_components": {
                    "R0": 3.7328399824909866,
                    "R1": 3.0016830442473292,
                    "R2": 2.906631973106414,
                    "R3": 2.871448902413249,
                    "R4": 2.8370631150901318,
                    "R5": 2.842891708482057,
                    "R6": 2.827597179915756,
                    "R7": 2.8167473394423723,
                    "R8": 2.8097034730017185,
                    "R9": 2.813670322764665,
                    "as": 2.9856080268509686,
                    "comp": 21.643495443742722,
                    "dc": 0.03284133691340685
                }
            },
            "std": {
                "reward": 29629,
                "time": 3.613213062286377
            }
        }
    },
    "nb_iterations": 50,
    "pursuit": {
        "it-30": {
            "args": {
                "alpha_seed": 72,
                "beta": 0.2,
                "random_arm_seed": 430,
                "reward_seed": 30,
                "sigma_seed": 85
            },
            "gen-distributed": {
                "reward": 29841,
                "time": 20.405513985082507,
                "time_by_components": {
                    "R0": 1.7841914468444884,
                    "R1": 1.161208230536431,
                    "R2": 1.1399141578003764,
                    "R3": 1.134733893442899,
                    "R4": 1.1332858949899673,
                    "R5": 1.1327419909648597,
                    "R6": 1.13098835805431,
                    "R7": 1.1311769858002663,
                    "R8": 1.132720023393631,
                    "R9": 1.1317311907187104,
                    "as": 5.189995599910617,
                    "comp": 1.0807595192454755,
                    "dc": 0
                }
            },
            "gen-secure": {
                "reward": 29841,
                "time": 114.7232626141049,
                "time_by_components": {
                    "R0": 7.239129529334605,
                    "R1": 6.267630631104112,
                    "R2": 6.006962358951569,
                    "R3": 5.901587105356157,
                    "R4": 5.804124299902469,
                    "R5": 5.863668561447412,
                    "R6": 5.790192273911089,
                    "R7": 5.784423281438649,
                    "R8": 5.846767398994416,
                    "R9": 5.807669734116644,
                    "as": 6.166132246144116,
                    "comp": 45.197562160901725,
                    "dc": 0.03282761061564088
                }
            },
            "std": {
                "reward": 29841,