{
    "N": 60000,
    "arms": [
        0.4960973461954129,
        0.46519633350678463,
        0.4564303726534043,
        0.45410879397990633,
        0.4505463715326422,
        0.4449825881599488,
        0.4438618260417084,
        0.4347356202217508,
        0.42404835287995835,
        0.41264059560501143
    ],
    "boltzmann": {
        "it-21": {
            "args": {
                "alpha_seed": 574,
                "random_arm_seed": 440,
                "reward_seed": 21,
                "sigma_seed": 744,
                "tau": 0.02
            },
            "gen-distributed": {
                "reward": 26777,
                "time": 10.934434032998979,
                "time_by_components": {
                    "R0": 0.6039214823395014,
                    "R1": 0.5710511356592178,
                    "R2": 0.5658442359417677,
                    "R3": 0.8565896572545171,
                    "R4": 0.5670425575226545,
                    "R5": 0.5653087049722672,
                    "R6": 0.7700648349709809,
                    "R7": 0.5658321282826364,
                    "R8": 0.5640033818781376,
                    "R9": 0.6345390942879021,
                    "as": 2.620688200928271,
                    "comp": 0.946172387804836,
                    "dc": 0
                }
            },
            "gen-secure": {
                "reward": 26777,
                "time": 59.88391349557787,
                "time_by_components": {
                    "R0": 3.4161720918491483,
                    "R1": 3.186501660849899,
                    "R2": 3.1091457549482584,
                    "R3": 3.4096468165516853,
                    "R4": 3.048987046815455,
                    "R5": 3.034411596134305,
                    "R6": 3.2552174292504787,
                    "R7": 3.031173776369542,
                    "R8": 3.0473086847923696,
                    "R9": 3.1332733198069036,
                    "as": 3.0608255565166473,
                    "comp": 23.58480389090255,
                    "dc": 0.03291310556232929
                }
            },
            "std": {
                "reward": 26777,
                "time": 3.932274341583252
            }
        }
    },
    "e-greedy": {
        "it-21": {
            "args": {
                "alpha_seed": 963,
                "epsilon": 0.1,
                "epsilon_seed": 385,
                "random_arm_seed": 50,
                "reward_seed": 21,
                "sigma_seed": 858
            },
            "gen-distributed": {
                "reward": 29563,
                "time": 9.749224255792797,
                "time_by_components": {
                    "R0": 1.0034966487437487,
                    "R1": 0.5064306329004467,
                    "R2": 0.5010542469099164,
                    "R3": 0.49994736816734076,
                    "R4": 0.500049736816436,
                    "R5": 0.49965317640453577,
                    "R6": 0.497156772762537,
                    "R7": 0.496681469026953,
                    "R8": 0.4965197555720806,
                    "R9": 0.4960665856488049,
                    "as": 2.5145590286701918,
                    "comp": 0.24103970918804407,
                    "dc": 0
                }
            },
            "gen-secure": {
                "reward": 29563,
                "time": 55.82052169600502,
                "time_by_components": {
                    "R0": 3.6822996521368623,
                    "R1": 2.9848698060959578,
                    "R2": 2.8897349778562784,
                    "R3": 2.8560457108542323,
                    "R4": 2.82070919778198,
                    "R5": 2.822482641786337,
                    "R6": 2.810150149744004,
                    "R7": 2.816320449579507,
                    "R8": 2.7970867645926774,
                    "R9": 2.8026809175498784,
                    "as": 3.0020743855275214,
                    "comp": 21.524114300496876,
                    "dc": 0.033238778822124004
                }
            },
            "std": {
                "reward": 29563,
                "time": 3.6039063930511475
            }
        }
    },
    "e-greedy-decreasing": {
        "it-21": {
            "args": {
                "alpha_seed": 101,
                "epsilon_seed": 574,
                "random_arm_seed": 440,
                "reward_seed": 21,
                "sigma_seed": 468
            },
            "gen-distributed": {
                "reward": 29623,
                "time": 9.91472013387829,
                "time_by_components": {
                    "R0": 1.0314196445979178,
                    "R1": 0.5172181730158627,
                    "R2": 0.5121141383424401,
                    "R3": 0.511509592179209,
                    "R4": 0.5108936419710517,
                    "R5": 0.5098689184524119,
                    "R6": 0.5097236009314656,
                    "R7": 0.5095334476791322,
                    "R8": 0.5090336385183036,
                    "R9": 0.5093439714983106,
                    "as": 2.5175006883218884,
                    "comp": 0.22699324833229184,
                    "dc": 0
                }
            },
            "gen-secure": {
                "reward": 29623,
                "time": 56.30254653515294,
                "time_by_components": {
                    "R0": 3.707676271907985,
                    "R1": 3.006800460163504,
                    "R2": 2.9204677785746753,
                    "R3": 2.8821629458107054,
                    "R4": 2.847212423570454,
                    "R5": 2.837181963492185,
                    "R6": 2.841462938580662,
                    "R7": 2.8300871732644737,
                    "R8": 2.8236576290801167,
                    "R9": 2.8204891863279045,
                    "as": 2.978363844566047,
                    "comp": 21.732544749975204,
                    "dc": 0.03314235294237733
                }
            },
            "std": {
                "reward": 29623,
                "time": 3.6364150047302246
            }
        }
    },
    "nb_iterations": 50,
    "pursuit": {
        "it-21": {
            "args": {
                "alpha_seed": 574,
                "beta": 0.2,
                "random_arm_seed": 440,
                "reward_seed": 21,
                "sigma_seed": 468
            },
            "gen-distributed": {
                "reward": 27320,
                "time": 20.324242945294827,
                "time_by_components": {
                    "R0": 1.226152975577861,
                    "R1": 1.1466640084981918,
                    "R2": 1.1356705608777702,
                    "R3": 1.6884257812052965,
                    "R4": 1.1324921133928,
                    "R5": 1.1308340495452285,
                    "R6": 1.1311569516547024,
                    "R7": 1.1268584257923067,
                    "R8": 1.1259414786472917,
                    "R9": 1.1280116951093078,
                    "as": 5.158741062972695,
                    "comp": 1.0819527450948954,
                    "dc": 0
                }
            },
            "gen-secure": {
                "reward": 27320,
                "time": 115.60080634988844,
                "time_by_components": {
                    "R0": 6.693258920684457,
                    "R1": 6.142489372752607,
                    "R2": 6.069108384195715,
                    "R3": 6.6250024563632905,
                    "R4": 5.879315757192671,
                    "R5": 5.831492257770151,
                    "R6": 5.898853998631239,
                    "R7": 5.830090343020856,
                    "R8": 5.847090887837112,
                    "R9": 5.88975846208632,
                    "as": 6.199049178976566,
                    "comp": 45.62101679435,
                    "dc": 0.03366277692839503
                }
            },
            "std": {
                "reward": 27320,