{
    "N": 70000,
    "arms": [
        0.4960973461954129,
        0.46519633350678463,
        0.4564303726534043,
        0.45410879397990633,
        0.4505463715326422,
        0.4449825881599488,
        0.4438618260417084,
        0.4347356202217508,
        0.42404835287995835,
        0.41264059560501143
    ],
    "boltzmann": {
        "it-23": {
            "args": {
                "alpha_seed": 41,
                "random_arm_seed": 651,
                "reward_seed": 23,
                "sigma_seed": 473,
                "tau": 0.02
            },
            "gen-distributed": {
                "reward": 31911,
                "time": 11.64811095315963,
                "time_by_components": {
                    "R0": 0.6480171317234635,
                    "R1": 0.8984688171185553,
                    "R2": 0.6091972882859409,
                    "R3": 0.6046559256501496,
                    "R4": 0.8077867836691439,
                    "R5": 0.607997318264097,
                    "R6": 0.6059439457021654,
                    "R7": 0.6799860144965351,
                    "R8": 0.641191459260881,
                    "R9": 0.6038595638237894,
                    "as": 2.780320153106004,
                    "comp": 1.0089907189831138,
                    "dc": 0
                }
            },
            "gen-secure": {
                "reward": 31911,
                "time": 69.01235906686634,
                "time_by_components": {
                    "R0": 3.884506859816611,
                    "R1": 4.041923010256141,
                    "R2": 3.642167770303786,
                    "R3": 3.5524914637207985,
                    "R4": 3.741824026685208,
                    "R5": 3.5090524656698108,
                    "R6": 3.487612834200263,
                    "R7": 3.578648846130818,
                    "R8": 3.5319250635802746,
                    "R9": 3.4702566796913743,
                    "as": 3.407333340961486,
                    "comp": 27.37756679393351,
                    "dc": 0.03306173998862505
                }
            },
            "std": {
                "reward": 31911,
                "time": 4.459182977676392
            }
        }
    },
    "e-greedy": {
        "it-23": {
            "args": {
                "alpha_seed": 699,
                "epsilon": 0.1,
                "epsilon_seed": 309,
                "random_arm_seed": 20,
                "reward_seed": 23,
                "sigma_seed": 219
            },
            "gen-distributed": {
                "reward": 34497,
                "time": 11.484641052316874,
                "time_by_components": {
                    "R0": 1.1743197701871395,
                    "R1": 0.5939975283108652,
                    "R2": 0.5854498301632702,
                    "R3": 0.5821370743215084,
                    "R4": 0.587751739192754,
                    "R5": 0.5866241524927318,
                    "R6": 0.5855895369313657,
                    "R7": 0.5824418179690838,
                    "R8": 0.5816479520872235,
                    "R9": 0.5848303632810712,
                    "as": 2.9918573144823313,
                    "comp": 0.2895238841883838,
                    "dc": 0
                }
            },
            "gen-secure": {
                "reward": 34497,
                "time": 64.78033886756748,
                "time_by_components": {
                    "R0": 4.272836429998279,
                    "R1": 3.443886545486748,
                    "R2": 3.3403931739740074,
                    "R3": 3.2950030039064586,
                    "R4": 3.27744701737538,
                    "R5": 3.2542458618991077,
                    "R6": 3.2409378550946712,
                    "R7": 3.2359921210445464,
                    "R8": 3.225961936637759,
                    "R9": 3.2391463448293507,
                    "as": 3.5487315584905446,
                    "comp": 25.071410085540265,
                    "dc": 0.03301237104460597
                }
            },
            "std": {
                "reward": 34497,
                "time": 4.195462703704834
            }
        }
    },
    "e-greedy-decreasing": {
        "it-23": {
            "args": {
                "alpha_seed": 981,
                "epsilon_seed": 41,
                "random_arm_seed": 651,
                "reward_seed": 23,
                "sigma_seed": 620
            },
            "gen-distributed": {
                "reward": 34386,
                "time": 11.657345642335713,
                "time_by_components": {
                    "R0": 1.1685800030827522,
                    "R1": 0.6184664838947356,
                    "R2": 0.6030432227998972,
                    "R3": 0.627796923276037,
                    "R4": 0.6039584381505847,
                    "R5": 0.6019703112542629,
                    "R6": 0.6000944362021983,
                    "R7": 0.6014601653441787,
                    "R8": 0.6012686723843217,
                    "R9": 0.5988757899031043,
                    "as": 2.9693577303551137,
                    "comp": 0.26765013532713056,
                    "dc": 0
                }
            },
            "gen-secure": {
                "reward": 34386,
                "time": 65.73962444113567,
                "time_by_components": {
                    "R0": 4.325059576891363,
                    "R1": 3.5133188823238015,
                    "R2": 3.4021773748099804,
                    "R3": 3.3851355174556375,
                    "R4": 3.342543162871152,
                    "R5": 3.298021921887994,
                    "R6": 3.3023507865145802,
                    "R7": 3.2892914577387273,
                    "R8": 3.281223993282765,
                    "R9": 3.273023271933198,
                    "as": 3.5452395188622177,
                    "comp": 25.353760259225965,
                    "dc": 0.0332175949588418
                }
            },
            "std": {
                "reward": 34386,
                "time": 4.227630615234375
            }
        }
    },
    "nb_iterations": 50,
    "pursuit": {
        "it-23": {
            "args": {
                "alpha_seed": 41,
                "beta": 0.2,
                "random_arm_seed": 651,
                "reward_seed": 23,
                "sigma_seed": 620
            },
            "gen-distributed": {
                "reward": 30505,
                "time": 23.77929222304374,
                "time_by_components": {
                    "R0": 1.4376068012788892,
                    "R1": 1.3369523277506232,
                    "R2": 1.3213558243587613,
                    "R3": 1.3179977620020509,
                    "R4": 1.31623239768669,
                    "R5": 1.3217603750526905,
                    "R6": 1.3207301087677479,
                    "R7": 1.9660085937939584,
                    "R8": 1.3159500691108406,
                    "R9": 1.311993924435228,
                    "as": 6.070114248432219,
                    "comp": 1.2660993435420096,
                    "dc": 0
                }
            },
            "gen-secure": {
                "reward": 30505,
                "time": 132.98914687195793,
                "time_by_components": {
                    "R0": 7.640154281165451,
                    "R1": 7.173694610595703,
                    "R2": 6.897558678872883,
                    "R3": 6.7919531390070915,
                    "R4": 6.788559260312468,
                    "R5": 6.7118659489788115,
                    "R6": 6.686034542508423,
                    "R7": 7.5279586599208415,
                    "R8": 6.786622427403927,
                    "R9": 6.663037200924009,
                    "as": 7.067203853279352,
                    "comp": 52.76341729238629,
                    "dc": 0.0330799319781363
                }
            },
            "std": {
                "reward": 30505,