{
    "N": 70000,
    "arms": [
        0.4960973461954129,
        0.46519633350678463,
        0.4564303726534043,
        0.45410879397990633,
        0.4505463715326422,
        0.4449825881599488,
        0.4438618260417084,
        0.4347356202217508,
        0.42404835287995835,
        0.41264059560501143
    ],
    "boltzmann": {
        "it-40": {
            "args": {
                "alpha_seed": 216,
                "random_arm_seed": 536,
                "reward_seed": 40,
                "sigma_seed": 489,
                "tau": 0.02
            },
            "gen-distributed": {
                "reward": 33913,
                "time": 12.655139043927193,
                "time_by_components": {
                    "R0": 1.1426745625212789,
                    "R1": 0.670873052906245,
                    "R2": 0.7851703478954732,
                    "R3": 0.6628052238374949,
                    "R4": 0.7343581640161574,
                    "R5": 0.6599730872549117,
                    "R6": 0.6614642315544188,
                    "R7": 0.6593828834593296,
                    "R8": 0.6600816496647894,
                    "R9": 0.6584808696061373,
                    "as": 3.0150086847133934,
                    "comp": 1.0838491725735366,
                    "dc": 0
                }
            },
            "gen-secure": {
                "reward": 33913,
                "time": 68.85859098099172,
                "time_by_components": {
                    "R0": 4.395647733006626,
                    "R1": 3.705794295296073,
                    "R2": 3.7200348139740527,
                    "R3": 3.5403528683818877,
                    "R4": 3.562247305177152,
                    "R5": 3.506483522709459,
                    "R6": 3.480123612098396,
                    "R7": 3.4763806611299515,
                    "R8": 3.462276125792414,
                    "R9": 3.4574771602638066,
                    "as": 3.5396926649846137,
                    "comp": 27.220561298541725,
                    "dc": 0.03294052742421627
                }
            },
            "std": {
                "reward": 33913,
                "time": 4.535687446594238
            }
        }
    },
    "e-greedy": {
        "it-40": {
            "args": {
                "alpha_seed": 664,
                "epsilon": 0.1,
                "epsilon_seed": 851,
                "random_arm_seed": 62,
                "reward_seed": 40,
                "sigma_seed": 308
            },
            "gen-distributed": {
                "reward": 34054,
                "time": 11.379295080900192,
                "time_by_components": {
                    "R0": 1.0816346923820674,
                    "R1": 0.586613951716572,
                    "R2": 0.595688892994076,
                    "R3": 0.5802843738347292,
                    "R4": 0.6581466826610267,
                    "R5": 0.5821396373212337,
                    "R6": 0.579339467920363,
                    "R7": 0.5779881621710956,
                    "R8": 0.5791225866414607,
                    "R9": 0.5780396219342947,
                    "as": 2.957296810578555,
                    "comp": 0.2853071643039584,
                    "dc": 0
                }
            },
            "gen-secure": {
                "reward": 34054,
                "time": 64.8222862733528,
                "time_by_components": {
                    "R0": 4.170862796250731,
                    "R1": 3.4419003929942846,
                    "R2": 3.3618486528284848,
                    "R3": 3.3054914702661335,
                    "R4": 3.343896623235196,
                    "R5": 3.2616195594891906,
                    "R6": 3.250187452416867,
                    "R7": 3.2410848578438163,
                    "R8": 3.2392332241870463,
                    "R9": 3.2338412115350366,
                    "as": 3.5598969096317887,
                    "comp": 25.066099346149713,
                    "dc": 0.032900286838412285
                }
            },
            "std": {
                "reward": 34054,
                "time": 4.23801851272583
            }
        }
    },
    "e-greedy-decreasing": {
        "it-40": {
            "args": {
                "alpha_seed": 578,
                "epsilon_seed": 216,
                "random_arm_seed": 536,
                "reward_seed": 40,
                "sigma_seed": 247
            },
            "gen-distributed": {
                "reward": 34408,
                "time": 11.697534949053079,
                "time_by_components": {
                    "R0": 1.1932509844191372,
                    "R1": 0.6118112760595977,
                    "R2": 0.6018569678999484,
                    "R3": 0.601146662607789,
                    "R4": 0.6007815953344107,
                    "R5": 0.6017372393980622,
                    "R6": 0.6016521453857422,
                    "R7": 0.6237666681408882,
                    "R8": 0.6010423111729324,
                    "R9": 0.6009336947463453,
                    "as": 2.9867024179548025,
                    "comp": 0.27226810716092587,
                    "dc": 0
                }
            },
            "gen-secure": {
                "reward": 34408,
                "time": 65.70640783198178,
                "time_by_components": {
                    "R0": 4.328869108110666,
                    "R1": 3.5177217815071344,
                    "R2": 3.39079145854339,
                    "R3": 3.356211510952562,
                    "R4": 3.30787931708619,
                    "R5": 3.332670805975795,
                    "R6": 3.3271432127803564,
                    "R7": 3.3031055806204677,
                    "R8": 3.276105148717761,
                    "R9": 3.2945497878827155,
                    "as": 3.544088676571846,
                    "comp": 25.298931217286736,
                    "dc": 0.03298661205917597
                }
            },
            "std": {
                "reward": 34408,
                "time": 4.259730577468872
            }
        }
    },
    "nb_iterations": 50,
    "pursuit": {
        "it-40": {
            "args": {
                "alpha_seed": 216,
                "beta": 0.2,
                "random_arm_seed": 536,
                "reward_seed": 40,
                "sigma_seed": 247
            },
            "gen-distributed": {
                "reward": 31655,
                "time": 23.643138783983886,
                "time_by_components": {
                    "R0": 1.426758274435997,
                    "R1": 1.3324519176967442,
                    "R2": 1.3279982754029334,
                    "R3": 1.3190727336332202,
                    "R4": 1.947283492423594,
                    "R5": 1.3207997614517808,
                    "R6": 1.3133749030530453,
                    "R7": 1.312931387219578,
                    "R8": 1.3162400992587209,
                    "R9": 1.3114897506311536,
                    "as": 5.995756983757019,
                    "comp": 1.2491861982271075,
                    "dc": 0
                }
            },
            "gen-secure": {
                "reward": 31655,
                "time": 133.79493192303926,
                "time_by_components": {
                    "R0": 7.7558240429498255,
                    "R1": 7.173022739123553,
                    "R2": 7.008511665277183,
                    "R3": 6.929485359694809,
                    "R4": 7.577931489795446,
                    "R5": 6.823136185761541,
                    "R6": 6.8046640902757645,
                    "R7": 6.743643403984606,
                    "R8": 6.776436771266162,
                    "R9": 6.713997019920498,
                    "as": 7.162615946959704,
                    "comp": 52.80774986790493,
                    "dc": 0.03104150202125311
                }
            },
            "std": {
                "reward": 31655,