{
    "N": 80000,
    "arms": [
        0.4960973461954129,
        0.46519633350678463,
        0.4564303726534043,
        0.45410879397990633,
        0.4505463715326422,
        0.4449825881599488,
        0.4438618260417084,
        0.4347356202217508,
        0.42404835287995835,
        0.41264059560501143
    ],
    "boltzmann": {
        "it-26": {
            "args": {
                "alpha_seed": 20,
                "random_arm_seed": 342,
                "reward_seed": 26,
                "sigma_seed": 1000,
                "tau": 0.02
            },
            "gen-distributed": {
                "reward": 36919,
                "time": 14.527362421154976,
                "time_by_components": {
                    "R0": 0.8057666006498039,
                    "R1": 1.3126488053239882,
                    "R2": 0.7557967780157924,
                    "R3": 0.7495707776397467,
                    "R4": 0.8314192965626717,
                    "R5": 0.8668546015396714,
                    "R6": 0.7526835496537387,
                    "R7": 0.750586342997849,
                    "R8": 0.7494757049717009,
                    "R9": 0.7552600847557187,
                    "as": 3.494947218336165,
                    "comp": 1.2685615262016654,
                    "dc": 0
                }
            },
            "gen-secure": {
                "reward": 36919,
                "time": 79.35319490730762,
                "time_by_components": {
                    "R0": 4.5218281000852585,
                    "R1": 4.8330915030092,
                    "R2": 4.13819356681779,
                    "R3": 4.057633917313069,
                    "R4": 4.0962873375974596,
                    "R5": 4.13081681355834,
                    "R6": 4.023961361497641,
                    "R7": 3.987299466971308,
                    "R8": 3.9714820999652147,
                    "R9": 3.9784011840820312,
                    "as": 4.12826739018783,
                    "comp": 31.408167680259794,
                    "dc": 0.03313168277963996
                }
            },
            "std": {
                "reward": 36919,
                "time": 5.275925874710083
            }
        }
    },
    "e-greedy": {
        "it-26": {
            "args": {
                "alpha_seed": 688,
                "epsilon": 0.1,
                "epsilon_seed": 816,
                "random_arm_seed": 429,
                "reward_seed": 26,
                "sigma_seed": 397
            },
            "gen-distributed": {
                "reward": 39330,
                "time": 12.988806834910065,
                "time_by_components": {
                    "R0": 1.340445109643042,
                    "R1": 0.6744963889941573,
                    "R2": 0.6662540705874562,
                    "R3": 0.6657185326330364,
                    "R4": 0.6654621604830027,
                    "R5": 0.668642365373671,
                    "R6": 0.6675022318959236,
                    "R7": 0.6645623538643122,
                    "R8": 0.6640543872490525,
                    "R9": 0.665361215826124,
                    "as": 3.355843902565539,
                    "comp": 0.3230215790681541,
                    "dc": 0
                }
            },
            "gen-secure": {
                "reward": 39330,
                "time": 73.38560201926157,
                "time_by_components": {
                    "R0": 4.825800724327564,
                    "R1": 3.8987507512792945,
                    "R2": 3.783547332510352,
                    "R3": 3.7299725147895515,
                    "R4": 3.6846081730909646,
                    "R5": 3.6845273626968265,
                    "R6": 3.696933688595891,
                    "R7": 3.6585551113821566,
                    "R8": 3.666030422784388,
                    "R9": 3.6641949000768363,
                    "as": 3.95169658632949,
                    "comp": 28.493526747450233,
                    "dc": 0.030723278876394033
                }
            },
            "std": {
                "reward": 39330,
                "time": 4.8202550411224365
            }
        }
    },
    "e-greedy-decreasing": {
        "it-26": {
            "args": {
                "alpha_seed": 712,
                "epsilon_seed": 20,
                "random_arm_seed": 342,
                "reward_seed": 26,
                "sigma_seed": 704
            },
            "gen-distributed": {
                "reward": 39197,
                "time": 12.553603923879564,
                "time_by_components": {
                    "R0": 1.2523288866505027,
                    "R1": 0.6539734839461744,
                    "R2": 0.6995423468761146,
                    "R3": 0.6461388757452369,
                    "R4": 0.6473755217157304,
                    "R5": 0.6483238167129457,
                    "R6": 0.6478111003525555,
                    "R7": 0.6460025394335389,
                    "R8": 0.6461590463295579,
                    "R9": 0.6464432175271213,
                    "as": 3.200253179296851,
                    "comp": 0.2888643518090248,
                    "dc": 0
                }
            },
            "gen-secure": {
                "reward": 39197,
                "time": 74.23029096284881,
                "time_by_components": {
                    "R0": 4.836156364995986,
                    "R1": 3.944001459516585,
                    "R2": 3.890190070029348,
                    "R3": 3.7879471606574953,
                    "R4": 3.7559628039598465,
                    "R5": 3.7172465100884438,
                    "R6": 3.7457690029405057,
                    "R7": 3.6982567138038576,
                    "R8": 3.6886773388832808,
                    "R9": 3.6842544027604163,
                    "as": 3.977354400791228,
                    "comp": 28.772118639200926,
                    "dc": 0.032965223770588636
                }
            },
            "std": {
                "reward": 39197,
                "time": 4.550703763961792
            }
        }
    },
    "nb_iterations": 50,
    "pursuit": {
        "it-26": {
            "args": {
                "alpha_seed": 20,
                "beta": 0.2,
                "random_arm_seed": 342,
                "reward_seed": 26,
                "sigma_seed": 704
            },
            "gen-distributed": {
                "reward": 37271,
                "time": 27.242702474817634,
                "time_by_components": {
                    "R0": 1.64134609606117,
                    "R1": 2.2734286175109446,
                    "R2": 1.5227026077918708,
                    "R3": 1.517301038838923,
                    "R4": 1.5070786802098155,
                    "R5": 1.5139538305811584,
                    "R6": 1.5096034882590175,
                    "R7": 1.5067736175842583,
                    "R8": 1.5062249191105366,
                    "R9": 1.5072216168045998,
                    "as": 6.934921259060502,
                    "comp": 1.4572549466975033,
                    "dc": 0
                }
            },
            "gen-secure": {
                "reward": 37271,
                "time": 154.45151545666158,
                "time_by_components": {
                    "R0": 8.897558774799109,
                    "R1": 9.181856476701796,
                    "R2": 8.06961458735168,
                    "R3": 7.906892042607069,
                    "R4": 7.90485711209476,
                    "R5": 7.899470946751535,
                    "R6": 7.780480867717415,
                    "R7": 7.748949879780412,
                    "R8": 7.732275041285902,
                    "R9": 7.82185535132885,
                    "as": 8.357387368101627,
                    "comp": 61.04442617064342,
                    "dc": 0.03283713199198246
                }
            },
            "std": {
                "reward": 37271,