{
    "N": 80000,
    "arms": [
        0.4960973461954129,
        0.46519633350678463,
        0.4564303726534043,
        0.45410879397990633,
        0.4505463715326422,
        0.4449825881599488,
        0.4438618260417084,
        0.4347356202217508,
        0.42404835287995835,
        0.41264059560501143
    ],
    "boltzmann": {
        "it-21": {
            "args": {
                "alpha_seed": 928,
                "random_arm_seed": 825,
                "reward_seed": 21,
                "sigma_seed": 817,
                "tau": 0.02
            },
            "gen-distributed": {
                "reward": 35571,
                "time": 13.325795430224389,
                "time_by_components": {
                    "R0": 0.7414588839747012,
                    "R1": 0.6983577259816229,
                    "R2": 0.6929984935559332,
                    "R3": 1.0138838831335306,
                    "R4": 0.6940911184065044,
                    "R5": 0.6933796498924494,
                    "R6": 0.9791353717446327,
                    "R7": 0.6931949877180159,
                    "R8": 0.6892863223329186,
                    "R9": 0.7756481864489615,
                    "as": 3.1758084129542112,
                    "comp": 1.1620837510563433,
                    "dc": 0
                }
            },
            "gen-secure": {
                "reward": 35571,
                "time": 79.30903952475637,
                "time_by_components": {
                    "R0": 4.515526645351201,
                    "R1": 4.212238190695643,
                    "R2": 4.102030482143164,
                    "R3": 4.45253068767488,
                    "R4": 4.015266655012965,
                    "R5": 3.9915826064534485,
                    "R6": 4.329927197191864,
                    "R7": 3.9855765723623335,
                    "R8": 3.9665679819881916,
                    "R9": 4.073454250115901,
                    "as": 4.088348727673292,
                    "comp": 31.52046499028802,
                    "dc": 0.03283808520063758
                }
            },
            "std": {
                "reward": 35571,
                "time": 5.057711362838745
            }
        }
    },
    "e-greedy": {
        "it-21": {
            "args": {
                "alpha_seed": 359,
                "epsilon": 0.1,
                "epsilon_seed": 812,
                "random_arm_seed": 747,
                "reward_seed": 21,
                "sigma_seed": 230
            },
            "gen-distributed": {
                "reward": 39165,
                "time": 13.06348156183958,
                "time_by_components": {
                    "R0": 1.3049800959415734,
                    "R1": 0.6813475023955107,
                    "R2": 0.6708688461221755,
                    "R3": 0.7050175433978438,
                    "R4": 0.6677778209559619,
                    "R5": 0.6682547596283257,
                    "R6": 0.6657739952206612,
                    "R7": 0.6664078994654119,
                    "R8": 0.6677752905525267,
                    "R9": 0.6666310355067253,
                    "as": 3.3828698890283704,
                    "comp": 0.327012556605041,
                    "dc": 0
                }
            },
            "gen-secure": {
                "reward": 39165,
                "time": 73.63957504881546,
                "time_by_components": {
                    "R0": 4.798739216290414,
                    "R1": 3.929696138482541,
                    "R2": 3.804895509034395,
                    "R3": 3.799963354598731,
                    "R4": 3.7080315249040723,
                    "R5": 3.690288671758026,
                    "R6": 3.6789176943711936,
                    "R7": 3.6678342148661613,
                    "R8": 3.679493567440659,
                    "R9": 3.6763908034190536,
                    "as": 4.007191468495876,
                    "comp": 28.5552232619375,
                    "dc": 0.033589211758226156
                }
            },
            "std": {
                "reward": 39165,
                "time": 4.804061651229858
            }
        }
    },
    "e-greedy-decreasing": {
        "it-21": {
            "args": {
                "alpha_seed": 786,
                "epsilon_seed": 928,
                "random_arm_seed": 825,
                "reward_seed": 21,
                "sigma_seed": 732
            },
            "gen-distributed": {
                "reward": 39429,
                "time": 12.791887530125678,
                "time_by_components": {
                    "R0": 1.3398740403354168,
                    "R1": 0.6700844848528504,
                    "R2": 0.6626517972908914,
                    "R3": 0.6608138042502105,
                    "R4": 0.6606497620232403,
                    "R5": 0.66034383373335,
                    "R6": 0.6614395775832236,
                    "R7": 0.6604382572695613,
                    "R8": 0.6601594230160117,
                    "R9": 0.6602431884966791,
                    "as": 3.2384269228205085,
                    "comp": 0.29060989199206233,
                    "dc": 0
                }
            },
            "gen-secure": {
                "reward": 39429,
                "time": 75.16376528702676,
                "time_by_components": {
                    "R0": 4.953486873302609,
                    "R1": 3.999126852490008,
                    "R2": 3.894651002250612,
                    "R3": 3.8598461099900305,
                    "R4": 3.78433546051383,
                    "R5": 3.765433623455465,
                    "R6": 3.7682657912373543,
                    "R7": 3.74827030999586,
                    "R8": 3.7385813863947988,
                    "R9": 3.7380566531792283,
                    "as": 4.018620574846864,
                    "comp": 29.139323476701975,
                    "dc": 0.03284721774980426
                }
            },
            "std": {
                "reward": 39429,
                "time": 4.83502197265625
            }
        }
    },
    "nb_iterations": 50,
    "pursuit": {
        "it-21": {
            "args": {
                "alpha_seed": 928,
                "beta": 0.2,
                "random_arm_seed": 825,
                "reward_seed": 21,
                "sigma_seed": 732
            },
            "gen-distributed": {
                "reward": 36042,
                "time": 27.194707036949694,
                "time_by_components": {
                    "R0": 1.642348373774439,
                    "R1": 1.529159436468035,
                    "R2": 1.5129105946980417,
                    "R3": 1.5103348540142179,
                    "R4": 2.2490284871309996,
                    "R5": 1.5169394225813448,
                    "R6": 1.5171362468972802,
                    "R7": 1.5052563222125173,
                    "R8": 1.502098388504237,
                    "R9": 1.507304881233722,
                    "as": 6.933832351118326,
                    "comp": 1.4468838647007942,
                    "dc": 0
                }
            },
            "gen-secure": {
                "reward": 36042,
                "time": 154.27068979199976,
                "time_by_components": {
                    "R0": 8.859066323377192,
                    "R1": 8.210996245965362,
                    "R2": 7.946489203721285,
                    "R3": 7.966258198954165,
                    "R4": 8.729434206616133,
                    "R5": 7.915302705951035,
                    "R6": 7.83616870129481,
                    "R7": 7.756553541868925,
                    "R8": 7.726597476750612,
                    "R9": 7.797233559656888,
                    "as": 8.273485796991736,
                    "comp": 61.19379129493609,
                    "dc": 0.033083009999245405
                }
            },
            "std": {
                "reward": 36042,