{
    "N": 100000,
    "arms": [
        0.4960973461954129,
        0.46519633350678463,
        0.4564303726534043,
        0.45410879397990633,
        0.4505463715326422,
        0.4449825881599488,
        0.4438618260417084,
        0.4347356202217508,
        0.42404835287995835,
        0.41264059560501143,
        0.4033943081295281,
        0.40123283833006446,
        0.39658968098306846,
        0.39566905495737104,
        0.3877836929111796,
        0.3750550374254493,
        0.3676900292198695,
        0.3489973181763599,
        0.33867029580114477,
        0.32770283792979227
    ],
    "boltzmann": {
        "it-50": {
            "args": {
                "alpha_seed": 341,
                "random_arm_seed": 489,
                "reward_seed": 50,
                "sigma_seed": 690,
                "tau": 0.02
            },
            "gen-distributed": {
                "reward": 44032,
                "time": 30.06970682926476,
                "time_by_components": {
                    "R0": 1.0185534190386534,
                    "R1": 0.9627448385581374,
                    "R10": 0.9431010144762695,
                    "R11": 0.943019034806639,
                    "R12": 0.9413926261477172,
                    "R13": 0.9432779368944466,
                    "R14": 0.9417609483934939,
                    "R15": 0.9756649015471339,
                    "R16": 0.9531160034239292,
                    "R17": 0.9435742734931409,
                    "R18": 0.9402967216446996,
                    "R19": 0.9417333183810115,
                    "R2": 0.9509685076773167,
                    "R3": 0.9472065484151244,
                    "R4": 1.3179647671058774,
                    "R5": 0.9537970777601004,
                    "R6": 1.3556045587174594,
                    "R7": 0.9496062397956848,
                    "R8": 1.0210164389573038,
                    "R9": 0.9976195688359439,
                    "as": 5.185080947354436,
                    "comp": 1.6905969153158367,
                    "dc": 0
                }
            },
            "gen-secure": {
                "reward": 44032,
                "time": 186.18637611810118,
                "time_by_components": {
                    "R0": 5.735111878719181,
                    "R1": 5.2876193560659885,
                    "R10": 4.887183044105768,
                    "R11": 4.880742024164647,
                    "R12": 4.871847559232265,
                    "R13": 4.864596287254244,
                    "R14": 4.885110644157976,
                    "R15": 4.95976822078228,
                    "R16": 4.923564998432994,
                    "R17": 4.87415308598429,
                    "R18": 4.8678881651721895,
                    "R19": 4.857346210628748,
                    "R2": 5.065316174179316,
                    "R3": 4.996036358177662,
                    "R4": 5.416493843309581,
                    "R5": 4.964114693924785,
                    "R6": 5.387859266251326,
                    "R7": 4.930419886484742,
                    "R8": 5.114306734409183,
                    "R9": 4.976186361629516,
                    "as": 6.180915402248502,
                    "comp": 74.77040500659496,
                    "dc": 0.03349380800500512
                }
            },
            "std": {
                "reward": 44032,
                "time": 7.823275327682495
            }
        }
    },
    "e-greedy": {
        "it-50": {
            "args": {
                "alpha_seed": 766,
                "epsilon": 0.1,
                "epsilon_seed": 335,
                "random_arm_seed": 91,
                "reward_seed": 50,
                "sigma_seed": 594
            },
            "gen-distributed": {
                "reward": 48686,
                "time": 26.871748154051602,
                "time_by_components": {
                    "R0": 1.6779569694772363,
                    "R1": 0.8483101292513311,
                    "R10": 0.8307594191282988,
                    "R11": 0.8325249552726746,
                    "R12": 0.830498281866312,
                    "R13": 0.8314913176000118,
                    "R14": 0.8314696229062974,
                    "R15": 0.8326704818755388,
                    "R16": 0.8300823927856982,
                    "R17": 0.8333915709517896,
                    "R18": 0.8324333229102194,
                    "R19": 0.8320095213130116,
                    "R2": 0.8407164430245757,
                    "R3": 0.8370193182490766,
                    "R4": 0.8434567172080278,
                    "R5": 0.8380301240831614,
                    "R6": 0.8374101957306266,
                    "R7": 0.8328520995564759,
                    "R8": 0.8315748032182455,
                    "R9": 0.8325650631450117,
                    "as": 5.036736491136253,
                    "comp": 0.494023765437305,
                    "dc": 0
                }
            },
            "gen-secure": {
                "reward": 48686,
                "time": 170.44197423709556,
                "time_by_components": {
                    "R0": 5.9832987152040005,
                    "R1": 4.797144731972367,
                    "R10": 4.437361412215978,
                    "R11": 4.422050931956619,
                    "R12": 4.417240558192134,
                    "R13": 4.428338520694524,
                    "R14": 4.4671617625281215,
                    "R15": 4.420153215061873,
                    "R16": 4.416171521414071,
                    "R17": 4.411754587199539,
                    "R18": 4.436702274251729,
                    "R19": 4.427012898493558,
                    "R2": 4.606203453615308,
                    "R3": 4.544278136920184,
                    "R4": 4.49069302668795,
                    "R5": 4.486594447866082,
                    "R6": 4.4504717332310975,
                    "R7": 4.441607524175197,
                    "R8": 4.4312440156936646,
                    "R9": 4.449593121185899,
                    "as": 5.87930486863479,
                    "comp": 68.53252506395802,
                    "dc": 0.03366072289645672
                }
            },
            "std": {
                "reward": 48686,
                "time": 7.028746128082275
            }
        }
    },
    "e-greedy-decreasing": {
        "it-50": {
            "args": {
                "alpha_seed": 526,
                "epsilon_seed": 341,
                "random_arm_seed": 489,
                "reward_seed": 50,
                "sigma_seed": 459
            },
            "gen-distributed": {
                "reward": 49114,
                "time": 27.723366107326,
                "time_by_components": {
                    "R0": 1.757254364900291,
                    "R1": 0.8823834932409227,
                    "R10": 0.866971988696605,
                    "R11": 0.8677099291235209,
                    "R12": 0.865203273948282,
                    "R13": 0.8652201979421079,
                    "R14": 0.8645671694539487,
                    "R15": 0.8657531994394958,
                    "R16": 0.8651312324218452,
                    "R17": 0.8707832740619779,
                    "R18": 0.8651625262573361,
                    "R19": 0.8658312801271677,
                    "R2": 0.874206786043942,
                    "R3": 0.8711320338770747,
                    "R4": 0.8725061067380011,
                    "R5": 0.8736702050082386,
                    "R6": 0.8686217055656016,
                    "R7": 0.8687092326581478,
                    "R8": 0.8669669413939118,
                    "R9": 0.8688957039266825,
                    "as": 5.116470954846591,
                    "comp": 0.47394299460574985,
                    "dc": 0
                }
            },
            "gen-secure": {
                "reward": 49114,
                "time": 177.65393673675135,
                "time_by_components": {
                    "R0": 6.295511316973716,