{
    "N": 50000,
    "arms": [
        0.4960973461954129,
        0.46519633350678463,
        0.4564303726534043,
        0.45410879397990633,
        0.4505463715326422,
        0.4449825881599488,
        0.4438618260417084,
        0.4347356202217508,
        0.42404835287995835,
        0.41264059560501143
    ],
    "boltzmann": {
        "it-19": {
            "args": {
                "alpha_seed": 795,
                "random_arm_seed": 726,
                "reward_seed": 19,
                "sigma_seed": 498,
                "tau": 0.02
            },
            "gen-distributed": {
                "reward": 22764,
                "time": 9.062970688100904,
                "time_by_components": {
                    "R0": 0.5019088718108833,
                    "R1": 0.7413277248851955,
                    "R2": 0.4737297650426626,
                    "R3": 0.4716351623646915,
                    "R4": 0.4706905228085816,
                    "R5": 0.6063754032365978,
                    "R6": 0.47273403545841575,
                    "R7": 0.47224316699430346,
                    "R8": 0.5374791952781379,
                    "R9": 0.47311204904690385,
                    "as": 2.1614933973178267,
                    "comp": 0.7840063539333642,
                    "dc": 0
                }
            },
            "gen-secure": {
                "reward": 22764,
                "time": 49.7660699612461,
                "time_by_components": {
                    "R0": 2.879299432504922,
                    "R1": 2.965899155009538,
                    "R2": 2.6189017007127404,
                    "R3": 2.569620419293642,
                    "R4": 2.5353312622755766,
                    "R5": 2.6884553632698953,
                    "R6": 2.538392980583012,
                    "R7": 2.524660940747708,
                    "R8": 2.6025328170508146,
                    "R9": 2.5206353245303035,
                    "as": 2.5524761830456555,
                    "comp": 19.472251675091684,
                    "dc": 0.033388325944542885
                }
            },
            "std": {
                "reward": 22764,
                "time": 3.264383554458618
            }
        }
    },
    "e-greedy": {
        "it-19": {
            "args": {
                "alpha_seed": 253,
                "epsilon": 0.1,
                "epsilon_seed": 692,
                "random_arm_seed": 439,
                "reward_seed": 19,
                "sigma_seed": 917
            },
            "gen-distributed": {
                "reward": 24502,
                "time": 8.087742920033634,
                "time_by_components": {
                    "R0": 0.8101955982856452,
                    "R1": 0.42023489670827985,
                    "R2": 0.4156171171925962,
                    "R3": 0.4142696224153042,
                    "R4": 0.4268318573012948,
                    "R5": 0.4144158917479217,
                    "R6": 0.4136026380583644,
                    "R7": 0.4142940556630492,
                    "R8": 0.42200879007577896,
                    "R9": 0.41335294814780354,
                    "as": 2.0912168566137552,
                    "comp": 0.2008291813544929,
                    "dc": 0
                }
            },
            "gen-secure": {
                "reward": 24502,
                "time": 46.257361103314906,
                "time_by_components": {
                    "R0": 3.0209294515661895,
                    "R1": 2.4751846250146627,
                    "R2": 2.4062351072207093,
                    "R3": 2.38352743210271,
                    "R4": 2.365267349872738,
                    "R5": 2.34739409154281,
                    "R6": 2.3375338367186487,
                    "R7": 2.336741180624813,
                    "R8": 2.3413142333738506,
                    "R9": 2.337097051087767,
                    "as": 2.489170010201633,
                    "comp": 17.759878274984658,
                    "dc": 0.03294109785929322
                }
            },
            "std": {
                "reward": 24502,
                "time": 3.0029196739196777
            }
        }
    },
    "e-greedy-decreasing": {
        "it-19": {
            "args": {
                "alpha_seed": 868,
                "epsilon_seed": 795,
                "random_arm_seed": 726,
                "reward_seed": 19,
                "sigma_seed": 989
            },
            "gen-distributed": {
                "reward": 24519,
                "time": 8.325839672237635,
                "time_by_components": {
                    "R0": 0.8127858135849237,
                    "R1": 0.48327409802004695,
                    "R2": 0.42969378363341093,
                    "R3": 0.42891329852864146,
                    "R4": 0.4279574188403785,
                    "R5": 0.42993694450706244,
                    "R6": 0.4274225402623415,
                    "R7": 0.4273378257639706,
                    "R8": 0.4275355339050293,
                    "R9": 0.42799094459041953,
                    "as": 2.124981278087944,
                    "comp": 0.19343246892094612,
                    "dc": 0
                }
            },
            "gen-secure": {
                "reward": 24519,
                "time": 46.895510273985565,
                "time_by_components": {
                    "R0": 3.050268618389964,
                    "R1": 2.5763131943531334,
                    "R2": 2.445714232046157,
                    "R3": 2.413222005125135,
                    "R4": 2.3833802859298885,
                    "R5": 2.3770359200425446,
                    "R6": 2.3678779383189976,
                    "R7": 2.369708215817809,
                    "R8": 2.3623759085312486,
                    "R9": 2.360032794997096,
                    "as": 2.4923657751642168,
                    "comp": 17.973758218809962,
                    "dc": 0.03298779483884573
                }
            },
            "std": {
                "reward": 24519,
                "time": 3.0289361476898193
            }
        }
    },
    "nb_iterations": 50,
    "pursuit": {
        "it-19": {
            "args": {
                "alpha_seed": 795,
                "beta": 0.2,
                "random_arm_seed": 726,
                "reward_seed": 19,
                "sigma_seed": 989
            },
            "gen-distributed": {
                "reward": 23383,
                "time": 17.101722876075655,
                "time_by_components": {
                    "R0": 1.0308925644494593,
                    "R1": 1.4214984914287925,
                    "R2": 0.9558624494820833,
                    "R3": 0.948295465670526,
                    "R4": 0.9453304712660611,
                    "R5": 0.9526074603199959,
                    "R6": 0.9476049370132387,
                    "R7": 0.9478826289996505,
                    "R8": 0.9450559029355645,
                    "R9": 0.9465533443726599,
                    "as": 4.368089510127902,
                    "comp": 0.9102323492988944,
                    "dc": 0
                }
            },
            "gen-secure": {
                "reward": 23383,
                "time": 96.5210088789463,
                "time_by_components": {
                    "R0": 5.576418766751885,
                    "R1": 5.80674864212051,
                    "R2": 5.053325293119997,
                    "R3": 4.960983203258365,
                    "R4": 4.9425192144699395,
                    "R5": 4.947915295138955,
                    "R6": 4.890091166831553,
                    "R7": 4.941649088636041,
                    "R8": 4.921683597378433,
                    "R9": 4.85393197927624,
                    "as": 5.072748372331262,
                    "comp": 38.01399264950305,
                    "dc": 0.033063195180147886
                }
            },
            "std": {
                "reward": 23383,