{
    "N": 90000,
    "arms": [
        0.4960973461954129,
        0.46519633350678463,
        0.4564303726534043,
        0.45410879397990633,
        0.4505463715326422,
        0.4449825881599488,
        0.4438618260417084,
        0.4347356202217508,
        0.42404835287995835,
        0.41264059560501143
    ],
    "boltzmann": {
        "it-1": {
            "args": {
                "alpha_seed": 705,
                "random_arm_seed": 696,
                "reward_seed": 1,
                "sigma_seed": 755,
                "tau": 0.02
            },
            "gen-distributed": {
                "reward": 41173,
                "time": 16.39592837402597,
                "time_by_components": {
                    "R0": 0.9061585017479956,
                    "R1": 1.2475328063592315,
                    "R2": 1.111570839304477,
                    "R3": 0.8510291441343725,
                    "R4": 0.8489617500454187,
                    "R5": 0.9606866375543177,
                    "R6": 0.9371081963181496,
                    "R7": 0.8495710212737322,
                    "R8": 0.8469170783646405,
                    "R9": 0.8486943310126662,
                    "as": 3.9446140197105706,
                    "comp": 1.420752288773656,
                    "dc": 0
                }
            },
            "gen-secure": {
                "reward": 41173,
                "time": 88.11237446824089,
                "time_by_components": {
                    "R0": 5.010700367856771,
                    "R1": 5.11515389662236,
                    "R2": 4.909874158911407,
                    "R3": 4.5266564092598855,
                    "R4": 4.448365000076592,
                    "R5": 4.567545512225479,
                    "R6": 4.542250869330019,
                    "R7": 4.436487865634263,
                    "R8": 4.4205302987247705,
                    "R9": 4.405971084255725,
                    "as": 4.58883693953976,
                    "comp": 34.86036985879764,
                    "dc": 0.03289885586127639
                }
            },
            "std": {
                "reward": 41173,
                "time": 6.034210920333862
            }
        }
    },
    "e-greedy": {
        "it-1": {
            "args": {
                "alpha_seed": 118,
                "epsilon": 0.1,
                "epsilon_seed": 922,
                "random_arm_seed": 672,
                "reward_seed": 1,
                "sigma_seed": 263
            },
            "gen-distributed": {
                "reward": 44185,
                "time": 14.70307667599991,
                "time_by_components": {
                    "R0": 1.5078168790787458,
                    "R1": 0.7607508329674602,
                    "R2": 0.7554507567547262,
                    "R3": 0.7546284412965178,
                    "R4": 0.7489654943346977,
                    "R5": 0.7543200356885791,
                    "R6": 0.7495566485449672,
                    "R7": 0.747804974205792,
                    "R8": 0.7493010275065899,
                    "R9": 0.7506656791083515,
                    "as": 3.8239257601089776,
                    "comp": 0.3663720372132957,
                    "dc": 0
                }
            },
            "gen-secure": {
                "reward": 44185,
                "time": 82.15357857802883,
                "time_by_components": {
                    "R0": 5.373688689433038,
                    "R1": 4.355331222061068,
                    "R2": 4.225727275479585,
                    "R3": 4.192881759721786,
                    "R4": 4.127622747328132,
                    "R5": 4.1208301698789,
                    "R6": 4.10692537529394,
                    "R7": 4.097102767787874,
                    "R8": 4.08912421669811,
                    "R9": 4.085056817159057,
                    "as": 4.479389427229762,
                    "comp": 31.944263631477952,
                    "dc": 0.032995044719427824
                }
            },
            "std": {
                "reward": 44185,
                "time": 5.42535138130188
            }
        }
    },
    "e-greedy-decreasing": {
        "it-1": {
            "args": {
                "alpha_seed": 757,
                "epsilon_seed": 705,
                "random_arm_seed": 696,
                "reward_seed": 1,
                "sigma_seed": 462
            },
            "gen-distributed": {
                "reward": 44223,
                "time": 14.91539309406653,
                "time_by_components": {
                    "R0": 1.5261377892456949,
                    "R1": 0.8066206332296133,
                    "R2": 0.772844607476145,
                    "R3": 0.7696678373031318,
                    "R4": 0.768404392991215,
                    "R5": 0.7734339130111039,
                    "R6": 0.771998384501785,
                    "R7": 0.7682237480767071,
                    "R8": 0.7670150864869356,
                    "R9": 0.7704946785233915,
                    "as": 3.796283410862088,
                    "comp": 0.3377989549189806,
                    "dc": 0
                }
            },
            "gen-secure": {
                "reward": 44223,
                "time": 84.37189225107431,
                "time_by_components": {
                    "R0": 5.501193062402308,
                    "R1": 4.521021976601332,
                    "R2": 4.378624541219324,
                    "R3": 4.298749718349427,
                    "R4": 4.263983292970806,
                    "R5": 4.225675355643034,
                    "R6": 4.209458517841995,
                    "R7": 4.20754128228873,
                    "R8": 4.192778375465423,
                    "R9": 4.220194818917662,
                    "as": 4.524276478216052,
                    "comp": 32.735364532563835,
                    "dc": 0.05175685416907072
                }
            },
            "std": {
                "reward": 44223,
                "time": 5.4267377853393555
            }
        }
    },
    "nb_iterations": 50,
    "pursuit": {
        "it-1": {
            "args": {
                "alpha_seed": 705,
                "beta": 0.2,
                "random_arm_seed": 696,
                "reward_seed": 1,
                "sigma_seed": 462
            },
            "gen-distributed": {
                "reward": 41862,
                "time": 29.94112771609798,
                "time_by_components": {
                    "R0": 1.8056287420913577,
                    "R1": 2.5015658605843782,
                    "R2": 1.6768409218639135,
                    "R3": 1.6612012409605086,
                    "R4": 1.6612748107872903,
                    "R5": 1.670312058646232,
                    "R6": 1.6601685383357108,
                    "R7": 1.659233098383993,
                    "R8": 1.6566454907879233,
                    "R9": 1.6600597146898508,
                    "as": 7.629294824786484,
                    "comp": 1.5901567684486508,
                    "dc": 0
                }
            },
            "gen-secure": {
                "reward": 41862,
                "time": 171.80310607282445,
                "time_by_components": {
                    "R0": 9.857498208992183,
                    "R1": 10.19616470253095,
                    "R2": 9.058515752200037,
                    "R3": 8.79545223992318,
                    "R4": 8.661023872438818,
                    "R5": 8.76395730022341,
                    "R6": 8.724814146291465,
                    "R7": 8.615295402240008,
                    "R8": 8.597705864813179,
                    "R9": 8.684025927912444,
                    "as": 9.303367405664176,
                    "comp": 68.02470544865355,
                    "dc": 0.03342177905142307
                }
            },
            "std": {
                "reward": 41862,
                "time": 9.736385107040405
            }
        }
    },