{
    "N": 70000,
    "arms": [
        0.4960973461954129,
        0.46519633350678463,
        0.4564303726534043,
        0.45410879397990633,
        0.4505463715326422,
        0.4449825881599488,
        0.4438618260417084,
        0.4347356202217508,
        0.42404835287995835,
        0.41264059560501143
    ],
    "boltzmann": {
        "it-17": {
            "args": {
                "alpha_seed": 904,
                "random_arm_seed": 789,
                "reward_seed": 17,
                "sigma_seed": 286,
                "tau": 0.02
            },
            "gen-distributed": {
                "reward": 34435,
                "time": 12.673845827113837,
                "time_by_components": {
                    "R0": 1.274819128215313,
                    "R1": 0.667981471400708,
                    "R2": 0.6601450704038143,
                    "R3": 0.7248042561113834,
                    "R4": 0.6582345701754093,
                    "R5": 0.6604176671244204,
                    "R6": 0.6591908112168312,
                    "R7": 0.6769745596684515,
                    "R8": 0.6570318122394383,
                    "R9": 0.6591894924640656,
                    "as": 3.0300559978932142,
                    "comp": 1.0950061096809804,
                    "dc": 0
                }
            },
            "gen-secure": {
                "reward": 34435,
                "time": 68.87973921885714,
                "time_by_components": {
                    "R0": 4.549129423685372,
                    "R1": 3.715132734272629,
                    "R2": 3.5931247929111123,
                    "R3": 3.6133763385005295,
                    "R4": 3.4943809993565083,
                    "R5": 3.484227198176086,
                    "R6": 3.471448306925595,
                    "R7": 3.4986205571331084,
                    "R8": 3.4571680994704366,
                    "R9": 3.4763193507678807,
                    "as": 3.5822594217024744,
                    "comp": 27.13860848126933,
                    "dc": 0.03286723280325532
                }
            },
            "std": {
                "reward": 34435,
                "time": 4.581940412521362
            }
        }
    },
    "e-greedy": {
        "it-17": {
            "args": {
                "alpha_seed": 329,
                "epsilon": 0.1,
                "epsilon_seed": 939,
                "random_arm_seed": 628,
                "reward_seed": 17,
                "sigma_seed": 579
            },
            "gen-distributed": {
                "reward": 34425,
                "time": 11.561532795894891,
                "time_by_components": {
                    "R0": 1.1714271968230605,
                    "R1": 0.5974954096600413,
                    "R2": 0.5931946341879666,
                    "R3": 0.5941948099061847,
                    "R4": 0.5893625901080668,
                    "R5": 0.5867802076973021,
                    "R6": 0.5870617828331888,
                    "R7": 0.5877864961512387,
                    "R8": 0.5847700177691877,
                    "R9": 0.5858007809147239,
                    "as": 3.0102134221233428,
                    "comp": 0.29315592581406236,
                    "dc": 0
                }
            },
            "gen-secure": {
                "reward": 34425,
                "time": 64.86502867564559,
                "time_by_components": {
                    "R0": 4.266361449845135,
                    "R1": 3.4522585561499,
                    "R2": 3.350465245079249,
                    "R3": 3.314718946814537,
                    "R4": 3.2668741969391704,
                    "R5": 3.2728610718622804,
                    "R6": 3.252322788350284,
                    "R7": 3.2535585006698966,
                    "R8": 3.2404797510243952,
                    "R9": 3.2411238998174667,
                    "as": 3.567070435732603,
                    "comp": 25.04312670836225,
                    "dc": 0.03334177425131202
                }
            },
            "std": {
                "reward": 34425,
                "time": 4.235151529312134
            }
        }
    },
    "e-greedy-decreasing": {
        "it-17": {
            "args": {
                "alpha_seed": 755,
                "epsilon_seed": 904,
                "random_arm_seed": 789,
                "reward_seed": 17,
                "sigma_seed": 870
            },
            "gen-distributed": {
                "reward": 34586,
                "time": 11.607589819002897,
                "time_by_components": {
                    "R0": 1.2137316055595875,
                    "R1": 0.6078428844921291,
                    "R2": 0.6032060328871012,
                    "R3": 0.5993916285224259,
                    "R4": 0.5986534031108022,
                    "R5": 0.5982169364579022,
                    "R6": 0.5981416525319219,
                    "R7": 0.5974852521903813,
                    "R8": 0.5973142865113914,
                    "R9": 0.5987968482077122,
                    "as": 2.9481184161268175,
                    "comp": 0.26641697250306606,
                    "dc": 0
                }
            },
            "gen-secure": {
                "reward": 34586,
                "time": 65.46552332490683,
                "time_by_components": {
                    "R0": 4.323618995491415,
                    "R1": 3.4985607312992215,
                    "R2": 3.3895881632342935,
                    "R3": 3.3511504107154906,
                    "R4": 3.3007690738886595,
                    "R5": 3.2884820182807744,
                    "R6": 3.283446494489908,
                    "R7": 3.2753512766212225,
                    "R8": 3.270837366580963,
                    "R9": 3.270019320305437,
                    "as": 3.5205552550032735,
                    "comp": 25.291709100361913,
                    "dc": 0.03300111182034016
                }
            },
            "std": {
                "reward": 34586,
                "time": 4.225006103515625
            }
        }
    },
    "nb_iterations": 50,
    "pursuit": {
        "it-17": {
            "args": {
                "alpha_seed": 904,
                "beta": 0.2,
                "random_arm_seed": 789,
                "reward_seed": 17,
                "sigma_seed": 870
            },
            "gen-distributed": {
                "reward": 34827,
                "time": 23.567797549068928,
                "time_by_components": {
                    "R0": 2.061890282202512,
                    "R1": 1.3391507482156157,
                    "R2": 1.320371228735894,
                    "R3": 1.3189089964143932,
                    "R4": 1.3148285243660212,
                    "R5": 1.3166022547520697,
                    "R6": 1.3133423840627074,
                    "R7": 1.3134744009003043,
                    "R8": 1.308655867818743,
                    "R9": 1.311791583430022,
                    "as": 5.958560129627585,
                    "comp": 1.2419778951443732,
                    "dc": 0
                }
            },
            "gen-secure": {
                "reward": 34827,
                "time": 134.51805607089773,
                "time_by_components": {
                    "R0": 8.525012024212629,
                    "R1": 7.294655419886112,
                    "R2": 6.9922902546823025,
                    "R3": 6.988478220067918,
                    "R4": 6.814072993583977,
                    "R5": 6.793715397827327,
                    "R6": 6.775145763531327,
                    "R7": 6.856122623197734,
                    "R8": 6.767326707486063,
                    "R9": 6.836006827186793,
                    "as": 7.266969554126263,
                    "comp": 53.03262874437496,
                    "dc": 0.03322315914556384
                }
            },
            "std": {
                "reward": 34827,