{
    "N": 100000,
    "arms": [
        0.4960973461954129,
        0.46519633350678463,
        0.4564303726534043,
        0.45410879397990633,
        0.4505463715326422,
        0.4449825881599488,
        0.4438618260417084,
        0.4347356202217508,
        0.42404835287995835,
        0.41264059560501143
    ],
    "boltzmann": {
        "it-10": {
            "args": {
                "alpha_seed": 137,
                "random_arm_seed": 554,
                "reward_seed": 10,
                "sigma_seed": 478,
                "tau": 0.02
            },
            "gen-distributed": {
                "reward": 48997,
                "time": 16.718216790817678,
                "time_by_components": {
                    "R0": 1.6661256994120777,
                    "R1": 0.8878173367120326,
                    "R2": 0.9393482380546629,
                    "R3": 0.8746052454225719,
                    "R4": 0.8693084390833974,
                    "R5": 0.8761621010489762,
                    "R6": 0.8705769428052008,
                    "R7": 0.9243431915529072,
                    "R8": 0.8674954031594098,
                    "R9": 0.8685764037072659,
                    "as": 4.001436117105186,
                    "comp": 1.4424271443858743,
                    "dc": 0
                }
            },
            "gen-secure": {
                "reward": 48997,
                "time": 92.48027835413814,
                "time_by_components": {
                    "R0": 6.051091339904815,
                    "R1": 4.958784980233759,
                    "R2": 4.867252841591835,
                    "R3": 4.739362465683371,
                    "R4": 4.6918776063248515,
                    "R5": 4.689664256758988,
                    "R6": 4.649731433019042,
                    "R7": 4.699455374386162,
                    "R8": 4.627753295004368,
                    "R9": 4.653171802870929,
                    "as": 4.8269506781362,
                    "comp": 36.63075272645801,
                    "dc": 0.0328739769756794
                }
            },
            "std": {
                "reward": 48997,
                "time": 6.223898649215698
            }
        }
    },
    "e-greedy": {
        "it-10": {
            "args": {
                "alpha_seed": 456,
                "epsilon": 0.1,
                "epsilon_seed": 403,
                "random_arm_seed": 919,
                "reward_seed": 10,
                "sigma_seed": 180
            },
            "gen-distributed": {
                "reward": 48780,
                "time": 16.31966138491407,
                "time_by_components": {
                    "R0": 1.604559303727001,
                    "R1": 0.843116064555943,
                    "R2": 0.8358075539581478,
                    "R3": 0.8695446234196424,
                    "R4": 0.8414637478999794,
                    "R5": 0.8375892625190318,
                    "R6": 0.8569587050005794,
                    "R7": 0.8368205409497023,
                    "R8": 0.8360525104217231,
                    "R9": 0.8328243987634778,
                    "as": 4.22764998069033,
                    "comp": 0.4100535474717617,
                    "dc": 0
                }
            },
            "gen-secure": {
                "reward": 48780,
                "time": 91.67041154904291,
                "time_by_components": {
                    "R0": 5.922735798638314,
                    "R1": 4.850180158857256,
                    "R2": 4.703250950668007,
                    "R3": 4.68734386516735,
                    "R4": 4.593613306526095,
                    "R5": 4.575840530451387,
                    "R6": 4.600460305809975,
                    "R7": 4.5562391029670835,
                    "R8": 4.550787263084203,
                    "R9": 4.553929754998535,
                    "as": 5.004786488600075,
                    "comp": 35.77804346522316,
                    "dc": 0.03298585209995508
                }
            },
            "std": {
                "reward": 48780,
                "time": 5.756450653076172
            }
        }
    },
    "e-greedy-decreasing": {
        "it-10": {
            "args": {
                "alpha_seed": 582,
                "epsilon_seed": 137,
                "random_arm_seed": 554,
                "reward_seed": 10,
                "sigma_seed": 544
            },
            "gen-distributed": {
                "reward": 48918,
                "time": 16.66570712532848,
                "time_by_components": {
                    "R0": 1.637877803761512,
                    "R1": 0.9521690378896892,
                    "R2": 0.8643944673240185,
                    "R3": 0.8652210105210543,
                    "R4": 0.8591442992910743,
                    "R5": 0.8650885680690408,
                    "R6": 0.8771505081094801,
                    "R7": 0.8615119731985033,
                    "R8": 0.8577206232585013,
                    "R9": 0.8576432522386312,
                    "as": 4.23550186958164,
                    "comp": 0.3826744840480387,
                    "dc": 0
                }
            },
            "gen-secure": {
                "reward": 48918,
                "time": 93.85722068184987,
                "time_by_components": {
                    "R0": 6.048423811793327,
                    "R1": 5.048303942661732,
                    "R2": 4.813274214044213,
                    "R3": 4.756645398680121,
                    "R4": 4.698693178128451,
                    "R5": 4.687193399760872,
                    "R6": 4.704016405157745,
                    "R7": 4.6632493683137,
                    "R8": 4.682952120434493,
                    "R9": 4.646097329445183,
                    "as": 5.00787913845852,
                    "comp": 36.6740891514346,
                    "dc": 0.03332514828070998
                }
            },
            "std": {
                "reward": 48918,
                "time": 6.085426568984985
            }
        }
    },
    "nb_iterations": 50,
    "pursuit": {
        "it-10": {
            "args": {
                "alpha_seed": 137,
                "beta": 0.2,
                "random_arm_seed": 554,
                "reward_seed": 10,
                "sigma_seed": 544
            },
            "gen-distributed": {
                "reward": 45368,
                "time": 33.66303242696449,
                "time_by_components": {
                    "R0": 2.0363714951090515,
                    "R1": 1.9083899068646133,
                    "R2": 1.8866869416087866,
                    "R3": 2.801491888705641,
                    "R4": 1.8808013801462948,
                    "R5": 1.8846673304215074,
                    "R6": 1.876323846168816,
                    "R7": 1.8723846348002553,
                    "R8": 1.870890274643898,
                    "R9": 1.8724194038659334,
                    "as": 8.55372096830979,
                    "comp": 1.7785592395812273,
                    "dc": 0
                }
            },
            "gen-secure": {
                "reward": 45368,
                "time": 191.54993539396673,
                "time_by_components": {
                    "R0": 11.107488937210292,
                    "R1": 10.182175165973604,
                    "R2": 10.004716268274933,
                    "R3": 10.972840232308954,
                    "R4": 9.732460382860154,
                    "R5": 9.795945195946842,
                    "R6": 9.658024433534592,
                    "R7": 9.726521625649184,
                    "R8": 9.605371395125985,
                    "R9": 9.589648049790412,
                    "as": 10.252861171029508,
                    "comp": 75.89098615618423,
                    "dc": 0.033819692209362984
                }
            },
            "std": {
                "reward": 45368,