{
    "N": 90000,
    "arms": [
        0.4960973461954129,
        0.46519633350678463,
        0.4564303726534043,
        0.45410879397990633,
        0.4505463715326422,
        0.4449825881599488,
        0.4438618260417084,
        0.4347356202217508,
        0.42404835287995835,
        0.41264059560501143
    ],
    "boltzmann": {
        "it-27": {
            "args": {
                "alpha_seed": 562,
                "random_arm_seed": 358,
                "reward_seed": 27,
                "sigma_seed": 929,
                "tau": 0.02
            },
            "gen-distributed": {
                "reward": 44281,
                "time": 16.27204989688471,
                "time_by_components": {
                    "R0": 1.6561245010234416,
                    "R1": 0.8582781124860048,
                    "R2": 0.8464160966686904,
                    "R3": 0.8486358588561416,
                    "R4": 0.9179547829553485,
                    "R5": 0.8482508417218924,
                    "R6": 0.8451080690138042,
                    "R7": 0.8450638190843165,
                    "R8": 0.8439372945576906,
                    "R9": 0.843479550909251,
                    "as": 3.888015130069107,
                    "comp": 1.4015194098465145,
                    "dc": 0
                }
            },
            "gen-secure": {
                "reward": 44281,
                "time": 88.19646129803732,
                "time_by_components": {
                    "R0": 5.822236986365169,
                    "R1": 4.757307267747819,
                    "R2": 4.568062752019614,
                    "R3": 4.533331145066768,
                    "R4": 4.538403935730457,
                    "R5": 4.457558675203472,
                    "R6": 4.442755987402052,
                    "R7": 4.4352090251632035,
                    "R8": 4.4428444635123014,
                    "R9": 4.460515547543764,
                    "as": 4.598026689141989,
                    "comp": 34.836945892777294,
                    "dc": 0.032948162872344255
                }
            },
            "std": {
                "reward": 44281,
                "time": 5.880931377410889
            }
        }
    },
    "e-greedy": {
        "it-27": {
            "args": {
                "alpha_seed": 85,
                "epsilon": 0.1,
                "epsilon_seed": 622,
                "random_arm_seed": 258,
                "reward_seed": 27,
                "sigma_seed": 420
            },
            "gen-distributed": {
                "reward": 44205,
                "time": 14.575708701275289,
                "time_by_components": {
                    "R0": 1.5076711191795766,
                    "R1": 0.7536022192798555,
                    "R2": 0.747759185731411,
                    "R3": 0.7436504457145929,
                    "R4": 0.7421741760335863,
                    "R5": 0.7501995107159019,
                    "R6": 0.7455869587138295,
                    "R7": 0.7450474631041288,
                    "R8": 0.7438032231293619,
                    "R9": 0.7452349998056889,
                    "as": 3.7766669862903655,
                    "comp": 0.3623270019888878,
                    "dc": 0
                }
            },
            "gen-secure": {
                "reward": 44205,
                "time": 82.12203251710162,
                "time_by_components": {
                    "R0": 5.374602618161589,
                    "R1": 4.349447449203581,
                    "R2": 4.226851152256131,
                    "R3": 4.1781500852666795,
                    "R4": 4.129548788070679,
                    "R5": 4.11875357106328,
                    "R6": 4.1022339360788465,
                    "R7": 4.107539017219096,
                    "R8": 4.093340086285025,
                    "R9": 4.092411383986473,
                    "as": 4.468861124943942,
                    "comp": 31.923006363213062,
                    "dc": 0.046392160933464766
                }
            },
            "std": {
                "reward": 44205,
                "time": 5.058691740036011
            }
        }
    },
    "e-greedy-decreasing": {
        "it-27": {
            "args": {
                "alpha_seed": 779,
                "epsilon_seed": 562,
                "random_arm_seed": 358,
                "reward_seed": 27,
                "sigma_seed": 277
            },
            "gen-distributed": {
                "reward": 44340,
                "time": 15.082866081036627,
                "time_by_components": {
                    "R0": 1.5642561349086463,
                    "R1": 0.7817801567725837,
                    "R2": 0.7758102072402835,
                    "R3": 0.7720478214323521,
                    "R4": 0.7723207562230527,
                    "R5": 0.7751935143023729,
                    "R6": 0.7731339866295457,
                    "R7": 0.7711638482287526,
                    "R8": 0.7715885285288095,
                    "R9": 0.7724782545119524,
                    "as": 3.8189663346856833,
                    "comp": 0.34220806369557977,
                    "dc": 0
                }
            },
            "gen-secure": {
                "reward": 44340,
                "time": 84.46551061794162,
                "time_by_components": {
                    "R0": 5.56285549281165,
                    "R1": 4.490487444214523,
                    "R2": 4.387405386194587,
                    "R3": 4.2972932774573565,
                    "R4": 4.237397716380656,
                    "R5": 4.251325011253357,
                    "R6": 4.225438280496746,
                    "R7": 4.231370221823454,
                    "R8": 4.207956489641219,
                    "R9": 4.215038359630853,
                    "as": 4.550789698492736,
                    "comp": 32.70791705138981,
                    "dc": 0.0330953779630363
                }
            },
            "std": {
                "reward": 44340,
                "time": 5.4694836139678955
            }
        }
    },
    "nb_iterations": 50,
    "pursuit": {
        "it-27": {
            "args": {
                "alpha_seed": 562,
                "beta": 0.2,
                "random_arm_seed": 358,
                "reward_seed": 27,
                "sigma_seed": 277
            },
            "gen-distributed": {
                "reward": 44642,
                "time": 30.53404168225825,
                "time_by_components": {
                    "R0": 2.6601077928207815,
                    "R1": 1.7311030197888613,
                    "R2": 1.7040848210453987,
                    "R3": 1.700938953552395,
                    "R4": 1.6883876901119947,
                    "R5": 1.696277447976172,
                    "R6": 1.6974935606122017,
                    "R7": 1.6938562439754605,
                    "R8": 1.6885898783802986,
                    "R9": 1.6899418239481747,
                    "as": 7.774567850865424,
                    "comp": 1.6225815257057548,
                    "dc": 0
                }
            },
            "gen-secure": {
                "reward": 44642,
                "time": 171.42707302374765,
                "time_by_components": {
                    "R0": 10.782524217385799,
                    "R1": 9.27012368477881,
                    "R2": 8.904458744917065,
                    "R3": 8.9078887430951,
                    "R4": 8.7696667406708,
                    "R5": 8.675556843169034,
                    "R6": 8.635917018167675,
                    "R7": 8.722319492604584,
                    "R8": 8.717335602268577,
                    "R9": 8.60884643997997,
                    "as": 9.17970248265192,
                    "comp": 67.74713360751048,
                    "dc": 0.03314383886754513
                }
            },
            "std": {
                "reward": 44642,