{
    "N": 60000,
    "arms": [
        0.4960973461954129,
        0.46519633350678463,
        0.4564303726534043,
        0.45410879397990633,
        0.4505463715326422,
        0.4449825881599488,
        0.4438618260417084,
        0.4347356202217508,
        0.42404835287995835,
        0.41264059560501143
    ],
    "boltzmann": {
        "it-32": {
            "args": {
                "alpha_seed": 984,
                "random_arm_seed": 346,
                "reward_seed": 32,
                "sigma_seed": 384,
                "tau": 0.02
            },
            "gen-distributed": {
                "reward": 26932,
                "time": 10.809281011112034,
                "time_by_components": {
                    "R0": 0.5985401854850352,
                    "R1": 0.5663874256424606,
                    "R2": 0.5636789570562541,
                    "R3": 1.010147396940738,
                    "R4": 0.5640669516287744,
                    "R5": 0.5611933213658631,
                    "R6": 0.5627228529192507,
                    "R7": 0.5609540385194123,
                    "R8": 0.6709744371473789,
                    "R9": 0.5613798350095749,
                    "as": 2.5818548197858036,
                    "comp": 0.9262270843610168,
                    "dc": 0
                }
            },
            "gen-secure": {
                "reward": 26932,
                "time": 58.91753806406632,
                "time_by_components": {
                    "R0": 3.368175427429378,
                    "R1": 3.1522456472739577,
                    "R2": 3.0728873941116035,
                    "R3": 3.5414036782458425,
                    "R4": 3.0190216321498156,
                    "R5": 2.9847878725267947,
                    "R6": 2.999254538677633,
                    "R7": 2.9722139788791537,
                    "R8": 3.100359089206904,
                    "R9": 2.994318913668394,
                    "as": 3.045221915934235,
                    "comp": 23.117366201709956,
                    "dc": 0.03288279101252556
                }
            },
            "std": {
                "reward": 26932,
                "time": 3.9332406520843506
            }
        }
    },
    "e-greedy": {
        "it-32": {
            "args": {
                "alpha_seed": 297,
                "epsilon": 0.1,
                "epsilon_seed": 361,
                "random_arm_seed": 705,
                "reward_seed": 32,
                "sigma_seed": 727
            },
            "gen-distributed": {
                "reward": 29510,
                "time": 9.830442423000932,
                "time_by_components": {
                    "R0": 1.0050738719291985,
                    "R1": 0.5110118701122701,
                    "R2": 0.5031521297059953,
                    "R3": 0.5028910585679114,
                    "R4": 0.5021487362682819,
                    "R5": 0.5029559251852334,
                    "R6": 0.5014310455881059,
                    "R7": 0.5012583332136273,
                    "R8": 0.50737378699705,
                    "R9": 0.4999394831247628,
                    "as": 2.549634029623121,
                    "comp": 0.2470083306543529,
                    "dc": 0
                }
            },
            "gen-secure": {
                "reward": 29510,
                "time": 55.023167700041085,
                "time_by_components": {
                    "R0": 3.6286979033611715,
                    "R1": 2.96445117238909,
                    "R2": 2.8420362775214016,
                    "R3": 2.8118762583471835,
                    "R4": 2.7808580710552633,
                    "R5": 2.76549094542861,
                    "R6": 2.7569345901720226,
                    "R7": 2.749989430885762,
                    "R8": 2.7536543416790664,
                    "R9": 2.7525604497641325,
                    "as": 3.0038969689048827,
                    "comp": 21.21992857567966,
                    "dc": 0.02978300303220749
                }
            },
            "std": {
                "reward": 29510,
                "time": 3.684645414352417
            }
        }
    },
    "e-greedy-decreasing": {
        "it-32": {
            "args": {
                "alpha_seed": 123,
                "epsilon_seed": 984,
                "random_arm_seed": 346,
                "reward_seed": 32,
                "sigma_seed": 938
            },
            "gen-distributed": {
                "reward": 28920,
                "time": 9.396587539929897,
                "time_by_components": {
                    "R0": 0.8521679532714188,
                    "R1": 0.4951780242845416,
                    "R2": 0.4866200773976743,
                    "R3": 0.4885422536171973,
                    "R4": 0.5999808073975146,
                    "R5": 0.48498086957260966,
                    "R6": 0.4854894080199301,
                    "R7": 0.4878929643891752,
                    "R8": 0.4876596927642822,
                    "R9": 0.48502896074205637,
                    "as": 2.386735644657165,
                    "comp": 0.21448484575375915,
                    "dc": 0
                }
            },
            "gen-secure": {
                "reward": 28920,
                "time": 56.169241067022085,
                "time_by_components": {
                    "R0": 3.58814487606287,
                    "R1": 3.007445191498846,
                    "R2": 2.905388076324016,
                    "R3": 2.8741732998751104,
                    "R4": 2.9774055909365416,
                    "R5": 2.8392697176896036,
                    "R6": 2.823430838994682,
                    "R7": 2.8128081033937633,
                    "R8": 2.8130636452697217,
                    "R9": 2.8224680572748184,
                    "as": 3.002732113469392,
                    "comp": 21.64087109081447,
                    "dc": 0.032891625072807074
                }
            },
            "std": {
                "reward": 28920,
                "time": 3.3447656631469727
            }
        }
    },
    "nb_iterations": 50,
    "pursuit": {
        "it-32": {
            "args": {
                "alpha_seed": 984,
                "beta": 0.2,
                "random_arm_seed": 346,
                "reward_seed": 32,
                "sigma_seed": 938
            },
            "gen-distributed": {
                "reward": 27318,
                "time": 20.35368354804814,
                "time_by_components": {
                    "R0": 1.2410296029411256,
                    "R1": 1.1498303790576756,
                    "R2": 1.1367230764590204,
                    "R3": 1.6837917901575565,
                    "R4": 1.1359479697421193,
                    "R5": 1.1263469201512635,
                    "R6": 1.1343756667338312,
                    "R7": 1.127584423404187,
                    "R8": 1.1278076968155801,
                    "R9": 1.1247742609120905,
                    "as": 5.170544418040663,
                    "comp": 1.0723602292127907,
                    "dc": 0
                }
            },
            "gen-secure": {
                "reward": 27318,
                "time": 114.95970475533977,
                "time_by_components": {
                    "R0": 6.647110954392701,
                    "R1": 6.211947235278785,
                    "R2": 5.98521387251094,
                    "R3": 6.61935167806223,
                    "R4": 5.873240020126104,
                    "R5": 5.812552938703448,
                    "R6": 5.872192327398807,
                    "R7": 5.865050137974322,
                    "R8": 5.8441978436894715,
                    "R9": 5.770691332872957,
                    "as": 6.122325414791703,
                    "comp": 45.25518340058625,
                    "dc": 0.032880404964089394
                }
            },
            "std": {
                "reward": 27318,