{
    "N": 90000,
    "arms": [
        0.4960973461954129,
        0.46519633350678463,
        0.4564303726534043,
        0.45410879397990633,
        0.4505463715326422,
        0.4449825881599488,
        0.4438618260417084,
        0.4347356202217508,
        0.42404835287995835,
        0.41264059560501143
    ],
    "boltzmann": {
        "it-22": {
            "args": {
                "alpha_seed": 41,
                "random_arm_seed": 940,
                "reward_seed": 22,
                "sigma_seed": 398,
                "tau": 0.02
            },
            "gen-distributed": {
                "reward": 40331,
                "time": 16.265209428966045,
                "time_by_components": {
                    "R0": 0.8986496892757714,
                    "R1": 0.852730699814856,
                    "R2": 1.2962561156600714,
                    "R3": 0.8503397568129003,
                    "R4": 0.8423222615383565,
                    "R5": 1.1330515989102423,
                    "R6": 0.8480337425135076,
                    "R7": 0.8412591204978526,
                    "R8": 0.9490444622933865,
                    "R9": 0.8491939795203507,
                    "as": 3.8793162177316844,
                    "comp": 1.4064798071049154,
                    "dc": 0
                }
            },
            "gen-secure": {
                "reward": 40331,
                "time": 88.69593603815883,
                "time_by_components": {
                    "R0": 5.042797394096851,
                    "R1": 4.703613329678774,
                    "R2": 5.103985956404358,
                    "R3": 4.5613041734322906,
                    "R4": 4.475921775214374,
                    "R5": 4.801073053851724,
                    "R6": 4.464743398595601,
                    "R7": 4.448274269234389,
                    "R8": 4.572404687292874,
                    "R9": 4.4491169336251915,
                    "as": 4.604368845932186,
                    "comp": 35.12172585865483,
                    "dc": 0.03304175613448024
                }
            },
            "std": {
                "reward": 40331,
                "time": 5.875303268432617
            }
        }
    },
    "e-greedy": {
        "it-22": {
            "args": {
                "alpha_seed": 489,
                "epsilon": 0.1,
                "epsilon_seed": 202,
                "random_arm_seed": 971,
                "reward_seed": 22,
                "sigma_seed": 961
            },
            "gen-distributed": {
                "reward": 44127,
                "time": 14.727036462165415,
                "time_by_components": {
                    "R0": 1.510184245184064,
                    "R1": 0.7613061834126711,
                    "R2": 0.7588703692890704,
                    "R3": 0.7497659823857248,
                    "R4": 0.7516521248035133,
                    "R5": 0.7538421605713665,
                    "R6": 0.750495697837323,
                    "R7": 0.7510297084227204,
                    "R8": 0.7489124243147671,
                    "R9": 0.7527756048366427,
                    "as": 3.815100062638521,
                    "comp": 0.37353453133255243,
                    "dc": 0
                }
            },
            "gen-secure": {
                "reward": 44127,
                "time": 83.48833361687139,
                "time_by_components": {
                    "R0": 5.49296351429075,
                    "R1": 4.449634487275034,
                    "R2": 4.31018749345094,
                    "R3": 4.250520024448633,
                    "R4": 4.190118592698127,
                    "R5": 4.172018209472299,
                    "R6": 4.157696746755391,
                    "R7": 4.148561231791973,
                    "R8": 4.141400596592575,
                    "R9": 4.138143023941666,
                    "as": 4.568477381020784,
                    "comp": 32.44076338876039,
                    "dc": 0.03291598800569773
                }
            },
            "std": {
                "reward": 44127,
                "time": 5.416396617889404
            }
        }
    },
    "e-greedy-decreasing": {
        "it-22": {
            "args": {
                "alpha_seed": 90,
                "epsilon_seed": 41,
                "random_arm_seed": 940,
                "reward_seed": 22,
                "sigma_seed": 793
            },
            "gen-distributed": {
                "reward": 42205,
                "time": 14.907902449835092,
                "time_by_components": {
                    "R0": 1.0726263923570514,
                    "R1": 1.068279548548162,
                    "R2": 0.7783409026451409,
                    "R3": 0.7688945210538805,
                    "R4": 0.7672486933879554,
                    "R5": 0.9313726932741702,
                    "R6": 0.775601654779166,
                    "R7": 0.7948391702957451,
                    "R8": 0.7672328110784292,
                    "R9": 0.7677592420950532,
                    "as": 3.774762854911387,
                    "comp": 0.3428402477875352,
                    "dc": 0
                }
            },
            "gen-secure": {
                "reward": 42205,
                "time": 82.6646052096039,
                "time_by_components": {
                    "R0": 4.920076083857566,
                    "R1": 4.69137791916728,
                    "R2": 4.282652223482728,
                    "R3": 4.216483591590077,
                    "R4": 4.161780393216759,
                    "R5": 4.32385661592707,
                    "R6": 4.140823136083782,
                    "R7": 4.147693450096995,
                    "R8": 4.120807878207415,
                    "R9": 4.116048343945295,
                    "as": 4.391296553891152,
                    "comp": 32.106094401329756,
                    "dc": 0.03285029996186495
                }
            },
            "std": {
                "reward": 42205,
                "time": 5.401954889297485
            }
        }
    },
    "nb_iterations": 50,
    "pursuit": {
        "it-22": {
            "args": {
                "alpha_seed": 41,
                "beta": 0.2,
                "random_arm_seed": 940,
                "reward_seed": 22,
                "sigma_seed": 793
            },
            "gen-distributed": {
                "reward": 39824,
                "time": 29.566661487333477,
                "time_by_components": {
                    "R0": 1.7882702210918069,
                    "R1": 1.6688474570401013,
                    "R2": 1.6576418369077146,
                    "R3": 1.6465391581878066,
                    "R4": 1.6430238452740014,
                    "R5": 2.414507393259555,
                    "R6": 1.6435086475685239,
                    "R7": 1.6471194843761623,
                    "R8": 1.6460423092357814,
                    "R9": 1.6834607017226517,
                    "as": 7.464864464011043,
                    "comp": 1.5671504023484886,
                    "dc": 0
                }
            },
            "gen-secure": {
                "reward": 39824,
                "time": 170.2627143021673,
                "time_by_components": {
                    "R0": 9.787503501866013,
                    "R1": 9.031313519924879,
                    "R2": 9.002298119477928,
                    "R3": 8.80213034292683,
                    "R4": 8.62545983120799,
                    "R5": 9.679716445039958,
                    "R6": 8.663399326615036,
                    "R7": 8.546163526829332,
                    "R8": 8.64415721502155,
                    "R9": 8.678305306471884,
                    "as": 9.07570649171248,
                    "comp": 67.20359489927068,
                    "dc": 0.03313397103920579
                }
            },
            "std": {
                "reward": 39824,