{
    "N": 100000,
    "arms": [
        0.4960973461954129,
        0.46519633350678463,
        0.4564303726534043,
        0.45410879397990633,
        0.4505463715326422,
        0.4449825881599488,
        0.4438618260417084,
        0.4347356202217508,
        0.42404835287995835,
        0.41264059560501143,
        0.4033943081295281,
        0.40123283833006446,
        0.39658968098306846,
        0.39566905495737104,
        0.3877836929111796,
        0.3750550374254493,
        0.3676900292198695,
        0.3489973181763599,
        0.33867029580114477,
        0.32770283792979227
    ],
    "boltzmann": {
        "it-48": {
            "args": {
                "alpha_seed": 49,
                "random_arm_seed": 644,
                "reward_seed": 48,
                "sigma_seed": 777,
                "tau": 0.02
            },
            "gen-distributed": {
                "reward": 49169,
                "time": 29.60751774907112,
                "time_by_components": {
                    "R0": 1.811037739738822,
                    "R1": 0.9550527199171484,
                    "R10": 0.9368997788988054,
                    "R11": 0.9394913222640753,
                    "R12": 0.9330164031125605,
                    "R13": 0.9320334112271667,
                    "R14": 0.9330913135781884,
                    "R15": 0.9315175763331354,
                    "R16": 0.9310185466893017,
                    "R17": 0.9372567520476878,
                    "R18": 0.9344392605125904,
                    "R19": 0.9322347096167505,
                    "R2": 1.033614150248468,
                    "R3": 0.9396770368330181,
                    "R4": 0.9336804770864546,
                    "R5": 0.9431656766682863,
                    "R6": 0.9365119449794292,
                    "R7": 0.93407760001719,
                    "R8": 0.9348666365258396,
                    "R9": 0.934715538751334,
                    "as": 5.121498657856137,
                    "comp": 1.665008808951825,
                    "dc": 0
                }
            },
            "gen-secure": {
                "reward": 49169,
                "time": 184.73424280295148,
                "time_by_components": {
                    "R0": 6.54923733137548,
                    "R1": 5.254542286042124,
                    "R10": 4.868920985143632,
                    "R11": 4.887644483707845,
                    "R12": 4.86183917010203,
                    "R13": 4.83149372972548,
                    "R14": 4.823757935781032,
                    "R15": 4.816279087215662,
                    "R16": 4.818938523065299,
                    "R17": 4.854079994838685,
                    "R18": 4.84306890424341,
                    "R19": 4.821558739058673,
                    "R2": 5.177970533724874,
                    "R3": 4.991228048224002,
                    "R4": 4.907632899470627,
                    "R5": 4.895573602057993,
                    "R6": 4.909116206225008,
                    "R7": 4.869366087950766,
                    "R8": 4.892340200487524,
                    "R9": 4.872645368333906,
                    "as": 6.17507535405457,
                    "comp": 74.36816372536123,
                    "dc": 0.033497569151222706
                }
            },
            "std": {
                "reward": 49169,
                "time": 7.445610046386719
            }
        }
    },
    "e-greedy": {
        "it-48": {
            "args": {
                "alpha_seed": 512,
                "epsilon": 0.1,
                "epsilon_seed": 449,
                "random_arm_seed": 920,
                "reward_seed": 48,
                "sigma_seed": 512
            },
            "gen-distributed": {
                "reward": 48758,
                "time": 27.056447790004313,
                "time_by_components": {
                    "R0": 1.6928776586428285,
                    "R1": 0.8552095806226134,
                    "R10": 0.8372306153178215,
                    "R11": 0.8405514783225954,
                    "R12": 0.8368296339176595,
                    "R13": 0.8403253625147045,
                    "R14": 0.837157245259732,
                    "R15": 0.8362897923216224,
                    "R16": 0.8362884861417115,
                    "R17": 0.8359660441055894,
                    "R18": 0.8356163934804499,
                    "R19": 0.8365240716375411,
                    "R2": 0.8443962051533163,
                    "R3": 0.8426106544211507,
                    "R4": 0.838528748601675,
                    "R5": 0.8386989403516054,
                    "R6": 0.8389263632707298,
                    "R7": 0.8382292967289686,
                    "R8": 0.8360365405678749,
                    "R9": 0.8388373516499996,
                    "as": 5.1013452000916,
                    "comp": 0.5021887603215873,
                    "dc": 0
                }
            },
            "gen-secure": {
                "reward": 48758,
                "time": 171.64060599869117,
                "time_by_components": {
                    "R0": 6.019898896571249,
                    "R1": 4.802831913344562,
                    "R10": 4.515996413771063,
                    "R11": 4.470986155793071,
                    "R12": 4.45814599422738,
                    "R13": 4.479908929206431,
                    "R14": 4.4527137209661305,
                    "R15": 4.446383027359843,
                    "R16": 4.44907302595675,
                    "R17": 4.4594784383662045,
                    "R18": 4.451641388703138,
                    "R19": 4.458027872256935,
                    "R2": 4.6710991258732975,
                    "R3": 4.590235091280192,
                    "R4": 4.51487023383379,
                    "R5": 4.539085729978979,
                    "R6": 4.4844519146718085,
                    "R7": 4.476065498776734,
                    "R8": 4.473988910205662,
                    "R9": 4.467543420847505,
                    "as": 5.981118195690215,
                    "comp": 68.91878272267058,
                    "dc": 0.033433258067816496
                }
            },
            "std": {
                "reward": 48758,
                "time": 7.087039232254028
            }
        }
    },
    "e-greedy-decreasing": {
        "it-48": {
            "args": {
                "alpha_seed": 481,
                "epsilon_seed": 49,
                "random_arm_seed": 644,
                "reward_seed": 48,
                "sigma_seed": 816
            },
            "gen-distributed": {
                "reward": 49071,
                "time": 27.589144454337656,
                "time_by_components": {
                    "R0": 1.7469893908128142,
                    "R1": 0.8817438278347254,
                    "R10": 0.8624457349069417,
                    "R11": 0.8654718124307692,
                    "R12": 0.8613841515034437,
                    "R13": 0.8646321888081729,
                    "R14": 0.864020714070648,
                    "R15": 0.8640755196101964,
                    "R16": 0.8616880527697504,
                    "R17": 0.8648097347468138,
                    "R18": 0.8636076929979026,
                    "R19": 0.8659281590953469,
                    "R2": 0.8731445684097707,
                    "R3": 0.8695142371580005,
                    "R4": 0.864621798042208,
                    "R5": 0.868962787091732,
                    "R6": 0.8622258012183011,
                    "R7": 0.8659870368428528,
                    "R8": 0.8617846625857055,
                    "R9": 0.8655092054978013,
                    "as": 5.070584875065833,
                    "comp": 0.471931210719049,
                    "dc": 0
                }
            },
            "gen-secure": {
                "reward": 49071,
                "time": 172.70226930035278,
                "time_by_components": {
                    "R0": 6.109824729617685,