{
    "N": 100000,
    "arms": [
        0.4960973461954129,
        0.46519633350678463,
        0.4564303726534043,
        0.45410879397990633,
        0.4505463715326422,
        0.4449825881599488,
        0.4438618260417084,
        0.4347356202217508,
        0.42404835287995835,
        0.41264059560501143
    ],
    "boltzmann": {
        "it-30": {
            "args": {
                "alpha_seed": 295,
                "random_arm_seed": 549,
                "reward_seed": 30,
                "sigma_seed": 400,
                "tau": 0.02
            },
            "gen-distributed": {
                "reward": 48574,
                "time": 17.8061581607908,
                "time_by_components": {
                    "R0": 1.643663935828954,
                    "R1": 1.0953087555244565,
                    "R2": 0.9276077505201101,
                    "R3": 0.9228423070162535,
                    "R4": 0.923173198942095,
                    "R5": 1.0093170059844851,
                    "R6": 0.924924629740417,
                    "R7": 0.9228176148608327,
                    "R8": 0.9373762421309948,
                    "R9": 0.9200595575384796,
                    "as": 4.2707221624441445,
                    "comp": 1.543506043497473,
                    "dc": 0
                }
            },
            "gen-secure": {
                "reward": 48574,
                "time": 98.95676907524467,
                "time_by_components": {
                    "R0": 6.369188844226301,
                    "R1": 5.473291400820017,
                    "R2": 5.14411105401814,
                    "R3": 5.079026515595615,
                    "R4": 4.989609919954091,
                    "R5": 5.0813474003225565,
                    "R6": 4.957415560726076,
                    "R7": 4.942346187308431,
                    "R8": 4.965189137496054,
                    "R9": 4.931212064344436,
                    "as": 5.12532405834645,
                    "comp": 39.30759442830458,
                    "dc": 0.033046027179807425
                }
            },
            "std": {
                "reward": 48574,
                "time": 6.553678750991821
            }
        }
    },
    "e-greedy": {
        "it-30": {
            "args": {
                "alpha_seed": 176,
                "epsilon": 0.1,
                "epsilon_seed": 452,
                "random_arm_seed": 160,
                "reward_seed": 30,
                "sigma_seed": 462
            },
            "gen-distributed": {
                "reward": 49131,
                "time": 16.256549180019647,
                "time_by_components": {
                    "R0": 1.6699991677887738,
                    "R1": 0.8514781640842557,
                    "R2": 0.8338162652216852,
                    "R3": 0.8313739830628037,
                    "R4": 0.8299230323173106,
                    "R5": 0.8355757142417133,
                    "R6": 0.8331255069933832,
                    "R7": 0.8329209573566914,
                    "R8": 0.8312729327008128,
                    "R9": 0.8349362220615149,
                    "as": 4.177384101785719,
                    "comp": 0.4009503643028438,
                    "dc": 0
                }
            },
            "gen-secure": {
                "reward": 49131,
                "time": 91.6519766394049,
                "time_by_components": {
                    "R0": 6.016354709398001,
                    "R1": 4.864620792679489,
                    "R2": 4.709111775737256,
                    "R3": 4.649991686455905,
                    "R4": 4.587146986741573,
                    "R5": 4.587022274266928,
                    "R6": 4.56749324593693,
                    "R7": 4.558059373870492,
                    "R8": 4.554039325099438,
                    "R9": 4.5483663897030056,
                    "as": 5.013358593918383,
                    "comp": 35.651047996710986,
                    "dc": 0.03345015365630388
                }
            },
            "std": {
                "reward": 49131,
                "time": 5.97079873085022
            }
        }
    },
    "e-greedy-decreasing": {
        "it-30": {
            "args": {
                "alpha_seed": 892,
                "epsilon_seed": 295,
                "random_arm_seed": 549,
                "reward_seed": 30,
                "sigma_seed": 838
            },
            "gen-distributed": {
                "reward": 49327,
                "time": 16.608109426219016,
                "time_by_components": {
                    "R0": 1.738723123446107,
                    "R1": 0.8704739809036255,
                    "R2": 0.860953358002007,
                    "R3": 0.8586270282976329,
                    "R4": 0.8569954480044544,
                    "R5": 0.8632095823995769,
                    "R6": 0.8613952989690006,
                    "R7": 0.856982653029263,
                    "R8": 0.8555969288572669,
                    "R9": 0.8569781784899533,
                    "as": 4.182513539213687,
                    "comp": 0.37114756368100643,
                    "dc": 0
                }
            },
            "gen-secure": {
                "reward": 49327,
                "time": 93.4169344380498,
                "time_by_components": {
                    "R0": 6.154923527035862,
                    "R1": 4.9620567029342055,
                    "R2": 4.81302988762036,
                    "R3": 4.748959230259061,
                    "R4": 4.679377202875912,
                    "R5": 4.662676740903407,
                    "R6": 4.650308605283499,
                    "R7": 4.641940982080996,
                    "R8": 4.644311783369631,
                    "R9": 4.638528004754335,
                    "as": 5.054488600697368,
                    "comp": 36.30908252298832,
                    "dc": 0.03300083987414837
                }
            },
            "std": {
                "reward": 49327,
                "time": 5.9975690841674805
            }
        }
    },
    "nb_iterations": 50,
    "pursuit": {
        "it-30": {
            "args": {
                "alpha_seed": 295,
                "beta": 0.2,
                "random_arm_seed": 549,
                "reward_seed": 30,
                "sigma_seed": 838
            },
            "gen-distributed": {
                "reward": 49656,
                "time": 33.933590188622475,
                "time_by_components": {
                    "R0": 2.9636835046112537,
                    "R1": 1.9266507755964994,
                    "R2": 1.8989577535539865,
                    "R3": 1.8877180581912398,
                    "R4": 1.8802873431704938,
                    "R5": 1.8918199860490859,
                    "R6": 1.8893341133370996,
                    "R7": 1.8855786500498652,
                    "R8": 1.8799477042630315,
                    "R9": 1.8786041177809238,
                    "as": 8.63432101579383,
                    "comp": 1.7932253233157098,
                    "dc": 0
                }
            },
            "gen-secure": {
                "reward": 49656,
                "time": 191.7872941000387,
                "time_by_components": {
                    "R0": 12.083292154595256,
                    "R1": 10.426339323166758,
                    "R2": 10.025865650735795,
                    "R3": 9.931392022408545,
                    "R4": 9.689390340354294,
                    "R5": 9.789210158400238,
                    "R6": 9.670014027040452,
                    "R7": 9.636448259465396,
                    "R8": 9.710669483523816,
                    "R9": 9.59580991929397,
                    "as": 10.334912270307541,
                    "comp": 75.81193369207904,
                    "dc": 0.03334905905649066
                }
            },
            "std": {
                "reward": 49656,