{
    "N": 90000,
    "arms": [
        0.4960973461954129,
        0.46519633350678463,
        0.4564303726534043,
        0.45410879397990633,
        0.4505463715326422,
        0.4449825881599488,
        0.4438618260417084,
        0.4347356202217508,
        0.42404835287995835,
        0.41264059560501143
    ],
    "boltzmann": {
        "it-10": {
            "args": {
                "alpha_seed": 842,
                "random_arm_seed": 794,
                "reward_seed": 10,
                "sigma_seed": 819,
                "tau": 0.02
            },
            "gen-distributed": {
                "reward": 43813,
                "time": 16.251253401860595,
                "time_by_components": {
                    "R0": 1.558718399144709,
                    "R1": 0.8591005462221801,
                    "R2": 0.9227778851054609,
                    "R3": 0.91240617306903,
                    "R4": 0.8450045194476843,
                    "R5": 0.8841798738576472,
                    "R6": 0.8477140278555453,
                    "R7": 0.8473104159347713,
                    "R8": 0.844786730594933,
                    "R9": 0.846786439884454,
                    "as": 3.867607118561864,
                    "comp": 1.4005908449180424,
                    "dc": 0
                }
            },
            "gen-secure": {
                "reward": 43813,
                "time": 89.02610827982426,
                "time_by_components": {
                    "R0": 5.781890012789518,
                    "R1": 4.784634260460734,
                    "R2": 4.716045336797833,
                    "R3": 4.632647327147424,
                    "R4": 4.498042094986886,
                    "R5": 4.525819969829172,
                    "R6": 4.465377076528966,
                    "R7": 4.471232860349119,
                    "R8": 4.458645676262677,
                    "R9": 4.441513502504677,
                    "as": 4.632773106452078,
                    "comp": 35.27279348485172,
                    "dc": 0.03286581672728062
                }
            },
            "std": {
                "reward": 43813,
                "time": 6.023070812225342
            }
        }
    },
    "e-greedy": {
        "it-10": {
            "args": {
                "alpha_seed": 57,
                "epsilon": 0.1,
                "epsilon_seed": 405,
                "random_arm_seed": 621,
                "reward_seed": 10,
                "sigma_seed": 778
            },
            "gen-distributed": {
                "reward": 44193,
                "time": 13.52138255815953,
                "time_by_components": {
                    "R0": 1.392102412879467,
                    "R1": 0.70036437548697,
                    "R2": 0.6947529879398644,
                    "R3": 0.6910233898088336,
                    "R4": 0.6898927851580083,
                    "R5": 0.6911716475151479,
                    "R6": 0.6884540165774524,
                    "R7": 0.6899155508726835,
                    "R8": 0.6903124302625656,
                    "R9": 0.6890569850802422,
                    "as": 3.499960103072226,
                    "comp": 0.33787212800234556,
                    "dc": 0
                }
            },
            "gen-secure": {
                "reward": 44193,
                "time": 77.65147995389998,
                "time_by_components": {
                    "R0": 5.127795471344143,
                    "R1": 4.131687687709928,
                    "R2": 3.9990303134545684,
                    "R3": 3.942419787403196,
                    "R4": 3.890107396990061,
                    "R5": 3.8857428249903023,
                    "R6": 3.873783490154892,
                    "R7": 3.878606967162341,
                    "R8": 3.8617225759662688,
                    "R9": 3.8567452961578965,
                    "as": 4.2535008559934795,
                    "comp": 30.119419207796454,
                    "dc": 0.03307719388976693
                }
            },
            "std": {
                "reward": 44193,
                "time": 5.097499370574951
            }
        }
    },
    "e-greedy-decreasing": {
        "it-10": {
            "args": {
                "alpha_seed": 353,
                "epsilon_seed": 842,
                "random_arm_seed": 794,
                "reward_seed": 10,
                "sigma_seed": 542
            },
            "gen-distributed": {
                "reward": 44348,
                "time": 15.05144523922354,
                "time_by_components": {
                    "R0": 1.5655901827849448,
                    "R1": 0.7882618964649737,
                    "R2": 0.7779812440276146,
                    "R3": 0.7749245474115014,
                    "R4": 0.7740470543503761,
                    "R5": 0.776146256364882,
                    "R6": 0.7747042812407017,
                    "R7": 0.7749084010720253,
                    "R8": 0.7718805968761444,
                    "R9": 0.7758110957220197,
                    "as": 3.823439054656774,
                    "comp": 0.3451775745488703,
                    "dc": 0
                }
            },
            "gen-secure": {
                "reward": 44348,
                "time": 84.44826811179519,
                "time_by_components": {
                    "R0": 5.562595021910965,
                    "R1": 4.4879379398189485,
                    "R2": 4.359461782965809,
                    "R3": 4.299725705757737,
                    "R4": 4.24010871257633,
                    "R5": 4.22182784229517,
                    "R6": 4.2142279632389545,
                    "R7": 4.198629172984511,
                    "R8": 4.213415443897247,
                    "R9": 4.206386331934482,
                    "as": 4.546720371115953,
                    "comp": 32.77973029203713,
                    "dc": 0.03302453178912401
                }
            },
            "std": {
                "reward": 44348,
                "time": 5.476140022277832
            }
        }
    },
    "nb_iterations": 50,
    "pursuit": {
        "it-10": {
            "args": {
                "alpha_seed": 842,
                "beta": 0.2,
                "random_arm_seed": 794,
                "reward_seed": 10,
                "sigma_seed": 542
            },
            "gen-distributed": {
                "reward": 44631,
                "time": 30.523021448869258,
                "time_by_components": {
                    "R0": 2.6631044670939445,
                    "R1": 1.7340195165015757,
                    "R2": 1.7018233528360724,
                    "R3": 1.697919636964798,
                    "R4": 1.6916540684178472,
                    "R5": 1.701872183009982,
                    "R6": 1.6973190754652023,
                    "R7": 1.6903916532173753,
                    "R8": 1.6867483258247375,
                    "R9": 1.6909352499060333,
                    "as": 7.753672638908029,
                    "comp": 1.6223127930425107,
                    "dc": 0
                }
            },
            "gen-secure": {
                "reward": 44631,
                "time": 172.03511200193316,
                "time_by_components": {
                    "R0": 10.859446737915277,
                    "R1": 9.337658054661006,
                    "R2": 9.053107102401555,
                    "R3": 8.916342065203935,
                    "R4": 8.714233790524304,
                    "R5": 8.765044992789626,
                    "R6": 8.651049512904137,
                    "R7": 8.723079768009484,
                    "R8": 8.63248993922025,
                    "R9": 8.613360282499343,
                    "as": 9.27356759738177,
                    "comp": 67.89747953880578,
                    "dc": 0.03293790761381388
                }
            },
            "std": {
                "reward": 44631,