{
    "N": 60000,
    "arms": [
        0.4960973461954129,
        0.46519633350678463,
        0.4564303726534043,
        0.45410879397990633,
        0.4505463715326422,
        0.4449825881599488,
        0.4438618260417084,
        0.4347356202217508,
        0.42404835287995835,
        0.41264059560501143
    ],
    "boltzmann": {
        "it-43": {
            "args": {
                "alpha_seed": 101,
                "random_arm_seed": 339,
                "reward_seed": 43,
                "sigma_seed": 117,
                "tau": 0.02
            },
            "gen-distributed": {
                "reward": 29263,
                "time": 10.796249812934548,
                "time_by_components": {
                    "R0": 1.0053690024651587,
                    "R1": 0.6691948063671589,
                    "R2": 0.5669955485500395,
                    "R3": 0.5666423835791647,
                    "R4": 0.5629017404280603,
                    "R5": 0.6091935965232551,
                    "R6": 0.5613704044371843,
                    "R7": 0.5707511184737086,
                    "R8": 0.5616950490511954,
                    "R9": 0.5615243138745427,
                    "as": 2.577799370046705,
                    "comp": 0.9292173129506409,
                    "dc": 0
                }
            },
            "gen-secure": {
                "reward": 29263,
                "time": 58.814539685379714,
                "time_by_components": {
                    "R0": 3.789417660795152,
                    "R1": 3.276454208418727,
                    "R2": 3.0933600859716535,
                    "R3": 3.07031064061448,
                    "R4": 3.0067457635886967,
                    "R5": 3.037914328277111,
                    "R6": 2.974578185006976,
                    "R7": 2.9834242123179138,
                    "R8": 2.969972837716341,
                    "R9": 2.9568457659333944,
                    "as": 3.039105686824769,
                    "comp": 23.075474129989743,
                    "dc": 0.032881489023566246
                }
            },
            "std": {
                "reward": 29263,
                "time": 3.9091336727142334
            }
        }
    },
    "e-greedy": {
        "it-43": {
            "args": {
                "alpha_seed": 819,
                "epsilon": 0.1,
                "epsilon_seed": 585,
                "random_arm_seed": 77,
                "reward_seed": 43,
                "sigma_seed": 993
            },
            "gen-distributed": {
                "reward": 29521,
                "time": 9.81300580687821,
                "time_by_components": {
                    "R0": 1.0023157773539424,
                    "R1": 0.5125945014879107,
                    "R2": 0.5023430879227817,
                    "R3": 0.5003865575417876,
                    "R4": 0.5036206161603332,
                    "R5": 0.5026296782307327,
                    "R6": 0.5003297352232039,
                    "R7": 0.5018677022308111,
                    "R8": 0.5001775603741407,
                    "R9": 0.5001942287199199,
                    "as": 2.541711256839335,
                    "comp": 0.24625469651073217,
                    "dc": 0
                }
            },
            "gen-secure": {
                "reward": 29521,
                "time": 55.63574319006875,
                "time_by_components": {
                    "R0": 3.6606641644611955,
                    "R1": 2.982874745503068,
                    "R2": 2.8961705495603383,
                    "R3": 2.855962875764817,
                    "R4": 2.816340496763587,
                    "R5": 2.8044930016621947,
                    "R6": 2.7970801540650427,
                    "R7": 2.7929007434286177,
                    "R8": 2.786450278945267,
                    "R9": 2.7944567748345435,
                    "as": 3.0293273385614157,
                    "comp": 21.407626395113766,
                    "dc": 0.03299343679100275
                }
            },
            "std": {
                "reward": 29521,
                "time": 3.645869255065918
            }
        }
    },
    "e-greedy-decreasing": {
        "it-43": {
            "args": {
                "alpha_seed": 535,
                "epsilon_seed": 101,
                "random_arm_seed": 339,
                "reward_seed": 43,
                "sigma_seed": 842
            },
            "gen-distributed": {
                "reward": 29619,
                "time": 9.969591782893986,
                "time_by_components": {
                    "R0": 1.0375126646831632,
                    "R1": 0.5224581258371472,
                    "R2": 0.5157001879997551,
                    "R3": 0.514410447794944,
                    "R4": 0.5133194602094591,
                    "R5": 0.5136219845153391,
                    "R6": 0.5126972454600036,
                    "R7": 0.5129533070139587,
                    "R8": 0.5131296794861555,
                    "R9": 0.5128716882318258,
                    "as": 2.5386800598353148,
                    "comp": 0.22970413090661168,
                    "dc": 0
                }
            },
            "gen-secure": {
                "reward": 29619,
                "time": 56.14272869564593,
                "time_by_components": {
                    "R0": 3.703832197934389,
                    "R1": 3.032028695102781,
                    "R2": 2.945992272347212,
                    "R3": 2.8705720752477646,
                    "R4": 2.833918354008347,
                    "R5": 2.8320619645528495,
                    "R6": 2.8252746732905507,
                    "R7": 2.823531925678253,
                    "R8": 2.8135675713419914,
                    "R9": 2.8085098890587687,
                    "as": 2.9812538879923522,
                    "comp": 21.616198567673564,
                    "dc": 0.03305058320984244
                }
            },
            "std": {
                "reward": 29619,
                "time": 3.62423038482666
            }
        }
    },
    "nb_iterations": 50,
    "pursuit": {
        "it-43": {
            "args": {
                "alpha_seed": 101,
                "beta": 0.2,
                "random_arm_seed": 339,
                "reward_seed": 43,
                "sigma_seed": 842
            },
            "gen-distributed": {
                "reward": 29829,
                "time": 20.372128935996443,
                "time_by_components": {
                    "R0": 1.7748406203463674,
                    "R1": 1.1586059834808111,
                    "R2": 1.1408070167526603,
                    "R3": 1.1392003730870783,
                    "R4": 1.1333074439316988,
                    "R5": 1.1321419989690185,
                    "R6": 1.1312775094993412,
                    "R7": 1.1294942763634026,
                    "R8": 1.1296535292640328,
                    "R9": 1.1302812565118074,
                    "as": 5.189113243017346,
                    "comp": 1.0753470282070339,
                    "dc": 0
                }
            },
            "gen-secure": {
                "reward": 29829,
                "time": 114.68489136826247,
                "time_by_components": {
                    "R0": 7.237899467349052,
                    "R1": 6.272311877459288,
                    "R2": 6.001248572021723,
                    "R3": 5.970318804029375,
                    "R4": 5.834917618427426,
                    "R5": 5.877379964105785,
                    "R6": 5.8101209588348866,
                    "R7": 5.852049016859382,
                    "R8": 5.801299309823662,
                    "R9": 5.778192337602377,
                    "as": 6.111094212159514,
                    "comp": 45.123175820335746,
                    "dc": 0.03284625289961696
                }
            },
            "std": {
                "reward": 29829,