{
    "N": 50000,
    "arms": [
        0.4960973461954129,
        0.46519633350678463,
        0.4564303726534043,
        0.45410879397990633,
        0.4505463715326422,
        0.4449825881599488,
        0.4438618260417084,
        0.4347356202217508,
        0.42404835287995835,
        0.41264059560501143
    ],
    "boltzmann": {
        "it-49": {
            "args": {
                "alpha_seed": 36,
                "random_arm_seed": 895,
                "reward_seed": 49,
                "sigma_seed": 470,
                "tau": 0.02
            },
            "gen-distributed": {
                "reward": 22784,
                "time": 9.068120828829706,
                "time_by_components": {
                    "R0": 0.5022015534341335,
                    "R1": 0.761353469453752,
                    "R2": 0.47353540966287255,
                    "R3": 0.4698096318170428,
                    "R4": 0.469422894064337,
                    "R5": 0.5710868155583739,
                    "R6": 0.4729940271936357,
                    "R7": 0.5141659681685269,
                    "R8": 0.4708290407434106,
                    "R9": 0.5081080156378448,
                    "as": 2.173720014281571,
                    "comp": 0.7835860792547464,
                    "dc": 0
                }
            },
            "gen-secure": {
                "reward": 22784,
                "time": 48.51176956715062,
                "time_by_components": {
                    "R0": 2.771082772873342,
                    "R1": 2.9177660983987153,
                    "R2": 2.5510894139297307,
                    "R3": 2.5015958421863616,
                    "R4": 2.4660317320376635,
                    "R5": 2.579111431259662,
                    "R6": 2.463658337946981,
                    "R7": 2.502599543426186,
                    "R8": 2.454689031932503,
                    "R9": 2.5137299615889788,
                    "as": 2.480922230053693,
                    "comp": 19.048608447425067,
                    "dc": 0.03299717418849468
                }
            },
            "std": {
                "reward": 22784,
                "time": 3.2719616889953613
            }
        }
    },
    "e-greedy": {
        "it-49": {
            "args": {
                "alpha_seed": 433,
                "epsilon": 0.1,
                "epsilon_seed": 393,
                "random_arm_seed": 541,
                "reward_seed": 49,
                "sigma_seed": 922
            },
            "gen-distributed": {
                "reward": 24456,
                "time": 7.9858955941163,
                "time_by_components": {
                    "R0": 0.7931076507084072,
                    "R1": 0.4136962271295488,
                    "R2": 0.4134269552305341,
                    "R3": 0.4085426339879632,
                    "R4": 0.4084010920487344,
                    "R5": 0.4085792717523873,
                    "R6": 0.4069210896268487,
                    "R7": 0.4269491396844387,
                    "R8": 0.4066250156611204,
                    "R9": 0.40547481644898653,
                    "as": 2.075439933221787,
                    "comp": 0.20219659246504307,
                    "dc": 0
                }
            },
            "gen-secure": {
                "reward": 24456,
                "time": 46.12093320209533,
                "time_by_components": {
                    "R0": 3.019155447371304,
                    "R1": 2.46154747903347,
                    "R2": 2.399233759380877,
                    "R3": 2.3646324700675905,
                    "R4": 2.3379606576636434,
                    "R5": 2.3375229500234127,
                    "R6": 2.327547068707645,
                    "R7": 2.3458635709248483,
                    "R8": 2.3194970935583115,
                    "R9": 2.317742336075753,
                    "as": 2.5010283063165843,
                    "comp": 17.730252699926496,
                    "dc": 0.03288123197853565
                }
            },
            "std": {
                "reward": 24456,
                "time": 3.1206183433532715
            }
        }
    },
    "e-greedy-decreasing": {
        "it-49": {
            "args": {
                "alpha_seed": 487,
                "epsilon_seed": 36,
                "random_arm_seed": 895,
                "reward_seed": 49,
                "sigma_seed": 591
            },
            "gen-distributed": {
                "reward": 24590,
                "time": 8.335944588761777,
                "time_by_components": {
                    "R0": 0.8395161060616374,
                    "R1": 0.4599774503149092,
                    "R2": 0.43060625391080976,
                    "R3": 0.4296749304048717,
                    "R4": 0.4302253155037761,
                    "R5": 0.4311048751696944,
                    "R6": 0.4285548641346395,
                    "R7": 0.42748819990083575,
                    "R8": 0.42875607032328844,
                    "R9": 0.43021990917623043,
                    "as": 2.12941705994308,
                    "comp": 0.1937115485779941,
                    "dc": 0
                }
            },
            "gen-secure": {
                "reward": 24590,
                "time": 46.85319954575971,
                "time_by_components": {
                    "R0": 3.0685810721479356,
                    "R1": 2.537525439634919,
                    "R2": 2.4419989306479692,
                    "R3": 2.4077626378275454,
                    "R4": 2.3785499813966453,
                    "R5": 2.3746952484361827,
                    "R6": 2.3588632163591683,
                    "R7": 2.3587845051661134,
                    "R8": 2.361717428546399,
                    "R9": 2.3593984716571867,
                    "as": 2.489536338020116,
                    "comp": 18.00551462220028,
                    "dc": 0.033504001796245575
                }
            },
            "std": {
                "reward": 24590,
                "time": 3.0334761142730713
            }
        }
    },
    "nb_iterations": 50,
    "pursuit": {
        "it-49": {
            "args": {
                "alpha_seed": 36,
                "beta": 0.2,
                "random_arm_seed": 895,
                "reward_seed": 49,
                "sigma_seed": 591
            },
            "gen-distributed": {
                "reward": 24871,
                "time": 16.965228820219636,
                "time_by_components": {
                    "R0": 1.4788770014420152,
                    "R1": 0.9629770633764565,
                    "R2": 0.9488122253678739,
                    "R3": 0.943940116558224,
                    "R4": 0.941855885554105,
                    "R5": 0.9465139862149954,
                    "R6": 0.9436442516744137,
                    "R7": 0.9435000382363796,
                    "R8": 0.9396855793893337,
                    "R9": 0.9433995052240789,
                    "as": 4.31250803405419,
                    "comp": 0.9061383046209812,
                    "dc": 0
                }
            },
            "gen-secure": {
                "reward": 24871,
                "time": 96.09796382905915,
                "time_by_components": {
                    "R0": 6.056054690852761,
                    "R1": 5.246777858585119,
                    "R2": 5.020252924412489,
                    "R3": 4.9306952226907015,
                    "R4": 4.864245615899563,
                    "R5": 4.9382566078566015,
                    "R6": 4.859539170283824,
                    "R7": 4.902813896536827,
                    "R8": 4.8529222924262285,
                    "R9": 4.9143068585544825,
                    "as": 5.121949838940054,
                    "comp": 37.85456009535119,
                    "dc": 0.03309855796396732
                }
            },
            "std": {
                "reward": 24871,