{
    "N": 60000,
    "arms": [
        0.4960973461954129,
        0.46519633350678463,
        0.4564303726534043,
        0.45410879397990633,
        0.4505463715326422,
        0.4449825881599488,
        0.4438618260417084,
        0.4347356202217508,
        0.42404835287995835,
        0.41264059560501143
    ],
    "boltzmann": {
        "it-48": {
            "args": {
                "alpha_seed": 491,
                "random_arm_seed": 389,
                "reward_seed": 48,
                "sigma_seed": 400,
                "tau": 0.02
            },
            "gen-distributed": {
                "reward": 29524,
                "time": 10.799371130764484,
                "time_by_components": {
                    "R0": 1.0822810824029148,
                    "R1": 0.5734178144484758,
                    "R2": 0.602830748539418,
                    "R3": 0.563786051236093,
                    "R4": 0.563878218177706,
                    "R5": 0.5641840044409037,
                    "R6": 0.5952476616948843,
                    "R7": 0.5628675823099911,
                    "R8": 0.56350725190714,
                    "R9": 0.5621599773876369,
                    "as": 2.581376178190112,
                    "comp": 0.9256258816458285,
                    "dc": 0
                }
            },
            "gen-secure": {
                "reward": 29524,
                "time": 59.45485971495509,
                "time_by_components": {
                    "R0": 3.928520261310041,
                    "R1": 3.214558843988925,
                    "R2": 3.1448903558775783,
                    "R3": 3.0663067381829023,
                    "R4": 3.0077364314347506,
                    "R5": 3.016885249875486,
                    "R6": 3.043110623024404,
                    "R7": 2.9962347806431353,
                    "R8": 3.002406045794487,
                    "R9": 2.9899885947816074,
                    "as": 3.0933997314423323,
                    "comp": 23.400800403673202,
                    "dc": 0.03293216275051236
                }
            },
            "std": {
                "reward": 29524,
                "time": 3.9196197986602783
            }
        }
    },
    "e-greedy": {
        "it-48": {
            "args": {
                "alpha_seed": 558,
                "epsilon": 0.1,
                "epsilon_seed": 262,
                "random_arm_seed": 644,
                "reward_seed": 48,
                "sigma_seed": 320
            },
            "gen-distributed": {
                "reward": 29532,
                "time": 9.81636429997161,
                "time_by_components": {
                    "R0": 1.0087016625329852,
                    "R1": 0.5075281793251634,
                    "R2": 0.5035972571931779,
                    "R3": 0.5013476409949362,
                    "R4": 0.5026850546710193,
                    "R5": 0.505303718149662,
                    "R6": 0.50060167722404,
                    "R7": 0.5005661007016897,
                    "R8": 0.5001337048597634,
                    "R9": 0.5001737447455525,
                    "as": 2.5429378021508455,
                    "comp": 0.24362781876698136,
                    "dc": 0
                }
            },
            "gen-secure": {
                "reward": 29532,
                "time": 55.943066431209445,
                "time_by_components": {
                    "R0": 3.6861266721971333,
                    "R1": 2.9942393079400063,
                    "R2": 2.900229950901121,
                    "R3": 2.8644956122152507,
                    "R4": 2.824422679375857,
                    "R5": 2.824082917999476,
                    "R6": 2.8101289230398834,
                    "R7": 2.8048030571080744,
                    "R8": 2.80073073040694,
                    "R9": 2.798612528014928,
                    "as": 3.038385694846511,
                    "comp": 21.584100627340376,
                    "dc": 0.0330340419895947
                }
            },
            "std": {
                "reward": 29532,
                "time": 3.7048916816711426
            }
        }
    },
    "e-greedy-decreasing": {
        "it-48": {
            "args": {
                "alpha_seed": 776,
                "epsilon_seed": 491,
                "random_arm_seed": 389,
                "reward_seed": 48,
                "sigma_seed": 319
            },
            "gen-distributed": {
                "reward": 29618,
                "time": 10.005664809141308,
                "time_by_components": {
                    "R0": 1.0399662083946168,
                    "R1": 0.5225627333857119,
                    "R2": 0.5164554095827043,
                    "R3": 0.515816202852875,
                    "R4": 0.5169561058282852,
                    "R5": 0.5145402918569744,
                    "R6": 0.5127409626729786,
                    "R7": 0.5131092085503042,
                    "R8": 0.5147720635868609,
                    "R9": 0.5166013767011464,
                    "as": 2.556274094618857,
                    "comp": 0.22945661284029484,
                    "dc": 0
                }
            },
            "gen-secure": {
                "reward": 29618,
                "time": 56.82779489364475,
                "time_by_components": {
                    "R0": 3.75979587668553,
                    "R1": 3.0356106208637357,
                    "R2": 2.9433300741948187,
                    "R3": 2.919089286122471,
                    "R4": 2.877785010263324,
                    "R5": 2.8674896117299795,
                    "R6": 2.850676514673978,
                    "R7": 2.841009586583823,
                    "R8": 2.8390940162353218,
                    "R9": 2.843991451896727,
                    "as": 3.056537133641541,
                    "comp": 21.90664783399552,
                    "dc": 0.03304056916385889
                }
            },
            "std": {
                "reward": 29618,
                "time": 3.6719729900360107
            }
        }
    },
    "nb_iterations": 50,
    "pursuit": {
        "it-48": {
            "args": {
                "alpha_seed": 491,
                "beta": 0.2,
                "random_arm_seed": 389,
                "reward_seed": 48,
                "sigma_seed": 319
            },
            "gen-distributed": {
                "reward": 29824,
                "time": 20.27184593072161,
                "time_by_components": {
                    "R0": 1.7648276998661458,
                    "R1": 1.150002927519381,
                    "R2": 1.1361602363176644,
                    "R3": 1.1291377004235983,
                    "R4": 1.1273975712247193,
                    "R5": 1.1304949233308434,
                    "R6": 1.1295380629599094,
                    "R7": 1.1287780972197652,
                    "R8": 1.1251741745509207,
                    "R9": 1.1248939642682672,
                    "as": 5.163677904289216,
                    "comp": 1.067889797501266,
                    "dc": 0
                }
            },
            "gen-secure": {
                "reward": 29824,
                "time": 115.01719617890194,
                "time_by_components": {
                    "R0": 7.225337896961719,
                    "R1": 6.229870809242129,
                    "R2": 6.061976337339729,
                    "R3": 5.921563499607146,
                    "R4": 5.8974937461316586,
                    "R5": 5.842338179703802,
                    "R6": 5.8946367697790265,
                    "R7": 5.8109537130221725,
                    "R8": 5.863100878428668,
                    "R9": 5.796381649561226,
                    "as": 6.133235731162131,
                    "comp": 45.314431141130626,
                    "dc": 0.03309762990102172
                }
            },
            "std": {
                "reward": 29824,