{
    "N": 70000,
    "arms": [
        0.4960973461954129,
        0.46519633350678463,
        0.4564303726534043,
        0.45410879397990633,
        0.4505463715326422,
        0.4449825881599488,
        0.4438618260417084,
        0.4347356202217508,
        0.42404835287995835,
        0.41264059560501143
    ],
    "boltzmann": {
        "it-3": {
            "args": {
                "alpha_seed": 130,
                "random_arm_seed": 991,
                "reward_seed": 3,
                "sigma_seed": 590,
                "tau": 0.02
            },
            "gen-distributed": {
                "reward": 34235,
                "time": 12.623390056192875,
                "time_by_components": {
                    "R0": 1.2175470194779336,
                    "R1": 0.6675791442394257,
                    "R2": 0.6567729883827269,
                    "R3": 0.7095674541778862,
                    "R4": 0.7352135637775064,
                    "R5": 0.6585863009095192,
                    "R6": 0.6569325719028711,
                    "R7": 0.6581389871425927,
                    "R8": 0.6563042541965842,
                    "R9": 0.6621645987033844,
                    "as": 3.0123145221732557,
                    "comp": 1.0936355162411928,
                    "dc": 0
                }
            },
            "gen-secure": {
                "reward": 34235,
                "time": 69.71250894712284,
                "time_by_components": {
                    "R0": 4.534814151003957,
                    "R1": 3.7414758154191077,
                    "R2": 3.6284611523151398,
                    "R3": 3.6624666149728,
                    "R4": 3.6052020243369043,
                    "R5": 3.5208483301103115,
                    "R6": 3.5355681204237044,
                    "R7": 3.5002259938046336,
                    "R8": 3.502629176247865,
                    "R9": 3.5124888666905463,
                    "as": 3.5936054973863065,
                    "comp": 27.58098222548142,
                    "dc": 0.03328038100153208
                }
            },
            "std": {
                "reward": 34235,
                "time": 4.554602861404419
            }
        }
    },
    "e-greedy": {
        "it-3": {
            "args": {
                "alpha_seed": 688,
                "epsilon": 0.1,
                "epsilon_seed": 13,
                "random_arm_seed": 374,
                "reward_seed": 3,
                "sigma_seed": 579
            },
            "gen-distributed": {
                "reward": 34201,
                "time": 11.407086631283164,
                "time_by_components": {
                    "R0": 1.0824098186567426,
                    "R1": 0.6793093769811094,
                    "R2": 0.5889836447313428,
                    "R3": 0.5844948692247272,
                    "R4": 0.5815747040323913,
                    "R5": 0.5824217544868588,
                    "R6": 0.5806516697630286,
                    "R7": 0.5810312582179904,
                    "R8": 0.5819516917690635,
                    "R9": 0.5812531583942473,
                    "as": 2.9575422941707075,
                    "comp": 0.28541329223662615,
                    "dc": 0
                }
            },
            "gen-secure": {
                "reward": 34201,
                "time": 64.8102987469174,
                "time_by_components": {
                    "R0": 4.158201246522367,
                    "R1": 3.555807287339121,
                    "R2": 3.3698512599803507,
                    "R3": 3.313467449042946,
                    "R4": 3.2627216847613454,
                    "R5": 3.2578792427666485,
                    "R6": 3.2500482467003167,
                    "R7": 3.24189026793465,
                    "R8": 3.2456158022396266,
                    "R9": 3.230574924033135,
                    "as": 3.5413661557249725,
                    "comp": 25.058749065734446,
                    "dc": 0.033203782979398966
                }
            },
            "std": {
                "reward": 34201,
                "time": 4.220669269561768
            }
        }
    },
    "e-greedy-decreasing": {
        "it-3": {
            "args": {
                "alpha_seed": 988,
                "epsilon_seed": 130,
                "random_arm_seed": 991,
                "reward_seed": 3,
                "sigma_seed": 981
            },
            "gen-distributed": {
                "reward": 34550,
                "time": 11.329281799960881,
                "time_by_components": {
                    "R0": 1.1736489618197083,
                    "R1": 0.5912959449924529,
                    "R2": 0.584370597731322,
                    "R3": 0.5820905715227127,
                    "R4": 0.5904936441220343,
                    "R5": 0.5846764021553099,
                    "R6": 0.5844627334736288,
                    "R7": 0.5826811701990664,
                    "R8": 0.5822923639789224,
                    "R9": 0.5828873561695218,
                    "as": 2.8873279388062656,
                    "comp": 0.2587126619182527,
                    "dc": 0
                }
            },
            "gen-secure": {
                "reward": 34550,
                "time": 65.06028550304472,
                "time_by_components": {
                    "R0": 4.278276858385652,
                    "R1": 3.4791382998228073,
                    "R2": 3.3732505897060037,
                    "R3": 3.323461042717099,
                    "R4": 3.3046574923209846,
                    "R5": 3.280947072431445,
                    "R6": 3.2626495361328125,
                    "R7": 3.258197364397347,
                    "R8": 3.25338375614956,
                    "R9": 3.2504071909934282,
                    "as": 3.457721149548888,
                    "comp": 25.160079108085483,
                    "dc": 0.032828399911522865
                }
            },
            "std": {
                "reward": 34550,
                "time": 4.140140533447266
            }
        }
    },
    "nb_iterations": 50,
    "pursuit": {
        "it-3": {
            "args": {
                "alpha_seed": 130,
                "beta": 0.2,
                "random_arm_seed": 991,
                "reward_seed": 3,
                "sigma_seed": 981
            },
            "gen-distributed": {
                "reward": 34831,
                "time": 23.700074057094753,
                "time_by_components": {
                    "R0": 2.071986339520663,
                    "R1": 1.3557096356526017,
                    "R2": 1.3234713058918715,
                    "R3": 1.3170919478870928,
                    "R4": 1.3155904319137335,
                    "R5": 1.3207825818099082,
                    "R6": 1.31920971814543,
                    "R7": 1.3226032475940883,
                    "R8": 1.3117226692847908,
                    "R9": 1.3132530944421887,
                    "as": 5.999283793848008,
                    "comp": 1.2550276601687074,
                    "dc": 0
                }
            },
            "gen-secure": {
                "reward": 34831,
                "time": 134.78013052931055,
                "time_by_components": {
                    "R0": 8.52152762003243,
                    "R1": 7.315033386927098,
                    "R2": 6.9791780463419855,
                    "R3": 6.964858305640519,
                    "R4": 6.879805923905224,
                    "R5": 6.801890488248318,
                    "R6": 6.804380833171308,
                    "R7": 6.782400045078248,
                    "R8": 6.733565197791904,
                    "R9": 6.816630040295422,
                    "as": 7.242381184827536,
                    "comp": 53.35489243315533,
                    "dc": 0.03290486987680197
                }
            },
            "std": {
                "reward": 34831,