{
    "N": 90000,
    "arms": [
        0.4960973461954129,
        0.46519633350678463,
        0.4564303726534043,
        0.45410879397990633,
        0.4505463715326422,
        0.4449825881599488,
        0.4438618260417084,
        0.4347356202217508,
        0.42404835287995835,
        0.41264059560501143
    ],
    "boltzmann": {
        "it-36": {
            "args": {
                "alpha_seed": 855,
                "random_arm_seed": 876,
                "reward_seed": 36,
                "sigma_seed": 428,
                "tau": 0.02
            },
            "gen-distributed": {
                "reward": 40195,
                "time": 16.440645121969283,
                "time_by_components": {
                    "R0": 0.9100840059109032,
                    "R1": 0.8568908348679543,
                    "R2": 1.0603814511559904,
                    "R3": 0.849044025875628,
                    "R4": 1.1080056834034622,
                    "R5": 0.8512239861302078,
                    "R6": 1.0946661280468106,
                    "R7": 0.9775375504978001,
                    "R8": 0.859198946505785,
                    "R9": 0.8511330783367157,
                    "as": 3.9422302171587944,
                    "comp": 1.424133587628603,
                    "dc": 0
                }
            },
            "gen-secure": {
                "reward": 40195,
                "time": 89.17781755002216,
                "time_by_components": {
                    "R0": 5.092963493429124,
                    "R1": 4.743190113920718,
                    "R2": 4.8675338863395154,
                    "R3": 4.569621245376766,
                    "R4": 4.784808764234185,
                    "R5": 4.502821470610797,
                    "R6": 4.7484640292823315,
                    "R7": 4.618159189354628,
                    "R8": 4.477814487647265,
                    "R9": 4.455107594374567,
                    "as": 4.6848328514024615,
                    "comp": 35.28895205678418,
                    "dc": 0.03283285116776824
                }
            },
            "std": {
                "reward": 40195,
                "time": 5.549379348754883
            }
        }
    },
    "e-greedy": {
        "it-36": {
            "args": {
                "alpha_seed": 207,
                "epsilon": 0.1,
                "epsilon_seed": 599,
                "random_arm_seed": 853,
                "reward_seed": 36,
                "sigma_seed": 316
            },
            "gen-distributed": {
                "reward": 43839,
                "time": 14.697841978166252,
                "time_by_components": {
                    "R0": 1.4473308539018035,
                    "R1": 0.7604162944480777,
                    "R2": 0.7507853452116251,
                    "R3": 0.7478170753456652,
                    "R4": 0.8121427488513291,
                    "R5": 0.7526981132104993,
                    "R6": 0.7497684685513377,
                    "R7": 0.7489143493585289,
                    "R8": 0.7489671148359776,
                    "R9": 0.7520850393921137,
                    "as": 3.8058338575065136,
                    "comp": 0.37370667792856693,
                    "dc": 0
                }
            },
            "gen-secure": {
                "reward": 43839,
                "time": 82.56201266404241,
                "time_by_components": {
                    "R0": 5.373560688924044,
                    "R1": 4.3786956067197025,
                    "R2": 4.24461346399039,
                    "R3": 4.190358004532754,
                    "R4": 4.216757141053677,
                    "R5": 4.153200493659824,
                    "R6": 4.117877549491823,
                    "R7": 4.107426300644875,
                    "R8": 4.097850071731955,
                    "R9": 4.1080000046640635,
                    "as": 4.523530407808721,
                    "comp": 32.063350254204124,
                    "dc": 0.03294990910217166
                }
            },
            "std": {
                "reward": 43839,
                "time": 5.447049140930176
            }
        }
    },
    "e-greedy-decreasing": {
        "it-36": {
            "args": {
                "alpha_seed": 624,
                "epsilon_seed": 855,
                "random_arm_seed": 876,
                "reward_seed": 36,
                "sigma_seed": 852
            },
            "gen-distributed": {
                "reward": 44298,
                "time": 15.02939720172435,
                "time_by_components": {
                    "R0": 1.5623596496880054,
                    "R1": 0.7837366317398846,
                    "R2": 0.7818867471069098,
                    "R3": 0.7747402628883719,
                    "R4": 0.7724036173895001,
                    "R5": 0.7776950765401125,
                    "R6": 0.7762755262665451,
                    "R7": 0.7741764583624899,
                    "R8": 0.7742376010864973,
                    "R9": 0.7754547912627459,
                    "as": 3.8173440415412188,
                    "comp": 0.3479890637099743,
                    "dc": 0
                }
            },
            "gen-secure": {
                "reward": 44298,
                "time": 84.02390155103058,
                "time_by_components": {
                    "R0": 5.536535477265716,
                    "R1": 4.470820801332593,
                    "R2": 4.341653559822589,
                    "R3": 4.271470848936588,
                    "R4": 4.210856733843684,
                    "R5": 4.239542003720999,
                    "R6": 4.186958817765117,
                    "R7": 4.177650805097073,
                    "R8": 4.186470401007682,
                    "R9": 4.171951120253652,
                    "as": 4.503084592986852,
                    "comp": 32.635010147001594,
                    "dc": 0.032854244112968445
                }
            },
            "std": {
                "reward": 44298,
                "time": 5.411884307861328
            }
        }
    },
    "nb_iterations": 50,
    "pursuit": {
        "it-36": {
            "args": {
                "alpha_seed": 855,
                "beta": 0.2,
                "random_arm_seed": 876,
                "reward_seed": 36,
                "sigma_seed": 852
            },
            "gen-distributed": {
                "reward": 40481,
                "time": 30.518278632778674,
                "time_by_components": {
                    "R0": 1.846672037616372,
                    "R1": 1.7207011636346579,
                    "R2": 1.7062309831380844,
                    "R3": 1.6970462021417916,
                    "R4": 2.524510563816875,
                    "R5": 1.7031005411408842,
                    "R6": 1.6949745970778167,
                    "R7": 1.6917484062723815,
                    "R8": 1.6889075259678066,
                    "R9": 1.6908634174615145,
                    "as": 7.736975292209536,
                    "comp": 1.6193145848810673,
                    "dc": 0
                }
            },
            "gen-secure": {
                "reward": 40481,
                "time": 172.90747008193284,
                "time_by_components": {
                    "R0": 9.906918850261718,
                    "R1": 9.326332094147801,
                    "R2": 9.047511869575828,
                    "R3": 8.912744290195405,
                    "R4": 9.777468846645206,
                    "R5": 8.784940366167575,
                    "R6": 8.78249631403014,
                    "R7": 8.761295951902866,
                    "R8": 8.725959557574242,
                    "R9": 8.676223487593234,
                    "as": 9.212726393714547,
                    "comp": 68.41098019713536,
                    "dc": 0.0322184800170362
                }
            },
            "std": {
                "reward": 40481,