{
    "N": 70000,
    "arms": [
        0.4960973461954129,
        0.46519633350678463,
        0.4564303726534043,
        0.45410879397990633,
        0.4505463715326422,
        0.4449825881599488,
        0.4438618260417084,
        0.4347356202217508,
        0.42404835287995835,
        0.41264059560501143
    ],
    "boltzmann": {
        "it-19": {
            "args": {
                "alpha_seed": 759,
                "random_arm_seed": 104,
                "reward_seed": 19,
                "sigma_seed": 269,
                "tau": 0.02
            },
            "gen-distributed": {
                "reward": 32283,
                "time": 12.551253342069685,
                "time_by_components": {
                    "R0": 0.6961009777151048,
                    "R1": 1.1043067015707493,
                    "R2": 0.6582824173383415,
                    "R3": 0.654585812240839,
                    "R4": 0.652878325432539,
                    "R5": 0.8620071485638618,
                    "R6": 0.655651634093374,
                    "R7": 0.652614972088486,
                    "R8": 0.6544854193925858,
                    "R9": 0.659954831469804,
                    "as": 2.994906798005104,
                    "comp": 1.0745846792124212,
                    "dc": 0
                }
            },
            "gen-secure": {
                "reward": 32283,
                "time": 67.7336623989977,
                "time_by_components": {
                    "R0": 3.8624617331661284,
                    "R1": 4.114028440322727,
                    "R2": 3.555642058607191,
                    "R3": 3.4936527744866908,
                    "R4": 3.4541421262547374,
                    "R5": 3.6621640883386135,
                    "R6": 3.4306055777706206,
                    "R7": 3.4102274077013135,
                    "R8": 3.43113201437518,
                    "R9": 3.4052271018736064,
                    "as": 3.515174782834947,
                    "comp": 26.640204072464257,
                    "dc": 0.03286810265854001
                }
            },
            "std": {
                "reward": 32283,
                "time": 4.5983335971832275
            }
        }
    },
    "e-greedy": {
        "it-19": {
            "args": {
                "alpha_seed": 583,
                "epsilon": 0.1,
                "epsilon_seed": 830,
                "random_arm_seed": 189,
                "reward_seed": 19,
                "sigma_seed": 282
            },
            "gen-distributed": {
                "reward": 34186,
                "time": 11.40957935526967,
                "time_by_components": {
                    "R0": 1.1113930689170957,
                    "R1": 0.5902102384716272,
                    "R2": 0.6445089015178382,
                    "R3": 0.5831015496514738,
                    "R4": 0.5827343403361738,
                    "R5": 0.5848559401929379,
                    "R6": 0.5837396974675357,
                    "R7": 0.5839840094558895,
                    "R8": 0.5869951760396361,
                    "R9": 0.5849983100779355,
                    "as": 2.956655009649694,
                    "comp": 0.28627451043576,
                    "dc": 0
                }
            },
            "gen-secure": {
                "reward": 34186,
                "time": 63.93610002286732,
                "time_by_components": {
                    "R0": 4.148213312961161,
                    "R1": 3.4019034667871892,
                    "R2": 3.3749383725225925,
                    "R3": 3.270468811970204,
                    "R4": 3.2237310921773314,
                    "R5": 3.214816263411194,
                    "R6": 3.204015309922397,
                    "R7": 3.2004208327271044,
                    "R8": 3.199328243266791,
                    "R9": 3.195855248719454,
                    "as": 3.4811631105840206,
                    "comp": 24.717087022494525,
                    "dc": 0.032868965063244104
                }
            },
            "std": {
                "reward": 34186,
                "time": 4.22894024848938
            }
        }
    },
    "e-greedy-decreasing": {
        "it-19": {
            "args": {
                "alpha_seed": 980,
                "epsilon_seed": 759,
                "random_arm_seed": 104,
                "reward_seed": 19,
                "sigma_seed": 705
            },
            "gen-distributed": {
                "reward": 34443,
                "time": 11.441776651889086,
                "time_by_components": {
                    "R0": 1.1633796622045338,
                    "R1": 0.5993232764303684,
                    "R2": 0.5946209887042642,
                    "R3": 0.6048724208958447,
                    "R4": 0.6041947184130549,
                    "R5": 0.5899939765222371,
                    "R6": 0.5880793300457299,
                    "R7": 0.5919381538406014,
                    "R8": 0.5893131257034838,
                    "R9": 0.587605222593993,
                    "as": 2.914642598479986,
                    "comp": 0.2635907828807831,
                    "dc": 0
                }
            },
            "gen-secure": {
                "reward": 34443,
                "time": 64.91644800687209,
                "time_by_components": {
                    "R0": 4.25707638124004,
                    "R1": 3.48317417409271,
                    "R2": 3.3631886411458254,
                    "R3": 3.327965418808162,
                    "R4": 3.2970878169871867,
                    "R5": 3.2664048047736287,
                    "R6": 3.2507937042973936,
                    "R7": 3.2681469437666237,
                    "R8": 3.2496333345770836,
                    "R9": 3.236916759517044,
                    "as": 3.461742557119578,
                    "comp": 25.073527434375137,
                    "dc": 0.033175643999129534
                }
            },
            "std": {
                "reward": 34443,
                "time": 4.348475456237793
            }
        }
    },
    "nb_iterations": 50,
    "pursuit": {
        "it-19": {
            "args": {
                "alpha_seed": 759,
                "beta": 0.2,
                "random_arm_seed": 104,
                "reward_seed": 19,
                "sigma_seed": 705
            },
            "gen-distributed": {
                "reward": 32717,
                "time": 23.592639137990773,
                "time_by_components": {
                    "R0": 1.4265145007520914,
                    "R1": 1.9721602988429368,
                    "R2": 1.3241808759048581,
                    "R3": 1.3127918178215623,
                    "R4": 1.309094823896885,
                    "R5": 1.3117057592608035,
                    "R6": 1.3080731071531773,
                    "R7": 1.3068202477879822,
                    "R8": 1.306430289056152,
                    "R9": 1.3070826581679285,
                    "as": 5.986742637120187,
                    "comp": 1.2408501217141747,
                    "dc": 0
                }
            },
            "gen-secure": {
                "reward": 32717,
                "time": 133.1116328816861,
                "time_by_components": {
                    "R0": 7.65275208838284,
                    "R1": 7.932449218817055,
                    "R2": 6.99430901510641,
                    "R3": 6.8480258118361235,
                    "R4": 6.755877185612917,
                    "R5": 6.827049812301993,
                    "R6": 6.795343593228608,
                    "R7": 6.705842038150877,
                    "R8": 6.766676058527082,
                    "R9": 6.7793780830688775,
                    "as": 7.113764256704599,
                    "comp": 52.421161031816155,
                    "dc": 0.03606621315702796
                }
            },
            "std": {
                "reward": 32717,