{
    "N": 100000,
    "arms": [
        0.4960973461954129,
        0.46519633350678463,
        0.4564303726534043,
        0.45410879397990633,
        0.4505463715326422,
        0.4449825881599488,
        0.4438618260417084,
        0.4347356202217508,
        0.42404835287995835,
        0.41264059560501143
    ],
    "boltzmann": {
        "it-5": {
            "args": {
                "alpha_seed": 757,
                "random_arm_seed": 757,
                "reward_seed": 5,
                "sigma_seed": 433,
                "tau": 0.02
            },
            "gen-distributed": {
                "reward": 45968,
                "time": 18.01812612777576,
                "time_by_components": {
                    "R0": 0.9987150132656097,
                    "R1": 1.4484087615273893,
                    "R2": 1.314639640506357,
                    "R3": 0.93827322172001,
                    "R4": 0.9322603945620358,
                    "R5": 0.938328349031508,
                    "R6": 0.9359427304007113,
                    "R7": 0.93905447749421,
                    "R8": 0.9884628453291953,
                    "R9": 0.9375031501986086,
                    "as": 4.30881466390565,
                    "comp": 1.5660240780562162,
                    "dc": 0
                }
            },
            "gen-secure": {
                "reward": 45968,
                "time": 98.45812811981887,
                "time_by_components": {
                    "R0": 5.609491452109069,
                    "R1": 5.800771428737789,
                    "R2": 5.528812642209232,
                    "R3": 5.057537915650755,
                    "R4": 4.958294753916562,
                    "R5": 4.946805510204285,
                    "R6": 4.925364659167826,
                    "R7": 4.935710828285664,
                    "R8": 4.977540830615908,
                    "R9": 4.916337271220982,
                    "as": 5.135231487452984,
                    "comp": 39.10420165909454,
                    "dc": 0.03348061628639698
                }
            },
            "std": {
                "reward": 45968,
                "time": 6.564474582672119
            }
        }
    },
    "e-greedy": {
        "it-5": {
            "args": {
                "alpha_seed": 315,
                "epsilon": 0.1,
                "epsilon_seed": 10,
                "random_arm_seed": 767,
                "reward_seed": 5,
                "sigma_seed": 44
            },
            "gen-distributed": {
                "reward": 48915,
                "time": 16.36536921467632,
                "time_by_components": {
                    "R0": 1.6438396349549294,
                    "R1": 0.8474939744919538,
                    "R2": 0.8383118072524667,
                    "R3": 0.8661336149089038,
                    "R4": 0.8347188243642449,
                    "R5": 0.844509391579777,
                    "R6": 0.8335570390336215,
                    "R7": 0.8393149487674236,
                    "R8": 0.8416095008142292,
                    "R9": 0.8340799869038165,
                    "as": 4.242270134855062,
                    "comp": 0.4095798619091511,
                    "dc": 0
                }
            },
            "gen-secure": {
                "reward": 48915,
                "time": 90.76830607000738,
                "time_by_components": {
                    "R0": 5.9190526232123375,
                    "R1": 4.804746001958847,
                    "R2": 4.662632825784385,
                    "R3": 4.635427929926664,
                    "R4": 4.539131184574217,
                    "R5": 4.536842226050794,
                    "R6": 4.525761842727661,
                    "R7": 4.535054554231465,
                    "R8": 4.512920723762363,
                    "R9": 4.525221116375178,
                    "as": 4.954195157624781,
                    "comp": 35.347159354481846,
                    "dc": 0.03326473291963339
                }
            },
            "std": {
                "reward": 48915,
                "time": 6.062984228134155
            }
        }
    },
    "e-greedy-decreasing": {
        "it-5": {
            "args": {
                "alpha_seed": 78,
                "epsilon_seed": 757,
                "random_arm_seed": 757,
                "reward_seed": 5,
                "sigma_seed": 939
            },
            "gen-distributed": {
                "reward": 49042,
                "time": 16.65213128598407,
                "time_by_components": {
                    "R0": 1.6886249496601522,
                    "R1": 0.8705824841745198,
                    "R2": 0.8595311366952956,
                    "R3": 0.8592549241147935,
                    "R4": 0.909081703517586,
                    "R5": 0.8590437760576606,
                    "R6": 0.8560447664931417,
                    "R7": 0.8561036153696477,
                    "R8": 0.8554493472911417,
                    "R9": 0.859575271140784,
                    "as": 4.240741694811732,
                    "comp": 0.38231616793200374,
                    "dc": 0
                }
            },
            "gen-secure": {
                "reward": 49042,
                "time": 92.7145740929991,
                "time_by_components": {
                    "R0": 6.041726814582944,
                    "R1": 4.922826633788645,
                    "R2": 4.783055694773793,
                    "R3": 4.72389247501269,
                    "R4": 4.71033331612125,
                    "R5": 4.640886704903096,
                    "R6": 4.6278718882240355,
                    "R7": 4.6281547588296235,
                    "R8": 4.609437166713178,
                    "R9": 4.605568030849099,
                    "as": 4.979365605860949,
                    "comp": 36.02219200087711,
                    "dc": 0.03281486872583628
                }
            },
            "std": {
                "reward": 49042,
                "time": 6.061614036560059
            }
        }
    },
    "nb_iterations": 50,
    "pursuit": {
        "it-5": {
            "args": {
                "alpha_seed": 757,
                "beta": 0.2,
                "random_arm_seed": 757,
                "reward_seed": 5,
                "sigma_seed": 939
            },
            "gen-distributed": {
                "reward": 46559,
                "time": 33.68060740176588,
                "time_by_components": {
                    "R0": 2.036838883999735,
                    "R1": 2.820448860991746,
                    "R2": 1.8949496331624687,
                    "R3": 1.8808792098425329,
                    "R4": 1.8715143050067127,
                    "R5": 1.876448355615139,
                    "R6": 1.8836393114179373,
                    "R7": 1.8779045664705336,
                    "R8": 1.872004632372409,
                    "R9": 1.875944863539189,
                    "as": 8.54001551726833,
                    "comp": 1.7793686822988093,
                    "dc": 0
                }
            },
            "gen-secure": {
                "reward": 46559,
                "time": 191.26051615411416,
                "time_by_components": {
                    "R0": 10.941857843194157,
                    "R1": 11.351994444616139,
                    "R2": 10.09784875670448,
                    "R3": 9.806237624026835,
                    "R4": 9.680775230750442,
                    "R5": 9.780288631562144,
                    "R6": 9.617718937806785,
                    "R7": 9.700797382276505,
                    "R8": 9.682224684860557,
                    "R9": 9.568986637983471,
                    "as": 10.226613038685173,
                    "comp": 75.77309921104461,
                    "dc": 0.03301296988502145
                }
            },
            "std": {
                "reward": 46559,
                "time": 10.62018370628357
            }
        }
    },