{
    "N": 80000,
    "arms": [
        0.4960973461954129,
        0.46519633350678463,
        0.4564303726534043,
        0.45410879397990633,
        0.4505463715326422,
        0.4449825881599488,
        0.4438618260417084,
        0.4347356202217508,
        0.42404835287995835,
        0.41264059560501143
    ],
    "boltzmann": {
        "it-17": {
            "args": {
                "alpha_seed": 654,
                "random_arm_seed": 323,
                "reward_seed": 17,
                "sigma_seed": 712,
                "tau": 0.02
            },
            "gen-distributed": {
                "reward": 39302,
                "time": 13.798012899700552,
                "time_by_components": {
                    "R0": 1.4148174715228379,
                    "R1": 0.7282318235374987,
                    "R2": 0.7194478302262723,
                    "R3": 0.7232666937634349,
                    "R4": 0.7170738326385617,
                    "R5": 0.7207937645725906,
                    "R6": 0.7168359351344407,
                    "R7": 0.779975512996316,
                    "R8": 0.7152055981568992,
                    "R9": 0.7184190605767071,
                    "as": 3.2877763654105365,
                    "comp": 1.1965061519294977,
                    "dc": 0
                }
            },
            "gen-secure": {
                "reward": 39302,
                "time": 78.58595609711483,
                "time_by_components": {
                    "R0": 5.2137491926550865,
                    "R1": 4.216595486737788,
                    "R2": 4.083169828169048,
                    "R3": 4.038588585797697,
                    "R4": 3.9837937843985856,
                    "R5": 3.9650606149807572,
                    "R6": 3.981814497616142,
                    "R7": 4.0200751684606075,
                    "R8": 3.944434992969036,
                    "R9": 3.960047323256731,
                    "as": 4.041632552165538,
                    "comp": 31.06177990976721,
                    "dc": 0.043348959647119045
                }
            },
            "std": {
                "reward": 39302,
                "time": 4.960374593734741
            }
        }
    },
    "e-greedy": {
        "it-17": {
            "args": {
                "alpha_seed": 935,
                "epsilon": 0.1,
                "epsilon_seed": 264,
                "random_arm_seed": 732,
                "reward_seed": 17,
                "sigma_seed": 690
            },
            "gen-distributed": {
                "reward": 39292,
                "time": 12.946464787237346,
                "time_by_components": {
                    "R0": 1.3277401109226048,
                    "R1": 0.6748977215029299,
                    "R2": 0.6658590151928365,
                    "R3": 0.6671272851526737,
                    "R4": 0.6643040673807263,
                    "R5": 0.6662470339797437,
                    "R6": 0.6634466079995036,
                    "R7": 0.6667612874880433,
                    "R8": 0.6635736036114395,
                    "R9": 0.6640117214992642,
                    "as": 3.342717084567994,
                    "comp": 0.3200722658075392,
                    "dc": 0
                }
            },
            "gen-secure": {
                "reward": 39292,
                "time": 73.66730667790398,
                "time_by_components": {
                    "R0": 4.839763945899904,
                    "R1": 3.921008833218366,
                    "R2": 3.805562884081155,
                    "R3": 3.7617911151610315,
                    "R4": 3.7081987080164254,
                    "R5": 3.7178198946639895,
                    "R6": 3.692514861933887,
                    "R7": 3.6807963494211435,
                    "R8": 3.6861194423399866,
                    "R9": 3.677990238647908,
                    "as": 4.027551441453397,
                    "comp": 28.48646389367059,
                    "dc": 0.03287193784490228
                }
            },
            "std": {
                "reward": 39292,
                "time": 4.832696914672852
            }
        }
    },
    "e-greedy-decreasing": {
        "it-17": {
            "args": {
                "alpha_seed": 478,
                "epsilon_seed": 654,
                "random_arm_seed": 323,
                "reward_seed": 17,
                "sigma_seed": 470
            },
            "gen-distributed": {
                "reward": 39466,
                "time": 13.249199219979346,
                "time_by_components": {
                    "R0": 1.3774868096224964,
                    "R1": 0.6919920044019818,
                    "R2": 0.685120559297502,
                    "R3": 0.6819726373068988,
                    "R4": 0.6820749971084297,
                    "R5": 0.685254002455622,
                    "R6": 0.6838955134153366,
                    "R7": 0.683047266677022,
                    "R8": 0.6815940607339144,
                    "R9": 0.6830838662572205,
                    "as": 3.3810802390798926,
                    "comp": 0.30501230666413903,
                    "dc": 0
                }
            },
            "gen-secure": {
                "reward": 39466,
                "time": 75.52664141124114,
                "time_by_components": {
                    "R0": 4.951841334812343,
                    "R1": 4.0060895518399775,
                    "R2": 3.888852315954864,
                    "R3": 3.835007654968649,
                    "R4": 3.7976130857132375,
                    "R5": 3.7812889884226024,
                    "R6": 3.7699276260100305,
                    "R7": 3.803147428203374,
                    "R8": 3.758197899442166,
                    "R9": 3.803506270516664,
                    "as": 4.014636167790741,
                    "comp": 29.353781718295068,
                    "dc": 0.030382942873984575
                }
            },
            "std": {
                "reward": 39466,
                "time": 4.84495735168457
            }
        }
    },
    "nb_iterations": 50,
    "pursuit": {
        "it-17": {
            "args": {
                "alpha_seed": 654,
                "beta": 0.2,
                "random_arm_seed": 323,
                "reward_seed": 17,
                "sigma_seed": 470
            },
            "gen-distributed": {
                "reward": 36043,
                "time": 26.382456561084837,
                "time_by_components": {
                    "R0": 1.595666169654578,
                    "R1": 1.4884512387216091,
                    "R2": 1.4718658104538918,
                    "R3": 1.4680485012941062,
                    "R4": 2.1830641985870898,
                    "R5": 1.4793605413287878,
                    "R6": 1.4639500128105283,
                    "R7": 1.464325990062207,
                    "R8": 1.4624313549138606,
                    "R9": 1.4633977715857327,
                    "as": 6.745842810720205,
                    "comp": 1.3943629586137831,
                    "dc": 0
                }
            },
            "gen-secure": {
                "reward": 36043,
                "time": 151.41756315901875,
                "time_by_components": {
                    "R0": 8.823524544481188,
                    "R1": 8.083244639448822,
                    "R2": 7.852503566537052,
                    "R3": 7.857363048009574,
                    "R4": 8.622138552833349,
                    "R5": 7.710044022649527,
                    "R6": 7.631642790045589,
                    "R7": 7.710009358357638,
                    "R8": 7.599547879304737,
                    "R9": 7.582707608584315,
                    "as": 8.170547814574093,
                    "comp": 59.75350923137739,
                    "dc": 0.03295713709667325
                }
            },
            "std": {
                "reward": 36043,