{
    "N": 100000,
    "arms": [
        0.4960973461954129,
        0.46519633350678463,
        0.4564303726534043,
        0.45410879397990633,
        0.4505463715326422,
        0.4449825881599488,
        0.4438618260417084,
        0.4347356202217508,
        0.42404835287995835,
        0.41264059560501143,
        0.4033943081295281,
        0.40123283833006446,
        0.39658968098306846,
        0.39566905495737104,
        0.3877836929111796,
        0.3750550374254493,
        0.3676900292198695,
        0.3489973181763599,
        0.33867029580114477,
        0.32770283792979227
    ],
    "boltzmann": {
        "it-11": {
            "args": {
                "alpha_seed": 840,
                "random_arm_seed": 709,
                "reward_seed": 11,
                "sigma_seed": 541,
                "tau": 0.02
            },
            "gen-distributed": {
                "reward": 47999,
                "time": 30.347235491964966,
                "time_by_components": {
                    "R0": 1.5879281149245799,
                    "R1": 1.1132601299323142,
                    "R10": 0.9480289388448,
                    "R11": 0.9495322555303574,
                    "R12": 0.9477089825086296,
                    "R13": 0.9594144518487155,
                    "R14": 0.9476530463434756,
                    "R15": 0.9526079185307026,
                    "R16": 0.9496141034178436,
                    "R17": 0.9495972557924688,
                    "R18": 0.9456788725219667,
                    "R19": 0.9518062430433929,
                    "R2": 1.0540616605430841,
                    "R3": 0.959516167640686,
                    "R4": 1.0496357176452875,
                    "R5": 0.957356606144458,
                    "R6": 0.9768422115594149,
                    "R7": 0.9525205851532519,
                    "R8": 0.9484746544621885,
                    "R9": 0.966367278713733,
                    "as": 5.308412702288479,
                    "comp": 1.727651787456125,
                    "dc": 0
                }
            },
            "gen-secure": {
                "reward": 47999,
                "time": 186.33533553872257,
                "time_by_components": {
                    "R0": 6.305952079594135,
                    "R1": 5.416941110510379,
                    "R10": 4.894176906440407,
                    "R11": 4.892426691483706,
                    "R12": 4.880529965739697,
                    "R13": 4.907457571011037,
                    "R14": 4.874634409323335,
                    "R15": 4.869636901654303,
                    "R16": 4.8889360199682415,
                    "R17": 4.86571796098724,
                    "R18": 4.858780277427286,
                    "R19": 4.879685834981501,
                    "R2": 5.204947579652071,
                    "R3": 5.06062495848164,
                    "R4": 5.091174328699708,
                    "R5": 4.959022802300751,
                    "R6": 4.971470771823078,
                    "R7": 4.923556836787611,
                    "R8": 4.911785225383937,
                    "R9": 4.925551249179989,
                    "as": 6.229460191447288,
                    "comp": 75.02469938108698,
                    "dc": 0.0335355419665575
                }
            },
            "std": {
                "reward": 47999,
                "time": 7.827224969863892
            }
        }
    },
    "e-greedy": {
        "it-11": {
            "args": {
                "alpha_seed": 399,
                "epsilon": 0.1,
                "epsilon_seed": 721,
                "random_arm_seed": 890,
                "reward_seed": 11,
                "sigma_seed": 845
            },
            "gen-distributed": {
                "reward": 48500,
                "time": 27.12348411884159,
                "time_by_components": {
                    "R0": 1.639106385409832,
                    "R1": 0.8816161584109068,
                    "R10": 0.8400654918514192,
                    "R11": 0.8392505180090666,
                    "R12": 0.8377725053578615,
                    "R13": 0.8382082600146532,
                    "R14": 0.8390232138335705,
                    "R15": 0.8394367527216673,
                    "R16": 0.8378489827737212,
                    "R17": 0.8390897479839623,
                    "R18": 0.8417000551708043,
                    "R19": 0.8392581292428076,
                    "R2": 0.8483294537290931,
                    "R3": 0.8601342579349875,
                    "R4": 0.843771199695766,
                    "R5": 0.8411964033730328,
                    "R6": 0.8567059556953609,
                    "R7": 0.8390790787525475,
                    "R8": 0.8374512041918933,
                    "R9": 0.8408587425947189,
                    "as": 5.126822185702622,
                    "comp": 0.5087673892267048,
                    "dc": 0
                }
            },
            "gen-secure": {
                "reward": 48500,
                "time": 173.45551975769922,
                "time_by_components": {
                    "R0": 5.990185943897814,
                    "R1": 4.8687476380728185,
                    "R10": 4.506483899895102,
                    "R11": 4.510079715400934,
                    "R12": 4.50292227929458,
                    "R13": 4.503019860479981,
                    "R14": 4.496373111847788,
                    "R15": 4.502312652766705,
                    "R16": 4.511310352478176,
                    "R17": 4.499368986580521,
                    "R18": 4.490685094613582,
                    "R19": 4.498037492856383,
                    "R2": 4.6818222384899855,
                    "R3": 4.638678711373359,
                    "R4": 4.5634334846399724,
                    "R5": 4.588926140218973,
                    "R6": 4.5671424572356045,
                    "R7": 4.519210459664464,
                    "R8": 4.536020945291966,
                    "R9": 4.563117019366473,
                    "as": 5.99233418609947,
                    "comp": 69.82212639367208,
                    "dc": 0.03340023988857865
                }
            },
            "std": {
                "reward": 48500,
                "time": 6.696815013885498
            }
        }
    },
    "e-greedy-decreasing": {
        "it-11": {
            "args": {
                "alpha_seed": 290,
                "epsilon_seed": 840,
                "random_arm_seed": 709,
                "reward_seed": 11,
                "sigma_seed": 740
            },
            "gen-distributed": {
                "reward": 49053,
                "time": 27.63846348505467,
                "time_by_components": {
                    "R0": 1.7498032003641129,
                    "R1": 0.8810721049085259,
                    "R10": 0.8628938239999115,
                    "R11": 0.8635503286495805,
                    "R12": 0.8627387857995927,
                    "R13": 0.8636807738803327,
                    "R14": 0.8633751701563597,
                    "R15": 0.8618424613960087,
                    "R16": 0.8612285736016929,
                    "R17": 0.8632732359692454,
                    "R18": 0.8623623810708523,
                    "R19": 0.8612268283031881,
                    "R2": 0.8701079292222857,
                    "R3": 0.8666826309636235,
                    "R4": 0.8636445193551481,
                    "R5": 0.8666211985982955,
                    "R6": 0.8693660912103951,
                    "R7": 0.8679244783706963,
                    "R8": 0.8671650215983391,
                    "R9": 0.8712759003974497,
                    "as": 5.092809293419123,
                    "comp": 0.4676122050732374,
                    "dc": 0
                }
            },
            "gen-secure": {
                "reward": 49053,
                "time": 174.5105428150855,
                "time_by_components": {
                    "R0": 6.108226376585662,