{
    "N": 100000,
    "arms": [
        0.4960973461954129,
        0.46519633350678463,
        0.4564303726534043,
        0.45410879397990633,
        0.4505463715326422,
        0.4449825881599488,
        0.4438618260417084,
        0.4347356202217508,
        0.42404835287995835,
        0.41264059560501143
    ],
    "boltzmann": {
        "it-41": {
            "args": {
                "alpha_seed": 412,
                "random_arm_seed": 313,
                "reward_seed": 41,
                "sigma_seed": 423,
                "tau": 0.02
            },
            "gen-distributed": {
                "reward": 45686,
                "time": 17.997757826931775,
                "time_by_components": {
                    "R0": 0.9966029347851872,
                    "R1": 1.2778681386262178,
                    "R2": 1.23363783583045,
                    "R3": 1.1483670654706657,
                    "R4": 0.9356583813205361,
                    "R5": 0.9492350970394909,
                    "R6": 0.9395516021177173,
                    "R7": 1.0135623752139509,
                    "R8": 0.9339446290396154,
                    "R9": 0.9459848459810019,
                    "as": 4.28811271302402,
                    "comp": 1.55929244030267,
                    "dc": 0
                }
            },
            "gen-secure": {
                "reward": 45686,
                "time": 97.46309071080759,
                "time_by_components": {
                    "R0": 5.545147691853344,
                    "R1": 5.548459104727954,
                    "R2": 5.379328764043748,
                    "R3": 5.220454845111817,
                    "R4": 4.928434828761965,
                    "R5": 4.924585437402129,
                    "R6": 4.902734249364585,
                    "R7": 4.9676538915373385,
                    "R8": 4.873171630315483,
                    "R9": 4.879356658551842,
                    "as": 5.096363720949739,
                    "comp": 38.66455965163186,
                    "dc": 0.03286427911370993
                }
            },
            "std": {
                "reward": 45686,
                "time": 6.574553728103638
            }
        }
    },
    "e-greedy": {
        "it-41": {
            "args": {
                "alpha_seed": 700,
                "epsilon": 0.1,
                "epsilon_seed": 978,
                "random_arm_seed": 836,
                "reward_seed": 41,
                "sigma_seed": 22
            },
            "gen-distributed": {
                "reward": 49093,
                "time": 16.33822529995814,
                "time_by_components": {
                    "R0": 1.6730995336547494,
                    "R1": 0.8447193214669824,
                    "R2": 0.8375502186827362,
                    "R3": 0.8328573359176517,
                    "R4": 0.8353956993669271,
                    "R5": 0.8390844310633838,
                    "R6": 0.8345804000273347,
                    "R7": 0.8424224611371756,
                    "R8": 0.8326064934954047,
                    "R9": 0.8363381191156805,
                    "as": 4.224533677101135,
                    "comp": 0.4081474067643285,
                    "dc": 0
                }
            },
            "gen-secure": {
                "reward": 49093,
                "time": 91.32766342023388,
                "time_by_components": {
                    "R0": 5.990927844308317,
                    "R1": 4.841177841182798,
                    "R2": 4.696102956309915,
                    "R3": 4.635021272115409,
                    "R4": 4.5740740755572915,
                    "R5": 4.571757347323,
                    "R6": 4.557883921079338,
                    "R7": 4.561867014039308,
                    "R8": 4.547509284224361,
                    "R9": 4.547946250997484,
                    "as": 4.989039123058319,
                    "comp": 35.50875274045393,
                    "dc": 0.03310178034007549
                }
            },
            "std": {
                "reward": 49093,
                "time": 6.037263631820679
            }
        }
    },
    "e-greedy-decreasing": {
        "it-41": {
            "args": {
                "alpha_seed": 737,
                "epsilon_seed": 412,
                "random_arm_seed": 313,
                "reward_seed": 41,
                "sigma_seed": 11
            },
            "gen-distributed": {
                "reward": 48031,
                "time": 16.613281308673322,
                "time_by_components": {
                    "R0": 1.3382588136009872,
                    "R1": 1.2531345011666417,
                    "R2": 0.8614524942822754,
                    "R3": 0.8568166829645634,
                    "R4": 0.8551796833053231,
                    "R5": 0.860120577737689,
                    "R6": 0.8600064069032669,
                    "R7": 0.857738530728966,
                    "R8": 0.8554209130816162,
                    "R9": 0.8571724719367921,
                    "as": 4.213289951439947,
                    "comp": 0.37651349091902375,
                    "dc": 0
                }
            },
            "gen-secure": {
                "reward": 48031,
                "time": 93.1585141052492,
                "time_by_components": {
                    "R0": 5.685779030434787,
                    "R1": 5.354875959455967,
                    "R2": 4.810763875488192,
                    "R3": 4.732492236420512,
                    "R4": 4.677696275059134,
                    "R5": 4.682394097559154,
                    "R6": 4.650703448802233,
                    "R7": 4.643868572078645,
                    "R8": 4.635541910305619,
                    "R9": 4.631622523069382,
                    "as": 5.004487491212785,
                    "comp": 36.240863661747426,
                    "dc": 0.033078648149967194
                }
            },
            "std": {
                "reward": 48031,
                "time": 6.0233588218688965
            }
        }
    },
    "nb_iterations": 50,
    "pursuit": {
        "it-41": {
            "args": {
                "alpha_seed": 412,
                "beta": 0.2,
                "random_arm_seed": 313,
                "reward_seed": 41,
                "sigma_seed": 11
            },
            "gen-distributed": {
                "reward": 46536,
                "time": 31.576726300176233,
                "time_by_components": {
                    "R0": 1.9091668985784054,
                    "R1": 2.6235779426060617,
                    "R2": 1.794319272506982,
                    "R3": 1.7596356738358736,
                    "R4": 1.758289352990687,
                    "R5": 1.765273004770279,
                    "R6": 1.7603937438689172,
                    "R7": 1.7552242339588702,
                    "R8": 1.7546133915893734,
                    "R9": 1.7547017824836075,
                    "as": 8.016438058577478,
                    "comp": 1.6686804755590856,
                    "dc": 0
                }
            },
            "gen-secure": {
                "reward": 46536,
                "time": 191.45002382434905,
                "time_by_components": {
                    "R0": 10.966648356523365,
                    "R1": 11.38241866743192,
                    "R2": 10.09705907246098,
                    "R3": 9.885301552247256,
                    "R4": 9.669354115612805,
                    "R5": 9.725400047842413,
                    "R6": 9.611493684817106,
                    "R7": 9.712073600851,
                    "R8": 9.566226174123585,
                    "R9": 9.653780893422663,
                    "as": 10.213818408548832,
                    "comp": 75.95167189370841,
                    "dc": 0.032889960799366236
                }
            },
            "std": {
                "reward": 46536,