{
    "N": 60000,
    "arms": [
        0.4960973461954129,
        0.46519633350678463,
        0.4564303726534043,
        0.45410879397990633,
        0.4505463715326422,
        0.4449825881599488,
        0.4438618260417084,
        0.4347356202217508,
        0.42404835287995835,
        0.41264059560501143
    ],
    "boltzmann": {
        "it-22": {
            "args": {
                "alpha_seed": 802,
                "random_arm_seed": 478,
                "reward_seed": 22,
                "sigma_seed": 710,
                "tau": 0.02
            },
            "gen-distributed": {
                "reward": 26803,
                "time": 10.900285515002906,
                "time_by_components": {
                    "R0": 0.6040129233151674,
                    "R1": 0.5683268150314689,
                    "R2": 0.8255245783366263,
                    "R3": 0.5644837934523821,
                    "R4": 0.5622445773333311,
                    "R5": 0.72692925715819,
                    "R6": 0.5660152030177414,
                    "R7": 0.5633345232345164,
                    "R8": 0.6671794652938843,
                    "R9": 0.5991867524571717,
                    "as": 2.6025271555408835,
                    "comp": 0.9391297800466418,
                    "dc": 0
                }
            },
            "gen-secure": {
                "reward": 26803,
                "time": 59.31688411766663,
                "time_by_components": {
                    "R0": 3.383217691909522,
                    "R1": 3.1559161641635,
                    "R2": 3.3788806437514722,
                    "R3": 3.1033662408590317,
                    "R4": 3.00579729443416,
                    "R5": 3.198197718244046,
                    "R6": 2.999949389602989,
                    "R7": 2.98786809341982,
                    "R8": 3.1078231311403215,
                    "R9": 3.035662535112351,
                    "as": 3.0522869550623,
                    "comp": 23.350860313046724,
                    "dc": 0.032997747883200645
                }
            },
            "std": {
                "reward": 26803,
                "time": 3.936603546142578
            }
        }
    },
    "e-greedy": {
        "it-22": {
            "args": {
                "alpha_seed": 101,
                "epsilon": 0.1,
                "epsilon_seed": 574,
                "random_arm_seed": 440,
                "reward_seed": 22,
                "sigma_seed": 468
            },
            "gen-distributed": {
                "reward": 29567,
                "time": 9.805052915588021,
                "time_by_components": {
                    "R0": 1.0108986552804708,
                    "R1": 0.5117442361079156,
                    "R2": 0.505541309248656,
                    "R3": 0.49966236110776663,
                    "R4": 0.49887948110699654,
                    "R5": 0.4988767523318529,
                    "R6": 0.49793266505002975,
                    "R7": 0.4975393465720117,
                    "R8": 0.4973184489645064,
                    "R9": 0.4968860885128379,
                    "as": 2.5342669850215316,
                    "comp": 0.2426370340399444,
                    "dc": 0
                }
            },
            "gen-secure": {
                "reward": 29567,
                "time": 55.65432290127501,
                "time_by_components": {
                    "R0": 3.680163554381579,
                    "R1": 3.0102097620256245,
                    "R2": 2.883603822439909,
                    "R3": 2.8372299098409712,
                    "R4": 2.806374550331384,
                    "R5": 2.7965388167649508,
                    "R6": 2.7855144469067454,
                    "R7": 2.779255939181894,
                    "R8": 2.776581923943013,
                    "R9": 2.78355332929641,
                    "as": 3.032519973348826,
                    "comp": 21.463293022010475,
                    "dc": 0.03291529277339578
                }
            },
            "std": {
                "reward": 29567,
                "time": 3.5982422828674316
            }
        }
    },
    "e-greedy-decreasing": {
        "it-22": {
            "args": {
                "alpha_seed": 561,
                "epsilon_seed": 802,
                "random_arm_seed": 478,
                "reward_seed": 22,
                "sigma_seed": 93
            },
            "gen-distributed": {
                "reward": 29536,
                "time": 10.01065585995093,
                "time_by_components": {
                    "R0": 1.0253614261746407,
                    "R1": 0.5214610327966511,
                    "R2": 0.5160245238803327,
                    "R3": 0.5232031457126141,
                    "R4": 0.5220277197659016,
                    "R5": 0.5154194375500083,
                    "R6": 0.512466439511627,
                    "R7": 0.5138160171918571,
                    "R8": 0.5128102176822722,
                    "R9": 0.5183311812579632,
                    "as": 2.545117949601263,
                    "comp": 0.23130392841994762,
                    "dc": 0
                }
            },
            "gen-secure": {
                "reward": 29536,
                "time": 56.38156376592815,
                "time_by_components": {
                    "R0": 3.7242798497900367,
                    "R1": 3.013294415548444,
                    "R2": 2.920735155697912,
                    "R3": 2.893685589544475,
                    "R4": 2.8452975200489163,
                    "R5": 2.83674200065434,
                    "R6": 2.8342264285311103,
                    "R7": 2.82657568436116,
                    "R8": 2.8160357354208827,
                    "R9": 2.812905916944146,
                    "as": 3.001658257562667,
                    "comp": 21.774759128224105,
                    "dc": 0.03299972601234913
                }
            },
            "std": {
                "reward": 29536,
                "time": 3.6242823600769043
            }
        }
    },
    "nb_iterations": 50,
    "pursuit": {
        "it-22": {
            "args": {
                "alpha_seed": 802,
                "beta": 0.2,
                "random_arm_seed": 478,
                "reward_seed": 22,
                "sigma_seed": 93
            },
            "gen-distributed": {
                "reward": 27368,
                "time": 20.06516036298126,
                "time_by_components": {
                    "R0": 1.2123203817754984,
                    "R1": 1.1313037970103323,
                    "R2": 1.639526020269841,
                    "R3": 1.1159480004571378,
                    "R4": 1.1120408540591598,
                    "R5": 1.117121655959636,
                    "R6": 1.1122050411067903,
                    "R7": 1.109737261198461,
                    "R8": 1.1435268810018897,
                    "R9": 1.11436567036435,
                    "as": 5.09568766085431,
                    "comp": 1.0612504901364446,
                    "dc": 0
                }
            },
            "gen-secure": {
                "reward": 27368,
                "time": 114.42634611018002,
                "time_by_components": {
                    "R0": 6.580029446166009,
                    "R1": 6.086154683958739,
                    "R2": 6.609566085040569,
                    "R3": 5.917671239934862,
                    "R4": 5.784170530270785,
                    "R5": 5.851316266693175,
                    "R6": 5.764720720704645,
                    "R7": 5.78206028835848,
                    "R8": 5.920332057867199,
                    "R9": 5.802734084893018,
                    "as": 6.128423102200031,
                    "comp": 45.150119178462774,
                    "dc": 0.03285014070570469
                }
            },
            "std": {
                "reward": 27368,