{
    "N": 100000,
    "arms": [
        0.4960973461954129,
        0.46519633350678463,
        0.4564303726534043,
        0.45410879397990633,
        0.4505463715326422,
        0.4449825881599488,
        0.4438618260417084,
        0.4347356202217508,
        0.42404835287995835,
        0.41264059560501143
    ],
    "boltzmann": {
        "it-26": {
            "args": {
                "alpha_seed": 390,
                "random_arm_seed": 282,
                "reward_seed": 26,
                "sigma_seed": 336,
                "tau": 0.02
            },
            "gen-distributed": {
                "reward": 45783,
                "time": 17.576035955920815,
                "time_by_components": {
                    "R0": 0.9748142161406577,
                    "R1": 1.497977674473077,
                    "R2": 0.9193805512040854,
                    "R3": 0.9120471607893705,
                    "R4": 1.1897654347121716,
                    "R5": 0.9184690220281482,
                    "R6": 0.912485699634999,
                    "R7": 0.9120470378547907,
                    "R8": 0.9113940792158246,
                    "R9": 0.9653465109877288,
                    "as": 4.194924203678966,
                    "comp": 1.5219191336072981,
                    "dc": 0
                }
            },
            "gen-secure": {
                "reward": 45783,
                "time": 98.35472061671317,
                "time_by_components": {
                    "R0": 5.597564269788563,
                    "R1": 5.891805847175419,
                    "R2": 5.1191424313001335,
                    "R3": 5.037646086420864,
                    "R4": 5.284307193476707,
                    "R5": 4.977743641473353,
                    "R6": 4.931651301216334,
                    "R7": 4.924420042429119,
                    "R8": 4.907663960009813,
                    "R9": 4.982484895735979,
                    "as": 5.160600011702627,
                    "comp": 38.9500540853478,
                    "dc": 0.03292361833155155
                }
            },
            "std": {
                "reward": 45783,
                "time": 6.229847431182861
            }
        }
    },
    "e-greedy": {
        "it-26": {
            "args": {
                "alpha_seed": 825,
                "epsilon": 0.1,
                "epsilon_seed": 442,
                "random_arm_seed": 406,
                "reward_seed": 26,
                "sigma_seed": 528
            },
            "gen-distributed": {
                "reward": 48972,
                "time": 16.299513610079885,
                "time_by_components": {
                    "R0": 1.6463247397914529,
                    "R1": 0.8446124428883195,
                    "R2": 0.8360293218865991,
                    "R3": 0.8302458319813013,
                    "R4": 0.8534591034986079,
                    "R5": 0.8360121971927583,
                    "R6": 0.8375458754599094,
                    "R7": 0.8315472803078592,
                    "R8": 0.8365003140643239,
                    "R9": 0.8362439493648708,
                    "as": 4.209596419241279,
                    "comp": 0.40798133006319404,
                    "dc": 0
                }
            },
            "gen-secure": {
                "reward": 48972,
                "time": 92.30341457994655,
                "time_by_components": {
                    "R0": 6.0572711350396276,
                    "R1": 4.898340530693531,
                    "R2": 4.7427101959474385,
                    "R3": 4.684517350047827,
                    "R4": 4.650846704374999,
                    "R5": 4.620520187076181,
                    "R6": 4.608739230781794,
                    "R7": 4.5894116456620395,
                    "R8": 4.582109928596765,
                    "R9": 4.582586737349629,
                    "as": 5.058757489081472,
                    "comp": 35.87908479431644,
                    "dc": 0.03297339705750346
                }
            },
            "std": {
                "reward": 48972,
                "time": 5.571789741516113
            }
        }
    },
    "e-greedy-decreasing": {
        "it-26": {
            "args": {
                "alpha_seed": 36,
                "epsilon_seed": 390,
                "random_arm_seed": 282,
                "reward_seed": 26,
                "sigma_seed": 370
            },
            "gen-distributed": {
                "reward": 48190,
                "time": 16.714091475121677,
                "time_by_components": {
                    "R0": 1.4109802576713264,
                    "R1": 1.1989788352511823,
                    "R2": 0.8663027556613088,
                    "R3": 0.8655576324090362,
                    "R4": 0.8691319162026048,
                    "R5": 0.8726047701202333,
                    "R6": 0.8653271677903831,
                    "R7": 0.863709966186434,
                    "R8": 0.8597351158969104,
                    "R9": 0.8654800308868289,
                    "as": 4.2327436921186745,
                    "comp": 0.38032570015639067,
                    "dc": 0
                }
            },
            "gen-secure": {
                "reward": 48190,
                "time": 94.07099283114076,
                "time_by_components": {
                    "R0": 5.845430571585894,
                    "R1": 5.341964070219547,
                    "R2": 4.860907140187919,
                    "R3": 4.79148287884891,
                    "R4": 4.739433420356363,
                    "R5": 4.719914781861007,
                    "R6": 4.6986484145745635,
                    "R7": 4.6875239266082644,
                    "R8": 4.686399940401316,
                    "R9": 4.680716939270496,
                    "as": 5.035822748672217,
                    "comp": 36.521287684794515,
                    "dc": 0.03301085578277707
                }
            },
            "std": {
                "reward": 48190,
                "time": 6.08600640296936
            }
        }
    },
    "nb_iterations": 50,
    "pursuit": {
        "it-26": {
            "args": {
                "alpha_seed": 390,
                "beta": 0.2,
                "random_arm_seed": 282,
                "reward_seed": 26,
                "sigma_seed": 370
            },
            "gen-distributed": {
                "reward": 44445,
                "time": 34.11395951313898,
                "time_by_components": {
                    "R0": 2.0620356677100062,
                    "R1": 1.9206655588932335,
                    "R2": 1.9017482651397586,
                    "R3": 1.8893395685590804,
                    "R4": 1.8903526198118925,
                    "R5": 2.819677864201367,
                    "R6": 1.8959395391866565,
                    "R7": 1.8856629999354482,
                    "R8": 1.886754851322621,
                    "R9": 1.885432796087116,
                    "as": 8.67538791988045,
                    "comp": 1.8126105251722038,
                    "dc": 0
                }
            },
            "gen-secure": {
                "reward": 44445,
                "time": 192.25528865633532,
                "time_by_components": {
                    "R0": 11.089778842404485,
                    "R1": 10.333048092201352,
                    "R2": 9.94975875178352,
                    "R3": 9.79797001928091,
                    "R4": 9.843542004935443,
                    "R5": 10.9074268178083,
                    "R6": 9.743544549681246,
                    "R7": 9.645589644089341,
                    "R8": 9.759725614450872,
                    "R9": 9.739547771867365,
                    "as": 10.39685044111684,
                    "comp": 75.92563135083765,
                    "dc": 0.032922674901783466
                }
            },
            "std": {
                "reward": 44445,