{
    "N": 80000,
    "arms": [
        0.4960973461954129,
        0.46519633350678463,
        0.4564303726534043,
        0.45410879397990633,
        0.4505463715326422,
        0.4449825881599488,
        0.4438618260417084,
        0.4347356202217508,
        0.42404835287995835,
        0.41264059560501143
    ],
    "boltzmann": {
        "it-2": {
            "args": {
                "alpha_seed": 724,
                "random_arm_seed": 64,
                "reward_seed": 2,
                "sigma_seed": 522,
                "tau": 0.02
            },
            "gen-distributed": {
                "reward": 38875,
                "time": 14.582037456799299,
                "time_by_components": {
                    "R0": 1.3196225655265152,
                    "R1": 0.9535466898232698,
                    "R2": 0.7590236840769649,
                    "R3": 0.7544628344476223,
                    "R4": 0.7799531314522028,
                    "R5": 0.7833597231656313,
                    "R6": 0.757229205686599,
                    "R7": 0.7557712779380381,
                    "R8": 0.755467492621392,
                    "R9": 0.756215232424438,
                    "as": 3.4916844689287245,
                    "comp": 1.263058366253972,
                    "dc": 0
                }
            },
            "gen-secure": {
                "reward": 38875,
                "time": 78.81050183903426,
                "time_by_components": {
                    "R0": 5.084434118121862,
                    "R1": 4.416401032358408,
                    "R2": 4.0993101126514375,
                    "R3": 4.02241471176967,
                    "R4": 4.001551909837872,
                    "R5": 4.042112924158573,
                    "R6": 3.965135016478598,
                    "R7": 3.9476648340933025,
                    "R8": 3.979364004917443,
                    "R9": 3.9575324351899326,
                    "as": 4.092513721436262,
                    "comp": 31.145368858706206,
                    "dc": 0.03312948485836387
                }
            },
            "std": {
                "reward": 38875,
                "time": 5.30117392539978
            }
        }
    },
    "e-greedy": {
        "it-2": {
            "args": {
                "alpha_seed": 111,
                "epsilon": 0.1,
                "epsilon_seed": 720,
                "random_arm_seed": 236,
                "reward_seed": 2,
                "sigma_seed": 109
            },
            "gen-distributed": {
                "reward": 38838,
                "time": 13.162779928185046,
                "time_by_components": {
                    "R0": 1.2188164200633764,
                    "R1": 0.7537179263308644,
                    "R2": 0.7157427403144538,
                    "R3": 0.6685753306373954,
                    "R4": 0.6684528663754463,
                    "R5": 0.6832693521864712,
                    "R6": 0.6701386901549995,
                    "R7": 0.6713599106296897,
                    "R8": 0.6693897056393325,
                    "R9": 0.6680276081897318,
                    "as": 3.4258525324985385,
                    "comp": 0.33132134610787034,
                    "dc": 0
                }
            },
            "gen-secure": {
                "reward": 38838,
                "time": 73.7493659784086,
                "time_by_components": {
                    "R0": 4.717603692319244,
                    "R1": 3.992224720772356,
                    "R2": 3.8471276238560677,
                    "R3": 3.7507300139404833,
                    "R4": 3.701171503867954,
                    "R5": 3.72934016212821,
                    "R6": 3.6899568256922066,
                    "R7": 3.6773544512689114,
                    "R8": 3.6712280926294625,
                    "R9": 3.6717375037260354,
                    "as": 4.0256469044834375,
                    "comp": 28.61241950839758,
                    "dc": 0.03331697639077902
                }
            },
            "std": {
                "reward": 38838,
                "time": 4.674935817718506
            }
        }
    },
    "e-greedy-decreasing": {
        "it-2": {
            "args": {
                "alpha_seed": 956,
                "epsilon_seed": 724,
                "random_arm_seed": 64,
                "reward_seed": 2,
                "sigma_seed": 833
            },
            "gen-distributed": {
                "reward": 38831,
                "time": 13.273830706719309,
                "time_by_components": {
                    "R0": 1.2208504881709814,
                    "R1": 0.7887780624441803,
                    "R2": 0.6917306068353355,
                    "R3": 0.6851655002683401,
                    "R4": 0.7481418787501752,
                    "R5": 0.6839288929477334,
                    "R6": 0.6836237050592899,
                    "R7": 0.6840658723376691,
                    "R8": 0.682210564147681,
                    "R9": 0.682160971686244,
                    "as": 3.3690910702571273,
                    "comp": 0.30501396721228957,
                    "dc": 0
                }
            },
            "gen-secure": {
                "reward": 38831,
                "time": 74.82337859505787,
                "time_by_components": {
                    "R0": 4.750854596495628,
                    "R1": 4.077535730786622,
                    "R2": 3.869548938702792,
                    "R3": 3.848349880427122,
                    "R4": 3.834087172523141,
                    "R5": 3.7498139841482043,
                    "R6": 3.7498562135733664,
                    "R7": 3.7300950195640326,
                    "R8": 3.72318690828979,
                    "R9": 3.732683909125626,
                    "as": 4.018014858011156,
                    "comp": 28.986339726950973,
                    "dc": 0.03301170514896512
                }
            },
            "std": {
                "reward": 38831,
                "time": 4.94389271736145
            }
        }
    },
    "nb_iterations": 50,
    "pursuit": {
        "it-2": {
            "args": {
                "alpha_seed": 724,
                "beta": 0.2,
                "random_arm_seed": 64,
                "reward_seed": 2,
                "sigma_seed": 833
            },
            "gen-distributed": {
                "reward": 37272,
                "time": 27.122632793150842,
                "time_by_components": {
                    "R0": 1.6397187313996255,
                    "R1": 2.269939270336181,
                    "R2": 1.5209276285022497,
                    "R3": 1.5069828839041293,
                    "R4": 1.5041491105221212,
                    "R5": 1.5106443162076175,
                    "R6": 1.5041656191460788,
                    "R7": 1.5027185305953026,
                    "R8": 1.4979424504563212,
                    "R9": 1.503665094729513,
                    "as": 6.907979386392981,
                    "comp": 1.448653042782098,
                    "dc": 0
                }
            },
            "gen-secure": {
                "reward": 37272,
                "time": 153.2175091812387,
                "time_by_components": {
                    "R0": 8.883511963766068,
                    "R1": 9.045126058161259,
                    "R2": 8.032408415339887,
                    "R3": 7.852564396336675,
                    "R4": 7.8355733919888735,
                    "R5": 7.855216889642179,
                    "R6": 7.76229547848925,
                    "R7": 7.783694982063025,
                    "R8": 7.695974243339151,
                    "R9": 7.684276136569679,
                    "as": 8.11690779775381,
                    "comp": 60.62357682408765,
                    "dc": 0.03306074487045407
                }
            },
            "std": {
                "reward": 37272,