{
    "N": 70000,
    "arms": [
        0.4960973461954129,
        0.46519633350678463,
        0.4564303726534043,
        0.45410879397990633,
        0.4505463715326422,
        0.4449825881599488,
        0.4438618260417084,
        0.4347356202217508,
        0.42404835287995835,
        0.41264059560501143
    ],
    "boltzmann": {
        "it-11": {
            "args": {
                "alpha_seed": 867,
                "random_arm_seed": 965,
                "reward_seed": 11,
                "sigma_seed": 698,
                "tau": 0.02
            },
            "gen-distributed": {
                "reward": 32201,
                "time": 12.738656343892217,
                "time_by_components": {
                    "R0": 0.7065795189701021,
                    "R1": 0.9313276233151555,
                    "R2": 0.8791872733272612,
                    "R3": 0.6626941761933267,
                    "R4": 0.8317699823528528,
                    "R5": 0.6652037049643695,
                    "R6": 0.664430720731616,
                    "R7": 0.6608813847415149,
                    "R8": 0.6604603119194508,
                    "R9": 0.66445083450526,
                    "as": 3.0513400034978986,
                    "comp": 1.1030191318131983,
                    "dc": 0
                }
            },
            "gen-secure": {
                "reward": 32201,
                "time": 69.33617889042944,
                "time_by_components": {
                    "R0": 3.9519344167783856,
                    "R1": 3.9687852864153683,
                    "R2": 3.862126288935542,
                    "R3": 3.613545056898147,
                    "R4": 3.687421938404441,
                    "R5": 3.507901872973889,
                    "R6": 3.4854807457886636,
                    "R7": 3.476230391766876,
                    "R8": 3.46812615217641,
                    "R9": 3.483450496569276,
                    "as": 3.604670388158411,
                    "comp": 27.424167127814144,
                    "dc": 0.032865624874830246
                }
            },
            "std": {
                "reward": 32201,
                "time": 4.687837362289429
            }
        }
    },
    "e-greedy": {
        "it-11": {
            "args": {
                "alpha_seed": 401,
                "epsilon": 0.1,
                "epsilon_seed": 480,
                "random_arm_seed": 551,
                "reward_seed": 11,
                "sigma_seed": 780
            },
            "gen-distributed": {
                "reward": 34448,
                "time": 11.366788727231324,
                "time_by_components": {
                    "R0": 1.167259357869625,
                    "R1": 0.5894276690669358,
                    "R2": 0.5833282051607966,
                    "R3": 0.5852869749069214,
                    "R4": 0.5804181005805731,
                    "R5": 0.5813730405643582,
                    "R6": 0.5799375800415874,
                    "R7": 0.580156575422734,
                    "R8": 0.5791090382263064,
                    "R9": 0.5793573069386184,
                    "as": 2.942909087985754,
                    "comp": 0.2851574495434761,
                    "dc": 0
                }
            },
            "gen-secure": {
                "reward": 34448,
                "time": 64.64231420913711,
                "time_by_components": {
                    "R0": 4.253840549848974,
                    "R1": 3.444413745775819,
                    "R2": 3.337367928121239,
                    "R3": 3.3177659078501165,
                    "R4": 3.2630679504945874,
                    "R5": 3.246720537543297,
                    "R6": 3.236299349460751,
                    "R7": 3.22873646998778,
                    "R8": 3.224720461294055,
                    "R9": 3.219421983230859,
                    "as": 3.517500182148069,
                    "comp": 25.023966459091753,
                    "dc": 0.03305721003562212
                }
            },
            "std": {
                "reward": 34448,
                "time": 4.069401025772095
            }
        }
    },
    "e-greedy-decreasing": {
        "it-11": {
            "args": {
                "alpha_seed": 458,
                "epsilon_seed": 867,
                "random_arm_seed": 965,
                "reward_seed": 11,
                "sigma_seed": 427
            },
            "gen-distributed": {
                "reward": 32593,
                "time": 11.653163273818791,
                "time_by_components": {
                    "R0": 0.6271113120019436,
                    "R1": 1.1722134468145669,
                    "R2": 0.6291028335690498,
                    "R3": 0.6042597377672791,
                    "R4": 0.602749444078654,
                    "R5": 0.5989937353879213,
                    "R6": 0.5997533658519387,
                    "R7": 0.5986778079532087,
                    "R8": 0.599885581061244,
                    "R9": 0.6008560294285417,
                    "as": 2.962780705653131,
                    "comp": 0.2673431523144245,
                    "dc": 0
                }
            },
            "gen-secure": {
                "reward": 32593,
                "time": 65.37498441617936,
                "time_by_components": {
                    "R0": 3.6550577548332512,
                    "R1": 4.077399076428264,
                    "R2": 3.4278842313215137,
                    "R3": 3.3943730271421373,
                    "R4": 3.300695138052106,
                    "R5": 3.3144840924069285,
                    "R6": 3.273310685995966,
                    "R7": 3.265049386769533,
                    "R8": 3.2577947406098247,
                    "R9": 3.2566667161881924,
                    "as": 3.500349002890289,
                    "comp": 25.25343794701621,
                    "dc": 0.033061154186725616
                }
            },
            "std": {
                "reward": 32593,
                "time": 4.214767694473267
            }
        }
    },
    "nb_iterations": 50,
    "pursuit": {
        "it-11": {
            "args": {
                "alpha_seed": 867,
                "beta": 0.2,
                "random_arm_seed": 965,
                "reward_seed": 11,
                "sigma_seed": 427
            },
            "gen-distributed": {
                "reward": 31150,
                "time": 23.653156097978354,
                "time_by_components": {
                    "R0": 1.4285270888358355,
                    "R1": 1.3336562514305115,
                    "R2": 1.3238552445545793,
                    "R3": 1.3203106112778187,
                    "R4": 1.3180384053848684,
                    "R5": 1.323162539396435,
                    "R6": 1.9647894091904163,
                    "R7": 1.3211004240438342,
                    "R8": 1.3145532505586743,
                    "R9": 1.3154081488028169,
                    "as": 5.992341103963554,
                    "comp": 1.2501027616672218,
                    "dc": 0
                }
            },
            "gen-secure": {
                "reward": 31150,
                "time": 135.0364566151984,
                "time_by_components": {
                    "R0": 7.865427608601749,
                    "R1": 7.240100906696171,
                    "R2": 7.050721399486065,
                    "R3": 6.935069815721363,
                    "R4": 6.883885375689715,
                    "R5": 6.90433862619102,
                    "R6": 7.625115587376058,
                    "R7": 6.829523093998432,
                    "R8": 6.77301131002605,
                    "R9": 6.8415237958543,
                    "as": 7.221495530102402,
                    "comp": 53.3095934772864,
                    "dc": 0.03359250398352742
                }
            },
            "std": {
                "reward": 31150,