{
    "N": 70000,
    "arms": [
        0.4960973461954129,
        0.46519633350678463,
        0.4564303726534043,
        0.45410879397990633,
        0.4505463715326422,
        0.4449825881599488,
        0.4438618260417084,
        0.4347356202217508,
        0.42404835287995835,
        0.41264059560501143
    ],
    "boltzmann": {
        "it-24": {
            "args": {
                "alpha_seed": 410,
                "random_arm_seed": 706,
                "reward_seed": 24,
                "sigma_seed": 32,
                "tau": 0.02
            },
            "gen-distributed": {
                "reward": 34572,
                "time": 12.644173484295607,
                "time_by_components": {
                    "R0": 1.2985703712329268,
                    "R1": 0.6693097590468824,
                    "R2": 0.6585824131034315,
                    "R3": 0.6678881510160863,
                    "R4": 0.6569684469141066,
                    "R5": 0.6608616365119815,
                    "R6": 0.6897781100124121,
                    "R7": 0.6745423977263272,
                    "R8": 0.6569862347096205,
                    "R9": 0.6571713504381478,
                    "as": 3.014652137644589,
                    "comp": 1.0909319981001318,
                    "dc": 0
                }
            },
            "gen-secure": {
                "reward": 34572,
                "time": 69.09549595415592,
                "time_by_components": {
                    "R0": 4.595912573859096,
                    "R1": 3.7254983824677765,
                    "R2": 3.5829530586488545,
                    "R3": 3.5543078766204417,
                    "R4": 3.4859989061951637,
                    "R5": 3.4827368166297674,
                    "R6": 3.509911951608956,
                    "R7": 3.4835819988511503,
                    "R8": 3.457391558215022,
                    "R9": 3.452910816296935,
                    "as": 3.613786268979311,
                    "comp": 27.369289979804307,
                    "dc": 0.033096770755946636
                }
            },
            "std": {
                "reward": 34572,
                "time": 4.719151973724365
            }
        }
    },
    "e-greedy": {
        "it-24": {
            "args": {
                "alpha_seed": 981,
                "epsilon": 0.1,
                "epsilon_seed": 41,
                "random_arm_seed": 651,
                "reward_seed": 24,
                "sigma_seed": 620
            },
            "gen-distributed": {
                "reward": 34450,
                "time": 11.55969628924504,
                "time_by_components": {
                    "R0": 1.179515769239515,
                    "R1": 0.5954175284132361,
                    "R2": 0.5906065520830452,
                    "R3": 0.5882589402608573,
                    "R4": 0.5860745157115161,
                    "R5": 0.5873226979747415,
                    "R6": 0.587242700625211,
                    "R7": 0.586723221000284,
                    "R8": 0.5867325067520142,
                    "R9": 0.5908211735077202,
                    "as": 3.0108050513081253,
                    "comp": 0.2939143069088459,
                    "dc": 0
                }
            },
            "gen-secure": {
                "reward": 34450,
                "time": 64.5798687338829,
                "time_by_components": {
                    "R0": 4.25193843152374,
                    "R1": 3.4376243255101144,
                    "R2": 3.329853934235871,
                    "R3": 3.292754945345223,
                    "R4": 3.2465297295711935,
                    "R5": 3.2456440539099276,
                    "R6": 3.2380674108862877,
                    "R7": 3.235967576969415,
                    "R8": 3.2212631898000836,
                    "R9": 3.2296941010281444,
                    "as": 3.52027326496318,
                    "comp": 25.006153468973935,
                    "dc": 0.03305796114727855
                }
            },
            "std": {
                "reward": 34450,
                "time": 4.2700700759887695
            }
        }
    },
    "e-greedy-decreasing": {
        "it-24": {
            "args": {
                "alpha_seed": 550,
                "epsilon_seed": 410,
                "random_arm_seed": 706,
                "reward_seed": 24,
                "sigma_seed": 892
            },
            "gen-distributed": {
                "reward": 34357,
                "time": 11.606493149884045,
                "time_by_components": {
                    "R0": 1.172023359220475,
                    "R1": 0.6058803596533835,
                    "R2": 0.6002235505729914,
                    "R3": 0.5975740109570324,
                    "R4": 0.5962488641962409,
                    "R5": 0.5974053242243826,
                    "R6": 0.6366457426920533,
                    "R7": 0.597836650442332,
                    "R8": 0.5956215183250606,
                    "R9": 0.596730075776577,
                    "as": 2.952347774989903,
                    "comp": 0.267370521556586,
                    "dc": 0
                }
            },
            "gen-secure": {
                "reward": 34357,
                "time": 65.67876760987565,
                "time_by_components": {
                    "R0": 4.339356450829655,
                    "R1": 3.51452674344182,
                    "R2": 3.3926323666237295,
                    "R3": 3.344824183732271,
                    "R4": 3.3013393455184996,
                    "R5": 3.287401840556413,
                    "R6": 3.3387569626793265,
                    "R7": 3.2795097483322024,
                    "R8": 3.2687253351323307,
                    "R9": 3.2751465579494834,
                    "as": 3.5466305050067604,
                    "comp": 25.37248489772901,
                    "dc": 0.03318652184680104
                }
            },
            "std": {
                "reward": 34357,
                "time": 4.228188514709473
            }
        }
    },
    "nb_iterations": 50,
    "pursuit": {
        "it-24": {
            "args": {
                "alpha_seed": 410,
                "beta": 0.2,
                "random_arm_seed": 706,
                "reward_seed": 24,
                "sigma_seed": 892
            },
            "gen-distributed": {
                "reward": 34828,
                "time": 23.341116814874113,
                "time_by_components": {
                    "R0": 2.032262518070638,
                    "R1": 1.3252491769380867,
                    "R2": 1.3029979127459228,
                    "R3": 1.295271388720721,
                    "R4": 1.2934101815335453,
                    "R5": 1.2977850208990276,
                    "R6": 1.2979379068128765,
                    "R7": 1.297446679789573,
                    "R8": 1.290156212169677,
                    "R9": 1.2934068525210023,
                    "as": 5.948609637096524,
                    "comp": 1.236179634463042,
                    "dc": 0
                }
            },
            "gen-secure": {
                "reward": 34828,
                "time": 134.70716396765783,
                "time_by_components": {
                    "R0": 8.514966036658734,
                    "R1": 7.275727713946253,
                    "R2": 6.980936704669148,
                    "R3": 6.962871418334544,
                    "R4": 6.792790066450834,
                    "R5": 6.778803141321987,
                    "R6": 6.839096777141094,
                    "R7": 6.849313719663769,
                    "R8": 6.822623963467777,
                    "R9": 6.736426231451333,
                    "as": 7.219721399713308,
                    "comp": 53.389267842285335,
                    "dc": 0.033449459820985794
                }
            },
            "std": {
                "reward": 34828,