{
    "N": 100000,
    "arms": [
        0.4960973461954129,
        0.46519633350678463,
        0.4564303726534043,
        0.45410879397990633,
        0.4505463715326422,
        0.4449825881599488,
        0.4438618260417084,
        0.4347356202217508,
        0.42404835287995835,
        0.41264059560501143
    ],
    "boltzmann": {
        "it-7": {
            "args": {
                "alpha_seed": 316,
                "random_arm_seed": 785,
                "reward_seed": 7,
                "sigma_seed": 861,
                "tau": 0.02
            },
            "gen-distributed": {
                "reward": 48730,
                "time": 18.10741450311616,
                "time_by_components": {
                    "R0": 1.716940846759826,
                    "R1": 1.0378774930723011,
                    "R2": 0.9420047691091895,
                    "R3": 0.9388184249401093,
                    "R4": 0.9373272829689085,
                    "R5": 1.0512705314904451,
                    "R6": 0.95172362588346,
                    "R7": 0.93767234031111,
                    "R8": 0.9370219055563211,
                    "R9": 0.9363596006296575,
                    "as": 4.348596757743508,
                    "comp": 1.5828080521896482,
                    "dc": 0
                }
            },
            "gen-secure": {
                "reward": 48730,
                "time": 98.5013863989152,
                "time_by_components": {
                    "R0": 6.374217766337097,
                    "R1": 5.338235253002495,
                    "R2": 5.111740636173636,
                    "R3": 5.034630845300853,
                    "R4": 4.962422720622271,
                    "R5": 5.077441960107535,
                    "R6": 4.955012389924377,
                    "R7": 4.924261354841292,
                    "R8": 4.912965424824506,
                    "R9": 4.916589475236833,
                    "as": 5.064275019802153,
                    "comp": 39.261810645926744,
                    "dc": 0.033088569063693285
                }
            },
            "std": {
                "reward": 48730,
                "time": 6.5414838790893555
            }
        }
    },
    "e-greedy": {
        "it-7": {
            "args": {
                "alpha_seed": 72,
                "epsilon": 0.1,
                "epsilon_seed": 765,
                "random_arm_seed": 504,
                "reward_seed": 7,
                "sigma_seed": 572
            },
            "gen-distributed": {
                "reward": 49138,
                "time": 16.312094944994897,
                "time_by_components": {
                    "R0": 1.6785899815149605,
                    "R1": 0.8463868829421699,
                    "R2": 0.8343475782312453,
                    "R3": 0.8337668054737151,
                    "R4": 0.8351044449955225,
                    "R5": 0.8387173120863736,
                    "R6": 0.837962357327342,
                    "R7": 0.8346947086974978,
                    "R8": 0.8352126106619835,
                    "R9": 0.8333394485525787,
                    "as": 4.2220021416433156,
                    "comp": 0.4084528093226254,
                    "dc": 0
                }
            },
            "gen-secure": {
                "reward": 49138,
                "time": 92.07107906602323,
                "time_by_components": {
                    "R0": 6.054630936123431,
                    "R1": 4.879400689620525,
                    "R2": 4.722644543275237,
                    "R3": 4.669789616949856,
                    "R4": 4.603195650503039,
                    "R5": 4.584317107219249,
                    "R6": 4.571338982321322,
                    "R7": 4.565353803802282,
                    "R8": 4.564152237493545,
                    "R9": 4.5537365465424955,
                    "as": 5.0965921324677765,
                    "comp": 35.871731266379356,
                    "dc": 0.03286690916866064
                }
            },
            "std": {
                "reward": 49138,
                "time": 6.042242765426636
            }
        }
    },
    "e-greedy-decreasing": {
        "it-7": {
            "args": {
                "alpha_seed": 77,
                "epsilon_seed": 316,
                "random_arm_seed": 785,
                "reward_seed": 7,
                "sigma_seed": 755
            },
            "gen-distributed": {
                "reward": 49328,
                "time": 16.58188332337886,
                "time_by_components": {
                    "R0": 1.7354694618843496,
                    "R1": 0.8720141453668475,
                    "R2": 0.8628585441038013,
                    "R3": 0.8577935504727066,
                    "R4": 0.8573885825462639,
                    "R5": 0.8581680771894753,
                    "R6": 0.8572590439580381,
                    "R7": 0.8564502447843552,
                    "R8": 0.8558210656046867,
                    "R9": 0.856237409170717,
                    "as": 4.197601307649165,
                    "comp": 0.3770660161972046,
                    "dc": 0
                }
            },
            "gen-secure": {
                "reward": 49328,
                "time": 93.53035841416568,
                "time_by_components": {
                    "R0": 6.162047915626317,
                    "R1": 4.989144444465637,
                    "R2": 4.861145400907844,
                    "R3": 4.775666761212051,
                    "R4": 4.6916666608303785,
                    "R5": 4.672305829357356,
                    "R6": 4.65531170880422,
                    "R7": 4.665695360861719,
                    "R8": 4.640074078924954,
                    "R9": 4.643506105989218,
                    "as": 5.017825796734542,
                    "comp": 36.310004118829966,
                    "dc": 0.03323956485837698
                }
            },
            "std": {
                "reward": 49328,
                "time": 6.010713815689087
            }
        }
    },
    "nb_iterations": 50,
    "pursuit": {
        "it-7": {
            "args": {
                "alpha_seed": 316,
                "beta": 0.2,
                "random_arm_seed": 785,
                "reward_seed": 7,
                "sigma_seed": 755
            },
            "gen-distributed": {
                "reward": 44854,
                "time": 33.84600089490414,
                "time_by_components": {
                    "R0": 2.0458695888519287,
                    "R1": 1.904822064563632,
                    "R2": 1.8935302845202386,
                    "R3": 2.290053464472294,
                    "R4": 1.8847917634993792,
                    "R5": 2.397939725778997,
                    "R6": 1.8821980580687523,
                    "R7": 1.8782798442989588,
                    "R8": 1.8769715521484613,
                    "R9": 1.8810207890346646,
                    "as": 8.59462805557996,
                    "comp": 1.7967669651843607,
                    "dc": 0
                }
            },
            "gen-secure": {
                "reward": 44854,
                "time": 189.00816006492823,
                "time_by_components": {
                    "R0": 10.959688945207745,
                    "R1": 10.104928829707205,
                    "R2": 9.771697998978198,
                    "R3": 10.249974583741277,
                    "R4": 9.531153705902398,
                    "R5": 10.218324076384306,
                    "R6": 9.6266826717183,
                    "R7": 9.466524932067841,
                    "R8": 9.532180611044168,
                    "R9": 9.517966477200389,
                    "as": 10.174547502305359,
                    "comp": 74.87409838614985,
                    "dc": 0.0333652556873858
                }
            },
            "std": {
                "reward": 44854,