{
    "N": 100000,
    "arms": [
        0.4960973461954129,
        0.46519633350678463,
        0.4564303726534043,
        0.45410879397990633,
        0.4505463715326422,
        0.4449825881599488,
        0.4438618260417084,
        0.4347356202217508,
        0.42404835287995835,
        0.41264059560501143
    ],
    "boltzmann": {
        "it-40": {
            "args": {
                "alpha_seed": 978,
                "random_arm_seed": 836,
                "reward_seed": 40,
                "sigma_seed": 358,
                "tau": 0.02
            },
            "gen-distributed": {
                "reward": 49120,
                "time": 18.123116842005402,
                "time_by_components": {
                    "R0": 1.8107739705592394,
                    "R1": 0.9576383847743273,
                    "R2": 0.9975313930772245,
                    "R3": 1.007257744204253,
                    "R4": 0.9414886706508696,
                    "R5": 0.9455588520504534,
                    "R6": 0.9435272021219134,
                    "R7": 0.9418596168980002,
                    "R8": 0.9443832659162581,
                    "R9": 0.9412388112396002,
                    "as": 4.338453311473131,
                    "comp": 1.5596080776304007,
                    "dc": 0
                }
            },
            "gen-secure": {
                "reward": 49120,
                "time": 98.72581876674667,
                "time_by_components": {
                    "R0": 6.494994988664985,
                    "R1": 5.2934714499861,
                    "R2": 5.159839874133468,
                    "R3": 5.0999256311915815,
                    "R4": 4.974537920206785,
                    "R5": 4.989338839892298,
                    "R6": 4.96013991907239,
                    "R7": 4.936955860815942,
                    "R8": 4.936673208605498,
                    "R9": 4.91259196633473,
                    "as": 5.149067745544016,
                    "comp": 39.23944397037849,
                    "dc": 0.03289591381326318
                }
            },
            "std": {
                "reward": 49120,
                "time": 6.635685682296753
            }
        }
    },
    "e-greedy": {
        "it-40": {
            "args": {
                "alpha_seed": 800,
                "epsilon": 0.1,
                "epsilon_seed": 682,
                "random_arm_seed": 600,
                "reward_seed": 40,
                "sigma_seed": 596
            },
            "gen-distributed": {
                "reward": 49074,
                "time": 16.210097406990826,
                "time_by_components": {
                    "R0": 1.6695464765653014,
                    "R1": 0.8410140536725521,
                    "R2": 0.8325687004253268,
                    "R3": 0.8286887677386403,
                    "R4": 0.8292951164767146,
                    "R5": 0.8340242975391448,
                    "R6": 0.8304236265830696,
                    "R7": 0.8290049880743027,
                    "R8": 0.827321995049715,
                    "R9": 0.8288107933476567,
                    "as": 4.199102537706494,
                    "comp": 0.40205490170046687,
                    "dc": 0
                }
            },
            "gen-secure": {
                "reward": 49074,
                "time": 90.73917217226699,
                "time_by_components": {
                    "R0": 5.956498213578016,
                    "R1": 4.811842238996178,
                    "R2": 4.670187417883426,
                    "R3": 4.609361071139574,
                    "R4": 4.5565167418681085,
                    "R5": 4.553436462767422,
                    "R6": 4.537157271523029,
                    "R7": 4.526930353138596,
                    "R8": 4.517698461189866,
                    "R9": 4.515167667530477,
                    "as": 4.941246394533664,
                    "comp": 35.28800358530134,
                    "dc": 0.03305841330438852
                }
            },
            "std": {
                "reward": 49074,
                "time": 5.927273511886597
            }
        }
    },
    "e-greedy-decreasing": {
        "it-40": {
            "args": {
                "alpha_seed": 700,
                "epsilon_seed": 978,
                "random_arm_seed": 836,
                "reward_seed": 40,
                "sigma_seed": 22
            },
            "gen-distributed": {
                "reward": 49317,
                "time": 16.592567049898207,
                "time_by_components": {
                    "R0": 1.737314695958048,
                    "R1": 0.868541763164103,
                    "R2": 0.8600290301255882,
                    "R3": 0.860399276483804,
                    "R4": 0.8567795865237713,
                    "R5": 0.8612295230850577,
                    "R6": 0.858257744461298,
                    "R7": 0.856803294736892,
                    "R8": 0.8554557184688747,
                    "R9": 0.8578836875967681,
                    "as": 4.2110194456763566,
                    "comp": 0.3745551980100572,
                    "dc": 0
                }
            },
            "gen-secure": {
                "reward": 49317,
                "time": 92.89862341014668,
                "time_by_components": {
                    "R0": 6.125280338339508,
                    "R1": 4.942648979835212,
                    "R2": 4.787238501012325,
                    "R3": 4.7332969955168664,
                    "R4": 4.6705094603821635,
                    "R5": 4.653772593475878,
                    "R6": 4.636486403644085,
                    "R7": 4.631075118668377,
                    "R8": 4.626773682422936,
                    "R9": 4.637971035670489,
                    "as": 4.993370759766549,
                    "comp": 36.076056368183345,
                    "dc": 0.032909402158111334
                }
            },
            "std": {
                "reward": 49317,
                "time": 6.001339435577393
            }
        }
    },
    "nb_iterations": 50,
    "pursuit": {
        "it-40": {
            "args": {
                "alpha_seed": 978,
                "beta": 0.2,
                "random_arm_seed": 836,
                "reward_seed": 40,
                "sigma_seed": 22
            },
            "gen-distributed": {
                "reward": 49650,
                "time": 32.81208919174969,
                "time_by_components": {
                    "R0": 2.8669531447812915,
                    "R1": 1.8613463379442692,
                    "R2": 1.8369576432742178,
                    "R3": 1.8230844060890377,
                    "R4": 1.818540840409696,
                    "R5": 1.8258759952150285,
                    "R6": 1.8215165450237691,
                    "R7": 1.821611386258155,
                    "R8": 1.8145866626873612,
                    "R9": 1.8182109063491225,
                    "as": 8.374840572942048,
                    "comp": 1.7420920399017632,
                    "dc": 0
                }
            },
            "gen-secure": {
                "reward": 49650,
                "time": 191.7689299620688,
                "time_by_components": {
                    "R0": 12.086344568990171,
                    "R1": 10.350836819037795,
                    "R2": 10.052840106189251,
                    "R3": 9.897653427440673,
                    "R4": 9.753702566493303,
                    "R5": 9.664681524503976,
                    "R6": 9.71552810491994,
                    "R7": 9.607315328903496,
                    "R8": 9.705898012034595,
                    "R9": 9.604197298176587,
                    "as": 10.266024138312787,
                    "comp": 76.0549206319265,
                    "dc": 0.033451816998422146
                }
            },
            "std": {
                "reward": 49650,