{
    "N": 50000,
    "arms": [
        0.4960973461954129,
        0.46519633350678463,
        0.4564303726534043,
        0.45410879397990633,
        0.4505463715326422,
        0.4449825881599488,
        0.4438618260417084,
        0.4347356202217508,
        0.42404835287995835,
        0.41264059560501143
    ],
    "boltzmann": {
        "it-39": {
            "args": {
                "alpha_seed": 105,
                "random_arm_seed": 488,
                "reward_seed": 39,
                "sigma_seed": 539,
                "tau": 0.02
            },
            "gen-distributed": {
                "reward": 24157,
                "time": 9.06122611509636,
                "time_by_components": {
                    "R0": 0.792663271073252,
                    "R1": 0.5661777532659471,
                    "R2": 0.4732087920419872,
                    "R3": 0.5210634265094995,
                    "R4": 0.47177332965657115,
                    "R5": 0.49222720926627517,
                    "R6": 0.4712874493561685,
                    "R7": 0.47397554386407137,
                    "R8": 0.46996323112398386,
                    "R9": 0.48551627108827233,
                    "as": 2.160044972319156,
                    "comp": 0.787069187965244,
                    "dc": 0
                }
            },
            "gen-secure": {
                "reward": 24157,
                "time": 50.251233296934515,
                "time_by_components": {
                    "R0": 3.2078576730564237,
                    "R1": 2.794291033409536,
                    "R2": 2.6343528614379466,
                    "R3": 2.647874998860061,
                    "R4": 2.5523077491670847,
                    "R5": 2.570537108462304,
                    "R6": 2.555602191016078,
                    "R7": 2.5493354802019894,
                    "R8": 2.5520868934690952,
                    "R9": 2.560140626039356,
                    "as": 2.6056317798793316,
                    "comp": 19.713470140006393,
                    "dc": 0.03285848814994097
                }
            },
            "std": {
                "reward": 24157,
                "time": 3.320702314376831
            }
        }
    },
    "e-greedy": {
        "it-39": {
            "args": {
                "alpha_seed": 533,
                "epsilon": 0.1,
                "epsilon_seed": 798,
                "random_arm_seed": 481,
                "reward_seed": 39,
                "sigma_seed": 570
            },
            "gen-distributed": {
                "reward": 24620,
                "time": 8.140040809288621,
                "time_by_components": {
                    "R0": 0.8368344539776444,
                    "R1": 0.42221445264294744,
                    "R2": 0.416362501680851,
                    "R3": 0.41642866004258394,
                    "R4": 0.4160978333093226,
                    "R5": 0.41665280563756824,
                    "R6": 0.4153660014271736,
                    "R7": 0.41607409762218595,
                    "R8": 0.41471052216365933,
                    "R9": 0.4141524024307728,
                    "as": 2.110139492433518,
                    "comp": 0.20303454669192433,
                    "dc": 0
                }
            },
            "gen-secure": {
                "reward": 24620,
                "time": 46.719434193801135,
                "time_by_components": {
                    "R0": 3.0789469433948398,
                    "R1": 2.492681706789881,
                    "R2": 2.420339892618358,
                    "R3": 2.3953003231436014,
                    "R4": 2.364454532507807,
                    "R5": 2.364013618323952,
                    "R6": 2.3574308548122644,
                    "R7": 2.3572827223688364,
                    "R8": 2.3493374162353575,
                    "R9": 2.3674617344513535,
                    "as": 2.530108658131212,
                    "comp": 17.952334134839475,
                    "dc": 0.03314522095024586
                }
            },
            "std": {
                "reward": 24620,
                "time": 3.02099347114563
            }
        }
    },
    "e-greedy-decreasing": {
        "it-39": {
            "args": {
                "alpha_seed": 556,
                "epsilon_seed": 105,
                "random_arm_seed": 488,
                "reward_seed": 39,
                "sigma_seed": 820
            },
            "gen-distributed": {
                "reward": 24676,
                "time": 8.33822509413585,
                "time_by_components": {
                    "R0": 0.864776574075222,
                    "R1": 0.43601804273203015,
                    "R2": 0.42944547394290566,
                    "R3": 0.4281573174521327,
                    "R4": 0.4296965501271188,
                    "R5": 0.42774686915799975,
                    "R6": 0.4285008846782148,
                    "R7": 0.42833651043474674,
                    "R8": 0.4277680995874107,
                    "R9": 0.42917079385370016,
                    "as": 2.1301301126368344,
                    "comp": 0.19480352848768234,
                    "dc": 0
                }
            },
            "gen-secure": {
                "reward": 24676,
                "time": 47.344633603002876,
                "time_by_components": {
                    "R0": 3.1193324704654515,
                    "R1": 2.5397886359132826,
                    "R2": 2.465341174043715,
                    "R3": 2.4438458350487053,
                    "R4": 2.4105238914489746,
                    "R5": 2.396775398403406,
                    "R6": 2.395687871146947,
                    "R7": 2.3896886012516916,
                    "R8": 2.3858754127286375,
                    "R9": 2.3896403280086815,
                    "as": 2.4909863150678575,
                    "comp": 18.17890570545569,
                    "dc": 0.03289632126688957
                }
            },
            "std": {
                "reward": 24676,
                "time": 3.0471436977386475
            }
        }
    },
    "nb_iterations": 50,
    "pursuit": {
        "it-39": {
            "args": {
                "alpha_seed": 105,
                "beta": 0.2,
                "random_arm_seed": 488,
                "reward_seed": 39,
                "sigma_seed": 820
            },
            "gen-distributed": {
                "reward": 24872,
                "time": 16.968024615664035,
                "time_by_components": {
                    "R0": 1.4861676669679582,
                    "R1": 0.9621715312823653,
                    "R2": 0.9471227158792317,
                    "R3": 0.9402029090560973,
                    "R4": 0.9389394037425518,
                    "R5": 0.9440468270331621,
                    "R6": 0.9420834216289222,
                    "R7": 0.9409858956933022,
                    "R8": 0.9402690604329109,
                    "R9": 0.9420446380972862,
                    "as": 4.326861863490194,
                    "comp": 0.8985433443449438,
                    "dc": 0
                }
            },
            "gen-secure": {
                "reward": 24872,
                "time": 97.1021282649599,
                "time_by_components": {
                    "R0": 6.12075005704537,
                    "R1": 5.301125481724739,
                    "R2": 5.070579370018095,
                    "R3": 5.045788249000907,
                    "R4": 4.967282976023853,
                    "R5": 4.962852645665407,
                    "R6": 4.9138172790408134,
                    "R7": 4.953949715476483,
                    "R8": 4.889945171773434,
                    "R9": 4.956935429479927,
                    "as": 5.171622704248875,
                    "comp": 38.18635532585904,
                    "dc": 0.03290163818746805
                }
            },
            "std": {
                "reward": 24872,