{
    "N": 50000,
    "arms": [
        0.4960973461954129,
        0.46519633350678463,
        0.4564303726534043,
        0.45410879397990633,
        0.4505463715326422,
        0.4449825881599488,
        0.4438618260417084,
        0.4347356202217508,
        0.42404835287995835,
        0.41264059560501143
    ],
    "boltzmann": {
        "it-36": {
            "args": {
                "alpha_seed": 659,
                "random_arm_seed": 975,
                "reward_seed": 36,
                "sigma_seed": 294,
                "tau": 0.02
            },
            "gen-distributed": {
                "reward": 22473,
                "time": 8.884936643298715,
                "time_by_components": {
                    "R0": 0.4928829246200621,
                    "R1": 0.46571303019300103,
                    "R2": 0.6403568931855261,
                    "R3": 0.4623973169364035,
                    "R4": 0.5902426070533693,
                    "R5": 0.46391508262604475,
                    "R6": 0.5317657236009836,
                    "R7": 0.5187570708803833,
                    "R8": 0.48320927703753114,
                    "R9": 0.4621850005351007,
                    "as": 2.127560852561146,
                    "comp": 0.7694073715247214,
                    "dc": 0
                }
            },
            "gen-secure": {
                "reward": 22473,
                "time": 49.926640935242176,
                "time_by_components": {
                    "R0": 2.883620443288237,
                    "R1": 2.6926533435471356,
                    "R2": 2.82133599370718,
                    "R3": 2.5781712541356683,
                    "R4": 2.687532914802432,
                    "R5": 2.5458530439063907,
                    "R6": 2.610729580745101,
                    "R7": 2.5940381572581828,
                    "R8": 2.5483903544954956,
                    "R9": 2.539945501834154,
                    "as": 2.5774782113730907,
                    "comp": 19.551710647530854,
                    "dc": 0.03283232683315873
                }
            },
            "std": {
                "reward": 22473,
                "time": 3.329784631729126
            }
        }
    },
    "e-greedy": {
        "it-36": {
            "args": {
                "alpha_seed": 105,
                "epsilon": 0.1,
                "epsilon_seed": 667,
                "random_arm_seed": 255,
                "reward_seed": 36,
                "sigma_seed": 551
            },
            "gen-distributed": {
                "reward": 24596,
                "time": 7.566873629111797,
                "time_by_components": {
                    "R0": 0.7733897194266319,
                    "R1": 0.3921853890642524,
                    "R2": 0.3895348138175905,
                    "R3": 0.3885574694722891,
                    "R4": 0.38719963375478983,
                    "R5": 0.3872784483246505,
                    "R6": 0.3890781681984663,
                    "R7": 0.38629878405481577,
                    "R8": 0.38659827783703804,
                    "R9": 0.3855921430513263,
                    "as": 1.9670013436116278,
                    "comp": 0.18621550826355815,
                    "dc": 0
                }
            },
            "gen-secure": {
                "reward": 24596,
                "time": 46.6543605462648,
                "time_by_components": {
                    "R0": 3.077220978680998,
                    "R1": 2.4919550037011504,
                    "R2": 2.4453190425410867,
                    "R3": 2.393454139120877,
                    "R4": 2.361514097545296,
                    "R5": 2.3583397013135254,
                    "R6": 2.353984223678708,
                    "R7": 2.3482223600149155,
                    "R8": 2.3448736891150475,
                    "R9": 2.3659662543796003,
                    "as": 2.5349160293117166,
                    "comp": 17.897564614657313,
                    "dc": 0.03970958711579442
                }
            },
            "std": {
                "reward": 24596,
                "time": 2.8052282333374023
            }
        }
    },
    "e-greedy-decreasing": {
        "it-36": {
            "args": {
                "alpha_seed": 408,
                "epsilon_seed": 659,
                "random_arm_seed": 975,
                "reward_seed": 36,
                "sigma_seed": 750
            },
            "gen-distributed": {
                "reward": 24668,
                "time": 8.239661898929626,
                "time_by_components": {
                    "R0": 0.8547401325777173,
                    "R1": 0.4303638166747987,
                    "R2": 0.42884972132742405,
                    "R3": 0.42645771196112037,
                    "R4": 0.4286660593934357,
                    "R5": 0.42429401632398367,
                    "R6": 0.4244045717641711,
                    "R7": 0.42368101654574275,
                    "R8": 0.4245900050736964,
                    "R9": 0.4247030206024647,
                    "as": 2.102135643362999,
                    "comp": 0.18821347458288074,
                    "dc": 0
                }
            },
            "gen-secure": {
                "reward": 24668,
                "time": 47.556769233196974,
                "time_by_components": {
                    "R0": 3.151752614416182,
                    "R1": 2.5509015852585435,
                    "R2": 2.4796525589190423,
                    "R3": 2.447819310706109,
                    "R4": 2.4258056804537773,
                    "R5": 2.4068171395920217,
                    "R6": 2.4074390595778823,
                    "R7": 2.3958461666479707,
                    "R8": 2.3922950043343008,
                    "R9": 2.3882549293339252,
                    "as": 2.523184021934867,
                    "comp": 18.247420695610344,
                    "dc": 0.03302903287112713
                }
            },
            "std": {
                "reward": 24668,
                "time": 3.012407064437866
            }
        }
    },
    "nb_iterations": 50,
    "pursuit": {
        "it-36": {
            "args": {
                "alpha_seed": 659,
                "beta": 0.2,
                "random_arm_seed": 975,
                "reward_seed": 36,
                "sigma_seed": 750
            },
            "gen-distributed": {
                "reward": 22600,
                "time": 16.99655070900917,
                "time_by_components": {
                    "R0": 1.0271161207929254,
                    "R1": 0.9576871432363987,
                    "R2": 0.9490968892350793,
                    "R3": 0.9439013586379588,
                    "R4": 1.4040263462811708,
                    "R5": 0.9489444885402918,
                    "R6": 0.9417372257448733,
                    "R7": 0.9419590891338885,
                    "R8": 0.9403815260156989,
                    "R9": 0.9425631356425583,
                    "as": 4.342993936501443,
                    "comp": 0.9003957016393542,
                    "dc": 0
                }
            },
            "gen-secure": {
                "reward": 22600,
                "time": 96.44240957405418,
                "time_by_components": {
                    "R0": 5.553516426123679,
                    "R1": 5.169482255820185,
                    "R2": 5.076417174190283,
                    "R3": 4.970852738246322,
                    "R4": 5.485296604223549,
                    "R5": 4.905146635137498,
                    "R6": 4.935683972667903,
                    "R7": 4.901054938789457,
                    "R8": 4.89356644731015,
                    "R9": 4.8961100480519235,
                    "as": 5.164691059384495,
                    "comp": 37.95993905514479,
                    "dc": 0.031519954558461905
                }
            },
            "std": {
                "reward": 22600,