{
    "N": 80000,
    "arms": [
        0.4960973461954129,
        0.46519633350678463,
        0.4564303726534043,
        0.45410879397990633,
        0.4505463715326422,
        0.4449825881599488,
        0.4438618260417084,
        0.4347356202217508,
        0.42404835287995835,
        0.41264059560501143
    ],
    "boltzmann": {
        "it-23": {
            "args": {
                "alpha_seed": 298,
                "random_arm_seed": 585,
                "reward_seed": 23,
                "sigma_seed": 116,
                "tau": 0.02
            },
            "gen-distributed": {
                "reward": 36490,
                "time": 14.487675527110696,
                "time_by_components": {
                    "R0": 0.8033241010271013,
                    "R1": 1.3056749003008008,
                    "R2": 0.7523871720768511,
                    "R3": 0.7466704691760242,
                    "R4": 0.7510499218478799,
                    "R5": 0.7519440441392362,
                    "R6": 0.7495560441166162,
                    "R7": 0.8375698099844158,
                    "R8": 0.864611036144197,
                    "R9": 0.7583533520810306,
                    "as": 3.447809488978237,
                    "comp": 1.2485575266182423,
                    "dc": 0
                }
            },
            "gen-secure": {
                "reward": 36490,
                "time": 78.84014193667099,
                "time_by_components": {
                    "R0": 4.535316421184689,
                    "R1": 4.797206992749125,
                    "R2": 4.111268179956824,
                    "R3": 4.041646167170256,
                    "R4": 3.9934934517368674,
                    "R5": 3.9777892692945898,
                    "R6": 3.9568204428069293,
                    "R7": 4.0545635456219316,
                    "R8": 4.091759271919727,
                    "R9": 3.9488150984980166,
                    "as": 4.07743529509753,
                    "comp": 31.21727970195934,
                    "dc": 0.032908350229263306
                }
            },
            "std": {
                "reward": 36490,
                "time": 5.304513692855835
            }
        }
    },
    "e-greedy": {
        "it-23": {
            "args": {
                "alpha_seed": 708,
                "epsilon": 0.1,
                "epsilon_seed": 915,
                "random_arm_seed": 945,
                "reward_seed": 23,
                "sigma_seed": 914
            },
            "gen-distributed": {
                "reward": 39296,
                "time": 13.02976552117616,
                "time_by_components": {
                    "R0": 1.3345230082049966,
                    "R1": 0.6745046749711037,
                    "R2": 0.6685445583425462,
                    "R3": 0.6658752397634089,
                    "R4": 0.6769598815590143,
                    "R5": 0.6703520370647311,
                    "R6": 0.6668453826569021,
                    "R7": 0.6659377445466816,
                    "R8": 0.6651429799385369,
                    "R9": 0.6663941037841141,
                    "as": 3.3705963217653334,
                    "comp": 0.32584184780716896,
                    "dc": 0
                }
            },
            "gen-secure": {
                "reward": 39296,
                "time": 74.00376300001517,
                "time_by_components": {
                    "R0": 4.869685555808246,
                    "R1": 3.939304180908948,
                    "R2": 3.8204812416806817,
                    "R3": 3.771185180172324,
                    "R4": 3.7458987585268915,
                    "R5": 3.7192569677717984,
                    "R6": 3.7046517031267285,
                    "R7": 3.7018871563486755,
                    "R8": 3.7168995873071253,
                    "R9": 3.6885613813064992,
                    "as": 4.0361732435412705,
                    "comp": 28.639718412887305,
                    "dc": 0.03300776286050677
                }
            },
            "std": {
                "reward": 39296,
                "time": 4.805731296539307
            }
        }
    },
    "e-greedy-decreasing": {
        "it-23": {
            "args": {
                "alpha_seed": 319,
                "epsilon_seed": 298,
                "random_arm_seed": 585,
                "reward_seed": 23,
                "sigma_seed": 776
            },
            "gen-distributed": {
                "reward": 37168,
                "time": 12.991492587141693,
                "time_by_components": {
                    "R0": 0.6954066324979067,
                    "R1": 1.3269054261036217,
                    "R2": 0.6733674663119018,
                    "R3": 0.6690942789427936,
                    "R4": 0.6675188494846225,
                    "R5": 0.6684662196785212,
                    "R6": 0.6745169037021697,
                    "R7": 0.6670959680341184,
                    "R8": 0.6673858463764191,
                    "R9": 0.6679374040104449,
                    "as": 3.3116262736730278,
                    "comp": 0.2984719225205481,
                    "dc": 0
                }
            },
            "gen-secure": {
                "reward": 37168,
                "time": 73.9854025230743,
                "time_by_components": {
                    "R0": 4.141687686555088,
                    "R1": 4.652614077553153,
                    "R2": 3.861915508750826,
                    "R3": 3.7874798476696014,
                    "R4": 3.739823719486594,
                    "R5": 3.7192169334739447,
                    "R6": 3.709691823925823,
                    "R7": 3.697233872488141,
                    "R8": 3.69721638597548,
                    "R9": 3.700907706748694,
                    "as": 3.9292148291133344,
                    "comp": 28.636278910562396,
                    "dc": 0.032853011041879654
                }
            },
            "std": {
                "reward": 37168,
                "time": 4.817488670349121
            }
        }
    },
    "nb_iterations": 50,
    "pursuit": {
        "it-23": {
            "args": {
                "alpha_seed": 298,
                "beta": 0.2,
                "random_arm_seed": 585,
                "reward_seed": 23,
                "sigma_seed": 776
            },
            "gen-distributed": {
                "reward": 37267,
                "time": 26.9605196332559,
                "time_by_components": {
                    "R0": 1.6307682474143803,
                    "R1": 2.2500464487820864,
                    "R2": 1.5085908817127347,
                    "R3": 1.4947616467252374,
                    "R4": 1.495473581366241,
                    "R5": 1.4909887560643256,
                    "R6": 1.4893540879711509,
                    "R7": 1.4913310976698995,
                    "R8": 1.4900057804770768,
                    "R9": 1.4958939920179546,
                    "as": 6.889684134162962,
                    "comp": 1.432624939829111,
                    "dc": 0
                }
            },
            "gen-secure": {
                "reward": 37267,
                "time": 152.1935266321525,
                "time_by_components": {
                    "R0": 8.779139932245016,
                    "R1": 9.043047507759184,
                    "R2": 7.963602599222213,
                    "R3": 7.816688523162156,
                    "R4": 7.800231262575835,
                    "R5": 7.671361259184778,
                    "R6": 7.642141781747341,
                    "R7": 7.717008342966437,
                    "R8": 7.718278767541051,
                    "R9": 7.624340900219977,
                    "as": 8.141305288299918,
                    "comp": 60.27979126153514,
                    "dc": 0.032831220887601376
                }
            },
            "std": {
                "reward": 37267,