{
    "N": 100000,
    "arms": [
        0.4960973461954129,
        0.46519633350678463,
        0.4564303726534043,
        0.45410879397990633,
        0.4505463715326422,
        0.4449825881599488,
        0.4438618260417084,
        0.4347356202217508,
        0.42404835287995835,
        0.41264059560501143,
        0.4033943081295281,
        0.40123283833006446,
        0.39658968098306846,
        0.39566905495737104,
        0.3877836929111796,
        0.3750550374254493,
        0.3676900292198695,
        0.3489973181763599,
        0.33867029580114477,
        0.32770283792979227
    ],
    "boltzmann": {
        "it-44": {
            "args": {
                "alpha_seed": 819,
                "random_arm_seed": 831,
                "reward_seed": 44,
                "sigma_seed": 970,
                "tau": 0.02
            },
            "gen-distributed": {
                "reward": 48376,
                "time": 28.59165728604421,
                "time_by_components": {
                    "R0": 1.6063096686266363,
                    "R1": 0.9170398400165141,
                    "R10": 0.9017753698863089,
                    "R11": 0.902945586014539,
                    "R12": 0.907765703741461,
                    "R13": 0.8971570213325322,
                    "R14": 0.8989055510610342,
                    "R15": 0.8991514095105231,
                    "R16": 0.9020909825339913,
                    "R17": 0.9013725942932069,
                    "R18": 0.8954206421039999,
                    "R19": 0.8952052402310073,
                    "R2": 0.99202586337924,
                    "R3": 0.9015430086292326,
                    "R4": 1.009278287179768,
                    "R5": 0.9004009352065623,
                    "R6": 0.9397603198885918,
                    "R7": 0.8987832879647613,
                    "R8": 0.8956212946213782,
                    "R9": 0.8972617513500154,
                    "as": 4.972087468486279,
                    "comp": 1.624195238109678,
                    "dc": 0
                }
            },
            "gen-secure": {
                "reward": 48376,
                "time": 180.0995772741735,
                "time_by_components": {
                    "R0": 6.246375550981611,
                    "R1": 5.110062292777002,
                    "R10": 4.773761881981045,
                    "R11": 4.727098025847226,
                    "R12": 4.740818812511861,
                    "R13": 4.720304926857352,
                    "R14": 4.733543623704463,
                    "R15": 4.72579047922045,
                    "R16": 4.7106930781155825,
                    "R17": 4.70102144125849,
                    "R18": 4.691820985637605,
                    "R19": 4.689274661708623,
                    "R2": 5.0312882186844945,
                    "R3": 4.8801081934943795,
                    "R4": 4.933042387478054,
                    "R5": 4.776219377294183,
                    "R6": 4.813802438322455,
                    "R7": 4.747641858179122,
                    "R8": 4.733629595022649,
                    "R9": 4.732336731161922,
                    "as": 6.029635161161423,
                    "comp": 72.5029899221845,
                    "dc": 0.031023755203932524
                }
            },
            "std": {
                "reward": 48376,
                "time": 7.596890926361084
            }
        }
    },
    "e-greedy": {
        "it-44": {
            "args": {
                "alpha_seed": 655,
                "epsilon": 0.1,
                "epsilon_seed": 156,
                "random_arm_seed": 475,
                "reward_seed": 44,
                "sigma_seed": 524
            },
            "gen-distributed": {
                "reward": 48521,
                "time": 27.11430679121986,
                "time_by_components": {
                    "R0": 1.619979253038764,
                    "R1": 0.9317970047704875,
                    "R10": 0.8402533819898963,
                    "R11": 0.8388792425394058,
                    "R12": 0.8418871005997062,
                    "R13": 0.8379212957806885,
                    "R14": 0.8367547416128218,
                    "R15": 0.8376988796517253,
                    "R16": 0.8380664312280715,
                    "R17": 0.839499847497791,
                    "R18": 0.8369012367911637,
                    "R19": 0.8374297404661775,
                    "R2": 0.8456233968026936,
                    "R3": 0.8420109245926142,
                    "R4": 0.8412325186654925,
                    "R5": 0.8410414308309555,
                    "R6": 0.8381485072895885,
                    "R7": 0.8391180280596018,
                    "R8": 0.837790806312114,
                    "R9": 0.83955999603495,
                    "as": 5.103298623580486,
                    "comp": 0.5036922837607563,
                    "dc": 0
                }
            },
            "gen-secure": {
                "reward": 48521,
                "time": 172.58335309429094,
                "time_by_components": {
                    "R0": 5.9700475060380995,
                    "R1": 4.910236810799688,
                    "R10": 4.487884511705488,
                    "R11": 4.483913392294198,
                    "R12": 4.49248287267983,
                    "R13": 4.48128398694098,
                    "R14": 4.484681555069983,
                    "R15": 4.478570465464145,
                    "R16": 4.472994290292263,
                    "R17": 4.476985985413194,
                    "R18": 4.473126531112939,
                    "R19": 4.486124246381223,
                    "R2": 4.667159596458077,
                    "R3": 4.599447597749531,
                    "R4": 4.550665480550379,
                    "R5": 4.526493540033698,
                    "R6": 4.513276452664286,
                    "R7": 4.502410759218037,
                    "R8": 4.494962759315968,
                    "R9": 4.494330664165318,
                    "as": 6.002349499147385,
                    "comp": 69.4447507658042,
                    "dc": 0.03352494491264224
                }
            },
            "std": {
                "reward": 48521,
                "time": 7.075377464294434
            }
        }
    },
    "e-greedy-decreasing": {
        "it-44": {
            "args": {
                "alpha_seed": 786,
                "epsilon_seed": 819,
                "random_arm_seed": 831,
                "reward_seed": 44,
                "sigma_seed": 33
            },
            "gen-distributed": {
                "reward": 49030,
                "time": 27.702595761977136,
                "time_by_components": {
                    "R0": 1.7536678998731077,
                    "R1": 0.8835735870525241,
                    "R10": 0.8685644650831819,
                    "R11": 0.8657567324116826,
                    "R12": 0.866028071846813,
                    "R13": 0.8659793916158378,
                    "R14": 0.8661982687190175,
                    "R15": 0.8654666501097381,
                    "R16": 0.8652858668938279,
                    "R17": 0.8670077533461154,
                    "R18": 0.8646785439923406,
                    "R19": 0.8655825024470687,
                    "R2": 0.8743871096521616,
                    "R3": 0.871150721795857,
                    "R4": 0.8690246790647507,
                    "R5": 0.8685586908832192,
                    "R6": 0.867001302074641,
                    "R7": 0.8676669234409928,
                    "R8": 0.8669803058728576,
                    "R9": 0.8669576025567949,
                    "as": 5.0928800399415195,
                    "comp": 0.47188452119007707,
                    "dc": 0
                }
            },
            "gen-secure": {
                "reward": 49030,
                "time": 175.40584502834827,
                "time_by_components": {
                    "R0": 6.156124306842685,