{
    "N": 90000,
    "arms": [
        0.4960973461954129,
        0.46519633350678463,
        0.4564303726534043,
        0.45410879397990633,
        0.4505463715326422,
        0.4449825881599488,
        0.4438618260417084,
        0.4347356202217508,
        0.42404835287995835,
        0.41264059560501143
    ],
    "boltzmann": {
        "it-21": {
            "args": {
                "alpha_seed": 607,
                "random_arm_seed": 137,
                "reward_seed": 21,
                "sigma_seed": 577,
                "tau": 0.02
            },
            "gen-distributed": {
                "reward": 40513,
                "time": 16.304476382676512,
                "time_by_components": {
                    "R0": 0.9012860464863479,
                    "R1": 0.8520903275348246,
                    "R2": 0.8481050757691264,
                    "R3": 1.4181156470440328,
                    "R4": 0.8507534777745605,
                    "R5": 0.8506606603041291,
                    "R6": 1.111173344310373,
                    "R7": 0.8497663838788867,
                    "R8": 0.8463682746514678,
                    "R9": 0.8521466832607985,
                    "as": 3.889986801892519,
                    "comp": 1.410879710689187,
                    "dc": 0
                }
            },
            "gen-secure": {
                "reward": 40513,
                "time": 88.15558780077845,
                "time_by_components": {
                    "R0": 4.990444192662835,
                    "R1": 4.678731565363705,
                    "R2": 4.559268398676068,
                    "R3": 5.1523676798678935,
                    "R4": 4.47398688737303,
                    "R5": 4.443601852748543,
                    "R6": 4.735557957552373,
                    "R7": 4.44988053617999,
                    "R8": 4.430330908391625,
                    "R9": 4.436380222905427,
                    "as": 4.5793484933674335,
                    "comp": 34.921780759934336,
                    "dc": 0.03286494128406048
                }
            },
            "std": {
                "reward": 40513,
                "time": 5.861815452575684
            }
        }
    },
    "e-greedy": {
        "it-21": {
            "args": {
                "alpha_seed": 406,
                "epsilon": 0.1,
                "epsilon_seed": 43,
                "random_arm_seed": 153,
                "reward_seed": 21,
                "sigma_seed": 725
            },
            "gen-distributed": {
                "reward": 44160,
                "time": 14.410951422061771,
                "time_by_components": {
                    "R0": 1.4838012605905533,
                    "R1": 0.7454844657331705,
                    "R2": 0.7356342179700732,
                    "R3": 0.7339643486775458,
                    "R4": 0.737284435890615,
                    "R5": 0.737252133898437,
                    "R6": 0.737137570977211,
                    "R7": 0.7341067744418979,
                    "R8": 0.7325117997825146,
                    "R9": 0.7321848305873573,
                    "as": 3.735349056776613,
                    "comp": 0.35868187388405204,
                    "dc": 0
                }
            },
            "gen-secure": {
                "reward": 44160,
                "time": 82.42400284809992,
                "time_by_components": {
                    "R0": 5.420396124944091,
                    "R1": 4.382878705859184,
                    "R2": 4.24358612857759,
                    "R3": 4.188238161150366,
                    "R4": 4.149055018555373,
                    "R5": 4.142798079177737,
                    "R6": 4.115659321658313,
                    "R7": 4.103397655300796,
                    "R8": 4.098823093343526,
                    "R9": 4.107088763266802,
                    "as": 4.514745010063052,
                    "comp": 31.96889943582937,
                    "dc": 0.030236180871725082
                }
            },
            "std": {
                "reward": 44160,
                "time": 5.428102970123291
            }
        }
    },
    "e-greedy-decreasing": {
        "it-21": {
            "args": {
                "alpha_seed": 186,
                "epsilon_seed": 607,
                "random_arm_seed": 137,
                "reward_seed": 21,
                "sigma_seed": 402
            },
            "gen-distributed": {
                "reward": 44308,
                "time": 15.061960567720234,
                "time_by_components": {
                    "R0": 1.5571396024897695,
                    "R1": 0.7884816685691476,
                    "R2": 0.7792981117963791,
                    "R3": 0.7779550054110587,
                    "R4": 0.7728206804022193,
                    "R5": 0.7783754765987396,
                    "R6": 0.7810193980112672,
                    "R7": 0.7761967335827649,
                    "R8": 0.7755149127915502,
                    "R9": 0.7736184690147638,
                    "as": 3.831747403834015,
                    "comp": 0.34434530325233936,
                    "dc": 0
                }
            },
            "gen-secure": {
                "reward": 44308,
                "time": 84.96462347498164,
                "time_by_components": {
                    "R0": 5.5493518970906734,
                    "R1": 4.532976876012981,
                    "R2": 4.382134756073356,
                    "R3": 4.329157669097185,
                    "R4": 4.280826037283987,
                    "R5": 4.301908992230892,
                    "R6": 4.2549698683433235,
                    "R7": 4.260982210747898,
                    "R8": 4.254027308896184,
                    "R9": 4.228387168142945,
                    "as": 4.432634111493826,
                    "comp": 33.048082447145134,
                    "dc": 0.033029578160494566
                }
            },
            "std": {
                "reward": 44308,
                "time": 5.06247091293335
            }
        }
    },
    "nb_iterations": 50,
    "pursuit": {
        "it-21": {
            "args": {
                "alpha_seed": 607,
                "beta": 0.2,
                "random_arm_seed": 137,
                "reward_seed": 21,
                "sigma_seed": 402
            },
            "gen-distributed": {
                "reward": 36999,
                "time": 30.44084713095799,
                "time_by_components": {
                    "R0": 1.8380489493720233,
                    "R1": 1.7117362967692316,
                    "R2": 1.698150830809027,
                    "R3": 1.694594845175743,
                    "R4": 1.6854071589186788,
                    "R5": 1.6950778746977448,
                    "R6": 1.6946040904149413,
                    "R7": 1.6881626243703067,
                    "R8": 1.69525427184999,
                    "R9": 2.5217614374123514,
                    "as": 7.734589345753193,
                    "comp": 1.6152804591692984,
                    "dc": 0
                }
            },
            "gen-secure": {
                "reward": 36999,
                "time": 172.35194537881762,
                "time_by_components": {
                    "R0": 9.927594161126763,
                    "R1": 9.16756343189627,
                    "R2": 8.942930252756923,
                    "R3": 8.98953204229474,
                    "R4": 8.740734352730215,
                    "R5": 8.716590039432049,
                    "R6": 8.824429765343666,
                    "R7": 8.726682994514704,
                    "R8": 8.66436991840601,
                    "R9": 9.762770760804415,
                    "as": 9.237966078799218,
                    "comp": 68.06988409673795,
                    "dc": 0.03285080101341009
                }
            },
            "std": {
                "reward": 36999,