{
    "N": 70000,
    "arms": [
        0.4960973461954129,
        0.46519633350678463,
        0.4564303726534043,
        0.45410879397990633,
        0.4505463715326422,
        0.4449825881599488,
        0.4438618260417084,
        0.4347356202217508,
        0.42404835287995835,
        0.41264059560501143
    ],
    "boltzmann": {
        "it-42": {
            "args": {
                "alpha_seed": 891,
                "random_arm_seed": 497,
                "reward_seed": 42,
                "sigma_seed": 965,
                "tau": 0.02
            },
            "gen-distributed": {
                "reward": 33106,
                "time": 12.61134017072618,
                "time_by_components": {
                    "R0": 0.9356501949951053,
                    "R1": 0.8689781492576003,
                    "R2": 0.7438794267363846,
                    "R3": 0.6568894148804247,
                    "R4": 0.6569909350946546,
                    "R5": 0.6580573846586049,
                    "R6": 0.7588386773131788,
                    "R7": 0.6555740227922797,
                    "R8": 0.6747922995127738,
                    "R9": 0.6554466164670885,
                    "as": 3.018229521345347,
                    "comp": 1.087736763060093,
                    "dc": 0
                }
            },
            "gen-secure": {
                "reward": 33106,
                "time": 68.93150343792513,
                "time_by_components": {
                    "R0": 4.168800713028759,
                    "R1": 3.901907714083791,
                    "R2": 3.6772536137141287,
                    "R3": 3.5518636726774275,
                    "R4": 3.4892025641165674,
                    "R5": 3.4859612588770688,
                    "R6": 3.5811234754510224,
                    "R7": 3.467668862082064,
                    "R8": 3.4907930567860603,
                    "R9": 3.4682651842013,
                    "as": 3.589549214579165,
                    "comp": 27.266240435186774,
                    "dc": 0.03288962598890066
                }
            },
            "std": {
                "reward": 33106,
                "time": 4.560823440551758
            }
        }
    },
    "e-greedy": {
        "it-42": {
            "args": {
                "alpha_seed": 609,
                "epsilon": 0.1,
                "epsilon_seed": 237,
                "random_arm_seed": 420,
                "reward_seed": 42,
                "sigma_seed": 311
            },
            "gen-distributed": {
                "reward": 34473,
                "time": 11.085132465697825,
                "time_by_components": {
                    "R0": 1.1431044470518827,
                    "R1": 0.573127456009388,
                    "R2": 0.5684809605590999,
                    "R3": 0.5695954086259007,
                    "R4": 0.5661279140040278,
                    "R5": 0.5649278615601361,
                    "R6": 0.5660641551949084,
                    "R7": 0.5653465543873608,
                    "R8": 0.5656039956957102,
                    "R9": 0.5654132603667676,
                    "as": 2.87173725804314,
                    "comp": 0.27757606096565723,
                    "dc": 0
                }
            },
            "gen-secure": {
                "reward": 34473,
                "time": 64.83451250009239,
                "time_by_components": {
                    "R0": 4.267787963151932,
                    "R1": 3.4484199029393494,
                    "R2": 3.3450415362603962,
                    "R3": 3.303157647140324,
                    "R4": 3.2581040575169027,
                    "R5": 3.25569390039891,
                    "R6": 3.245703585445881,
                    "R7": 3.2421888527460396,
                    "R8": 3.234695404302329,
                    "R9": 3.2312742969952524,
                    "as": 3.54864185443148,
                    "comp": 25.103735488839447,
                    "dc": 0.0330177410505712
                }
            },
            "std": {
                "reward": 34473,
                "time": 4.304290294647217
            }
        }
    },
    "e-greedy-decreasing": {
        "it-42": {
            "args": {
                "alpha_seed": 493,
                "epsilon_seed": 891,
                "random_arm_seed": 497,
                "reward_seed": 42,
                "sigma_seed": 629
            },
            "gen-distributed": {
                "reward": 34087,
                "time": 11.669741346966475,
                "time_by_components": {
                    "R0": 1.1154271946288645,
                    "R1": 0.6066367202438414,
                    "R2": 0.6014163536019623,
                    "R3": 0.6021731160581112,
                    "R4": 0.6729306159541011,
                    "R5": 0.6004194458946586,
                    "R6": 0.619648679625243,
                    "R7": 0.598290903493762,
                    "R8": 0.6011787196621299,
                    "R9": 0.5985694671981037,
                    "as": 2.9882357688620687,
                    "comp": 0.27195047540590167,
                    "dc": 0
                }
            },
            "gen-secure": {
                "reward": 34087,
                "time": 65.59103140188381,
                "time_by_components": {
                    "R0": 4.208776048384607,
                    "R1": 3.48641029978171,
                    "R2": 3.3988690432161093,
                    "R3": 3.3524284698069096,
                    "R4": 3.392824285198003,
                    "R5": 3.301458319183439,
                    "R6": 3.31651427783072,
                    "R7": 3.279936115257442,
                    "R8": 3.2766264234669507,
                    "R9": 3.2723776819184422,
                    "as": 3.4967610924504697,
                    "comp": 25.39746443880722,
                    "dc": 0.03295768704265356
                }
            },
            "std": {
                "reward": 34087,
                "time": 4.266384601593018
            }
        }
    },
    "nb_iterations": 50,
    "pursuit": {
        "it-42": {
            "args": {
                "alpha_seed": 891,
                "beta": 0.2,
                "random_arm_seed": 497,
                "reward_seed": 42,
                "sigma_seed": 629
            },
            "gen-distributed": {
                "reward": 32047,
                "time": 23.72397723607719,
                "time_by_components": {
                    "R0": 1.4294724557548761,
                    "R1": 1.3361079031601548,
                    "R2": 1.9423950919881463,
                    "R3": 1.3249636213295162,
                    "R4": 1.3151172553189099,
                    "R5": 1.3214824036695063,
                    "R6": 1.3392030247487128,
                    "R7": 1.3152080858126283,
                    "R8": 1.3165741357952356,
                    "R9": 1.314653520938009,
                    "as": 6.042304674629122,
                    "comp": 1.2562665436416864,
                    "dc": 0
                }
            },
            "gen-secure": {
                "reward": 32047,
                "time": 133.58335945755243,
                "time_by_components": {
                    "R0": 7.6862371964380145,
                    "R1": 7.170387183316052,
                    "R2": 7.683061829768121,
                    "R3": 6.9297841102816164,
                    "R4": 6.847818080801517,
                    "R5": 6.775630593299866,
                    "R6": 6.835565350949764,
                    "R7": 6.736420805566013,
                    "R8": 6.798504461534321,
                    "R9": 6.725247727241367,
                    "as": 6.933319012634456,
                    "comp": 52.97838212829083,
                    "dc": 0.03303197305649519
                }
            },
            "std": {
                "reward": 32047,