{
    "N": 100000,
    "arms": [
        0.4960973461954129,
        0.46519633350678463,
        0.4564303726534043,
        0.45410879397990633,
        0.4505463715326422,
        0.4449825881599488,
        0.4438618260417084,
        0.4347356202217508,
        0.42404835287995835,
        0.41264059560501143
    ],
    "boltzmann": {
        "it-49": {
            "args": {
                "alpha_seed": 335,
                "random_arm_seed": 91,
                "reward_seed": 49,
                "sigma_seed": 809,
                "tau": 0.02
            },
            "gen-distributed": {
                "reward": 45578,
                "time": 18.05679195607081,
                "time_by_components": {
                    "R0": 1.0003755893558264,
                    "R1": 1.5924246744252741,
                    "R2": 0.9437533309683204,
                    "R3": 0.9365180567838252,
                    "R4": 0.9346922254189849,
                    "R5": 1.1128519396297634,
                    "R6": 0.9395228228531778,
                    "R7": 0.9902926981449127,
                    "R8": 0.9366059177555144,
                    "R9": 1.0019781398586929,
                    "as": 4.308823163155466,
                    "comp": 1.5665547992102802,
                    "dc": 0
                }
            },
            "gen-secure": {
                "reward": 45578,
                "time": 97.8642980507575,
                "time_by_components": {
                    "R0": 5.571037159767002,
                    "R1": 5.900149400811642,
                    "R2": 5.097657026257366,
                    "R3": 4.996525178197771,
                    "R4": 4.926708500366658,
                    "R5": 5.133205480873585,
                    "R6": 4.935033520217985,
                    "R7": 4.978376128245145,
                    "R8": 4.912054790649563,
                    "R9": 4.968085401691496,
                    "as": 5.079581942409277,
                    "comp": 38.81064292695373,
                    "dc": 0.0332227130420506
                }
            },
            "std": {
                "reward": 45578,
                "time": 6.565935850143433
            }
        }
    },
    "e-greedy": {
        "it-49": {
            "args": {
                "alpha_seed": 481,
                "epsilon": 0.1,
                "epsilon_seed": 49,
                "random_arm_seed": 644,
                "reward_seed": 49,
                "sigma_seed": 816
            },
            "gen-distributed": {
                "reward": 46106,
                "time": 16.326523719355464,
                "time_by_components": {
                    "R0": 1.1104320380836725,
                    "R1": 0.9274177150800824,
                    "R2": 0.9073362839408219,
                    "R3": 0.913253943901509,
                    "R4": 0.8996728286147118,
                    "R5": 0.8913665520958602,
                    "R6": 0.8946647779084742,
                    "R7": 0.8803746323101223,
                    "R8": 0.8856094111688435,
                    "R9": 0.8787671676836908,
                    "as": 4.246770606841892,
                    "comp": 0.411430018953979,
                    "dc": 0
                }
            },
            "gen-secure": {
                "reward": 46106,
                "time": 92.53901305887848,
                "time_by_components": {
                    "R0": 5.411224452313036,
                    "R1": 4.991861275862902,
                    "R2": 4.837775873020291,
                    "R3": 4.781090790871531,
                    "R4": 4.701992174144834,
                    "R5": 4.681398485787213,
                    "R6": 4.662419355940074,
                    "R7": 4.643087645061314,
                    "R8": 4.646597058977932,
                    "R9": 4.631224588956684,
                    "as": 5.011648836545646,
                    "comp": 36.196938833687454,
                    "dc": 0.03298561507835984
                }
            },
            "std": {
                "reward": 46106,
                "time": 6.1058008670806885
            }
        }
    },
    "e-greedy-decreasing": {
        "it-49": {
            "args": {
                "alpha_seed": 766,
                "epsilon_seed": 335,
                "random_arm_seed": 91,
                "reward_seed": 49,
                "sigma_seed": 594
            },
            "gen-distributed": {
                "reward": 49249,
                "time": 16.794532500673085,
                "time_by_components": {
                    "R0": 1.732655237428844,
                    "R1": 0.8790066451765597,
                    "R2": 0.8630187520757318,
                    "R3": 0.8645769981667399,
                    "R4": 0.8589109745807946,
                    "R5": 0.8629944045096636,
                    "R6": 0.8593546184711158,
                    "R7": 0.8577215736731887,
                    "R8": 0.8619422274641693,
                    "R9": 0.864967925939709,
                    "as": 4.286783510353416,
                    "comp": 0.38901623524725437,
                    "dc": 0
                }
            },
            "gen-secure": {
                "reward": 49249,
                "time": 93.82750549912453,
                "time_by_components": {
                    "R0": 6.215214702300727,
                    "R1": 5.0159772536717355,
                    "R2": 4.832716651726514,
                    "R3": 4.77093907026574,
                    "R4": 4.702684475574642,
                    "R5": 4.684256919194013,
                    "R6": 4.678362342063338,
                    "R7": 4.6558870752342045,
                    "R8": 4.6534737017937005,
                    "R9": 4.650693048723042,
                    "as": 5.054744166787714,
                    "comp": 36.4515716615133,
                    "dc": 0.031065912917256355
                }
            },
            "std": {
                "reward": 49249,
                "time": 6.089358329772949
            }
        }
    },
    "nb_iterations": 50,
    "pursuit": {
        "it-49": {
            "args": {
                "alpha_seed": 335,
                "beta": 0.2,
                "random_arm_seed": 91,
                "reward_seed": 49,
                "sigma_seed": 594
            },
            "gen-distributed": {
                "reward": 46555,
                "time": 33.856280628126115,
                "time_by_components": {
                    "R0": 2.0414263755083084,
                    "R1": 2.824114942457527,
                    "R2": 1.8998795580118895,
                    "R3": 1.882903658784926,
                    "R4": 1.8800520463846624,
                    "R5": 1.885478297714144,
                    "R6": 1.882767521776259,
                    "R7": 1.8767970665358007,
                    "R8": 1.8756461031734943,
                    "R9": 1.8784563364461064,
                    "as": 8.604740217793733,
                    "comp": 1.7914260891266167,
                    "dc": 0
                }
            },
            "gen-secure": {
                "reward": 46555,
                "time": 189.0953366868198,
                "time_by_components": {
                    "R0": 10.986033407505602,
                    "R1": 11.144971407018602,
                    "R2": 9.860636588186026,
                    "R3": 9.771822168957442,
                    "R4": 9.554963980335742,
                    "R5": 9.627785929478705,
                    "R6": 9.500431248452514,
                    "R7": 9.57117473706603,
                    "R8": 9.48105498496443,
                    "R9": 9.544594482984394,
                    "as": 10.193794211838394,
                    "comp": 74.8497355193831,
                    "dc": 0.033237789291888475
                }
            },
            "std": {
                "reward": 46555,