{
    "N": 60000,
    "arms": [
        0.4960973461954129,
        0.46519633350678463,
        0.4564303726534043,
        0.45410879397990633,
        0.4505463715326422,
        0.4449825881599488,
        0.4438618260417084,
        0.4347356202217508,
        0.42404835287995835,
        0.41264059560501143
    ],
    "boltzmann": {
        "it-18": {
            "args": {
                "alpha_seed": 344,
                "random_arm_seed": 611,
                "reward_seed": 18,
                "sigma_seed": 157,
                "tau": 0.02
            },
            "gen-distributed": {
                "reward": 27157,
                "time": 10.822674460709095,
                "time_by_components": {
                    "R0": 0.6008001593872905,
                    "R1": 0.5675228713080287,
                    "R2": 0.973015520721674,
                    "R3": 0.5655776578933001,
                    "R4": 0.562671129591763,
                    "R5": 0.5616931980475783,
                    "R6": 0.6769116022624075,
                    "R7": 0.5624411618337035,
                    "R8": 0.5614354838617146,
                    "R9": 0.596477247774601,
                    "as": 2.582627847790718,
                    "comp": 0.9302208595909178,
                    "dc": 0
                }
            },
            "gen-secure": {
                "reward": 27157,
                "time": 57.62720568338409,
                "time_by_components": {
                    "R0": 3.3117470354773104,
                    "R1": 3.0824795495718718,
                    "R2": 3.4610752696171403,
                    "R3": 2.9864644138142467,
                    "R4": 2.932636069599539,
                    "R5": 2.9133658525533974,
                    "R6": 3.0384809896349907,
                    "R7": 2.9077591421082616,
                    "R8": 2.8967940569855273,
                    "R9": 2.945392546709627,
                    "as": 2.9722052454017103,
                    "comp": 22.65682157734409,
                    "dc": 0.03356180805712938
                }
            },
            "std": {
                "reward": 27157,
                "time": 3.945312261581421
            }
        }
    },
    "e-greedy": {
        "it-18": {
            "args": {
                "alpha_seed": 925,
                "epsilon": 0.1,
                "epsilon_seed": 560,
                "random_arm_seed": 967,
                "reward_seed": 18,
                "sigma_seed": 523
            },
            "gen-distributed": {
                "reward": 29537,
                "time": 9.703019627835602,
                "time_by_components": {
                    "R0": 0.9992929152213037,
                    "R1": 0.5034584072418511,
                    "R2": 0.5008117449469864,
                    "R3": 0.49692346109077334,
                    "R4": 0.498332520481199,
                    "R5": 0.49796077935025096,
                    "R6": 0.4978666864335537,
                    "R7": 0.49604373378679156,
                    "R8": 0.4965773061849177,
                    "R9": 0.4960641423240304,
                    "as": 2.506302102468908,
                    "comp": 0.2389559280127287,
                    "dc": 0
                }
            },
            "gen-secure": {
                "reward": 29537,
                "time": 55.41624877182767,
                "time_by_components": {
                    "R0": 3.65026473486796,
                    "R1": 2.9612454483285546,
                    "R2": 2.871620859950781,
                    "R3": 2.8306637038476765,
                    "R4": 2.7953406535089016,
                    "R5": 2.784806822426617,
                    "R6": 2.774712301325053,
                    "R7": 2.7719133156351745,
                    "R8": 2.7764217415824533,
                    "R9": 2.776136822067201,
                    "as": 2.9991742335259914,
                    "comp": 21.419319562148303,
                    "dc": 0.03324492974206805
                }
            },
            "std": {
                "reward": 29537,
                "time": 3.5905845165252686
            }
        }
    },
    "e-greedy-decreasing": {
        "it-18": {
            "args": {
                "alpha_seed": 325,
                "epsilon_seed": 344,
                "random_arm_seed": 611,
                "reward_seed": 18,
                "sigma_seed": 137
            },
            "gen-distributed": {
                "reward": 29469,
                "time": 10.016105546150357,
                "time_by_components": {
                    "R0": 0.996419561561197,
                    "R1": 0.5650177025236189,
                    "R2": 0.5195918683893979,
                    "R3": 0.5160951898433268,
                    "R4": 0.5175474709831178,
                    "R5": 0.5163159165531397,
                    "R6": 0.5180684104561806,
                    "R7": 0.5175523879006505,
                    "R8": 0.5148418704047799,
                    "R9": 0.5160624105483294,
                    "as": 2.543111999053508,
                    "comp": 0.2298013288527727,
                    "dc": 0
                }
            },
            "gen-secure": {
                "reward": 29469,
                "time": 56.53570342902094,
                "time_by_components": {
                    "R0": 3.6884374292567372,
                    "R1": 3.0619767890311778,
                    "R2": 2.929684167727828,
                    "R3": 2.8921714699827135,
                    "R4": 2.852732722181827,
                    "R5": 2.8403460276313126,
                    "R6": 2.83381827827543,
                    "R7": 2.8288551550358534,
                    "R8": 2.829199951607734,
                    "R9": 2.8301433506421745,
                    "as": 3.040093225892633,
                    "comp": 21.822696038521826,
                    "dc": 0.033122298307716846
                }
            },
            "std": {
                "reward": 29469,
                "time": 3.627793550491333
            }
        }
    },
    "nb_iterations": 50,
    "pursuit": {
        "it-18": {
            "args": {
                "alpha_seed": 344,
                "beta": 0.2,
                "random_arm_seed": 611,
                "reward_seed": 18,
                "sigma_seed": 137
            },
            "gen-distributed": {
                "reward": 27461,
                "time": 20.374272690154612,
                "time_by_components": {
                    "R0": 1.2309176791459322,
                    "R1": 1.1467383499257267,
                    "R2": 1.6936618480831385,
                    "R3": 1.1374077438376844,
                    "R4": 1.1293783471919596,
                    "R5": 1.1306808409281075,
                    "R6": 1.127519428730011,
                    "R7": 1.1280121277086437,
                    "R8": 1.127788260113448,
                    "R9": 1.128106478601694,
                    "as": 5.168883705511689,
                    "comp": 1.0765884844586253,
                    "dc": 0
                }
            },
            "gen-secure": {
                "reward": 27461,
                "time": 114.30193712376058,
                "time_by_components": {
                    "R0": 6.574908072128892,
                    "R1": 6.0862174378708005,
                    "R2": 6.648647404275835,
                    "R3": 5.903434840030968,
                    "R4": 5.7856826186180115,
                    "R5": 5.848872133065015,
                    "R6": 5.848673606757075,
                    "R7": 5.769121747929603,
                    "R8": 5.735406628344208,
                    "R9": 5.799727751407772,
                    "as": 6.083586690016091,
                    "comp": 45.156718691345304,
                    "dc": 0.032873138785362244
                }
            },
            "std": {
                "reward": 27461,