{
    "N": 80000,
    "arms": [
        0.4960973461954129,
        0.46519633350678463,
        0.4564303726534043,
        0.45410879397990633,
        0.4505463715326422,
        0.4449825881599488,
        0.4438618260417084,
        0.4347356202217508,
        0.42404835287995835,
        0.41264059560501143
    ],
    "boltzmann": {
        "it-22": {
            "args": {
                "alpha_seed": 915,
                "random_arm_seed": 945,
                "reward_seed": 22,
                "sigma_seed": 537,
                "tau": 0.02
            },
            "gen-distributed": {
                "reward": 36041,
                "time": 14.286362546961755,
                "time_by_components": {
                    "R0": 0.7907648039981723,
                    "R1": 0.7532095294445753,
                    "R2": 1.2366791600361466,
                    "R3": 0.7430877056904137,
                    "R4": 0.739618478808552,
                    "R5": 0.9197667338885367,
                    "R6": 0.7419356624595821,
                    "R7": 0.7395493388175964,
                    "R8": 0.8074604850262403,
                    "R9": 0.7439835206605494,
                    "as": 3.425147110596299,
                    "comp": 1.2489352426491678,
                    "dc": 0
                }
            },
            "gen-secure": {
                "reward": 36041,
                "time": 79.9232812160626,
                "time_by_components": {
                    "R0": 4.55735354218632,
                    "R1": 4.236219565849751,
                    "R2": 4.698028430342674,
                    "R3": 4.125786609016359,
                    "R4": 4.042163080535829,
                    "R5": 4.248340957798064,
                    "R6": 4.038687308318913,
                    "R7": 4.019145416095853,
                    "R8": 4.098304622806609,
                    "R9": 4.02576588280499,
                    "as": 4.050861814059317,
                    "comp": 31.705369180534035,
                    "dc": 0.03293659817427397
                }
            },
            "std": {
                "reward": 36041,
                "time": 5.374954700469971
            }
        }
    },
    "e-greedy": {
        "it-22": {
            "args": {
                "alpha_seed": 786,
                "epsilon": 0.1,
                "epsilon_seed": 928,
                "random_arm_seed": 825,
                "reward_seed": 22,
                "sigma_seed": 732
            },
            "gen-distributed": {
                "reward": 39303,
                "time": 12.94938902463764,
                "time_by_components": {
                    "R0": 1.3281936892308295,
                    "R1": 0.6814398979768157,
                    "R2": 0.6678685219958425,
                    "R3": 0.6651602801866829,
                    "R4": 0.6619142089039087,
                    "R5": 0.6658995873294771,
                    "R6": 0.6696943449787796,
                    "R7": 0.6646387199871242,
                    "R8": 0.6659985682927072,
                    "R9": 0.6637595603242517,
                    "as": 3.3383912569843233,
                    "comp": 0.32041886588558555,
                    "dc": 0
                }
            },
            "gen-secure": {
                "reward": 39303,
                "time": 72.09827884892002,
                "time_by_components": {
                    "R0": 4.720353104639798,
                    "R1": 3.8441171715967357,
                    "R2": 3.7261908687651157,
                    "R3": 3.6764794904738665,
                    "R4": 3.6292345807887614,
                    "R5": 3.6288959262892604,
                    "R6": 3.620290372055024,
                    "R7": 3.609029421582818,
                    "R8": 3.6008533048443496,
                    "R9": 3.599729748442769,
                    "as": 3.9032457475550473,
                    "comp": 27.95561727322638,
                    "dc": 0.03293095016852021
                }
            },
            "std": {
                "reward": 39303,
                "time": 4.447390794754028
            }
        }
    },
    "e-greedy-decreasing": {
        "it-22": {
            "args": {
                "alpha_seed": 708,
                "epsilon_seed": 915,
                "random_arm_seed": 945,
                "reward_seed": 22,
                "sigma_seed": 914
            },
            "gen-distributed": {
                "reward": 39261,
                "time": 13.298689363058656,
                "time_by_components": {
                    "R0": 1.3424551798962057,
                    "R1": 0.6950015118345618,
                    "R2": 0.7284675082191825,
                    "R3": 0.6862356211058795,
                    "R4": 0.6844008872285485,
                    "R5": 0.6885693208314478,
                    "R6": 0.6867753565311432,
                    "R7": 0.6853870302438736,
                    "R8": 0.6849622032605112,
                    "R9": 0.685806059744209,
                    "as": 3.3827225267887115,
                    "comp": 0.30447221267968416,
                    "dc": 0
                }
            },
            "gen-secure": {
                "reward": 39261,
                "time": 73.66618056269363,
                "time_by_components": {
                    "R0": 4.795784443151206,
                    "R1": 3.9213210293091834,
                    "R2": 3.8524481542408466,
                    "R3": 3.757430958095938,
                    "R4": 3.716472293715924,
                    "R5": 3.70573043031618,
                    "R6": 3.7028213716112077,
                    "R7": 3.6841198219917715,
                    "R8": 3.6800720798783004,
                    "R9": 3.6773075512610376,
                    "as": 3.9260281128808856,
                    "comp": 28.547247572802007,
                    "dc": 0.03320927871391177
                }
            },
            "std": {
                "reward": 39261,
                "time": 4.903356313705444
            }
        }
    },
    "nb_iterations": 50,
    "pursuit": {
        "it-22": {
            "args": {
                "alpha_seed": 915,
                "beta": 0.2,
                "random_arm_seed": 945,
                "reward_seed": 22,
                "sigma_seed": 914
            },
            "gen-distributed": {
                "reward": 36042,
                "time": 26.962634907104075,
                "time_by_components": {
                    "R0": 1.6317679877392948,
                    "R1": 1.5198854864574969,
                    "R2": 1.5095669361762702,
                    "R3": 1.5133417374454439,
                    "R4": 2.2429454629309475,
                    "R5": 1.5084782941266894,
                    "R6": 1.4996676398441195,
                    "R7": 1.4970934423618019,
                    "R8": 1.4979953160509467,
                    "R9": 1.4987097019329667,
                    "as": 6.839331533294171,
                    "comp": 1.424947310704738,
                    "dc": 0
                }
            },
            "gen-secure": {
                "reward": 36042,
                "time": 153.84837029408664,
                "time_by_components": {
                    "R0": 8.802556648850441,
                    "R1": 8.182166785467416,
                    "R2": 8.09049852564931,
                    "R3": 7.864449380431324,
                    "R4": 8.728795928414911,
                    "R5": 7.895841548219323,
                    "R6": 7.750567921902984,
                    "R7": 7.8209455772303045,
                    "R8": 7.831104297190905,
                    "R9": 7.800496848765761,
                    "as": 8.110442649107426,
                    "comp": 60.940191734582186,
                    "dc": 0.03283022902905941
                }
            },
            "std": {
                "reward": 36042,