{
    "N": 80000,
    "arms": [
        0.4960973461954129,
        0.46519633350678463,
        0.4564303726534043,
        0.45410879397990633,
        0.4505463715326422,
        0.4449825881599488,
        0.4438618260417084,
        0.4347356202217508,
        0.42404835287995835,
        0.41264059560501143
    ],
    "boltzmann": {
        "it-10": {
            "args": {
                "alpha_seed": 368,
                "random_arm_seed": 209,
                "reward_seed": 10,
                "sigma_seed": 562,
                "tau": 0.02
            },
            "gen-distributed": {
                "reward": 39063,
                "time": 14.55601932713762,
                "time_by_components": {
                    "R0": 1.402524622157216,
                    "R1": 0.7659293916076422,
                    "R2": 0.8924994543194771,
                    "R3": 0.7590079749934375,
                    "R4": 0.7541171731427312,
                    "R5": 0.7734487154521048,
                    "R6": 0.7551414826884866,
                    "R7": 0.7566085727885365,
                    "R8": 0.753135762643069,
                    "R9": 0.7538704895414412,
                    "as": 3.4804282588884234,
                    "comp": 1.256622415035963,
                    "dc": 0
                }
            },
            "gen-secure": {
                "reward": 39063,
                "time": 78.33462862018496,
                "time_by_components": {
                    "R0": 5.0648212702944875,
                    "R1": 4.200845158658922,
                    "R2": 4.215938328765333,
                    "R3": 4.025329063180834,
                    "R4": 3.958358225412667,
                    "R5": 3.967214383650571,
                    "R6": 3.943056686781347,
                    "R7": 3.945397427305579,
                    "R8": 3.9413779857568443,
                    "R9": 3.922041915357113,
                    "as": 4.0209041349589825,
                    "comp": 31.073296086397022,
                    "dc": 0.03302633902058005
                }
            },
            "std": {
                "reward": 39063,
                "time": 5.229481935501099
            }
        }
    },
    "e-greedy": {
        "it-10": {
            "args": {
                "alpha_seed": 796,
                "epsilon": 0.1,
                "epsilon_seed": 629,
                "random_arm_seed": 177,
                "reward_seed": 10,
                "sigma_seed": 172
            },
            "gen-distributed": {
                "reward": 39320,
                "time": 13.044474427122623,
                "time_by_components": {
                    "R0": 1.3421510145999491,
                    "R1": 0.6745171044021845,
                    "R2": 0.6674315338023007,
                    "R3": 0.6653019920922816,
                    "R4": 0.6681031556800008,
                    "R5": 0.6732139582745731,
                    "R6": 0.6743701021187007,
                    "R7": 0.6666165781207383,
                    "R8": 0.6652393946424127,
                    "R9": 0.666547279804945,
                    "as": 3.37807854404673,
                    "comp": 0.326123496517539,
                    "dc": 0
                }
            },
            "gen-secure": {
                "reward": 39320,
                "time": 73.81855524377897,
                "time_by_components": {
                    "R0": 4.857596707064658,
                    "R1": 3.9245388922281563,
                    "R2": 3.8087262990884483,
                    "R3": 3.7588775530457497,
                    "R4": 3.720532118808478,
                    "R5": 3.71372263552621,
                    "R6": 3.6917234961874783,
                    "R7": 3.681696940213442,
                    "R8": 3.6781808184459805,
                    "R9": 3.685603506397456,
                    "as": 4.050293505657464,
                    "comp": 28.587047203443944,
                    "dc": 0.032967093866318464
                }
            },
            "std": {
                "reward": 39320,
                "time": 4.848809003829956
            }
        }
    },
    "e-greedy-decreasing": {
        "it-10": {
            "args": {
                "alpha_seed": 592,
                "epsilon_seed": 368,
                "random_arm_seed": 209,
                "reward_seed": 10,
                "sigma_seed": 603
            },
            "gen-distributed": {
                "reward": 36923,
                "time": 13.263502203859389,
                "time_by_components": {
                    "R0": 0.7133904797956347,
                    "R1": 1.2127873972058296,
                    "R2": 0.6903724959120154,
                    "R3": 0.8192606559023261,
                    "R4": 0.6882549696601927,
                    "R5": 0.6870889677666128,
                    "R6": 0.6861963467672467,
                    "R7": 0.6957640359178185,
                    "R8": 0.6831931751221418,
                    "R9": 0.6835526120848954,
                    "as": 3.365027385763824,
                    "comp": 0.30332645075395703,
                    "dc": 0
                }
            },
            "gen-secure": {
                "reward": 36923,
                "time": 74.57329322909936,
                "time_by_components": {
                    "R0": 4.183675643522292,
                    "R1": 4.520181464962661,
                    "R2": 3.8762692008167505,
                    "R3": 3.9619471090845764,
                    "R4": 3.7703553568571806,
                    "R5": 3.750548839569092,
                    "R6": 3.739168744068593,
                    "R7": 3.7417450514622033,
                    "R8": 3.7221357957459986,
                    "R9": 3.7234081588685513,
                    "as": 3.993031662888825,
                    "comp": 28.84070409880951,
                    "dc": 0.03282098425552249
                }
            },
            "std": {
                "reward": 36923,
                "time": 4.850154161453247
            }
        }
    },
    "nb_iterations": 50,
    "pursuit": {
        "it-10": {
            "args": {
                "alpha_seed": 368,
                "beta": 0.2,
                "random_arm_seed": 209,
                "reward_seed": 10,
                "sigma_seed": 603
            },
            "gen-distributed": {
                "reward": 34765,
                "time": 25.72764529986307,
                "time_by_components": {
                    "R0": 1.557733591645956,
                    "R1": 1.453247538767755,
                    "R2": 1.436464311555028,
                    "R3": 1.4289332865737379,
                    "R4": 1.4292497639544308,
                    "R5": 1.4365265360102057,
                    "R6": 1.4314663843251765,
                    "R7": 2.130109532736242,
                    "R8": 1.4332232382148504,
                    "R9": 1.4300168734043837,
                    "as": 6.522954849526286,
                    "comp": 1.3622210095636547,
                    "dc": 0
                }
            },
            "gen-secure": {
                "reward": 34765,
                "time": 153.45294250594452,
                "time_by_components": {
                    "R0": 8.954278524965048,
                    "R1": 8.213665301445872,
                    "R2": 8.091490422841161,
                    "R3": 7.931349399033934,
                    "R4": 7.842545694671571,
                    "R5": 7.843091030605137,
                    "R6": 7.718459351919591,
                    "R7": 8.642244579736143,
                    "R8": 7.721858465578407,
                    "R9": 7.711689422372729,
                    "as": 8.223203405737877,
                    "comp": 60.49958909582347,
                    "dc": 0.0329161430709064
                }
            },
            "std": {
                "reward": 34765,