{
    "N": 60000,
    "arms": [
        0.4960973461954129,
        0.46519633350678463,
        0.4564303726534043,
        0.45410879397990633,
        0.4505463715326422,
        0.4449825881599488,
        0.4438618260417084,
        0.4347356202217508,
        0.42404835287995835,
        0.41264059560501143
    ],
    "boltzmann": {
        "it-50": {
            "args": {
                "alpha_seed": 429,
                "random_arm_seed": 59,
                "reward_seed": 50,
                "sigma_seed": 747,
                "tau": 0.02
            },
            "gen-distributed": {
                "reward": 29088,
                "time": 10.924303163774312,
                "time_by_components": {
                    "R0": 1.0318607399240136,
                    "R1": 0.5750030665658414,
                    "R2": 0.5668302089907229,
                    "R3": 0.5648614191450179,
                    "R4": 0.6505353855900466,
                    "R5": 0.5675471373833716,
                    "R6": 0.569375473074615,
                    "R7": 0.5651386170648038,
                    "R8": 0.608042178209871,
                    "R9": 0.568902360741049,
                    "as": 2.6178380944766104,
                    "comp": 0.9434785107150674,
                    "dc": 0
                }
            },
            "gen-secure": {
                "reward": 29088,
                "time": 58.95454320171848,
                "time_by_components": {
                    "R0": 3.792426727246493,
                    "R1": 3.1788743906654418,
                    "R2": 3.0734428064897656,
                    "R3": 3.0316579146310687,
                    "R4": 3.093949163798243,
                    "R5": 2.998852771706879,
                    "R6": 2.9926059981808066,
                    "R7": 2.9784457669593394,
                    "R8": 3.025630785152316,
                    "R9": 2.978991695214063,
                    "as": 2.9682890167459846,
                    "comp": 23.308125465177,
                    "dc": 0.03293769620358944
                }
            },
            "std": {
                "reward": 29088,
                "time": 3.9272005558013916
            }
        }
    },
    "e-greedy": {
        "it-50": {
            "args": {
                "alpha_seed": 895,
                "epsilon": 0.1,
                "epsilon_seed": 626,
                "random_arm_seed": 893,
                "reward_seed": 50,
                "sigma_seed": 631
            },
            "gen-distributed": {
                "reward": 29521,
                "time": 9.913271527271718,
                "time_by_components": {
                    "R0": 1.0160418944433331,
                    "R1": 0.5099114528857172,
                    "R2": 0.5057213176041842,
                    "R3": 0.5047694356180727,
                    "R4": 0.5052597746253014,
                    "R5": 0.510487724095583,
                    "R6": 0.5062556019984186,
                    "R7": 0.5050534796901047,
                    "R8": 0.5050094341859221,
                    "R9": 0.5043242569081485,
                    "as": 2.5790881095454097,
                    "comp": 0.24831123277544975,
                    "dc": 0
                }
            },
            "gen-secure": {
                "reward": 29521,
                "time": 55.51457086484879,
                "time_by_components": {
                    "R0": 3.6578155625611544,
                    "R1": 2.9660556935705245,
                    "R2": 2.877405204810202,
                    "R3": 2.840418006759137,
                    "R4": 2.8026896342635155,
                    "R5": 2.8008436374366283,
                    "R6": 2.789111322257668,
                    "R7": 2.786187347024679,
                    "R8": 2.7884437330067158,
                    "R9": 2.781270617619157,
                    "as": 2.9969269204884768,
                    "comp": 21.434835190419108,
                    "dc": 0.03310234984382987
                }
            },
            "std": {
                "reward": 29521,
                "time": 3.6732418537139893
            }
        }
    },
    "e-greedy-decreasing": {
        "it-50": {
            "args": {
                "alpha_seed": 137,
                "epsilon_seed": 429,
                "random_arm_seed": 59,
                "reward_seed": 50,
                "sigma_seed": 352
            },
            "gen-distributed": {
                "reward": 29629,
                "time": 10.109664236195385,
                "time_by_components": {
                    "R0": 1.0461952416226268,
                    "R1": 0.530972249340266,
                    "R2": 0.5207183435559273,
                    "R3": 0.5189680913463235,
                    "R4": 0.5183594804257154,
                    "R5": 0.5184534844011068,
                    "R6": 0.5191810741089284,
                    "R7": 0.5187079063616693,
                    "R8": 0.5192882898263633,
                    "R9": 0.516464966814965,
                    "as": 2.5841642883606255,
                    "comp": 0.23400388285517693,
                    "dc": 0
                }
            },
            "gen-secure": {
                "reward": 29629,
                "time": 56.55398610699922,
                "time_by_components": {
                    "R0": 3.7576432093046606,
                    "R1": 3.022147200535983,
                    "R2": 2.9333412530831993,
                    "R3": 2.8913451246917248,
                    "R4": 2.8552913554012775,
                    "R5": 2.850414540618658,
                    "R6": 2.858461626805365,
                    "R7": 2.8302433476783335,
                    "R8": 2.8275113902054727,
                    "R9": 2.8253938970156014,
                    "as": 3.029999147169292,
                    "comp": 21.80110056186095,
                    "dc": 0.03302701562643051
                }
            },
            "std": {
                "reward": 29629,
                "time": 3.6545729637145996
            }
        }
    },
    "nb_iterations": 50,
    "pursuit": {
        "it-50": {
            "args": {
                "alpha_seed": 429,
                "beta": 0.2,
                "random_arm_seed": 59,
                "reward_seed": 50,
                "sigma_seed": 352
            },
            "gen-distributed": {
                "reward": 29453,
                "time": 20.27269131410867,
                "time_by_components": {
                    "R0": 1.716824747622013,
                    "R1": 1.150702458806336,
                    "R2": 1.1340023074299097,
                    "R3": 1.1286476296372712,
                    "R4": 1.1281691403128207,
                    "R5": 1.1295497971586883,
                    "R6": 1.1287160734646022,
                    "R7": 1.1251925113610923,
                    "R8": 1.178342170547694,
                    "R9": 1.1281288852915168,
                    "as": 5.145395759958774,
                    "comp": 1.0734865893609822,
                    "dc": 0
                }
            },
            "gen-secure": {
                "reward": 29453,
                "time": 115.45796289481223,
                "time_by_components": {
                    "R0": 7.230821643024683,
                    "R1": 6.243486794177443,
                    "R2": 6.00786355510354,
                    "R3": 5.91418531537056,
                    "R4": 5.933397698681802,
                    "R5": 5.845056030899286,
                    "R6": 5.933238373603672,
                    "R7": 5.832116332370788,
                    "R8": 5.944240843877196,
                    "R9": 5.872397179715335,
                    "as": 6.17378658708185,
                    "comp": 45.49191425461322,
                    "dc": 0.03293029870837927
                }
            },
            "std": {
                "reward": 29453,